-- MySQL dump 10.16  Distrib 10.3.7-MariaDB, for debian-linux-gnu (x86_64)
--
-- Host: localhost    Database: c_access
-- ------------------------------------------------------
-- Server version	10.3.7-MariaDB-1:10.3.7+maria~jessie

/*!40101 SET @OLD_CHARACTER_SET_CLIENT=@@CHARACTER_SET_CLIENT */;
/*!40101 SET @OLD_CHARACTER_SET_RESULTS=@@CHARACTER_SET_RESULTS */;
/*!40101 SET @OLD_COLLATION_CONNECTION=@@COLLATION_CONNECTION */;
/*!40101 SET NAMES utf8 */;
/*!40103 SET @OLD_TIME_ZONE=@@TIME_ZONE */;
/*!40103 SET TIME_ZONE='+00:00' */;
/*!40014 SET @OLD_UNIQUE_CHECKS=@@UNIQUE_CHECKS, UNIQUE_CHECKS=0 */;
/*!40014 SET @OLD_FOREIGN_KEY_CHECKS=@@FOREIGN_KEY_CHECKS, FOREIGN_KEY_CHECKS=0 */;
/*!40101 SET @OLD_SQL_MODE=@@SQL_MODE, SQL_MODE='NO_AUTO_VALUE_ON_ZERO' */;
/*!40111 SET @OLD_SQL_NOTES=@@SQL_NOTES, SQL_NOTES=0 */;

--
-- Table structure for table `ca_acl`
--

DROP TABLE IF EXISTS `ca_acl`;
/*!40101 SET @saved_cs_client     = @@character_set_client */;
/*!40101 SET character_set_client = utf8 */;
CREATE TABLE `ca_acl` (
  `acl_id` int(10) unsigned NOT NULL AUTO_INCREMENT,
  `group_id` int(10) unsigned DEFAULT NULL,
  `user_id` int(10) unsigned DEFAULT NULL,
  `table_num` tinyint(3) unsigned NOT NULL,
  `row_id` int(10) unsigned NOT NULL,
  `access` tinyint(3) unsigned NOT NULL DEFAULT 0,
  `notes` char(10) NOT NULL,
  `inherited_from_table_num` tinyint(3) unsigned DEFAULT NULL,
  `inherited_from_row_id` int(10) unsigned DEFAULT NULL,
  PRIMARY KEY (`acl_id`),
  KEY `i_row_id` (`row_id`,`table_num`),
  KEY `i_user_id` (`user_id`),
  KEY `i_group_id` (`group_id`),
  KEY `i_inherited_from_table_num` (`inherited_from_table_num`),
  KEY `i_inherited_from_row_id` (`inherited_from_row_id`),
  CONSTRAINT `fk_ca_acl_group_id` FOREIGN KEY (`group_id`) REFERENCES `ca_user_groups` (`group_id`),
  CONSTRAINT `fk_ca_acl_user_id` FOREIGN KEY (`user_id`) REFERENCES `ca_users` (`user_id`)
) ENGINE=InnoDB DEFAULT CHARSET=utf8;
/*!40101 SET character_set_client = @saved_cs_client */;

--
-- Dumping data for table `ca_acl`
--

LOCK TABLES `ca_acl` WRITE;
/*!40000 ALTER TABLE `ca_acl` DISABLE KEYS */;
/*!40000 ALTER TABLE `ca_acl` ENABLE KEYS */;
UNLOCK TABLES;

--
-- Table structure for table `ca_application_vars`
--

DROP TABLE IF EXISTS `ca_application_vars`;
/*!40101 SET @saved_cs_client     = @@character_set_client */;
/*!40101 SET character_set_client = utf8 */;
CREATE TABLE `ca_application_vars` (
  `vars` longtext NOT NULL
) ENGINE=InnoDB DEFAULT CHARSET=utf8;
/*!40101 SET character_set_client = @saved_cs_client */;

--
-- Dumping data for table `ca_application_vars`
--

LOCK TABLES `ca_application_vars` WRITE;
/*!40000 ALTER TABLE `ca_application_vars` DISABLE KEYS */;
INSERT INTO `ca_application_vars` VALUES ('YTozOntzOjE2OiJsYXN0X21vZGlmaWVkX29uIjtpOjE2MTY0ODIzMDU7czoyNzoiRWxhc3RpY1NlYXJjaE1hcHBpbmdSZWZyZXNoIjtpOjE2MTY1Njg3NjA7czoxMToic3lzdGVtX2d1aWQiO3M6MzY6IjU4NjIzOTk2LWNkMWMtNDgxNy04ZWNjLTVlN2VhNTVlOTE0YSI7fQ==');
/*!40000 ALTER TABLE `ca_application_vars` ENABLE KEYS */;
UNLOCK TABLES;

--
-- Table structure for table `ca_attribute_value_multifiles`
--

DROP TABLE IF EXISTS `ca_attribute_value_multifiles`;
/*!40101 SET @saved_cs_client     = @@character_set_client */;
/*!40101 SET character_set_client = utf8 */;
CREATE TABLE `ca_attribute_value_multifiles` (
  `multifile_id` int(10) unsigned NOT NULL AUTO_INCREMENT,
  `value_id` int(10) unsigned NOT NULL,
  `resource_path` text NOT NULL,
  `media` longblob NOT NULL,
  `media_metadata` longblob NOT NULL,
  `media_content` longtext NOT NULL,
  `rank` int(10) unsigned NOT NULL DEFAULT 0,
  PRIMARY KEY (`multifile_id`),
  KEY `i_resource_path` (`resource_path`(255)),
  KEY `i_value_id` (`value_id`)
) ENGINE=InnoDB DEFAULT CHARSET=utf8;
/*!40101 SET character_set_client = @saved_cs_client */;

--
-- Dumping data for table `ca_attribute_value_multifiles`
--

LOCK TABLES `ca_attribute_value_multifiles` WRITE;
/*!40000 ALTER TABLE `ca_attribute_value_multifiles` DISABLE KEYS */;
/*!40000 ALTER TABLE `ca_attribute_value_multifiles` ENABLE KEYS */;
UNLOCK TABLES;

--
-- Table structure for table `ca_attribute_values`
--

DROP TABLE IF EXISTS `ca_attribute_values`;
/*!40101 SET @saved_cs_client     = @@character_set_client */;
/*!40101 SET character_set_client = utf8 */;
CREATE TABLE `ca_attribute_values` (
  `value_id` int(10) unsigned NOT NULL AUTO_INCREMENT,
  `element_id` smallint(5) unsigned NOT NULL,
  `attribute_id` int(10) unsigned NOT NULL,
  `item_id` int(10) unsigned DEFAULT NULL,
  `value_longtext1` longtext DEFAULT NULL,
  `value_longtext2` longtext DEFAULT NULL,
  `value_blob` longblob DEFAULT NULL,
  `value_decimal1` decimal(40,20) DEFAULT NULL,
  `value_decimal2` decimal(40,20) DEFAULT NULL,
  `value_integer1` int(10) unsigned DEFAULT NULL,
  `source_info` longtext NOT NULL,
  PRIMARY KEY (`value_id`),
  KEY `i_element_id` (`element_id`),
  KEY `i_attribute_id` (`attribute_id`),
  KEY `i_value_integer1` (`value_integer1`),
  KEY `i_value_decimal1` (`value_decimal1`),
  KEY `i_value_decimal2` (`value_decimal2`),
  KEY `i_item_id` (`item_id`),
  KEY `i_value_longtext1` (`value_longtext1`(128)),
  KEY `i_value_longtext2` (`value_longtext2`(128)),
  KEY `i_source_info` (`source_info`(255)),
  KEY `i_attr_element` (`attribute_id`,`element_id`),
  CONSTRAINT `fk_ca_attribute_values_attribute_id` FOREIGN KEY (`attribute_id`) REFERENCES `ca_attributes` (`attribute_id`),
  CONSTRAINT `fk_ca_attribute_values_element_id` FOREIGN KEY (`element_id`) REFERENCES `ca_metadata_elements` (`element_id`),
  CONSTRAINT `fk_ca_attribute_values_item_id` FOREIGN KEY (`item_id`) REFERENCES `ca_list_items` (`item_id`)
) ENGINE=InnoDB DEFAULT CHARSET=utf8;
/*!40101 SET character_set_client = @saved_cs_client */;

--
-- Dumping data for table `ca_attribute_values`
--

LOCK TABLES `ca_attribute_values` WRITE;
/*!40000 ALTER TABLE `ca_attribute_values` DISABLE KEYS */;
/*!40000 ALTER TABLE `ca_attribute_values` ENABLE KEYS */;
UNLOCK TABLES;

--
-- Table structure for table `ca_attributes`
--

DROP TABLE IF EXISTS `ca_attributes`;
/*!40101 SET @saved_cs_client     = @@character_set_client */;
/*!40101 SET character_set_client = utf8 */;
CREATE TABLE `ca_attributes` (
  `attribute_id` int(10) unsigned NOT NULL AUTO_INCREMENT,
  `element_id` smallint(5) unsigned NOT NULL,
  `locale_id` smallint(5) unsigned DEFAULT NULL,
  `table_num` tinyint(3) unsigned NOT NULL,
  `row_id` int(10) unsigned NOT NULL,
  PRIMARY KEY (`attribute_id`),
  KEY `i_locale_id` (`locale_id`),
  KEY `i_row_id` (`row_id`),
  KEY `i_table_num` (`table_num`),
  KEY `i_element_id` (`element_id`),
  KEY `i_row_table_num` (`row_id`,`table_num`),
  KEY `i_prefetch` (`row_id`,`element_id`,`table_num`),
  CONSTRAINT `fk_ca_attributes_element_id` FOREIGN KEY (`element_id`) REFERENCES `ca_metadata_elements` (`element_id`),
  CONSTRAINT `fk_ca_attributes_locale_id` FOREIGN KEY (`locale_id`) REFERENCES `ca_locales` (`locale_id`)
) ENGINE=InnoDB DEFAULT CHARSET=utf8;
/*!40101 SET character_set_client = @saved_cs_client */;

--
-- Dumping data for table `ca_attributes`
--

LOCK TABLES `ca_attributes` WRITE;
/*!40000 ALTER TABLE `ca_attributes` DISABLE KEYS */;
/*!40000 ALTER TABLE `ca_attributes` ENABLE KEYS */;
UNLOCK TABLES;

--
-- Table structure for table `ca_batch_log`
--

DROP TABLE IF EXISTS `ca_batch_log`;
/*!40101 SET @saved_cs_client     = @@character_set_client */;
/*!40101 SET character_set_client = utf8 */;
CREATE TABLE `ca_batch_log` (
  `batch_id` int(10) unsigned NOT NULL AUTO_INCREMENT,
  `user_id` int(10) unsigned NOT NULL,
  `log_datetime` int(10) unsigned NOT NULL,
  `notes` text NOT NULL,
  `batch_type` char(2) NOT NULL,
  `table_num` tinyint(3) unsigned NOT NULL,
  `elapsed_time` int(10) unsigned NOT NULL DEFAULT 0,
  PRIMARY KEY (`batch_id`),
  KEY `i_log_datetime` (`log_datetime`),
  KEY `i_user_id` (`user_id`),
  CONSTRAINT `fk_ca_batch_log_user_id` FOREIGN KEY (`user_id`) REFERENCES `ca_users` (`user_id`)
) ENGINE=InnoDB DEFAULT CHARSET=utf8;
/*!40101 SET character_set_client = @saved_cs_client */;

--
-- Dumping data for table `ca_batch_log`
--

LOCK TABLES `ca_batch_log` WRITE;
/*!40000 ALTER TABLE `ca_batch_log` DISABLE KEYS */;
/*!40000 ALTER TABLE `ca_batch_log` ENABLE KEYS */;
UNLOCK TABLES;

--
-- Table structure for table `ca_batch_log_items`
--

DROP TABLE IF EXISTS `ca_batch_log_items`;
/*!40101 SET @saved_cs_client     = @@character_set_client */;
/*!40101 SET character_set_client = utf8 */;
CREATE TABLE `ca_batch_log_items` (
  `item_id` int(10) unsigned NOT NULL AUTO_INCREMENT,
  `batch_id` int(10) unsigned NOT NULL,
  `row_id` int(10) unsigned NOT NULL,
  `errors` longtext DEFAULT NULL,
  PRIMARY KEY (`item_id`),
  KEY `i_row_id` (`row_id`),
  KEY `i_batch_row_id` (`batch_id`,`row_id`),
  CONSTRAINT `fk_ca_batch_log_items_batch_id` FOREIGN KEY (`batch_id`) REFERENCES `ca_batch_log` (`batch_id`)
) ENGINE=InnoDB DEFAULT CHARSET=utf8;
/*!40101 SET character_set_client = @saved_cs_client */;

--
-- Dumping data for table `ca_batch_log_items`
--

LOCK TABLES `ca_batch_log_items` WRITE;
/*!40000 ALTER TABLE `ca_batch_log_items` DISABLE KEYS */;
/*!40000 ALTER TABLE `ca_batch_log_items` ENABLE KEYS */;
UNLOCK TABLES;

--
-- Table structure for table `ca_bookmark_folders`
--

DROP TABLE IF EXISTS `ca_bookmark_folders`;
/*!40101 SET @saved_cs_client     = @@character_set_client */;
/*!40101 SET character_set_client = utf8 */;
CREATE TABLE `ca_bookmark_folders` (
  `folder_id` int(10) unsigned NOT NULL AUTO_INCREMENT,
  `name` varchar(255) NOT NULL,
  `user_id` int(10) unsigned NOT NULL,
  `rank` smallint(5) unsigned NOT NULL DEFAULT 0,
  PRIMARY KEY (`folder_id`),
  KEY `i_user_id` (`user_id`)
) ENGINE=InnoDB DEFAULT CHARSET=utf8;
/*!40101 SET character_set_client = @saved_cs_client */;

--
-- Dumping data for table `ca_bookmark_folders`
--

LOCK TABLES `ca_bookmark_folders` WRITE;
/*!40000 ALTER TABLE `ca_bookmark_folders` DISABLE KEYS */;
/*!40000 ALTER TABLE `ca_bookmark_folders` ENABLE KEYS */;
UNLOCK TABLES;

--
-- Table structure for table `ca_bookmarks`
--

DROP TABLE IF EXISTS `ca_bookmarks`;
/*!40101 SET @saved_cs_client     = @@character_set_client */;
/*!40101 SET character_set_client = utf8 */;
CREATE TABLE `ca_bookmarks` (
  `bookmark_id` int(10) unsigned NOT NULL AUTO_INCREMENT,
  `folder_id` int(10) unsigned NOT NULL,
  `table_num` tinyint(3) unsigned NOT NULL,
  `row_id` int(10) unsigned NOT NULL,
  `notes` text NOT NULL,
  `rank` smallint(5) unsigned NOT NULL DEFAULT 0,
  `created_on` int(10) unsigned NOT NULL,
  PRIMARY KEY (`bookmark_id`),
  KEY `i_row_id` (`row_id`),
  KEY `i_folder_id` (`folder_id`)
) ENGINE=InnoDB DEFAULT CHARSET=utf8;
/*!40101 SET character_set_client = @saved_cs_client */;

--
-- Dumping data for table `ca_bookmarks`
--

LOCK TABLES `ca_bookmarks` WRITE;
/*!40000 ALTER TABLE `ca_bookmarks` DISABLE KEYS */;
/*!40000 ALTER TABLE `ca_bookmarks` ENABLE KEYS */;
UNLOCK TABLES;

--
-- Table structure for table `ca_bundle_display_labels`
--

DROP TABLE IF EXISTS `ca_bundle_display_labels`;
/*!40101 SET @saved_cs_client     = @@character_set_client */;
/*!40101 SET character_set_client = utf8 */;
CREATE TABLE `ca_bundle_display_labels` (
  `label_id` int(10) unsigned NOT NULL AUTO_INCREMENT,
  `display_id` int(10) unsigned DEFAULT NULL,
  `locale_id` smallint(5) unsigned NOT NULL,
  `name` varchar(255) NOT NULL,
  `name_sort` varchar(255) NOT NULL,
  `description` text NOT NULL,
  `source_info` longtext NOT NULL,
  `is_preferred` tinyint(3) unsigned NOT NULL,
  PRIMARY KEY (`label_id`),
  KEY `i_display_id` (`display_id`),
  KEY `i_locale_id` (`locale_id`)
) ENGINE=InnoDB AUTO_INCREMENT=5 DEFAULT CHARSET=utf8;
/*!40101 SET character_set_client = @saved_cs_client */;

--
-- Dumping data for table `ca_bundle_display_labels`
--

LOCK TABLES `ca_bundle_display_labels` WRITE;
/*!40000 ALTER TABLE `ca_bundle_display_labels` DISABLE KEYS */;
INSERT INTO `ca_bundle_display_labels` VALUES (1,1,1,'toimijayhteenveto','toimijayhteenveto','','Tjs=',1),(2,2,1,'haastatteluraportti','haastatteluraportti','','Tjs=',1),(3,3,1,'hankintaraportti','hankintaraportti','','Tjs=',1),(4,4,2,'esineraportti','esineraportti','','Tjs=',1);
/*!40000 ALTER TABLE `ca_bundle_display_labels` ENABLE KEYS */;
UNLOCK TABLES;

--
-- Table structure for table `ca_bundle_display_placements`
--

DROP TABLE IF EXISTS `ca_bundle_display_placements`;
/*!40101 SET @saved_cs_client     = @@character_set_client */;
/*!40101 SET character_set_client = utf8 */;
CREATE TABLE `ca_bundle_display_placements` (
  `placement_id` int(10) unsigned NOT NULL AUTO_INCREMENT,
  `display_id` int(10) unsigned NOT NULL,
  `bundle_name` varchar(255) NOT NULL,
  `rank` int(10) unsigned NOT NULL DEFAULT 0,
  `settings` longtext NOT NULL,
  PRIMARY KEY (`placement_id`),
  KEY `i_bundle_name` (`bundle_name`),
  KEY `i_rank` (`rank`),
  KEY `i_display_id` (`display_id`)
) ENGINE=InnoDB AUTO_INCREMENT=32 DEFAULT CHARSET=utf8;
/*!40101 SET character_set_client = @saved_cs_client */;

--
-- Dumping data for table `ca_bundle_display_placements`
--

LOCK TABLES `ca_bundle_display_placements` WRITE;
/*!40000 ALTER TABLE `ca_bundle_display_placements` DISABLE KEYS */;
INSERT INTO `ca_bundle_display_placements` VALUES (1,1,'ca_entities.tunnistekuva',1,'Tjs='),(2,1,'ca_entities.preferred_labels',2,'YToyOntzOjU6ImxhYmVsIjthOjE6e3M6NToiZmlfRkkiO3M6NDoiTmltaSI7fXM6MTQ6Im1heGltdW1fbGVuZ3RoIjtkOjEwMDt9'),(3,1,'ca_entities.type_id',3,'YToyOntzOjU6ImxhYmVsIjthOjE6e3M6NToiZmlfRkkiO3M6NjoidHl5cHBpIjt9czoxNDoibWF4aW11bV9sZW5ndGgiO2Q6MTAwO30='),(4,1,'ca_entities.elinaika',4,'YTozOntzOjU6ImxhYmVsIjthOjE6e3M6NToiZmlfRkkiO3M6ODoic3ludHlueXQiO31zOjY6ImZvcm1hdCI7czozMToiXmNhX2VudGl0aWVzLmVsaW5haWthLmJpcnRoZGF0ZSI7czoxNDoibWF4aW11bV9sZW5ndGgiO2Q6MjA0ODt9'),(5,1,'ca_entities.elinaika',5,'YTozOntzOjU6ImxhYmVsIjthOjE6e3M6NToiZmlfRkkiO3M6Nzoia3VvbGx1dCI7fXM6NjoiZm9ybWF0IjtzOjMxOiJeY2FfZW50aXRpZXMuZWxpbmFpa2EuZGVhdGhkYXRlIjtzOjE0OiJtYXhpbXVtX2xlbmd0aCI7ZDoyMDQ4O30='),(6,1,'ca_entities.opiskeluaika',6,'Tjs='),(7,1,'ca_entities.info',7,'Tjs='),(8,1,'ca_object_lots',8,'YToyOntzOjU6ImxhYmVsIjthOjE6e3M6NToiZmlfRkkiO3M6MTI6IkxhaGpvaXR1a3NldCI7fXM6MzA6InJlc3RyaWN0X3RvX3JlbGF0aW9uc2hpcF90eXBlcyI7YToyOntpOjA7TjtpOjE7Tjt9fQ=='),(9,1,'ca_objects',9,'YToyOntzOjU6ImxhYmVsIjthOjE6e3M6NToiZmlfRkkiO3M6MTI6ImxhaGpvaXR1a3NldCI7fXM6MzA6InJlc3RyaWN0X3RvX3JlbGF0aW9uc2hpcF90eXBlcyI7YToyOntpOjA7aToxMjE7aToxO2k6MTcwO319'),(10,1,'ca_occurrences',10,'YTo0OntzOjU6ImxhYmVsIjthOjE6e3M6NToiZmlfRkkiO3M6MTI6ImhhYXN0YXR0ZWx1dCI7fXM6NjoiZm9ybWF0IjtzOjYyOiI8bD5eY2Ffb2NjdXJyZW5jZXMucHJlZmVycmVkX2xhYmVsczwvbD4gKF5jYV9vY2N1cnJlbmNlcy5kYXRlKSI7czozMDoicmVzdHJpY3RfdG9fcmVsYXRpb25zaGlwX3R5cGVzIjthOjE6e2k6MDtOO31zOjE3OiJyZXN0cmljdF90b190eXBlcyI7YToxOntpOjA7aToxMDc7fX0='),(11,1,'ca_entities.internal_notes',11,'Tjs='),(12,2,'ca_occurrences.preferred_labels',1,'YToxOntzOjU6ImxhYmVsIjthOjE6e3M6NToiZmlfRkkiO3M6NDoiTmltaSI7fX0='),(13,2,'ca_occurrences.description',2,'Tjs='),(14,2,'ca_entities',3,'YToyOntzOjU6ImxhYmVsIjthOjE6e3M6NToiZmlfRkkiO3M6MTE6IkhhYXN0YXRlbHR1Ijt9czozMDoicmVzdHJpY3RfdG9fcmVsYXRpb25zaGlwX3R5cGVzIjthOjE6e2k6MDtOO319'),(15,2,'ca_entities',4,'YToyOntzOjU6ImxhYmVsIjthOjE6e3M6NToiZmlfRkkiO3M6MTM6IkhhYXN0YXR0ZWxpamEiO31zOjMwOiJyZXN0cmljdF90b19yZWxhdGlvbnNoaXBfdHlwZXMiO2E6MTp7aTowO2k6MjE4O319'),(16,2,'ca_objects',5,'YToyOntzOjU6ImxhYmVsIjthOjE6e3M6NToiZmlfRkkiO3M6MTk6InNpc8OkbHR5eSBvYmpla3RpaW4iO31zOjY6ImZvcm1hdCI7czo3NDoiPGw+XmNhX29iamVjdHMucHJlZmVycmVkX2xhYmVsczwvbD4gKF5jYV9vYmplY3RzLnR5cGVfaWQpIF5jYV9vYmplY3RzLmlkbm8iO30='),(17,3,'ca_object_lots.idno_stub',1,'Tjs='),(18,3,'ca_object_lots.preferred_labels',2,'YToyOntzOjU6ImxhYmVsIjthOjE6e3M6NToiZmlfRkkiO3M6NDoiTmltaSI7fXM6MTQ6Im1heGltdW1fbGVuZ3RoIjtkOjEwMDt9'),(19,3,'ca_object_lots.description',3,'Tjs='),(20,3,'ca_entities',4,'YTo3OntzOjU6ImxhYmVsIjthOjE6e3M6NToiZmlfRkkiO3M6MTE6ImxhaGpvaXR0YWphIjt9czozMDoicmVzdHJpY3RfdG9fcmVsYXRpb25zaGlwX3R5cGVzIjthOjE6e2k6MDtOO31zOjE0OiJzaG93X2hpZXJhcmNoeSI7ZDowO3M6MTg6InJlbW92ZV9maXJzdF9pdGVtcyI7ZDowO3M6MTU6ImhpZXJhcmNoeV9vcmRlciI7czozOiJBU0MiO3M6MTU6ImhpZXJhcmNoeV9saW1pdCI7ZDowO3M6MjI6ImhpZXJhcmNoaWNhbF9kZWxpbWl0ZXIiO3M6NToiIOKelCAiO30='),(21,4,'ca_objects.idno',1,'Tjs='),(22,4,'ca_objects.yleisnimi',2,'Tjs='),(23,4,'ca_objects.preferred_labels',3,'Tjs='),(24,4,'ca_objects.description',4,'YToxOntzOjE0OiJtYXhpbXVtX2xlbmd0aCI7ZDoyMDQ4O30='),(25,4,'ca_objects.lehtinimeke',5,'YTozOntzOjU6ImxhYmVsIjthOjE6e3M6NToiZmlfRkkiO3M6MTU6ImxlaWtlIGxlaGRlc3TDpCI7fXM6NjoiZm9ybWF0IjtzOjY3OiJeY2Ffb2JqZWN0cy5sZWh0aW5pbWVrZS5sZWh0aSAoXmNhX29iamVjdHMubGVodGluaW1la2UubGVodGludW1lcm8pIjtzOjE0OiJtYXhpbXVtX2xlbmd0aCI7ZDoyMDQ4O30='),(26,4,'ca_objects.merkinnat',6,'Tjs='),(27,4,'ca_objects.type_id',7,'Tjs='),(28,4,'ca_objects.pvm_cont',8,'Tjs='),(29,4,'ca_entities',9,'YTo2OntzOjU6ImxhYmVsIjthOjE6e3M6NToiZmlfRkkiO3M6MjM6ImhlbmtpbMO2dC9vcmdhbmlzYWF0aW90Ijt9czoxNDoic2hvd19oaWVyYXJjaHkiO2Q6MDtzOjE4OiJyZW1vdmVfZmlyc3RfaXRlbXMiO2Q6MDtzOjE1OiJoaWVyYXJjaHlfb3JkZXIiO3M6MzoiQVNDIjtzOjE1OiJoaWVyYXJjaHlfbGltaXQiO2Q6MDtzOjIyOiJoaWVyYXJjaGljYWxfZGVsaW1pdGVyIjtzOjU6IiDinpQgIjt9'),(30,4,'ca_collections',10,'YTo2OntzOjU6ImxhYmVsIjthOjE6e3M6NToiZmlfRkkiO3M6MTc6Imt1dWx1dSBrb2tvZWxtaWluIjt9czoxNDoic2hvd19oaWVyYXJjaHkiO2Q6MDtzOjE4OiJyZW1vdmVfZmlyc3RfaXRlbXMiO2Q6MDtzOjE1OiJoaWVyYXJjaHlfb3JkZXIiO3M6MzoiQVNDIjtzOjE1OiJoaWVyYXJjaHlfbGltaXQiO2Q6MDtzOjIyOiJoaWVyYXJjaGljYWxfZGVsaW1pdGVyIjtzOjU6IiDinpQgIjt9'),(31,4,'ca_object_lots',11,'YToyOntzOjU6ImxhYmVsIjthOjE6e3M6NToiZmlfRkkiO3M6MTQ6ImhhbmtpbnRhdGllZG90Ijt9czo2OiJmb3JtYXQiO3M6MTkwOiJoYW5raW50YTogPGw+XmNhX29iamVjdF9sb3RzLnByZWZlcnJlZF9sYWJlbHM8L2w+PGJyLz4KPHVuaXQgcmVsYXRpdmVUbz0iY2FfZW50aXRpZXMiIHJlc3RyaWN0VG9SZWxhdGlvbnNoaXBUeXBlcz0iZG9ub3IiPmxhaGpvaXR0YWphOjxsPiBeY2FfZW50aXRpZXMucHJlZmVycmVkX2xhYmVscy5kaXNwbGF5bmFtZTwvbD48L3VuaXQ+Ijt9');
/*!40000 ALTER TABLE `ca_bundle_display_placements` ENABLE KEYS */;
UNLOCK TABLES;

--
-- Table structure for table `ca_bundle_display_type_restrictions`
--

DROP TABLE IF EXISTS `ca_bundle_display_type_restrictions`;
/*!40101 SET @saved_cs_client     = @@character_set_client */;
/*!40101 SET character_set_client = utf8 */;
CREATE TABLE `ca_bundle_display_type_restrictions` (
  `restriction_id` int(10) unsigned NOT NULL AUTO_INCREMENT,
  `type_id` int(10) unsigned DEFAULT NULL,
  `table_num` tinyint(3) unsigned NOT NULL,
  `display_id` int(10) unsigned NOT NULL,
  `include_subtypes` tinyint(3) unsigned NOT NULL DEFAULT 0,
  `settings` longtext NOT NULL,
  `rank` smallint(5) unsigned NOT NULL DEFAULT 0,
  PRIMARY KEY (`restriction_id`),
  KEY `i_display_id` (`display_id`),
  KEY `i_type_id` (`type_id`),
  CONSTRAINT `fk_ca_bundle_display_type_restrictions_display_id` FOREIGN KEY (`display_id`) REFERENCES `ca_bundle_displays` (`display_id`)
) ENGINE=InnoDB AUTO_INCREMENT=6 DEFAULT CHARSET=utf8;
/*!40101 SET character_set_client = @saved_cs_client */;

--
-- Dumping data for table `ca_bundle_display_type_restrictions`
--

LOCK TABLES `ca_bundle_display_type_restrictions` WRITE;
/*!40000 ALTER TABLE `ca_bundle_display_type_restrictions` DISABLE KEYS */;
INSERT INTO `ca_bundle_display_type_restrictions` VALUES (1,83,20,1,0,'Tjs=',1),(2,82,20,1,0,'Tjs=',2),(3,80,20,1,0,'Tjs=',3),(4,81,20,1,0,'Tjs=',4),(5,107,67,2,0,'Tjs=',5);
/*!40000 ALTER TABLE `ca_bundle_display_type_restrictions` ENABLE KEYS */;
UNLOCK TABLES;

--
-- Table structure for table `ca_bundle_displays`
--

DROP TABLE IF EXISTS `ca_bundle_displays`;
/*!40101 SET @saved_cs_client     = @@character_set_client */;
/*!40101 SET character_set_client = utf8 */;
CREATE TABLE `ca_bundle_displays` (
  `display_id` int(10) unsigned NOT NULL AUTO_INCREMENT,
  `user_id` int(10) unsigned DEFAULT NULL,
  `display_code` varchar(100) DEFAULT NULL,
  `table_num` tinyint(3) unsigned NOT NULL,
  `is_system` tinyint(3) unsigned NOT NULL,
  `access` tinyint(3) unsigned NOT NULL DEFAULT 0,
  `settings` text NOT NULL,
  PRIMARY KEY (`display_id`),
  UNIQUE KEY `u_display_code` (`display_code`),
  KEY `i_user_id` (`user_id`),
  KEY `i_table_num` (`table_num`)
) ENGINE=InnoDB AUTO_INCREMENT=5 DEFAULT CHARSET=utf8;
/*!40101 SET character_set_client = @saved_cs_client */;

--
-- Dumping data for table `ca_bundle_displays`
--

LOCK TABLES `ca_bundle_displays` WRITE;
/*!40000 ALTER TABLE `ca_bundle_displays` DISABLE KEYS */;
INSERT INTO `ca_bundle_displays` VALUES (1,1,'toimijayhteenveto',20,1,0,'YToxOntzOjE3OiJzaG93X2VtcHR5X3ZhbHVlcyI7ZDowO30='),(2,1,'haastatteluraportti',67,1,0,'YToxOntzOjE3OiJzaG93X2VtcHR5X3ZhbHVlcyI7ZDowO30='),(3,1,'hankintaraportti',51,1,0,'YToxOntzOjE3OiJzaG93X2VtcHR5X3ZhbHVlcyI7ZDoxO30='),(4,1,'esineraportti',57,1,0,'YToxOntzOjE3OiJzaG93X2VtcHR5X3ZhbHVlcyI7ZDowO30=');
/*!40000 ALTER TABLE `ca_bundle_displays` ENABLE KEYS */;
UNLOCK TABLES;

--
-- Table structure for table `ca_bundle_displays_x_user_groups`
--

DROP TABLE IF EXISTS `ca_bundle_displays_x_user_groups`;
/*!40101 SET @saved_cs_client     = @@character_set_client */;
/*!40101 SET character_set_client = utf8 */;
CREATE TABLE `ca_bundle_displays_x_user_groups` (
  `relation_id` int(10) unsigned NOT NULL AUTO_INCREMENT,
  `display_id` int(10) unsigned NOT NULL,
  `group_id` int(10) unsigned NOT NULL,
  `access` tinyint(3) unsigned NOT NULL DEFAULT 0,
  PRIMARY KEY (`relation_id`),
  KEY `i_display_id` (`display_id`),
  KEY `i_group_id` (`group_id`)
) ENGINE=InnoDB DEFAULT CHARSET=utf8;
/*!40101 SET character_set_client = @saved_cs_client */;

--
-- Dumping data for table `ca_bundle_displays_x_user_groups`
--

LOCK TABLES `ca_bundle_displays_x_user_groups` WRITE;
/*!40000 ALTER TABLE `ca_bundle_displays_x_user_groups` DISABLE KEYS */;
/*!40000 ALTER TABLE `ca_bundle_displays_x_user_groups` ENABLE KEYS */;
UNLOCK TABLES;

--
-- Table structure for table `ca_bundle_displays_x_users`
--

DROP TABLE IF EXISTS `ca_bundle_displays_x_users`;
/*!40101 SET @saved_cs_client     = @@character_set_client */;
/*!40101 SET character_set_client = utf8 */;
CREATE TABLE `ca_bundle_displays_x_users` (
  `relation_id` int(10) unsigned NOT NULL AUTO_INCREMENT,
  `display_id` int(10) unsigned NOT NULL,
  `user_id` int(10) unsigned NOT NULL,
  `access` tinyint(3) unsigned NOT NULL DEFAULT 0,
  PRIMARY KEY (`relation_id`),
  KEY `i_display_id` (`display_id`),
  KEY `i_user_id` (`user_id`)
) ENGINE=InnoDB AUTO_INCREMENT=4 DEFAULT CHARSET=utf8;
/*!40101 SET character_set_client = @saved_cs_client */;

--
-- Dumping data for table `ca_bundle_displays_x_users`
--

LOCK TABLES `ca_bundle_displays_x_users` WRITE;
/*!40000 ALTER TABLE `ca_bundle_displays_x_users` DISABLE KEYS */;
INSERT INTO `ca_bundle_displays_x_users` VALUES (1,1,1,2),(2,2,1,2),(3,3,1,2);
/*!40000 ALTER TABLE `ca_bundle_displays_x_users` ENABLE KEYS */;
UNLOCK TABLES;

--
-- Table structure for table `ca_change_log`
--

DROP TABLE IF EXISTS `ca_change_log`;
/*!40101 SET @saved_cs_client     = @@character_set_client */;
/*!40101 SET character_set_client = utf8 */;
CREATE TABLE `ca_change_log` (
  `log_id` bigint(20) NOT NULL AUTO_INCREMENT,
  `log_datetime` int(10) unsigned NOT NULL,
  `user_id` int(10) unsigned DEFAULT NULL,
  `changetype` char(1) NOT NULL,
  `logged_table_num` tinyint(3) unsigned NOT NULL,
  `logged_row_id` int(10) unsigned NOT NULL,
  `rolledback` tinyint(3) unsigned NOT NULL DEFAULT 0,
  `unit_id` char(32) DEFAULT NULL,
  `batch_id` int(10) unsigned DEFAULT NULL,
  PRIMARY KEY (`log_id`),
  KEY `i_datetime` (`log_datetime`),
  KEY `i_user_id` (`user_id`),
  KEY `i_logged` (`logged_row_id`,`logged_table_num`),
  KEY `i_unit_id` (`unit_id`),
  KEY `i_table_num` (`logged_table_num`),
  KEY `i_batch_id` (`batch_id`),
  KEY `i_date_unit` (`log_datetime`,`unit_id`)
) ENGINE=InnoDB AUTO_INCREMENT=2665 DEFAULT CHARSET=utf8;
/*!40101 SET character_set_client = @saved_cs_client */;

--
-- Dumping data for table `ca_change_log`
--

LOCK TABLES `ca_change_log` WRITE;
/*!40000 ALTER TABLE `ca_change_log` DISABLE KEYS */;
INSERT INTO `ca_change_log` VALUES (1,1616482253,NULL,'I',37,1,0,'3e6898ea9d00195fd9a6bf8080dfec4b',NULL),(2,1616482253,NULL,'I',37,2,0,'f6fe6af42b89f40e4773544475614522',NULL),(3,1616482253,NULL,'I',37,3,0,'7d455b20a2833dcd4b7bf80151e2f2fe',NULL),(4,1616482253,NULL,'I',37,4,0,'ab63d81913a568419641e90848871449',NULL),(5,1616482253,NULL,'I',37,5,0,'0bebf66653708dbc7609cadbaabc3167',NULL),(6,1616482253,NULL,'I',37,6,0,'4f0a43bfe46f75896bc1c4fd0b1a857c',NULL),(7,1616482253,NULL,'I',37,7,0,'9bda307a710e03d85fa3736dc0b99c31',NULL),(8,1616482253,NULL,'I',37,8,0,'4d40cb24aa523c6fdba46423eb51b9d9',NULL),(9,1616482253,NULL,'I',37,9,0,'e9d9a31dd8248e1ee27406a4e7b55ed6',NULL),(10,1616482253,NULL,'I',37,10,0,'0fd113452cb32676c36168d2b5f11ca3',NULL),(11,1616482253,NULL,'I',37,11,0,'acbabcaaecb3bf177d86e6b532f5cf54',NULL),(12,1616482253,NULL,'I',37,12,0,'1a6beab5ef3e4c3a766030942bc1142f',NULL),(13,1616482253,NULL,'I',37,13,0,'c4a2577b4c7a1244eb04096235737850',NULL),(14,1616482253,NULL,'I',37,14,0,'761ff97b600099f097f5fe5471b11be8',NULL),(15,1616482253,NULL,'I',37,15,0,'85eded9f07e3734557a6520dabad7b8b',NULL),(16,1616482253,NULL,'I',36,1,0,'f0306723da86c9717f7a77daf704ce38',NULL),(17,1616482253,NULL,'I',33,1,0,'0e95437055aafdf2910da2a30eb6e675',NULL),(18,1616482253,NULL,'I',32,1,0,'132b10b8699b158bb114161894f76b89',NULL),(19,1616482253,NULL,'I',35,1,0,'ab433d97bd6a8c241228de09f281ee1e',NULL),(20,1616482253,NULL,'I',35,2,0,'0bb4eebad46f9853f5b463548f119c4a',NULL),(21,1616482253,NULL,'I',35,3,0,'0a3c46a2f1665b3a223c392340ba3bb5',NULL),(22,1616482253,NULL,'I',35,4,0,'f5f0d36cb3c6141d28c004ffb1ec816c',NULL),(23,1616482253,NULL,'I',33,2,0,'ff52a2f25bc1d28b9f0bd66d365a13cc',NULL),(24,1616482253,NULL,'I',32,2,0,'52f8cfbc5063cec156b1d4d352dff37e',NULL),(25,1616482253,NULL,'I',32,3,0,'3caba362db4fa04d448955fdaf135830',NULL),(26,1616482253,NULL,'I',32,4,0,'826e076843d56e65c9a090b0fed91236',NULL),(27,1616482254,NULL,'I',32,5,0,'f9266bc6c4fedb56c56a3492ba2bd8a2',NULL),(28,1616482254,NULL,'I',33,3,0,'82dea76f838b38ee3ad93cbd38bb8072',NULL),(29,1616482254,NULL,'I',32,6,0,'9666ace78d2ea9ff0287cd4cf0a2e710',NULL),(30,1616482254,NULL,'I',32,7,0,'7a55b071daa8f0afcc6ea1b7c4eaa8bd',NULL),(31,1616482254,NULL,'I',32,8,0,'eb0a476ce286078a0111f99f3de8fc80',NULL),(32,1616482254,NULL,'I',32,9,0,'ea55888b5d8b4fcbc6d99a190e53efcc',NULL),(33,1616482254,NULL,'I',33,4,0,'c3bc5c5a2cecb9f11a144be3a25574c6',NULL),(34,1616482254,NULL,'I',32,10,0,'760718c9187bc0592d5bb199283f43a2',NULL),(35,1616482254,NULL,'I',32,11,0,'8b950e50eed1ff26386e104a7a625f34',NULL),(36,1616482254,NULL,'I',32,12,0,'b382dfe3f8df434a76421cb7f8589a2a',NULL),(37,1616482254,NULL,'I',32,13,0,'b48a3514ee2e9c0a16729a7ad0b389f0',NULL),(38,1616482254,NULL,'I',33,5,0,'e959d084fda4294b4188610628c44b6c',NULL),(39,1616482254,NULL,'I',32,14,0,'73e064b0fb7eab832ca64ec82b86dde3',NULL),(40,1616482254,NULL,'I',32,15,0,'bfd40b0040a625444110ff8809d1354c',NULL),(41,1616482254,NULL,'I',32,16,0,'dcbb8df1ba1f5f0d2c59f5022c96c30e',NULL),(42,1616482254,NULL,'I',32,17,0,'1f3393f4a353cc88cbf9ece7ac3d033c',NULL),(43,1616482254,NULL,'I',36,2,0,'e7b1f7e3abaa7d2d27ba314419b9d652',NULL),(44,1616482254,NULL,'I',33,6,0,'d520161a2d7fab6d69cfcd495aea568b',NULL),(45,1616482254,NULL,'I',32,18,0,'a4fa79df6fd4177f6b6466cb983cacc1',NULL),(46,1616482254,NULL,'I',35,5,0,'d210653696cc5745ce31368f8c89e58a',NULL),(47,1616482254,NULL,'I',35,6,0,'869b7069db24e0524276c873e851f6e0',NULL),(48,1616482254,NULL,'I',33,7,0,'afc5dc724a4507b9c017f55d171a9864',NULL),(49,1616482254,NULL,'I',32,19,0,'247cc5ab9740e6b4a1a84b1fcdffb924',NULL),(50,1616482254,NULL,'I',36,3,0,'21f59158f4b909755049222ffa9d51f3',NULL),(51,1616482254,NULL,'I',33,8,0,'6432e3b6205497da1bad21b51a98b0b3',NULL),(52,1616482254,NULL,'I',32,20,0,'c5914a0874efd59898f3b5bf27faba0a',NULL),(53,1616482254,NULL,'I',35,7,0,'cb3ac4d71acd0a421238d378ab87fb02',NULL),(54,1616482254,NULL,'I',35,8,0,'2818c72eedbe70102d24c370abede123',NULL),(55,1616482255,NULL,'I',35,9,0,'9e5ce56bfe7e9fb01a403ba52f9790e4',NULL),(56,1616482255,NULL,'I',35,10,0,'d1c8cc963330c793a2eada6afbe32609',NULL),(57,1616482255,NULL,'I',33,9,0,'1256ef1973515e47d4f7948913248815',NULL),(58,1616482255,NULL,'I',32,21,0,'117eed51d98f820d3490a453a9aab31f',NULL),(59,1616482255,NULL,'I',32,22,0,'9808e5a8a86bed65f93114cf79a1841b',NULL),(60,1616482255,NULL,'I',32,23,0,'5cdfdc86f7d6789890cb8c340bafb44d',NULL),(61,1616482255,NULL,'I',32,24,0,'c99e23df9f976013e8ba546b724c0eed',NULL),(62,1616482255,NULL,'I',33,10,0,'07a36f293eb4f6ff18bd4b57c87e6cdc',NULL),(63,1616482255,NULL,'I',32,25,0,'4f9a9c5fd0a537d43b09e51863fef856',NULL),(64,1616482255,NULL,'I',32,26,0,'661d2068141c7d994dbcc0cc026e70c5',NULL),(65,1616482255,NULL,'I',32,27,0,'54e669a2508c3465941455501f104ec5',NULL),(66,1616482255,NULL,'I',32,28,0,'17af2bf65cd45f7fea74964833544201',NULL),(67,1616482255,NULL,'I',36,4,0,'802098b99c074f259be5fe4809f92180',NULL),(68,1616482255,NULL,'I',33,11,0,'79aba2c07c30dd6335e5b2a161a93bdf',NULL),(69,1616482255,NULL,'I',32,29,0,'1a1bcf7728e45f39321398a4559318cd',NULL),(70,1616482255,NULL,'I',35,11,0,'f5fdabfa248dbfdec3aacd29d3f82a65',NULL),(71,1616482255,NULL,'I',35,12,0,'f3059e2b47057a51973b69ab9ab8b2a4',NULL),(72,1616482255,NULL,'I',35,13,0,'ed0572f05bae30df8c4615cb4dbc138d',NULL),(73,1616482255,NULL,'I',35,14,0,'456dcdfda6bc563d472a1122a8d13228',NULL),(74,1616482255,NULL,'I',33,12,0,'fe726ea15ae2bc369e489a46403b7be3',NULL),(75,1616482256,NULL,'I',32,30,0,'075a40154d625542df3f15d2c1fe6739',NULL),(76,1616482256,NULL,'I',32,31,0,'8ec8546e8200d940228b126adcbb82e5',NULL),(77,1616482256,NULL,'I',32,32,0,'b6c50ecbdaccb5203d4b752e92ebbe1a',NULL),(78,1616482256,NULL,'I',32,33,0,'b50d6ae0b765b75cd1adef06974def77',NULL),(79,1616482256,NULL,'I',33,13,0,'1168f78604f01fdc2154a41d9d2dd511',NULL),(80,1616482256,NULL,'I',32,34,0,'df0c1768cc04a092ba31a0ebfbc49131',NULL),(81,1616482256,NULL,'I',32,35,0,'49cf075eab436792f049ec7f94bc73ff',NULL),(82,1616482256,NULL,'I',32,36,0,'3581791f73c2c693de57203c0c5a5023',NULL),(83,1616482256,NULL,'I',32,37,0,'4289540fb7006047d0dc9fcdbee5de8f',NULL),(84,1616482256,NULL,'I',36,5,0,'d1a9ca3ce8e3dca395d74e445046c83c',NULL),(85,1616482256,NULL,'I',33,14,0,'806f30c820dfed2b44d137180fe126e4',NULL),(86,1616482256,NULL,'I',32,38,0,'108669fdee5cd80993a5b75fa8fd1e47',NULL),(87,1616482256,NULL,'I',35,15,0,'cbc47d30ee9d52b327b2511a91b52dec',NULL),(88,1616482256,NULL,'I',35,16,0,'14be25eeb3a72e7866c75a0806a0a09b',NULL),(89,1616482256,NULL,'I',35,17,0,'eaa4684a25c43d170368621ce0c0294f',NULL),(90,1616482256,NULL,'I',35,18,0,'90ff6ecdc97180635524f9d760c93b7d',NULL),(91,1616482256,NULL,'I',33,15,0,'3b7fb61469460739daa1bf7ac2761d01',NULL),(92,1616482256,NULL,'I',32,39,0,'d29fa70cda479af857954685be21b0bb',NULL),(93,1616482256,NULL,'I',32,40,0,'2d004fd4262f93c0f74afc960556cf88',NULL),(94,1616482256,NULL,'I',32,41,0,'c9be7c220f873dbd5865dd7e8a91beab',NULL),(95,1616482256,NULL,'I',32,42,0,'24915cbf74f2f5696bdfd4290f8a178d',NULL),(96,1616482256,NULL,'I',33,16,0,'fc52d91680954ad9075c9ee3eae96ed8',NULL),(97,1616482257,NULL,'I',32,43,0,'1ddc5b948dcc7311058f220802fe519a',NULL),(98,1616482257,NULL,'I',32,44,0,'fe941de1908334d8bef0906b4d765828',NULL),(99,1616482257,NULL,'I',32,45,0,'04100892c225c1a2379c64562fb17fc7',NULL),(100,1616482257,NULL,'I',32,46,0,'b3584078a65657899ca61a82721d858e',NULL),(101,1616482257,NULL,'I',33,17,0,'e8a05435bfb581ec88d70d3cf804acdd',NULL),(102,1616482257,NULL,'I',32,47,0,'192c936ce98de4396d6b43625c1cb6d5',NULL),(103,1616482257,NULL,'I',32,48,0,'6ea03d44e3995518959ae7c4d8d833a9',NULL),(104,1616482257,NULL,'I',32,49,0,'64d4a4ad84e2b3122e78c03b4f56dc9f',NULL),(105,1616482257,NULL,'I',32,50,0,'e218f92430ce0682112da8903df03920',NULL),(106,1616482257,NULL,'I',33,18,0,'2a35947c497827a0eab2242811e28491',NULL),(107,1616482257,NULL,'I',32,51,0,'992f630f44c7ec310913c1661ecec208',NULL),(108,1616482257,NULL,'I',32,52,0,'dbecb3af78c6a496e6216f0a23dee2df',NULL),(109,1616482257,NULL,'I',32,53,0,'ac0ecf7416e9d358666d02b60c78a4e8',NULL),(110,1616482257,NULL,'I',32,54,0,'0b79b42213d4dc4fd64778598ae1e05f',NULL),(111,1616482257,NULL,'I',36,6,0,'3d0e9740253ec98156ecbefecfb024b2',NULL),(112,1616482257,NULL,'I',33,19,0,'389113e391a08e09e871b980d63bc9fa',NULL),(113,1616482258,NULL,'I',32,55,0,'895daf1877ac5a7cb45ada2d68fcda3f',NULL),(114,1616482258,NULL,'I',35,19,0,'fe6fe2f8313a74cddfebdf5ce36715db',NULL),(115,1616482258,NULL,'I',35,20,0,'ccb1735f0c40c949775239a4305ff60a',NULL),(116,1616482258,NULL,'I',35,21,0,'b2029c02769efd992230fb10c72fc61b',NULL),(117,1616482258,NULL,'I',35,22,0,'a463562417d1e81ef19ea4615835a308',NULL),(118,1616482258,NULL,'I',33,20,0,'35dd180e45d2808d732dd72c38590eba',NULL),(119,1616482258,NULL,'I',32,56,0,'f96bfae74cdf13905f4615e0ad19cc9e',NULL),(120,1616482258,NULL,'I',32,57,0,'a7e44d73bdef3ec7651ee9a677a9c5b0',NULL),(121,1616482258,NULL,'I',32,58,0,'c46bd8811bdcaf53c313a3d45da27708',NULL),(122,1616482258,NULL,'I',32,59,0,'0d5156c0fc0b4692726bee411fe41bdc',NULL),(123,1616482258,NULL,'I',33,21,0,'5f17369aa792435d286ecbc325cb65f8',NULL),(124,1616482258,NULL,'I',32,60,0,'71369e3a75d0fe8ce287926086f9f55d',NULL),(125,1616482258,NULL,'I',32,61,0,'13552ef90e64636fbe73fa2eb1bd63d2',NULL),(126,1616482258,NULL,'I',32,62,0,'075bf1d62395b88b5ede7de2ddac9f73',NULL),(127,1616482258,NULL,'I',32,63,0,'b4dca3b9fae2fb272c7b5d48c52e22f1',NULL),(128,1616482258,NULL,'I',36,7,0,'5de987e92a6fd38551b3fbbfa8843f8d',NULL),(129,1616482258,NULL,'I',33,22,0,'7afca8af5387d45bbcd93407b9324bd6',NULL),(130,1616482258,NULL,'I',32,64,0,'5d0f36eed95f031f5efa68be24461576',NULL),(131,1616482258,NULL,'I',35,23,0,'0431200a198f659f3e12a171f56368a6',NULL),(132,1616482259,NULL,'I',35,24,0,'4113d4464d54704eabd90f28bd3cf437',NULL),(133,1616482259,NULL,'I',33,23,0,'34cecda69dc8d2581ef20eff29f2e957',NULL),(134,1616482259,NULL,'U',33,23,0,'7b7285525ae4e66e75f0fe898b36d8cc',NULL),(135,1616482259,NULL,'I',32,65,0,'dcc0261d5efe9e3df2c7b262f0a0060b',NULL),(136,1616482259,NULL,'I',32,66,0,'475121c6ea82ab9d6ee834349e5120da',NULL),(137,1616482259,NULL,'I',33,24,0,'76437f158b6ce5ff9c049842c34dd844',NULL),(138,1616482259,NULL,'U',33,24,0,'becb3cfbdc6554313d7f7be3b8ce9a19',NULL),(139,1616482259,NULL,'I',32,67,0,'b6985a4eeb827b42c58b44e35e772019',NULL),(140,1616482259,NULL,'I',32,68,0,'5fe18a8340716d870b720f9fce35b146',NULL),(141,1616482259,NULL,'I',33,25,0,'28f341cadd05e497e97c17ece272c7ce',NULL),(142,1616482259,NULL,'U',33,25,0,'45ddc3e163aaebfd04a7c47ebed45765',NULL),(143,1616482259,NULL,'I',32,69,0,'c1f92f728bed3f6032df28892cdfb6a3',NULL),(144,1616482259,NULL,'I',32,70,0,'9d169173ad6faf2f71f54504ab77919d',NULL),(145,1616482259,NULL,'I',33,26,0,'f14f6f3e2b358dbef0dd1f809a8289c3',NULL),(146,1616482259,NULL,'U',33,26,0,'9faef87ce5be7a749d3c4d8a73b1b6ee',NULL),(147,1616482259,NULL,'I',32,71,0,'ac1da0aa7e2fb566643941c7a6ce4b18',NULL),(148,1616482259,NULL,'I',32,72,0,'31679c844bb24f0e74eaa626d0d15f90',NULL),(149,1616482259,NULL,'I',33,27,0,'06579656a28840d2d77e3d52d355c00a',NULL),(150,1616482259,NULL,'U',33,27,0,'b49c0b93b3cea7b6efe069a445311034',NULL),(151,1616482260,NULL,'I',32,73,0,'100b2da48d1dbc7477e645a1367541fa',NULL),(152,1616482260,NULL,'I',32,74,0,'f1b38b40f4bb9c9a3fb819bae571866a',NULL),(153,1616482260,NULL,'I',33,28,0,'60664b56ae2e25f4a25d87bea325fa54',NULL),(154,1616482260,NULL,'U',33,28,0,'a6ceafd6d4d6a70506a1df3b5e50bf00',NULL),(155,1616482260,NULL,'I',32,75,0,'fc27b5c8995774321dd37ebc51aa6641',NULL),(156,1616482260,NULL,'I',32,76,0,'7f19e898b9b036382d8ba85a7ecea0ce',NULL),(157,1616482260,NULL,'I',36,8,0,'aa133fcd402257d717beedb3dfff79ee',NULL),(158,1616482260,NULL,'I',33,29,0,'c4fb1aea42c0ec6022401c1cab5d3b90',NULL),(159,1616482260,NULL,'I',32,77,0,'a90d1b073f542fbd784f6c271545f594',NULL),(160,1616482260,NULL,'I',35,25,0,'557bd0579cddf8cd0b490dc533a30f6e',NULL),(161,1616482260,NULL,'I',35,26,0,'565f4084bc6d6345e2a33f670ce53b60',NULL),(162,1616482260,NULL,'I',35,27,0,'aaca953d100413419b6f05ac288621f0',NULL),(163,1616482260,NULL,'I',35,28,0,'2efd98e1e2d314dd7058769776c41c5a',NULL),(164,1616482260,NULL,'I',36,9,0,'2b31ff89bbe56c959b3842adda9ceea2',NULL),(165,1616482260,NULL,'I',33,30,0,'7a5326f63dbb9984a55156b2cb0f814f',NULL),(166,1616482260,NULL,'I',32,78,0,'8fe5ddab6057832700e9c26233dbe3e7',NULL),(167,1616482260,NULL,'I',35,29,0,'439ca5f3495b2bb71f759b97129453c5',NULL),(168,1616482260,NULL,'I',35,30,0,'9367196621fd18619d5b66cc0d8776b4',NULL),(169,1616482260,NULL,'I',33,31,0,'922dfc17529f4cd512f622057c1a0705',NULL),(170,1616482261,NULL,'I',32,79,0,'1699d1f7a542ae260ea82783066ee425',NULL),(171,1616482261,NULL,'I',32,80,0,'757a1ca6e461c1848be9a1d68095e595',NULL),(172,1616482261,NULL,'I',33,32,0,'8673c45f8fdd19330a9129433f33a7bf',NULL),(173,1616482261,NULL,'I',32,81,0,'c62454dc4de06c8c85b5a5b96ab7077e',NULL),(174,1616482261,NULL,'I',32,82,0,'912e8300f39f3cadc3bc21c866a9d8c6',NULL),(175,1616482261,NULL,'I',36,10,0,'c3eb1515eca48b1fe57a9fcecf25dd42',NULL),(176,1616482261,NULL,'I',33,33,0,'83c40d291b3205ec358cc9131ad5fe2f',NULL),(177,1616482261,NULL,'I',32,83,0,'5596af00e69f074c7ec0a4971bf7071a',NULL),(178,1616482261,NULL,'I',35,31,0,'c787fe712e91533d152c1b47e40e73c1',NULL),(179,1616482261,NULL,'I',33,34,0,'5423371bc91ff971055f17e1f2a88ce9',NULL),(180,1616482261,NULL,'I',32,84,0,'2e18554f7bf2882292ed8a519175185a',NULL),(181,1616482261,NULL,'I',36,11,0,'6c740c417e4f49541cf19f9503c63af0',NULL),(182,1616482261,NULL,'I',33,35,0,'22b3f6d23eca0d8b5747f5c096af8bac',NULL),(183,1616482261,NULL,'I',32,85,0,'d47ee5307a32fdf0c459032931d21597',NULL),(184,1616482261,NULL,'I',35,32,0,'939ffc047e7dfe870e5a983f8cf7d487',NULL),(185,1616482261,NULL,'I',35,33,0,'6b9dec4e6c19fc41246a18ea4d6b3af4',NULL),(186,1616482261,NULL,'I',35,34,0,'8d7d0b3a5789d8f68502de615b5cede4',NULL),(187,1616482261,NULL,'I',35,35,0,'75d5c3225b4629794154cd6fdc669a7e',NULL),(188,1616482262,NULL,'I',33,36,0,'7964295481679990dcee8ca93f0421f4',NULL),(189,1616482262,NULL,'I',32,86,0,'5ffae303189914362c3773c8e9b4a748',NULL),(190,1616482262,NULL,'I',32,87,0,'0b51871a9b735efe680305425603f140',NULL),(191,1616482262,NULL,'I',32,88,0,'eb800ebd386336aeb7126b2076787fe3',NULL),(192,1616482262,NULL,'I',32,89,0,'ffdef33246593c6cf5c497684b7c6819',NULL),(193,1616482262,NULL,'I',33,37,0,'413c4c66f95bb9ad4faf87b2d286bc0b',NULL),(194,1616482262,NULL,'I',32,90,0,'97f85386688fc64fb9098da6bdae78f4',NULL),(195,1616482262,NULL,'I',32,91,0,'8c130bde2b9d27f907236ee57ad8210c',NULL),(196,1616482262,NULL,'I',32,92,0,'0fb50ab95718d1e776cd1b38aec58ad7',NULL),(197,1616482262,NULL,'I',32,93,0,'d99d2d02c1557fe09d5e5e5cff5243c0',NULL),(198,1616482262,NULL,'I',33,38,0,'c23492a661daca5c160ed1beaa903530',NULL),(199,1616482262,NULL,'I',32,94,0,'5b5d7c58a37238057e20c098548e72ce',NULL),(200,1616482262,NULL,'I',32,95,0,'b7f3e82057446f968e19b46ee0790c3b',NULL),(201,1616482262,NULL,'I',32,96,0,'2833a96855b4c247898be8d379dd4eea',NULL),(202,1616482262,NULL,'I',32,97,0,'fac8f0befbb8a353105169db04662714',NULL),(203,1616482262,NULL,'I',33,39,0,'4470d932f84afda2a2885eb11aa87d83',NULL),(204,1616482262,NULL,'I',32,98,0,'73845b9a40ae2ef6a5e6116adcafc750',NULL),(205,1616482263,NULL,'I',32,99,0,'a0f5da8045c38164479b72abd53f9b65',NULL),(206,1616482263,NULL,'I',32,100,0,'608a8af7a3ec646149da4f99a422016e',NULL),(207,1616482263,NULL,'I',32,101,0,'13fca974c21b04ab6120a3815999194e',NULL),(208,1616482263,NULL,'I',33,40,0,'07152d44f5c8a136fddcfa233d768c6c',NULL),(209,1616482263,NULL,'I',32,102,0,'bcd43a6257748c4050c3345a155d47e5',NULL),(210,1616482263,NULL,'I',32,103,0,'b056363628a27b623b438302f0e53d19',NULL),(211,1616482263,NULL,'I',32,104,0,'c56f40b91cba0a2ca37d35721f2e6668',NULL),(212,1616482263,NULL,'I',32,105,0,'748810f91e917b67ed4ed37c84870f1b',NULL),(213,1616482263,NULL,'I',36,12,0,'b660611b87283d7557f9f31e95b27eeb',NULL),(214,1616482263,NULL,'I',33,41,0,'0402ce75ef18930a52bd161ad4befcb4',NULL),(215,1616482263,NULL,'I',32,106,0,'8c1891fb98f8803a5f3f7ca637cd6cef',NULL),(216,1616482263,NULL,'I',35,36,0,'3304c2313af3245050fd42e9ef8a65f3',NULL),(217,1616482263,NULL,'I',35,37,0,'d87762bfc8bfdc92381bddcebbbbd7f0',NULL),(218,1616482263,NULL,'I',35,38,0,'786afc0096005427b52e26e595a2981a',NULL),(219,1616482263,NULL,'I',35,39,0,'6af29c1b77916e0eb3aa2a970ad162cb',NULL),(220,1616482263,NULL,'I',33,42,0,'a78e11c72e5661a3e489be629aaa0387',NULL),(221,1616482263,NULL,'I',32,107,0,'acd59611a40bfb06c82ff293996f5b19',NULL),(222,1616482264,NULL,'I',32,108,0,'0035206c3fb5cec5a8705dd2cd96ff21',NULL),(223,1616482264,NULL,'I',32,109,0,'37368e6ab31e882db715c87355a1828c',NULL),(224,1616482264,NULL,'I',32,110,0,'19e95e6327d00bd590f2f94b41a8031a',NULL),(225,1616482264,NULL,'I',33,43,0,'5e1723500e14b2a3a5733be075acfdca',NULL),(226,1616482264,NULL,'I',32,111,0,'95e11d471501c978af8117d8322950e7',NULL),(227,1616482264,NULL,'I',32,112,0,'211428690b6ee776a4fbd999cbb923c2',NULL),(228,1616482264,NULL,'I',32,113,0,'a1fe344e22dcf164c21549000ae770cd',NULL),(229,1616482264,NULL,'I',32,114,0,'fb4df184c0de007bcc5c9e461314e34d',NULL),(230,1616482264,NULL,'I',36,13,0,'9b4a1156a36cb83f4fb44e976817c57d',NULL),(231,1616482264,NULL,'I',33,44,0,'6429ab19496ea25948041921f59db882',NULL),(232,1616482264,NULL,'I',32,115,0,'4e324a0b3f5ae433ed4101ac113cead1',NULL),(233,1616482264,NULL,'I',35,40,0,'1725bcde414b0df00b9ff77ea9875fce',NULL),(234,1616482264,NULL,'I',33,45,0,'5e7394f7e819659eb524a042ba1c382c',NULL),(235,1616482264,NULL,'I',32,116,0,'30809513d719707688c9bd74d73efd47',NULL),(236,1616482264,NULL,'I',32,117,0,'a6c4f708034195c152df2a903290dd3e',NULL),(237,1616482264,NULL,'I',33,46,0,'e703d5e31366e47df186b892b88f81d2',NULL),(238,1616482264,NULL,'I',32,118,0,'7c3fb7a8071d24dd3445956b82551b7f',NULL),(239,1616482264,NULL,'I',32,119,0,'44829bd5921f02d8f2adbce69d17ff89',NULL),(240,1616482264,NULL,'I',33,47,0,'6a61131ec7ac72496018cc6ed00fd48b',NULL),(241,1616482265,NULL,'I',32,120,0,'6b78306d1afd3e49757c13da8eb1e8ca',NULL),(242,1616482265,NULL,'I',32,121,0,'c868cfd21898cc2e091c11cd9cba1616',NULL),(243,1616482265,NULL,'I',36,14,0,'a03bf7614bf1aa4edf6ccf82394d6bbf',NULL),(244,1616482265,NULL,'I',33,48,0,'73c38e0e072aed88520ffd0852a90e23',NULL),(245,1616482265,NULL,'I',32,122,0,'548c900ed7dc4033e15373bf32780216',NULL),(246,1616482265,NULL,'I',35,41,0,'9d79983b46bda350dca93d67691a23b9',NULL),(247,1616482265,NULL,'I',35,42,0,'e4688a7f204a0a0e7a4c42e4a40ec627',NULL),(248,1616482265,NULL,'I',33,49,0,'e684748c4c9aa20216638ce3426e3bed',NULL),(249,1616482265,NULL,'I',32,123,0,'2ae9b6438d17e6a5b5c61d08ba3fb278',NULL),(250,1616482265,NULL,'I',32,124,0,'9b0a650d022d9b3a8476df21cc2ca98c',NULL),(251,1616482265,NULL,'I',33,50,0,'3a38b929b9e94d3b2310b5a297b80c8c',NULL),(252,1616482265,NULL,'I',32,125,0,'ae9b8aea56431db1628ac9305f667575',NULL),(253,1616482265,NULL,'I',32,126,0,'e217c33a2cedc54310882c33a1eb3418',NULL),(254,1616482265,NULL,'I',33,51,0,'9106b9cbff23e12126d61766d5316f2a',NULL),(255,1616482265,NULL,'I',32,127,0,'7ee60ac12402a13d64844898be7efaba',NULL),(256,1616482266,NULL,'I',32,128,0,'b7a209a7eac6e2111850a06ccd0a24a2',NULL),(257,1616482266,NULL,'I',36,15,0,'48252f366e305b77fbccb8d6d26c35c8',NULL),(258,1616482266,NULL,'I',33,52,0,'5062cd3ac6538ff6c145391e54ca2815',NULL),(259,1616482266,NULL,'I',32,129,0,'8ca1585fb5ea99f37187029cc7deb8e5',NULL),(260,1616482266,NULL,'I',35,43,0,'a1ca7ce38e2896da4517070ad77dcbd0',NULL),(261,1616482266,NULL,'I',33,53,0,'0af65feb1fa5fe8252fd4f2aa84f64b1',NULL),(262,1616482266,NULL,'I',32,130,0,'f3b541752b6d96d42834fc573e303d09',NULL),(263,1616482266,NULL,'I',33,54,0,'daab9f9b4db0a89f3adfa528559413df',NULL),(264,1616482266,NULL,'I',32,131,0,'9fc7e63e357ee35795acebe59d7ca0a8',NULL),(265,1616482266,NULL,'I',33,55,0,'4c053025b7e2afb442ed3cade7906998',NULL),(266,1616482266,NULL,'I',32,132,0,'d3911bea0096aa7c8e96038611518aa4',NULL),(267,1616482266,NULL,'I',36,16,0,'004f34b7decd80bf084ed8afbed800bb',NULL),(268,1616482266,NULL,'I',33,56,0,'e43a39464f27b78eb5450cc173f9d137',NULL),(269,1616482266,NULL,'I',32,133,0,'48b0fb110ef6757fe68524d76392461c',NULL),(270,1616482266,NULL,'I',35,44,0,'7b89d6f51d7e6a9982a131ae8fbf5564',NULL),(271,1616482266,NULL,'I',35,45,0,'1b2dbf17009d29f1d1fccfadbb7c28bb',NULL),(272,1616482267,NULL,'I',33,57,0,'e0939750f3d0849dd121a59d2879f59c',NULL),(273,1616482267,NULL,'I',32,134,0,'47868b1e1ccc6463ab64f58ebb4f0d31',NULL),(274,1616482267,NULL,'I',32,135,0,'7d81e259c037a1ad565b22c317ae50f5',NULL),(275,1616482267,NULL,'I',33,58,0,'17f45a76b9c9d4ba26f8dd6fd3256018',NULL),(276,1616482267,NULL,'I',32,136,0,'92a4aecf5e784714ba050a137d5737ef',NULL),(277,1616482267,NULL,'I',32,137,0,'6ec83693d3633421fd72e172f6af316a',NULL),(278,1616482267,NULL,'I',33,59,0,'46807ad046111bf6dfcae0909b6ffb4b',NULL),(279,1616482267,NULL,'I',32,138,0,'7f7c80dc82afa772f2af6b7541004f51',NULL),(280,1616482267,NULL,'I',32,139,0,'ca176c84e377e6b6ac557db818559fe5',NULL),(281,1616482267,NULL,'I',33,60,0,'8850bad4c8bf7013969adec813b80759',NULL),(282,1616482267,NULL,'I',32,140,0,'c7e1f3bb7bc71398b8c6cf07fc91df45',NULL),(283,1616482267,NULL,'I',32,141,0,'a1d62844afd17eeeeb11c1d2f69d9861',NULL),(284,1616482267,NULL,'I',33,61,0,'ead20321051b258cb434c4ea65165a24',NULL),(285,1616482268,NULL,'I',32,142,0,'74f3ea9b959f5787534a317955d0c75a',NULL),(286,1616482268,NULL,'I',32,143,0,'e5034b27dcf516f5b9111b24cfcc6485',NULL),(287,1616482268,NULL,'I',33,62,0,'29fe2f54a8346047ce976f6f71c7a9e3',NULL),(288,1616482268,NULL,'I',32,144,0,'983a2d1c6e3d50b1875e73ebb9388bd3',NULL),(289,1616482268,NULL,'I',32,145,0,'8349177fc3eccb6d12bacaae457bba42',NULL),(290,1616482268,NULL,'I',33,63,0,'211095406a7e921b23cf45a79336fab4',NULL),(291,1616482268,NULL,'I',32,146,0,'0119f66da1e8161d1a31d12d468f7020',NULL),(292,1616482268,NULL,'I',32,147,0,'5eaa2315f28c0be8e0ba02a0734da109',NULL),(293,1616482268,NULL,'I',36,17,0,'f1be6289af26b3c7e1da557942ec6664',NULL),(294,1616482268,NULL,'I',33,64,0,'a1f374a708d0fe053967ca5f1015a10a',NULL),(295,1616482268,NULL,'I',32,148,0,'b77841cc14d634928ffd2f1ef2a345a7',NULL),(296,1616482268,NULL,'I',35,46,0,'2037b2211b22dd3fa3ce219706bd7131',NULL),(297,1616482268,NULL,'I',35,47,0,'1106abbe9f2fd261f36820b7e6a6b9eb',NULL),(298,1616482268,NULL,'I',36,18,0,'1580ba49961877190ac9a5a2b84af3cc',NULL),(299,1616482268,NULL,'I',33,65,0,'00d7190e3b7827e94a51d7d1f842cef7',NULL),(300,1616482269,NULL,'I',32,149,0,'45516c843f2f56e68427cda6e124db32',NULL),(301,1616482269,NULL,'I',35,48,0,'8c353aa3571126a26a49d73967ac3c89',NULL),(302,1616482269,NULL,'I',33,66,0,'181b6da71157de24064a11c5f43d3625',NULL),(303,1616482269,NULL,'I',32,150,0,'0f10dc34445850cbb14ba15575a512e8',NULL),(304,1616482269,NULL,'I',33,67,0,'edd581b929acbfa994fd50d00d385efc',NULL),(305,1616482269,NULL,'I',32,151,0,'71e45e163ee49d491e036e3bb8f6ef33',NULL),(306,1616482269,NULL,'I',33,68,0,'00afb17731b7fb303f7fb6c38bd8fe4f',NULL),(307,1616482269,NULL,'I',32,152,0,'444ce4aead8ba7064549b1826342dc2c',NULL),(308,1616482269,NULL,'I',36,19,0,'6de41089f62dfead5c23c234c4f1f38a',NULL),(309,1616482269,NULL,'I',33,69,0,'f9e0af3683b7a0c628d691bfcd5f7728',NULL),(310,1616482269,NULL,'I',32,153,0,'5cbe9b4928c2e5aae7688d73a86690c6',NULL),(311,1616482269,NULL,'I',35,49,0,'ea160a1aaadca5f206325f53d06e603d',NULL),(312,1616482269,NULL,'I',35,50,0,'80c034e8c01f3dd87a69f4da87ead093',NULL),(313,1616482269,NULL,'I',35,51,0,'9a16950015f2dff735ca0b6d5bff987b',NULL),(314,1616482269,NULL,'I',35,52,0,'2cf00411fc6b293f3d314ea193d0a471',NULL),(315,1616482269,NULL,'I',33,70,0,'2e0ce607699f53ea86f78b64157aba5d',NULL),(316,1616482270,NULL,'I',32,154,0,'2b13e236883ec6c94ca0d505ad67343b',NULL),(317,1616482270,NULL,'I',32,155,0,'70c0fa3fd2a60ea4f91588d6e78045d3',NULL),(318,1616482270,NULL,'I',32,156,0,'e4d42cd4ecb221500937cdc94e960f6e',NULL),(319,1616482270,NULL,'I',32,157,0,'df64bf4dc330c606fc3730e287e89d63',NULL),(320,1616482270,NULL,'I',33,71,0,'61fa17180d96835eeb2a8b618bd96f48',NULL),(321,1616482270,NULL,'I',32,158,0,'b6c3a20ea8cc3791979d46bf97777400',NULL),(322,1616482270,NULL,'I',32,159,0,'fd92736cf62121c759f937b61bf61005',NULL),(323,1616482270,NULL,'I',32,160,0,'4c44595d122032ac3bff689e4eea5428',NULL),(324,1616482270,NULL,'I',32,161,0,'52a6dd1a98cef4fed0fe15542a2c327b',NULL),(325,1616482270,NULL,'I',36,20,0,'c5fad4abe0cb1b2eea201454419e4c03',NULL),(326,1616482270,NULL,'I',33,72,0,'078feb0ce1155fefee7e59e15f458730',NULL),(327,1616482270,NULL,'I',32,162,0,'f73aaacffeaf64010da31b48a0ee289f',NULL),(328,1616482270,NULL,'I',35,53,0,'93b7b7609d8fd85705514d346a26b418',NULL),(329,1616482270,NULL,'I',35,54,0,'02bd7cc1f6d12d2744cf2ce05614ceb1',NULL),(330,1616482270,NULL,'I',33,73,0,'e092dc26d4b476ed2fb0f4080929a296',NULL),(331,1616482270,NULL,'I',32,163,0,'d4e424c82e35e913853112717801c6d4',NULL),(332,1616482271,NULL,'I',32,164,0,'2597124074c843d124145329d248a980',NULL),(333,1616482271,NULL,'I',32,165,0,'aa88faab95b5793755f8e820eafb6fee',NULL),(334,1616482271,NULL,'I',32,166,0,'26f68f3838305066e93a51276698ec97',NULL),(335,1616482271,NULL,'I',33,74,0,'ecc6a46a3f0d2d0aa1b6e676dba434dc',NULL),(336,1616482271,NULL,'I',32,167,0,'968108f594af03ea510d1fcc1d89d7a0',NULL),(337,1616482271,NULL,'I',32,168,0,'04543a0733aef5ca2217d6d0f7a24271',NULL),(338,1616482271,NULL,'I',32,169,0,'6609979f128aac5d9f6752c2c4960515',NULL),(339,1616482271,NULL,'I',32,170,0,'7cdc9af8fcbbf2dbcf950b8d411047d8',NULL),(340,1616482271,NULL,'I',36,21,0,'f3861f5dbf8d9cb9dddea20c8c20f2ee',NULL),(341,1616482271,NULL,'I',33,75,0,'8d0dad671d377e3ea4ce5a82d69a5d27',NULL),(342,1616482271,NULL,'I',32,171,0,'54c0699ab769eb4c0d55e7e5ada9e50e',NULL),(343,1616482271,NULL,'I',35,55,0,'17b86512052ba8c96b9ee047ff7f3918',NULL),(344,1616482271,NULL,'I',35,56,0,'dfacb9941612b6b468901242e83a6235',NULL),(345,1616482271,NULL,'I',36,22,0,'7d30927774723c8cba182687f124bd00',NULL),(346,1616482271,NULL,'I',33,76,0,'ddbc862d7cbaccf3b52e59b4f41fc028',NULL),(347,1616482271,NULL,'I',32,172,0,'896d05846397c3098d1f49fb32f06a8c',NULL),(348,1616482272,NULL,'I',35,57,0,'8eaa6b2eb0a34b640f7b19f0ff7bb78b',NULL),(349,1616482272,NULL,'I',35,58,0,'01a662921e2ed0f66d7f942f2f624f95',NULL),(350,1616482272,NULL,'I',35,59,0,'e7e4868c387335192832479b728e5b11',NULL),(351,1616482272,NULL,'I',35,60,0,'18e260472f57c0a934cf9f31ccbcf8f9',NULL),(352,1616482272,NULL,'I',33,77,0,'0e7db86bb428cb19a05b61c7e5959a44',NULL),(353,1616482272,NULL,'I',32,173,0,'2fbe32698281c6aab37f09884cd41a7e',NULL),(354,1616482272,NULL,'I',32,174,0,'1fe9187f1bea1eef54f4aa8b7e6b0526',NULL),(355,1616482272,NULL,'I',32,175,0,'c263fea2f1268655a7b2949bef4f5a4c',NULL),(356,1616482272,NULL,'I',32,176,0,'1f44bf9aae3830ce447a625811aa6dcc',NULL),(357,1616482272,NULL,'I',36,23,0,'18cf4008083a17d765f43689032abda8',NULL),(358,1616482272,NULL,'I',33,78,0,'d29f41bcae21f146e1457a2ba27ea833',NULL),(359,1616482272,NULL,'I',32,177,0,'129ca8cf23c825f324a78698f237b11d',NULL),(360,1616482272,NULL,'I',35,61,0,'2625c3c1ff0ddacd3d679582412dd27f',NULL),(361,1616482272,NULL,'I',35,62,0,'c1efa75f1f9a66bc7025a5a45e6dc3a2',NULL),(362,1616482272,NULL,'I',36,24,0,'69e307ac0050244521b0c6bab994cc9f',NULL),(363,1616482272,NULL,'I',33,79,0,'a9c77eab70c6c90a797e7e14474c09e7',NULL),(364,1616482272,NULL,'I',32,178,0,'a6752be2423257f9806dc5bd3445f5e1',NULL),(365,1616482272,NULL,'I',35,63,0,'40eb6e48e1aad9366516806e3b3b578a',NULL),(366,1616482272,NULL,'I',35,64,0,'06bb56a63f2aae0c0eba0b0d0c3c3446',NULL),(367,1616482272,NULL,'I',33,80,0,'71c3fcafa56c1d14cf65f5207960a208',NULL),(368,1616482273,NULL,'I',32,179,0,'3fe8ebad73c23d9ec0bfddec8f17d6a1',NULL),(369,1616482273,NULL,'I',33,81,0,'90db926dfd30bfebf945d1dc928e96bc',NULL),(370,1616482273,NULL,'I',32,180,0,'b6613a21538042092d3401c0457aedd3',NULL),(371,1616482273,NULL,'I',33,82,0,'a6c2f7c900a68d8b0c2e20cce645b1e8',NULL),(372,1616482273,NULL,'I',32,181,0,'79bd3e58a202793d69b8800e99929b43',NULL),(373,1616482273,NULL,'I',33,83,0,'39defd4bdb4f5d94968e7ef10acf5983',NULL),(374,1616482273,NULL,'I',32,182,0,'4fa46419d1d346a5e65640452dd007dc',NULL),(375,1616482273,NULL,'I',36,25,0,'9bd232b192aaebcf9066a3c77ed547e7',NULL),(376,1616482273,NULL,'I',33,84,0,'a5b4d595862d91a2c5c506b5c0ee0008',NULL),(377,1616482273,NULL,'I',32,183,0,'07c57a53a9fed727dc1294c56daf84fa',NULL),(378,1616482273,NULL,'I',35,65,0,'47df643d8b9400293390bfb3f5ce2526',NULL),(379,1616482273,NULL,'I',35,66,0,'2b5a58a1300c6cf5674aaa785a736fd1',NULL),(380,1616482273,NULL,'I',35,67,0,'342efb0eeb2ad51de8ab65a649656636',NULL),(381,1616482273,NULL,'I',35,68,0,'29c640ecf54a0cb37741ce688ab72421',NULL),(382,1616482273,NULL,'I',36,26,0,'ef5fbd5b5db8c2384d305d9f8b877e3c',NULL),(383,1616482273,NULL,'I',33,85,0,'55f4504e6ac3ca1fbaaa797b926ed430',NULL),(384,1616482274,NULL,'I',32,184,0,'fc04a737983e3e3036db532958701094',NULL),(385,1616482274,NULL,'I',35,69,0,'cccd45541e0f22f906b7173fa2cd11df',NULL),(386,1616482274,NULL,'I',35,70,0,'b6968737e49b2f3de2a43ab850fba50b',NULL),(387,1616482274,NULL,'I',35,71,0,'be16bcf2900bbc07a6a0634d4bd67771',NULL),(388,1616482274,NULL,'I',35,72,0,'a65a3c7485ff63b2571e9e305fa4c8c5',NULL),(389,1616482274,NULL,'I',33,86,0,'cea5b79a5a0a933a153b36341cf76f43',NULL),(390,1616482274,NULL,'I',32,185,0,'7f12c48846c20fb5b38ac3947c3e72a5',NULL),(391,1616482274,NULL,'I',32,186,0,'a329a633a20f2da5f42641770ee08524',NULL),(392,1616482274,NULL,'I',32,187,0,'734387ae0326d41f863683ee00d0f042',NULL),(393,1616482274,NULL,'I',32,188,0,'a17f451a2d126f9c80710583b040266b',NULL),(394,1616482274,NULL,'I',33,87,0,'4514d7bbaa1c5972fc565e00ce058ec0',NULL),(395,1616482274,NULL,'I',32,189,0,'65718fbedf75504279e392cf37132a5c',NULL),(396,1616482274,NULL,'I',32,190,0,'94f1a7f3d2859457e1962b62f5141a58',NULL),(397,1616482274,NULL,'I',32,191,0,'9dcabdaea9d36afe3d8a738eaeefe2f0',NULL),(398,1616482274,NULL,'I',32,192,0,'06410ee8db209196b019e7e8be788d33',NULL),(399,1616482274,NULL,'I',36,27,0,'9ad469013e1bc8f42b7458ff26454b06',NULL),(400,1616482274,NULL,'I',33,88,0,'64df8bdc82a124fe24533e27ae6bc4e2',NULL),(401,1616482274,NULL,'I',32,193,0,'a47b72f564c6f2460463e45b50bf4fbb',NULL),(402,1616482275,NULL,'I',35,73,0,'b3f6ff14dee6d300290987c79838bb37',NULL),(403,1616482275,NULL,'I',35,74,0,'fed6c2e50c32ce69aafff1fc3e42c28f',NULL),(404,1616482275,NULL,'I',35,75,0,'e00b5c08a3dddf7b4527e3be78d7567d',NULL),(405,1616482275,NULL,'I',35,76,0,'be0ee4538ceb63b5f83348fdc3c076e0',NULL),(406,1616482275,NULL,'I',33,89,0,'b5c81347a6f9680c79e40d849b70bf7c',NULL),(407,1616482275,NULL,'I',32,194,0,'2d7a29ae36e9d72dfa5832d75600b2ff',NULL),(408,1616482275,NULL,'I',32,195,0,'ce62b8a4a674b8644fd3836491750614',NULL),(409,1616482275,NULL,'I',32,196,0,'7b4bec50975721e007195bc5988b21bf',NULL),(410,1616482275,NULL,'I',32,197,0,'f79d142dd1d72855eeb157fa5910b0ee',NULL),(411,1616482275,NULL,'I',33,90,0,'76ba72df1ce725fc7e988360f842eb5e',NULL),(412,1616482275,NULL,'I',32,198,0,'4f7ee87352e48fcc58edabc493e766b9',NULL),(413,1616482275,NULL,'I',32,199,0,'24342170ce3723390998d73db8952783',NULL),(414,1616482275,NULL,'I',32,200,0,'5f16ada504502395d8174d989dde4555',NULL),(415,1616482275,NULL,'I',32,201,0,'17c12d1034f97a1918e461c56590d6c5',NULL),(416,1616482275,NULL,'I',33,91,0,'8772df01764ce996069e9b00116cffa7',NULL),(417,1616482275,NULL,'I',32,202,0,'ee3300cc9c41814b51105cbb8f608e49',NULL),(418,1616482275,NULL,'I',32,203,0,'a638e9e6d2ed3cec8f4f51cb8495d0cc',NULL),(419,1616482276,NULL,'I',32,204,0,'646750bc9b349f6f105d45ab9e3a9643',NULL),(420,1616482276,NULL,'I',32,205,0,'1a9e0fd69cd3468ffb5a170ca29157db',NULL),(421,1616482276,NULL,'I',33,92,0,'f2911eb0c012a5a4be4987655195da69',NULL),(422,1616482276,NULL,'I',32,206,0,'7b704217ca2e3623df7a1418e0a4b9d4',NULL),(423,1616482276,NULL,'I',32,207,0,'0c3abbfe67d561f72ac943b739322406',NULL),(424,1616482276,NULL,'I',32,208,0,'c2ad37589346a406a93741cd6cef4a31',NULL),(425,1616482276,NULL,'I',32,209,0,'ce3b437d9ee13ffd59bf264833784489',NULL),(426,1616482276,NULL,'I',33,93,0,'44e2e4725b840ae752bdd163c50581c8',NULL),(427,1616482276,NULL,'I',32,210,0,'f2daa12940c4626a370c57903f809848',NULL),(428,1616482276,NULL,'I',32,211,0,'6f59d623e73ce55cbe1f5d9ff959767b',NULL),(429,1616482276,NULL,'I',33,94,0,'cd0a179ba6a8bbd7ea612c6837f3a618',NULL),(430,1616482276,NULL,'I',32,212,0,'1416f40e3e7a8b9a309c53e2d7a2d28a',NULL),(431,1616482276,NULL,'I',32,213,0,'a80d4e24b5ddb32b84f993f7cdde7608',NULL),(432,1616482276,NULL,'I',32,214,0,'9a3d9aaa78e69f7ca27755866a541236',NULL),(433,1616482277,NULL,'I',32,215,0,'b2bc1c9c38c93a580dd13ee57763e099',NULL),(434,1616482277,NULL,'I',33,95,0,'693e9a6afadc345c6cd12c878c6bfea2',NULL),(435,1616482277,NULL,'I',32,216,0,'37f727e98a9635f9bdacf66df50d83c3',NULL),(436,1616482277,NULL,'I',32,217,0,'06bac059dae421875af27ff06c226b12',NULL),(437,1616482277,NULL,'I',32,218,0,'7f0a366a757389670959b1e3708e4a5e',NULL),(438,1616482277,NULL,'I',32,219,0,'f3cbbc9d032b90ca2be2b440d0b980e9',NULL),(439,1616482277,NULL,'I',33,96,0,'ac130f0f7f030136ad8577393dcdc148',NULL),(440,1616482277,NULL,'I',32,220,0,'364b471a252f4db72b1a6e707dcbd50e',NULL),(441,1616482277,NULL,'I',32,221,0,'8b07174d01944370a7770455101a2f52',NULL),(442,1616482277,NULL,'I',32,222,0,'895d016110736666a7e2ed2c4df09bb5',NULL),(443,1616482277,NULL,'I',32,223,0,'2fdba3791ad24046f899f5580f9f0cf9',NULL),(444,1616482277,NULL,'I',33,97,0,'f0a73693c23ae06d20b0b06bfe577bd4',NULL),(445,1616482277,NULL,'I',32,224,0,'0ca3773d4fe9521661b1bfe5e17e00a4',NULL),(446,1616482277,NULL,'I',32,225,0,'a167022d02345752f1741d4d9c7f6e50',NULL),(447,1616482277,NULL,'I',32,226,0,'a846a717f82e195681df1dfc4a8e88c3',NULL),(448,1616482277,NULL,'I',33,98,0,'6ba35fa9ad5758c8609f4535cdd755bd',NULL),(449,1616482277,NULL,'I',32,227,0,'68e7290e006b91a417b2459ad1474009',NULL),(450,1616482278,NULL,'I',32,228,0,'e5932d534dfc470102358eb47b04049f',NULL),(451,1616482278,NULL,'I',32,229,0,'de6df659be181954d80d1e481b605422',NULL),(452,1616482278,NULL,'I',32,230,0,'04df3d5e2187db08ccd764976c3a955b',NULL),(453,1616482278,NULL,'I',36,28,0,'3dbdc0d7c41c7e5683005b8c24680b3f',NULL),(454,1616482278,NULL,'I',33,99,0,'00e486e8a0fac0b8ad8e8a598f3e2330',NULL),(455,1616482278,NULL,'I',32,231,0,'d9425d09a9b85d402303ccdc12a36fdb',NULL),(456,1616482278,NULL,'I',35,77,0,'9724f087c743fad69c1463cc409329fa',NULL),(457,1616482278,NULL,'I',35,78,0,'8db280279f021c77d3c9814e74ea3998',NULL),(458,1616482278,NULL,'I',35,79,0,'5e5e49160c2d5906e3f3cbb35dd46c48',NULL),(459,1616482278,NULL,'I',35,80,0,'0d45130144f9f1bfea5ff7389589acc8',NULL),(460,1616482278,NULL,'I',33,100,0,'5ffa858f9c375680229635b06d6ec740',NULL),(461,1616482278,NULL,'I',32,232,0,'eb552a984816d16be42e017376ca3ba6',NULL),(462,1616482278,NULL,'I',32,233,0,'edceee4f28c495bb0f417b16148321da',NULL),(463,1616482278,NULL,'I',32,234,0,'389d5dee96fc2286b91f3ad5e9dc436a',NULL),(464,1616482278,NULL,'I',33,101,0,'6be281786d4e3d2e0328d3d60d94cfa9',NULL),(465,1616482278,NULL,'I',32,235,0,'66bb9be0cb8eab7acf813aa4b65a6069',NULL),(466,1616482278,NULL,'I',32,236,0,'2b9195e8a19bdc544e452002a18ae065',NULL),(467,1616482279,NULL,'I',32,237,0,'7f8ed6beb1d319f361106d27c1b23335',NULL),(468,1616482279,NULL,'I',32,238,0,'2c8518d7f4f85b7e6cb0146a42e2dba0',NULL),(469,1616482279,NULL,'I',36,29,0,'cae4db003443f50b876c09e06c2618b1',NULL),(470,1616482279,NULL,'I',33,102,0,'c1092f01fb1e15ab125613aef8b1bc84',NULL),(471,1616482279,NULL,'I',32,239,0,'b9a2284960a802fe03958244d08d5c21',NULL),(472,1616482279,NULL,'I',35,81,0,'56e0b9c72ac872504b7a2b07966eb83c',NULL),(473,1616482279,NULL,'I',35,82,0,'f83429954f19dfda490283fdfb5e89b7',NULL),(474,1616482279,NULL,'I',35,83,0,'cbc1ad9d74da6fe820173b9931565932',NULL),(475,1616482279,NULL,'I',35,84,0,'fa58b3552d61bd217bf8c9d7e48d5f74',NULL),(476,1616482279,NULL,'I',36,30,0,'9a0291049d676d24c28fb40cd6fc7f06',NULL),(477,1616482279,NULL,'I',33,103,0,'0e55870be3c4238613e82118038bdbd1',NULL),(478,1616482279,NULL,'I',32,240,0,'a767fb6ccaf5594b6553579d09d0f1da',NULL),(479,1616482279,NULL,'I',35,85,0,'e00cb2c9a220cca72209400b36e435a9',NULL),(480,1616482279,NULL,'I',35,86,0,'a58d2190c47e7c8e20a769d313de7099',NULL),(481,1616482279,NULL,'I',33,104,0,'33d439d51d83f4e8d8ec65d7b4377566',NULL),(482,1616482279,NULL,'I',32,241,0,'156f2dc87a339fcda191e2268a5b0ef5',NULL),(483,1616482279,NULL,'I',32,242,0,'d475a1678ed3218a7deeb2a3deb14d75',NULL),(484,1616482279,NULL,'I',33,105,0,'aee696ed5a0bb6b8988e2ab3b1dfaf8a',NULL),(485,1616482279,NULL,'I',32,243,0,'cdf0818982d7371f2ec4fb99f38fd987',NULL),(486,1616482280,NULL,'I',32,244,0,'25bcc79178d081b9c6882b8d8d7b94e3',NULL),(487,1616482280,NULL,'I',33,106,0,'e0999f8e468e166d10143cb330c2924e',NULL),(488,1616482280,NULL,'I',32,245,0,'e0f0a14d9e1f8e596c7b5caa230078a1',NULL),(489,1616482280,NULL,'I',32,246,0,'a04473ca3a8614704857ccef83e1e963',NULL),(490,1616482280,NULL,'I',33,107,0,'6768ac7127b7fb4c17d28db0dbe497c2',NULL),(491,1616482280,NULL,'I',32,247,0,'3dd0be1ae665a6e7075f4b18bdc37127',NULL),(492,1616482280,NULL,'I',32,248,0,'4f5251492f1c26e403150a86ab6a8ccc',NULL),(493,1616482280,NULL,'I',33,108,0,'9e7a57b653334224cb258dbb8e8f663e',NULL),(494,1616482280,NULL,'I',32,249,0,'dbaff19ca8826afff478ec23cb48e845',NULL),(495,1616482280,NULL,'I',32,250,0,'23b73c60bb1ff86926ca2e24c67af897',NULL),(496,1616482280,NULL,'I',33,109,0,'ce864ea68d8f6f7663fecb854a5ab967',NULL),(497,1616482280,NULL,'I',32,251,0,'2cc4d8e5d7b914e29682cc54f66156b7',NULL),(498,1616482280,NULL,'I',32,252,0,'e2be958bb33a979a52069a094f201c6e',NULL),(499,1616482280,NULL,'I',33,110,0,'29185d0538799c181902f597940da87f',NULL),(500,1616482280,NULL,'I',32,253,0,'2d0c5bff05264b01cfc8adb1f31e4b4a',NULL),(501,1616482281,NULL,'I',32,254,0,'cbb43757b1ce21a90a4be781d6364b51',NULL),(502,1616482281,NULL,'I',33,111,0,'e851252de60cdf6ec122ce69543830f8',NULL),(503,1616482281,NULL,'I',32,255,0,'2548bb7752f670ac319663b414e165cc',NULL),(504,1616482281,NULL,'I',32,256,0,'8955e21cc9ff804a9d27bf961275de6c',NULL),(505,1616482281,NULL,'I',33,112,0,'8ad0851dbe278a5d556f9a59dc9aa019',NULL),(506,1616482281,NULL,'I',32,257,0,'c2fa7a97683ab7aa81261635a6a3df1b',NULL),(507,1616482281,NULL,'I',32,258,0,'d47198d4d25a473fba13751f846ff5ca',NULL),(508,1616482281,NULL,'I',36,31,0,'efb0a8f6915120920665ffe2b8a67e29',NULL),(509,1616482281,NULL,'I',33,113,0,'251a77a830c58aa52ec04d6db7e71685',NULL),(510,1616482281,NULL,'I',32,259,0,'bf9396806069a42209b8bd4540cc57e3',NULL),(511,1616482281,NULL,'I',35,87,0,'03f0de8248e4ef3c33da63074f27ed63',NULL),(512,1616482281,NULL,'I',35,88,0,'86ea86ff23cfc7a2dd99bf9b413ee147',NULL),(513,1616482281,NULL,'I',35,89,0,'5307c80a68fbced13a0b7afcdfa4cd00',NULL),(514,1616482281,NULL,'I',35,90,0,'344569eb7e08478ca7581f3a3ff9526b',NULL),(515,1616482281,NULL,'I',33,114,0,'601d3e107af24e067d2fe1034f488f47',NULL),(516,1616482281,NULL,'I',32,260,0,'c43cf8ad4f4334c6af3382e6ca2762ed',NULL),(517,1616482281,NULL,'I',32,261,0,'57104f7a0c5d17118d04cfef8529bca8',NULL),(518,1616482281,NULL,'I',32,262,0,'e2be4aa77b8ad9970094bafb6376e000',NULL),(519,1616482281,NULL,'I',32,263,0,'eae7dabe46a719bcdf32aa72da33a6ab',NULL),(520,1616482282,NULL,'I',33,115,0,'f0920c127f25ad100a08100967f42b0f',NULL),(521,1616482282,NULL,'I',32,264,0,'c0fd14674c4c17a943057034d5eabb47',NULL),(522,1616482282,NULL,'I',32,265,0,'1b6338b8341070dc4c44f19127031af7',NULL),(523,1616482282,NULL,'I',32,266,0,'9e304dfc18d3f05fd99b4a6e9b0e78da',NULL),(524,1616482282,NULL,'I',32,267,0,'86e77706a2684f43d336dee1ac73332b',NULL),(525,1616482282,NULL,'I',36,32,0,'d406b63b81b91da925b8fcb66ddc332d',NULL),(526,1616482282,NULL,'I',33,116,0,'4c9b9d380550d5482b4932ad7c7be084',NULL),(527,1616482282,NULL,'I',32,268,0,'ba8331a677de1cad8cded4fb703628da',NULL),(528,1616482282,NULL,'I',35,91,0,'36947d6bb5e5230e306175880b42c49b',NULL),(529,1616482282,NULL,'I',35,92,0,'1c990896dc13bc41646d8c156258fab0',NULL),(530,1616482282,NULL,'I',35,93,0,'e19ba5017a66166aa1dd1e0c4ef97653',NULL),(531,1616482282,NULL,'I',35,94,0,'9aea142778a53a5c620dd7b67e71c47d',NULL),(532,1616482282,NULL,'I',36,33,0,'eea641245a27d53d33ed6b427f0b7084',NULL),(533,1616482282,NULL,'I',33,117,0,'84e5b25e7e7a84526bd9c3b21475f074',NULL),(534,1616482282,NULL,'I',32,269,0,'2c56d1b4a273490da2b0bdab27859c2f',NULL),(535,1616482282,NULL,'I',35,95,0,'4354b434e935a10641518fb6c1567a4a',NULL),(536,1616482282,NULL,'I',35,96,0,'556af294d59591397c98965282f1b20c',NULL),(537,1616482282,NULL,'I',33,118,0,'035852ec47be83a0b531b3eeedfaa70c',NULL),(538,1616482282,NULL,'I',32,270,0,'1d2c376f6bad1cda57589499b34f3008',NULL),(539,1616482283,NULL,'I',32,271,0,'efd13f5dc30995c8cc881a11f9fdd89a',NULL),(540,1616482283,NULL,'I',33,119,0,'903c13c6f470c181eabcdeed2d45e755',NULL),(541,1616482283,NULL,'I',32,272,0,'64b6337a39e9a0335aedb3f3888efa97',NULL),(542,1616482283,NULL,'I',32,273,0,'da5dae2e7aad1c2bf9fcdbe964413645',NULL),(543,1616482283,NULL,'I',33,120,0,'303f88d2d8654d22502d05b7b3330922',NULL),(544,1616482283,NULL,'I',32,274,0,'b6540814623a2d79ef4e00dca86ef54f',NULL),(545,1616482283,NULL,'I',32,275,0,'9f4a35b1c23f19f4877c2734bec49b59',NULL),(546,1616482283,NULL,'I',33,121,0,'ea1a5eef29d4d7e61497fa30db967d22',NULL),(547,1616482283,NULL,'I',32,276,0,'6b1a324e4b248cd6844af87ba5dba9bf',NULL),(548,1616482283,NULL,'I',32,277,0,'f788c524e6c97e8cedec80348d3fc693',NULL),(549,1616482283,NULL,'I',36,34,0,'c54e3fadf924b8880670d9d86e6bebc3',NULL),(550,1616482283,NULL,'I',33,122,0,'5c46d02e4fa89c7ff75c7407e3cf8891',NULL),(551,1616482283,NULL,'I',32,278,0,'2033f368af90faf305f2687845abcc6c',NULL),(552,1616482283,NULL,'I',35,97,0,'b6112f951535a5a7b6979240b71320cf',NULL),(553,1616482283,NULL,'I',35,98,0,'e719ef5c7aa0e5bde1f7f6e6763c9afb',NULL),(554,1616482283,NULL,'I',35,99,0,'11ecaf363ef5eb31073e0b09d95db848',NULL),(555,1616482283,NULL,'I',35,100,0,'a44f423eeb6ca73613037f8e13750d1a',NULL),(556,1616482284,NULL,'I',36,35,0,'17dda87775a9defa681ec8b99f856d5d',NULL),(557,1616482284,NULL,'I',33,123,0,'5ad847b48afbaf81cc81e96eef52b59b',NULL),(558,1616482284,NULL,'I',32,279,0,'e5db7680caebe153153e26d3b404be44',NULL),(559,1616482284,NULL,'I',35,101,0,'a32a525040e1b7aa4683ec0394e9b10e',NULL),(560,1616482284,NULL,'I',35,102,0,'7cba1dc8c2ad721e24a9539a5ba56f26',NULL),(561,1616482284,NULL,'I',35,103,0,'321741d91bfa73ed16e36ebea3868ff9',NULL),(562,1616482284,NULL,'I',35,104,0,'bdfe39387fd9f595a403ae68a473fa41',NULL),(563,1616482284,NULL,'I',33,124,0,'87fe44ec54b98123d4b0513dc553fa04',NULL),(564,1616482284,NULL,'I',32,280,0,'c82e8ba1de5707dcb1858f0300538d2f',NULL),(565,1616482284,NULL,'I',32,281,0,'702286c6a41d863f30daf8e551a9a4b5',NULL),(566,1616482284,NULL,'I',32,282,0,'8c9342c848d1a14d16fb6b49b3212f06',NULL),(567,1616482284,NULL,'I',32,283,0,'e7fb2c7f20c1e78056a77c218e6d2c0a',NULL),(568,1616482284,NULL,'I',33,125,0,'49c7a4d978a5184bfcc257a4c788b0dc',NULL),(569,1616482284,NULL,'I',32,284,0,'bfb27b78face3ca4b872ee70a8d2fe4c',NULL),(570,1616482284,NULL,'I',32,285,0,'a5eaa9dba2a14136c5b82dec6f6a8efa',NULL),(571,1616482284,NULL,'I',32,286,0,'3b04eb31668ab025cbb5e2fb226eaeae',NULL),(572,1616482284,NULL,'I',32,287,0,'ed26349fe071e87438a6ae180de62a07',NULL),(573,1616482285,NULL,'I',36,36,0,'2c9c108406b8d2c351d3379382ca554a',NULL),(574,1616482285,NULL,'I',33,126,0,'f914f3f2006a805d7e68490cc0cb3593',NULL),(575,1616482285,NULL,'I',32,288,0,'c7cedce5f30cf08c312b4befb3b2dc12',NULL),(576,1616482285,NULL,'I',35,105,0,'06165b43729d96e46dc0a98787457c27',NULL),(577,1616482285,NULL,'I',35,106,0,'07c3a62fc826a996568aa84a4fe417b8',NULL),(578,1616482285,NULL,'I',33,127,0,'0830253dfb368dd3beda29bafb2dc89c',NULL),(579,1616482285,NULL,'I',32,289,0,'48807e2d13d5d9520a7fc63a2cf09298',NULL),(580,1616482285,NULL,'I',32,290,0,'0af6ed4d245b95e3f3ef3db9682b20f9',NULL),(581,1616482285,NULL,'I',33,128,0,'8c63f4f8fd025fea70ebf60a50fb8083',NULL),(582,1616482285,NULL,'I',32,291,0,'c7a50ff9602141ae5431bbe5317dd949',NULL),(583,1616482285,NULL,'I',32,292,0,'bba1d97b22e798379e6f1503584a6303',NULL),(584,1616482285,NULL,'I',36,37,0,'ccc88956803a7907db66849bc7b7f5eb',NULL),(585,1616482285,NULL,'I',33,129,0,'82f1663fab5c8bd86c17afd6aae59d07',NULL),(586,1616482285,NULL,'I',32,293,0,'9b5ab26e5ba7028d275b569b0786a150',NULL),(587,1616482285,NULL,'I',35,107,0,'84374e3dacb7d9e5e99e929f84c9bc70',NULL),(588,1616482285,NULL,'I',35,108,0,'d03e1e87e44c170bd00ffebad3ead4ee',NULL),(589,1616482285,NULL,'I',36,38,0,'9f21acae6646e439bc0317a7247cee59',NULL),(590,1616482286,NULL,'I',33,130,0,'0e54e87839d54953c4236624809fbb2d',NULL),(591,1616482286,NULL,'I',32,294,0,'fd06278be153d93c52e36539ccd693a9',NULL),(592,1616482286,NULL,'I',35,109,0,'271f27dbca1c416e2c18d0c34b5972df',NULL),(593,1616482286,NULL,'I',35,110,0,'88a3ed9f2f57a38bd523c62474ca00a4',NULL),(594,1616482286,NULL,'I',35,111,0,'d8cf0aacb26c3bdf9eeb721eaf0c94b3',NULL),(595,1616482286,NULL,'I',35,112,0,'aae6c8c6369c0a4b42356cff0c8b0541',NULL),(596,1616482286,NULL,'I',33,131,0,'e5136ba990ee5c5bb1c0f94eb1bb1b43',NULL),(597,1616482286,NULL,'I',32,295,0,'679fd18e36a449947692aba13f2a9249',NULL),(598,1616482286,NULL,'I',32,296,0,'b2419308d0898405478a8778878fd766',NULL),(599,1616482286,NULL,'I',32,297,0,'179b45b0298561d204094a9ca58e5449',NULL),(600,1616482286,NULL,'I',32,298,0,'90a142b211d9be1d19adc547f97d9f7d',NULL),(601,1616482286,NULL,'I',33,132,0,'dc1c8975b332ee05e885b6870faee953',NULL),(602,1616482286,NULL,'I',32,299,0,'63d4922cd289b02773f54262032101d7',NULL),(603,1616482286,NULL,'I',32,300,0,'1b623093907f3d845a5f873e9f6ea622',NULL),(604,1616482286,NULL,'I',32,301,0,'efb1c811d03e857470bba9d2ad9acb06',NULL),(605,1616482286,NULL,'I',32,302,0,'a8d2a596f06f9b380e8dc736bea7798f',NULL),(606,1616482287,NULL,'I',36,39,0,'d58b26e1f9d7de64ac5ad78e3f40b664',NULL),(607,1616482287,NULL,'I',33,133,0,'119162e0317d2813cc86b27fc5e824cf',NULL),(608,1616482287,NULL,'I',32,303,0,'0aa539fd2327b2a72355777600125baf',NULL),(609,1616482287,NULL,'I',35,113,0,'eec4ed8d1d9ec2bec178dbf1d4efd911',NULL),(610,1616482287,NULL,'I',35,114,0,'c4d5ee0c193a10695656f89b30a8d95a',NULL),(611,1616482287,NULL,'I',35,115,0,'ce40c35a7fc6ca0c0fcfa1785340690e',NULL),(612,1616482287,NULL,'I',35,116,0,'cf790f9c5038df79d9de7e726c96e482',NULL),(613,1616482287,NULL,'I',33,134,0,'dc34320a252c8f4aebd7b55d45ec8584',NULL),(614,1616482287,NULL,'I',32,304,0,'9ff9e4c7bfd77eb2ef57df5139607120',NULL),(615,1616482287,NULL,'I',32,305,0,'f78b0793ef6ca3eb0634c57c2b674395',NULL),(616,1616482287,NULL,'I',32,306,0,'e63bd31a6c29d20e308784f9a27975d4',NULL),(617,1616482287,NULL,'I',32,307,0,'daee73efd7d1bd934f557eb69b53ec10',NULL),(618,1616482287,NULL,'I',33,135,0,'c1eb00399ba9ad3572c90914735eae4c',NULL),(619,1616482287,NULL,'I',32,308,0,'1b7e898f1f144e256fee7f719a3b0034',NULL),(620,1616482287,NULL,'I',32,309,0,'05c5609aa9cda81be3d10cf55189ac79',NULL),(621,1616482287,NULL,'I',32,310,0,'e31448cbc6b591f773cefe66ca3aff07',NULL),(622,1616482287,NULL,'I',32,311,0,'756e376c42448a07b4e7e4332d5e9a8a',NULL),(623,1616482287,NULL,'I',36,40,0,'c71a79342a65a4d895d5d5b8b1796c75',NULL),(624,1616482287,NULL,'I',33,136,0,'48961d56b333c5046252cd5bae5a0c35',NULL),(625,1616482287,NULL,'I',32,312,0,'5c8251ed8ea52444abcab00ee086258e',NULL),(626,1616482288,NULL,'I',35,117,0,'55ec41985bdfa5c907ea1ea94f7f0246',NULL),(627,1616482288,NULL,'I',35,118,0,'895c21aecff1ca8215cd72906efea563',NULL),(628,1616482288,NULL,'I',36,41,0,'54452043bf6dd84af7977a1f476b3b0e',NULL),(629,1616482288,NULL,'I',33,137,0,'7069135aabd24772f29a86ee94f6a289',NULL),(630,1616482288,NULL,'I',32,313,0,'6430be8846aba8ff75762850cbb67a97',NULL),(631,1616482288,NULL,'I',35,119,0,'16a37c52c125e1ea81ebe3658e49330b',NULL),(632,1616482288,NULL,'I',35,120,0,'714c2c5ad025c91c4ec74592f25f81e9',NULL),(633,1616482288,NULL,'I',35,121,0,'51f1d755f54b21641e1bfb0a0b589025',NULL),(634,1616482288,NULL,'I',35,122,0,'eaaee0ae850f4bd1e6e8446c07d142e7',NULL),(635,1616482288,NULL,'I',33,138,0,'9bef7e1065135938f4a216fa1a8f6aaa',NULL),(636,1616482288,NULL,'I',32,314,0,'530744c607ce3e6bf4d8043f76937499',NULL),(637,1616482288,NULL,'I',32,315,0,'9011fb7150c5445ba6774691d5c2eac8',NULL),(638,1616482288,NULL,'I',32,316,0,'609993d3c009039b0cb261df4d46a3d3',NULL),(639,1616482288,NULL,'I',32,317,0,'27ad5dbfbb78145b3ec100d581719dd2',NULL),(640,1616482288,NULL,'I',33,139,0,'3ef24b8d9f119a4f3b28ada82c90c83e',NULL),(641,1616482288,NULL,'I',32,318,0,'09a15814013a0e46dec8b33a70a7b660',NULL),(642,1616482288,NULL,'I',32,319,0,'fa392bb0b61f824d9a594c7337676ee1',NULL),(643,1616482288,NULL,'I',32,320,0,'4ff10a33570cb6f4810c9bd98d3531d7',NULL),(644,1616482288,NULL,'I',32,321,0,'75ef49c55542f5653c6f059f4c3b6ac0',NULL),(645,1616482289,NULL,'I',36,42,0,'7b71b7e8b3f7719a1e97415244f2f7df',NULL),(646,1616482289,NULL,'I',33,140,0,'5418c6f8a07203d80fd17f4bb9de8aec',NULL),(647,1616482289,NULL,'I',32,322,0,'1b26269330c0318bea26d7dc311e37db',NULL),(648,1616482289,NULL,'I',35,123,0,'b92fae79d5b3cd96d4947feb7f2f9ae9',NULL),(649,1616482289,NULL,'I',35,124,0,'3a148cc1c913710ce5203e4ca3ff6c8a',NULL),(650,1616482289,NULL,'I',36,43,0,'dc96fa8902bb8f795f606bedab776cbc',NULL),(651,1616482289,NULL,'I',33,141,0,'ef09beb5361f6b5d4ec9c10c13bd94da',NULL),(652,1616482289,NULL,'I',32,323,0,'50a3ee29894530c2a7629361685022cd',NULL),(653,1616482289,NULL,'I',35,125,0,'d3db69b9b6dd8af0836e85be38a0547f',NULL),(654,1616482289,NULL,'I',35,126,0,'3ecd7327c1555421918f834713d57cdc',NULL),(655,1616482289,NULL,'I',35,127,0,'afaec8e2196280a2e84ff3181199e847',NULL),(656,1616482289,NULL,'I',35,128,0,'f1aa431c5d86fb48dc05ecf77ded917b',NULL),(657,1616482289,NULL,'I',33,142,0,'ee1a987048b2330ef33a533819d507f0',NULL),(658,1616482289,NULL,'I',32,324,0,'588d44f976a96b7a24d55dac2ded3ffe',NULL),(659,1616482289,NULL,'I',32,325,0,'5e986c8c718dba4ad31fddbeac545278',NULL),(660,1616482289,NULL,'I',32,326,0,'a85b9b64c1d7fc2213aebdf5cbc0dbee',NULL),(661,1616482289,NULL,'I',32,327,0,'b4b70d576744a2f5f4dea6bc09488a96',NULL),(662,1616482289,NULL,'I',33,143,0,'9172756b3119d69d2d6c859c7386bc7d',NULL),(663,1616482290,NULL,'I',32,328,0,'e107622b53aa60db2fba69ab88b401e1',NULL),(664,1616482290,NULL,'I',32,329,0,'3f003b4a1ec8c171ccce815b94a61859',NULL),(665,1616482290,NULL,'I',32,330,0,'fb3738f2fcc191d88f230429ad3f2f5f',NULL),(666,1616482290,NULL,'I',32,331,0,'b3b62232f4b4c3d3b0000cabbbcc2d55',NULL),(667,1616482290,NULL,'I',36,44,0,'caad51e1c785ae89df6ed1ce98820198',NULL),(668,1616482290,NULL,'I',33,144,0,'7980279288ff9929e0abaee2c274c8f1',NULL),(669,1616482290,NULL,'I',32,332,0,'c84d28e4698157f287085a0db0fc4f92',NULL),(670,1616482290,NULL,'I',35,129,0,'f38217693e0fcc80e1f60fdee2f5c702',NULL),(671,1616482290,NULL,'I',36,45,0,'4bf502133b0b577e6080271eefec9890',NULL),(672,1616482290,NULL,'I',33,145,0,'55e0e51a469d3aa611fbf4ad13138369',NULL),(673,1616482290,NULL,'I',32,333,0,'b757837240853cd76ea2e15e078aee34',NULL),(674,1616482290,NULL,'I',35,130,0,'73b578905104ba5e3542349c0307f81e',NULL),(675,1616482290,NULL,'I',36,46,0,'e48ba25d43520c17a3074f63064cf39f',NULL),(676,1616482290,NULL,'I',33,146,0,'8cfcc730acf6b8c6ec4658aa1ced220b',NULL),(677,1616482290,NULL,'I',32,334,0,'7f1b071bf8bccba995fc183b684dd9b3',NULL),(678,1616482290,NULL,'I',35,131,0,'1f556dc89c2099ebf329177d81d14f33',NULL),(679,1616482291,NULL,'I',36,47,0,'e33e615ea43156ed0ed4fec82d225196',NULL),(680,1616482291,NULL,'I',33,147,0,'dcf2fee45df1fc1447383da6ce0d1d48',NULL),(681,1616482291,NULL,'I',32,335,0,'71ba98b730a08cf5e80d0f84bad2c92c',NULL),(682,1616482291,NULL,'I',35,132,0,'555221c0703d9c0aeae6993061a68ae9',NULL),(683,1616482291,NULL,'I',36,48,0,'5e208162ddb3da63a0ac6c73c997ad11',NULL),(684,1616482291,NULL,'I',33,148,0,'c5575892fa8c044c7cf8b948c611f315',NULL),(685,1616482291,NULL,'I',32,336,0,'dddffb6a132c5e9cc6951fac35d0cf70',NULL),(686,1616482291,NULL,'I',35,133,0,'0d399d5701f96a79e2a92f63ca852f80',NULL),(687,1616482291,NULL,'I',36,49,0,'520c776346f7a96a3aaa8ce7747f0192',NULL),(688,1616482291,NULL,'I',33,149,0,'71f5edf7048fabb0f151429e98e0553b',NULL),(689,1616482291,NULL,'I',32,337,0,'f72716275f5d85a0f2e0fafb438fd01a',NULL),(690,1616482291,NULL,'I',35,134,0,'783d19ef60773058f6492eb56296711f',NULL),(691,1616482291,NULL,'I',36,50,0,'c8f4d2a0e33c583a60865259f0ddb700',NULL),(692,1616482291,NULL,'I',33,150,0,'148bd8ecbb38be65b77a8a98d9c38d5f',NULL),(693,1616482291,NULL,'I',32,338,0,'85874529b1eb0e69bf0bcd7309011d0f',NULL),(694,1616482291,NULL,'I',35,135,0,'7870b901bfa6edd1cea97cf5ea1b2683',NULL),(695,1616482291,NULL,'I',35,136,0,'e8dde3a44e315a212c7c84f2e2d443b7',NULL),(696,1616482291,NULL,'I',36,51,0,'cc39d6fcf7f7536531c57931d39b00eb',NULL),(697,1616482291,NULL,'I',33,151,0,'62bfc5cf48f3cda88d60dcf1a2920abf',NULL),(698,1616482291,NULL,'I',32,339,0,'def822cfedb825664129f23f5d62f3e9',NULL),(699,1616482291,NULL,'I',35,137,0,'ae049201b21e27631c82ee5a349c845c',NULL),(700,1616482291,NULL,'I',36,52,0,'881fb1c688540becc5c99a10139fcd77',NULL),(701,1616482292,NULL,'I',33,152,0,'ae8aabbc7926e2295e25fbc2d3c8063c',NULL),(702,1616482292,NULL,'I',32,340,0,'dda02c26aae834c14056705301b5597d',NULL),(703,1616482292,NULL,'I',35,138,0,'f1e0035205adaadf63de78a63fe79a59',NULL),(704,1616482292,NULL,'I',36,53,0,'eed4ce47534fb34f11257b585b0c3b7c',NULL),(705,1616482292,NULL,'I',33,153,0,'973ca57d86dcce22e3d1dc943aba6982',NULL),(706,1616482292,NULL,'I',32,341,0,'78591d08b9b09b36d49ed983716d17a9',NULL),(707,1616482292,NULL,'I',35,139,0,'57def921e9cadc99589ab2210f216446',NULL),(708,1616482292,NULL,'I',33,154,0,'59e1232e986c9e3100472bcebc5e326c',NULL),(709,1616482292,NULL,'I',32,342,0,'74d97b9b9b026efe3ace917912edba49',NULL),(710,1616482292,NULL,'I',33,155,0,'a7d5be6ad497f0bc4cc478ab6b9a6f40',NULL),(711,1616482292,NULL,'I',32,343,0,'6989f734e8f6aa5d87d10a7a985c171e',NULL),(712,1616482292,NULL,'I',33,156,0,'c6b6d7bb800c0cda41879e22b112825d',NULL),(713,1616482292,NULL,'I',32,344,0,'fc6a18cec538e2cde085ae20d222b120',NULL),(714,1616482293,NULL,'I',33,157,0,'360839f07f69973f40429abf88fa428e',NULL),(715,1616482293,NULL,'I',32,345,0,'8e6a6751f625f49703bc3fdaa96a5f1d',NULL),(716,1616482293,NULL,'I',33,158,0,'d9a2d950c72ca2389fa45da18b5e8576',NULL),(717,1616482293,NULL,'I',32,346,0,'02d2edd9c307aa881f5e335e09dc34b7',NULL),(718,1616482293,NULL,'I',33,159,0,'3ea66a06f5cf9d45dff71b1d8b29f73f',NULL),(719,1616482293,NULL,'I',32,347,0,'f6a358db8a176a5f835f5882141b4766',NULL),(720,1616482293,NULL,'I',36,54,0,'d52aaae19acd6137de3054375f26bb1e',NULL),(721,1616482293,NULL,'I',33,160,0,'f641c49c54132309406f4cff9fd88fe9',NULL),(722,1616482293,NULL,'I',32,348,0,'8e71fc33506dc8ac2da9435465a2e77d',NULL),(723,1616482293,NULL,'I',35,140,0,'c9a12488a4b26976eed05120f3b68c24',NULL),(724,1616482293,NULL,'I',36,55,0,'a613811f26ae977c4a896096007db0d1',NULL),(725,1616482293,NULL,'I',33,161,0,'17bd3178dde1bc3098871fde3e9960ff',NULL),(726,1616482293,NULL,'I',32,349,0,'e727d5db803956be9eb6f4afe4bee97e',NULL),(727,1616482293,NULL,'I',35,141,0,'e588d2a08dc6f895ec12d71d9bc1553b',NULL),(728,1616482293,NULL,'I',35,142,0,'22dcf4c29f23b230fd4d97d0cb09a17e',NULL),(729,1616482293,NULL,'I',33,162,0,'cd2d53793caf08c1853abdda80cf3b76',NULL),(730,1616482294,NULL,'I',32,350,0,'d85596d3a4e400f6fa2093cdb825efe6',NULL),(731,1616482294,NULL,'I',32,351,0,'608d2cc83a92efad554e248f67408ee4',NULL),(732,1616482294,NULL,'I',33,163,0,'6d44700c94540d4aa97e35c7d72b7288',NULL),(733,1616482294,NULL,'I',32,352,0,'37112e569171f97817ce19e1e6dbe60b',NULL),(734,1616482294,NULL,'I',32,353,0,'8108960db5ae912618bab0f86a2af229',NULL),(735,1616482294,NULL,'I',33,164,0,'e0191dbce7b78dc61a99421f0586bb98',NULL),(736,1616482294,NULL,'I',32,354,0,'d94b53e52e329fcb24b282b6330d89df',NULL),(737,1616482294,NULL,'I',32,355,0,'8ebf9128c9f6d6c353e36b08fd2d3d8c',NULL),(738,1616482294,NULL,'I',33,165,0,'c971eaa46fdc3e8f85a0bc73b26ac96b',NULL),(739,1616482294,NULL,'I',32,356,0,'af666298fce69dd7b85a88ea2c3595e3',NULL),(740,1616482294,NULL,'I',32,357,0,'bd8b060d2080d0860168fcd869b45c1a',NULL),(741,1616482294,NULL,'I',33,166,0,'77b21ba508d1eb4ebcf6b7dcd0191287',NULL),(742,1616482294,NULL,'I',32,358,0,'567b48625ca6ee4f0ea3f096ba2eef7d',NULL),(743,1616482294,NULL,'I',32,359,0,'cec1762e91ab10f6c1ca152cc627b994',NULL),(744,1616482294,NULL,'I',36,56,0,'908239fb5c029c9a30000d1872321323',NULL),(745,1616482294,NULL,'I',33,167,0,'8c08e2e214fb98b08e395f066bf5354d',NULL),(746,1616482295,NULL,'I',32,360,0,'3d8f599c282e3baaf7828cc155ce4769',NULL),(747,1616482295,NULL,'I',35,143,0,'7f407de83f5d73c8e375a6fa2dbf48d4',NULL),(748,1616482295,NULL,'I',35,144,0,'91bf1cd722c40377214ea8db1e273fa7',NULL),(749,1616482295,NULL,'I',33,168,0,'6c3afa65e484e588e98b6affa58b7b6c',NULL),(750,1616482295,NULL,'I',32,361,0,'947c28a8e5fe2fba4f9eaf6f55e03a75',NULL),(751,1616482295,NULL,'I',32,362,0,'56c928ceb16df06080328f92c25c8163',NULL),(752,1616482295,NULL,'I',33,169,0,'a4e981795ca8992c2dc8eb39c1b64351',NULL),(753,1616482295,NULL,'I',32,363,0,'050d955b41d1a63592d7b93a0471415b',NULL),(754,1616482295,NULL,'I',32,364,0,'64593275042b32c5cab815804d9084d7',NULL),(755,1616482295,NULL,'I',36,57,0,'53a63fdd64efcc1cbe7f67597b0c00bb',NULL),(756,1616482295,NULL,'I',33,170,0,'24eda7587f8f2a5e01047a7f7e415c28',NULL),(757,1616482295,NULL,'I',32,365,0,'82bd4b6d65d342cc2677e81a1b19f2bc',NULL),(758,1616482295,NULL,'I',35,145,0,'fbfbb2e32ce254dc8cba1cacf35dd1bd',NULL),(759,1616482295,NULL,'I',35,146,0,'a0e71e628acf0f12ac8070a174b10cf1',NULL),(760,1616482295,NULL,'I',33,171,0,'bd134f09774c71263cfd6e75f4d54e3d',NULL),(761,1616482295,NULL,'I',72,1,0,'f5e0dc391f154e445c91e0054f2868d1',NULL),(762,1616482295,NULL,'I',71,1,0,'19b57e7310673e62a51b4b7f25332778',NULL),(763,1616482295,NULL,'I',32,366,0,'d40a41114ff9b8954193541a5c7ea8cb',NULL),(764,1616482295,NULL,'I',32,367,0,'bbee14a50767c1249e4a2ca81bbc788d',NULL),(765,1616482295,NULL,'I',36,58,0,'60f961b5121e39d3e50ef82854cafde4',NULL),(766,1616482295,NULL,'I',33,172,0,'c54ce99e56465ee086a6682f3a5cfa75',NULL),(767,1616482296,NULL,'I',32,368,0,'7f5a25dbca1d7a697c57375a039b771b',NULL),(768,1616482296,NULL,'I',35,147,0,'7ab3f382d4efc094cc5b71846d1399c8',NULL),(769,1616482296,NULL,'I',35,148,0,'128ceb10c0a1142b920eac5a32bbe303',NULL),(770,1616482296,NULL,'I',33,173,0,'1be04db6f0cbe4309877965ae6ce1f68',NULL),(771,1616482296,NULL,'I',32,369,0,'99545f4f38e2eb88514e644b80f45838',NULL),(772,1616482296,NULL,'I',32,370,0,'8e2a2501737f48b86bd8bb160406b4a5',NULL),(773,1616482296,NULL,'I',33,174,0,'3150245e357c7418fd5ed47518856074',NULL),(774,1616482296,NULL,'I',32,371,0,'03a4f16af51292e6e41b15f1173ac7ad',NULL),(775,1616482296,NULL,'I',32,372,0,'74aeeb4500daf8aebe7ad315416bf195',NULL),(776,1616482296,NULL,'I',36,59,0,'a66be100179e85b465a92c408abb7993',NULL),(777,1616482296,NULL,'I',33,175,0,'b0f53d02f28b1283f9d3a63c676a0aca',NULL),(778,1616482296,NULL,'I',32,373,0,'64b1402a369fd584249aad29d48c1885',NULL),(779,1616482296,NULL,'I',35,149,0,'11ceb3ec2cb385108f32bc13484a72c7',NULL),(780,1616482296,NULL,'I',35,150,0,'b0928b3236a8140c6e99cec72270682c',NULL),(781,1616482296,NULL,'I',33,176,0,'aa8c2000e2fff5ea20535bcfa0a20228',NULL),(782,1616482296,NULL,'I',32,374,0,'80ede854b5061db29c5e58f6a1656e79',NULL),(783,1616482296,NULL,'I',32,375,0,'3e631dce7def42cd07185838df346303',NULL),(784,1616482296,NULL,'I',33,177,0,'d2a38ffa398525b2d6a8355b2600f037',NULL),(785,1616482297,NULL,'I',32,376,0,'e71ec5443a1ecdb4a6a55eda16ff2e48',NULL),(786,1616482297,NULL,'I',32,377,0,'2e034d5dda1634d071cb029f476fa7b4',NULL),(787,1616482297,NULL,'I',33,178,0,'0f11ffd45e499c24d8eebd4bbef2e047',NULL),(788,1616482297,NULL,'I',32,378,0,'88e10914b9c993e1e644b8a6273857e3',NULL),(789,1616482297,NULL,'I',32,379,0,'0da1bccf8eff701e25145f8b74fb5eb7',NULL),(790,1616482297,NULL,'I',33,179,0,'0eea1d9df30e228c1f182f9ade7c77e1',NULL),(791,1616482297,NULL,'I',32,380,0,'e187192f730bc14b092535086e616bfa',NULL),(792,1616482297,NULL,'I',32,381,0,'e019f382d79464b28bc274d441f83308',NULL),(793,1616482297,NULL,'I',36,60,0,'c43c3bbc290c48e3281f966f80836bf1',NULL),(794,1616482297,NULL,'I',33,180,0,'ea247d4f197b9ecec029c9aefd30a7c1',NULL),(795,1616482297,NULL,'I',32,382,0,'75b27a93d77fdda8b3fd59aab4bd6efa',NULL),(796,1616482297,NULL,'I',35,151,0,'345521b0ce5fe1e4c24103c85ab780a5',NULL),(797,1616482297,NULL,'I',35,152,0,'d9a9714e0a02940867d2a9f14133f9d0',NULL),(798,1616482297,NULL,'I',33,181,0,'bd247032483fadb8a70cf6d917ef2754',NULL),(799,1616482297,NULL,'I',32,383,0,'05b2ea39ac4e1c972dc5c3b376e076f9',NULL),(800,1616482297,NULL,'I',32,384,0,'22c52b3f7117b51cb03bf3dd915ec04d',NULL),(801,1616482297,NULL,'I',33,182,0,'280c3aa7c1dd6a9a5b768e6e1aacf95a',NULL),(802,1616482297,NULL,'I',32,385,0,'9fa925d34f37ca827d0baa96b26ccada',NULL),(803,1616482298,NULL,'I',32,386,0,'a03f7a8a6e715be2b729772a1ab5ee70',NULL),(804,1616482298,NULL,'I',33,183,0,'66de9a772db36ff0527cc0760d80fa6f',NULL),(805,1616482298,NULL,'I',32,387,0,'f45b63b9a2a8b43a4c41986cd781ffcb',NULL),(806,1616482298,NULL,'I',32,388,0,'8a27af23c7bf2d58c4b6e33239d83bbf',NULL),(807,1616482298,NULL,'I',36,61,0,'f7c1d4d849bd373aabfe4c5cea76e668',NULL),(808,1616482298,NULL,'I',33,184,0,'aac7c1ce5d5ae2333ccdd9fa1f134f8a',NULL),(809,1616482298,NULL,'I',32,389,0,'22d6c35e4f9bc206cf1e7b365f450741',NULL),(810,1616482298,NULL,'I',35,153,0,'4e3524581bad33f25b36c0422de50bf8',NULL),(811,1616482298,NULL,'I',35,154,0,'1a048a2c000a580bf0a9a721ef65e496',NULL),(812,1616482298,NULL,'I',33,185,0,'6ba35782f0501d7e5bc401d1aa43c4eb',NULL),(813,1616482298,NULL,'I',32,390,0,'421890491438773b161e92dace606233',NULL),(814,1616482298,NULL,'I',32,391,0,'ead5da0bf70901089e9278140704605a',NULL),(815,1616482298,NULL,'I',33,186,0,'2d1f525ea4c1a828cb04a1309e83085e',NULL),(816,1616482298,NULL,'I',32,392,0,'660a4c8cb80c99c28c9235ac800d759b',NULL),(817,1616482298,NULL,'I',32,393,0,'7b37c81c092298b7d3b4556737904afd',NULL),(818,1616482298,NULL,'I',33,187,0,'09c7beace7a969c397bfff5c3a76c0c4',NULL),(819,1616482298,NULL,'I',32,394,0,'db700dc6042c0a6803552c8fa71bc551',NULL),(820,1616482298,NULL,'I',32,395,0,'1c8645087eb9beb7b6ea19a45696aec8',NULL),(821,1616482299,NULL,'I',36,62,0,'96ae2de1a9ae44f4f0139ed92392829b',NULL),(822,1616482299,NULL,'I',33,188,0,'81ce5f311404a736149b3b3574c02d1e',NULL),(823,1616482299,NULL,'I',32,396,0,'b5d05e4b33d93d237750ae6d76f199f5',NULL),(824,1616482299,NULL,'I',35,155,0,'dceec7f8fda18acb350d15262a7b8fc0',NULL),(825,1616482299,NULL,'I',35,156,0,'4c003da4b58487217f673ea675a4881b',NULL),(826,1616482299,NULL,'I',33,189,0,'cb46509c5c566e591009af862bdd3e62',NULL),(827,1616482299,NULL,'I',32,397,0,'182515ed0b82ff13c1099ae6fbb7c658',NULL),(828,1616482299,NULL,'I',32,398,0,'8bc5c509f3e59819bf14258499a15820',NULL),(829,1616482299,NULL,'I',33,190,0,'dc7fe8fe66ab824859619c8737a7d2f3',NULL),(830,1616482299,NULL,'I',32,399,0,'f9ca25645299e3cd8a7827f9a4426112',NULL),(831,1616482299,NULL,'I',32,400,0,'7513e94bb01979a9341fcc7bca51273f',NULL),(832,1616482299,NULL,'I',33,191,0,'d7e1e7dfa87895dfd0e58a147e9459fd',NULL),(833,1616482299,NULL,'I',32,401,0,'81c9a94111cf8fd3dbc55e9628c78f9a',NULL),(834,1616482299,NULL,'I',32,402,0,'7162c576c58f946af4aabc460e670e33',NULL),(835,1616482299,NULL,'I',36,63,0,'5302d4d07ea492293c3749a4da15a4db',NULL),(836,1616482299,NULL,'I',33,192,0,'7b702ae4a57ffd36b90aec0dfda03ef5',NULL),(837,1616482300,NULL,'I',32,403,0,'f315ce2999723c9805b58ef067b90fad',NULL),(838,1616482300,NULL,'I',35,157,0,'187eaa2a1fecf03de7d4407f76db51a9',NULL),(839,1616482300,NULL,'I',36,64,0,'5c82b2f706f4ffea76a1ca65ab56b2f3',NULL),(840,1616482300,NULL,'I',33,193,0,'344be1006b8a30c29df6cc97e68decb5',NULL),(841,1616482300,NULL,'I',32,404,0,'44166a65a2b275f6b02374ae23853b86',NULL),(842,1616482300,NULL,'I',35,158,0,'504b05ee7613799c54772f325d699179',NULL),(843,1616482300,NULL,'I',33,194,0,'6d180dc5135839dc5ccfbd1232b2f76d',NULL),(844,1616482300,NULL,'I',32,405,0,'1762a504eef0be90a3ea7bb32d43f864',NULL),(845,1616482300,NULL,'I',33,195,0,'54d8f86311bf2191a00e11823a525561',NULL),(846,1616482300,NULL,'I',32,406,0,'ea224febfbb1e5a66879f08a0ab4ffc2',NULL),(847,1616482300,NULL,'I',33,196,0,'2c42aa1f3abd6c735ca4183d6240368e',NULL),(848,1616482300,NULL,'I',32,407,0,'761fe9eb4d9a7243d2bbb4051dc166cf',NULL),(849,1616482300,NULL,'I',33,197,0,'ebf7c40b14c2779d2f610c8af7936b2d',NULL),(850,1616482300,NULL,'I',32,408,0,'f335a5cef649673f3894d8afbb64503a',NULL),(851,1616482300,NULL,'I',79,1,0,'67e1f012801a73f35a204994b60d21f6',NULL),(852,1616482301,NULL,'I',79,2,0,'57ac205dac9a9df9b3f631a512bf8540',NULL),(853,1616482301,NULL,'I',78,1,0,'50298fa16f6ceea0c1141db609d7c179',NULL),(854,1616482301,NULL,'I',78,2,0,'c003eaf2677ce75081bd895f6872f24d',NULL),(855,1616482301,NULL,'I',78,3,0,'6ebeae6d91370f99f2af4ffc95324869',NULL),(856,1616482301,NULL,'I',78,4,0,'adca962238fbec4e560d9b55191e0136',NULL),(857,1616482301,NULL,'I',79,3,0,'2b228e0a03628f865ded9eb881659848',NULL),(858,1616482301,NULL,'I',78,5,0,'bfcf6a4a4ac6819404fbb7d7c6807da4',NULL),(859,1616482301,NULL,'I',78,6,0,'996ee0e22e8d1514169253dad65a0b11',NULL),(860,1616482301,NULL,'I',78,7,0,'ff9f5646a6e3a683f71af2f1bfd708aa',NULL),(861,1616482301,NULL,'I',78,8,0,'fed7190337dfe6cce00aa6dab9ae46e2',NULL),(862,1616482301,NULL,'I',79,4,0,'1addad374f39a547a1f457062fb3d61c',NULL),(863,1616482301,NULL,'I',78,9,0,'8766917cd182a48368e8b876126b262b',NULL),(864,1616482301,NULL,'I',78,10,0,'c1cbf75c823284c89c81612757989b12',NULL),(865,1616482301,NULL,'I',78,11,0,'06dc4f1e48aa9a6b2a0519c715d53709',NULL),(866,1616482301,NULL,'I',78,12,0,'f567e1218df41bccc338a92b6718f5df',NULL),(867,1616482301,NULL,'I',79,5,0,'e170dcd9d9cf2c6bd57298057414350d',NULL),(868,1616482301,NULL,'I',79,6,0,'15c5b4f2d6ebb1871e0a65c04d11be94',NULL),(869,1616482301,NULL,'I',78,13,0,'ebb8b7a6ae382bf45c713b850e5cd3f4',NULL),(870,1616482301,NULL,'I',78,14,0,'51b9f5f90ec564c716f5f24f4d102387',NULL),(871,1616482301,NULL,'I',78,15,0,'d596f9908f28d5f4286e35d53e0674be',NULL),(872,1616482301,NULL,'I',78,16,0,'a083367b45c069ac83ecebe2f9deda8c',NULL),(873,1616482301,NULL,'I',79,7,0,'64c1aeeb869aa619acdac49d7adf0198',NULL),(874,1616482301,NULL,'I',79,8,0,'3bb6bdcce59ba63ce09d6f4c402954eb',NULL),(875,1616482301,NULL,'I',78,17,0,'aba837945b46bdf0079e910a52b7bd13',NULL),(876,1616482301,NULL,'I',78,18,0,'24059bb7990be147fd26e1feb16c5fae',NULL),(877,1616482301,NULL,'I',78,19,0,'f52d688f1d7666390fac6a1c53763981',NULL),(878,1616482301,NULL,'I',78,20,0,'523eb7f60d4e8fe7449fed9e285611c2',NULL),(879,1616482301,NULL,'I',79,9,0,'a972a01874af70a5f9e3033a3d416545',NULL),(880,1616482301,NULL,'I',79,10,0,'5c5acb7d7b2bd5c4429306aaa301924d',NULL),(881,1616482302,NULL,'I',78,21,0,'d2084b5aea84ec7b4af65fce859db0f4',NULL),(882,1616482302,NULL,'I',78,22,0,'de25ea031c58486a61e393a3cd7eecd3',NULL),(883,1616482302,NULL,'I',78,23,0,'cf4731f0167574782ae6adaa35406ded',NULL),(884,1616482302,NULL,'I',78,24,0,'03b2bc8ee156a7700c71457e2aba4035',NULL),(885,1616482302,NULL,'I',79,11,0,'7af8a2da6ec3a869fbddc07237933c94',NULL),(886,1616482302,NULL,'I',78,25,0,'e8ede3181069e7561873fefa12296471',NULL),(887,1616482302,NULL,'I',78,26,0,'57073a2c7c44c1e715148cbdbffbd402',NULL),(888,1616482302,NULL,'I',78,27,0,'c8fd414fb1c84d07bb2ee6eccded9994',NULL),(889,1616482302,NULL,'I',78,28,0,'652342b961bbfbc427a15b7c055e67a4',NULL),(890,1616482302,NULL,'I',79,12,0,'de791d98e075fe583f493f49223421a1',NULL),(891,1616482302,NULL,'I',79,13,0,'5e337be313d28e1da74a877f60eeb64a',NULL),(892,1616482302,NULL,'I',78,29,0,'79a93cf4bd1ff10ec8dc7af040dd121b',NULL),(893,1616482302,NULL,'I',78,30,0,'273b6e22821ec62114c4ba7dd9fcd4b0',NULL),(894,1616482302,NULL,'I',78,31,0,'698f042b2af61ca3f659928897e109e3',NULL),(895,1616482302,NULL,'I',78,32,0,'76d91e5ae362cdca99598f152c9aedb8',NULL),(896,1616482302,NULL,'I',79,14,0,'48646d3ac46644cb39bbd6b9e0978e20',NULL),(897,1616482302,NULL,'I',79,15,0,'2c3fd08b685ff85b6cfdaad474730f6c',NULL),(898,1616482302,NULL,'I',78,33,0,'7a75a879bd24954953aa75534a1b9bb3',NULL),(899,1616482302,NULL,'I',78,34,0,'9947ed0ad85ffbef0de0419846b3e51b',NULL),(900,1616482302,NULL,'I',78,35,0,'2e1b33dd282b08d7cd173b3a2bea44b0',NULL),(901,1616482302,NULL,'I',78,36,0,'129e2ceb3d668801608c28b718d3110c',NULL),(902,1616482302,NULL,'I',79,16,0,'27b77b2421c8aad648a8b2e65704a855',NULL),(903,1616482302,NULL,'I',79,17,0,'555d4bd0de1c1d4fb6c019d7d5ef73de',NULL),(904,1616482302,NULL,'I',78,37,0,'5df2f8c4f54c95f4847252d16a82142c',NULL),(905,1616482302,NULL,'I',78,38,0,'28cf352b0e638643d50b6b45aa7ce6a6',NULL),(906,1616482302,NULL,'I',79,18,0,'fde5b7f0bb62b6e7033b86d4ca475a16',NULL),(907,1616482302,NULL,'I',79,19,0,'0a98f436229503f7fc6b3c82e751b1f8',NULL),(908,1616482302,NULL,'I',78,39,0,'e3b1ea794e1a6cbd86bf20531a1074ba',NULL),(909,1616482302,NULL,'I',78,40,0,'6bc5bbdf560a3bff5001425333e57028',NULL),(910,1616482302,NULL,'I',78,41,0,'6959a448368541b67df1ef4b688f7686',NULL),(911,1616482302,NULL,'I',78,42,0,'5898f6cb61648b63b60d31672ae5e471',NULL),(912,1616482302,NULL,'I',79,20,0,'6082c62fdc35064a243684bf8d0a1f21',NULL),(913,1616482303,NULL,'I',79,21,0,'e7610966c9ef4d3ddd158378521daba8',NULL),(914,1616482303,NULL,'I',78,43,0,'da63d910113839204f92ac1afaa645bf',NULL),(915,1616482303,NULL,'I',78,44,0,'04027d0549edb85cfe8d26bb93abdf6f',NULL),(916,1616482303,NULL,'I',78,45,0,'422d70c824a5ed2d9e78fe7abb1f865b',NULL),(917,1616482303,NULL,'I',78,46,0,'bc7b2821a627ee2e37a7336c52a9133d',NULL),(918,1616482303,NULL,'I',79,22,0,'b2ea59f57f683d29c9cb370bcb3b6afc',NULL),(919,1616482303,NULL,'I',79,23,0,'40365c1cb4804e4de774100df7d60120',NULL),(920,1616482303,NULL,'I',78,47,0,'c5fa16471c22c71b948132b29267d933',NULL),(921,1616482303,NULL,'I',78,48,0,'37f0f5f46d21a189ab43c39f1b8a1f3d',NULL),(922,1616482303,NULL,'I',78,49,0,'453380efe5579f7be888cb7effb6c16f',NULL),(923,1616482303,NULL,'I',78,50,0,'7fcbdfaa0ae73b976bd6376ef6bbdcbd',NULL),(924,1616482303,NULL,'I',79,24,0,'f4c847bdccb14d64dc68d2db4bd6a81c',NULL),(925,1616482303,NULL,'I',78,51,0,'8e81dab5339993862bbf9f224e3f7399',NULL),(926,1616482303,NULL,'I',78,52,0,'b9d365d1881c0ccf7947379f1c23bae7',NULL),(927,1616482303,NULL,'I',78,53,0,'624a30f84ab9abc87bb1eb16c4b79238',NULL),(928,1616482303,NULL,'I',78,54,0,'9105fe133bfb0bd90445e4cfa94ccd2c',NULL),(929,1616482303,NULL,'I',79,25,0,'9036bbb55ad79be9c2111b029d7c33b4',NULL),(930,1616482303,NULL,'I',79,26,0,'4b29aab2559aff921ca93e2ec48cbf44',NULL),(931,1616482303,NULL,'I',78,55,0,'5482e037aa2c287eaab4f08ba91f8e23',NULL),(932,1616482303,NULL,'I',78,56,0,'f63f2e1f1eb5cf7d69b2a02505413209',NULL),(933,1616482303,NULL,'I',78,57,0,'22cffeddbfb9d0c3a216cf1d45a8c7b5',NULL),(934,1616482303,NULL,'I',78,58,0,'6807b0bf2b552905f0f6766582684741',NULL),(935,1616482303,NULL,'I',79,27,0,'298a8989d91c2851a7a127f8c8d97e42',NULL),(936,1616482303,NULL,'I',79,28,0,'8e5896f0d20d04d5a9954ed37ff1ecf4',NULL),(937,1616482303,NULL,'I',78,59,0,'3b47ee1ca2a2a9bd79e36d7d53c6c0f4',NULL),(938,1616482303,NULL,'I',78,60,0,'ef54d6649f2523c9335104918b4f7555',NULL),(939,1616482303,NULL,'I',78,61,0,'7beae7726a140f486d34d695a57246e6',NULL),(940,1616482303,NULL,'I',78,62,0,'3b57ad2e5ae7ec15ad7ebe3e7a9e20f8',NULL),(941,1616482303,NULL,'I',79,29,0,'89fec804a00682f7ef80c1ececf0cb90',NULL),(942,1616482303,NULL,'I',79,30,0,'42c970106028e1f1b8418cf5885d5f77',NULL),(943,1616482303,NULL,'I',78,63,0,'d89a6e30b01d4573cedd244980274b17',NULL),(944,1616482303,NULL,'I',78,64,0,'699760f965b64d0831958028ccf82351',NULL),(945,1616482303,NULL,'I',78,65,0,'a29f08f8796fc53175e71b2b25899ce7',NULL),(946,1616482304,NULL,'I',78,66,0,'90769d9aa23ff4c9944e05188db5e60d',NULL),(947,1616482304,NULL,'I',79,31,0,'9c4f5b6d45b0a35d90230295aabcb6dc',NULL),(948,1616482304,NULL,'I',79,32,0,'aac3948ebb02c29179dc28650afbdb59',NULL),(949,1616482304,NULL,'I',78,67,0,'f1b22a18cb588a5f2c633f18da3110be',NULL),(950,1616482304,NULL,'I',78,68,0,'beb30644e77b1b390043a2fb6e2eccff',NULL),(951,1616482304,NULL,'I',78,69,0,'c510fd817b6f9b9b51f9e0f7eb1f052b',NULL),(952,1616482304,NULL,'I',78,70,0,'3a722c5cd04b3707c5a42cdb561fc61b',NULL),(953,1616482304,NULL,'I',79,33,0,'6019131ae546a64f32c4b61a6c9d1d9e',NULL),(954,1616482304,NULL,'I',79,34,0,'23009eb1e24e9bc3f1804c6d326cd0aa',NULL),(955,1616482304,NULL,'I',78,71,0,'b456d83345e3b496eb43a2a2f600017a',NULL),(956,1616482304,NULL,'I',78,72,0,'f5f3365e9211e0b668fdb54be27d5ac6',NULL),(957,1616482304,NULL,'I',78,73,0,'c2c768732fe09524832b68f86115017c',NULL),(958,1616482304,NULL,'I',78,74,0,'eb130ed19be7d0a2fdf842a4dab1efc7',NULL),(959,1616482304,NULL,'I',79,35,0,'bc99052bfd7ac7dd70980051f27354e7',NULL),(960,1616482304,NULL,'I',79,36,0,'e5140e80787277400f2004fdcd06c26b',NULL),(961,1616482304,NULL,'I',78,75,0,'fd103b1d3f87f22903ecff2658e45864',NULL),(962,1616482304,NULL,'I',78,76,0,'73ffb3dafdb5a66ef50d8c5e6d6f5aa1',NULL),(963,1616482304,NULL,'I',78,77,0,'299e513c7b84451fdcb97b894be99144',NULL),(964,1616482304,NULL,'I',79,37,0,'c5116447031cefd2533d52127824cc77',NULL),(965,1616482304,NULL,'I',79,38,0,'6847f97ef36b9385619a1cc440e22486',NULL),(966,1616482304,NULL,'I',78,78,0,'a03fbb8d908ad8530ce4cd5e511f5681',NULL),(967,1616482304,NULL,'I',78,79,0,'56f7ca2258e5a183a60920e454c556af',NULL),(968,1616482304,NULL,'I',78,80,0,'e54c6b158a51ad9781c403373b3da43b',NULL),(969,1616482304,NULL,'I',79,39,0,'154a5db778d1873de27d8660dfc0fc91',NULL),(970,1616482304,NULL,'I',79,40,0,'77f710643ce06666fca33f3bec8570c4',NULL),(971,1616482304,NULL,'I',78,81,0,'9fce2e27e257e483edff6e1aebd3d41e',NULL),(972,1616482304,NULL,'I',78,82,0,'5e6c279d31ab7abf423126ad791e33ce',NULL),(973,1616482304,NULL,'I',78,83,0,'ac64ad7bbe4350163d1f4a2666eb037b',NULL),(974,1616482304,NULL,'I',79,41,0,'19d065425982457acd26decb5111333a',NULL),(975,1616482304,NULL,'I',79,42,0,'770eb615894f9b5141b71fffa27a8e34',NULL),(976,1616482305,NULL,'I',78,84,0,'88c1003f2befa2d309e0cb2d16ff8f75',NULL),(977,1616482305,NULL,'I',78,85,0,'33e4523973ff3ec458962341e4f93e40',NULL),(978,1616482305,NULL,'I',78,86,0,'1d9ad724db7d72be96d9b32049744afa',NULL),(979,1616482305,NULL,'I',78,87,0,'53b5a8cecf07e2b7eba3eef242b896d7',NULL),(980,1616482305,NULL,'I',79,43,0,'2c67fb0e16e334868d35167fbb1af0ee',NULL),(981,1616482305,NULL,'I',79,44,0,'0b8d9d21b85df361d4ccdaf8cf307ce3',NULL),(982,1616482305,NULL,'I',78,88,0,'f5dfc1e81f88679d539aa28aa1233f03',NULL),(983,1616482305,NULL,'I',78,89,0,'9b1dd6a20010c388f6b3032c06025ce6',NULL),(984,1616482305,NULL,'I',78,90,0,'ed6fb82c56c0a12a1ab83f7eff17a083',NULL),(985,1616482305,NULL,'I',78,91,0,'4d45a9c5e2dc17eb06994344edfb70b5',NULL),(986,1616482305,NULL,'I',79,45,0,'bfbff7371120afef17bdf60334053189',NULL),(987,1616482305,NULL,'I',79,46,0,'a921c8536fa359867bfee7931e2c6c84',NULL),(988,1616482305,NULL,'I',78,92,0,'37a5a52b045d60b1ae26b845a8e32ace',NULL),(989,1616482305,NULL,'I',78,93,0,'edbbf6995f3d8fe31d18506919b47d90',NULL),(990,1616482305,NULL,'I',78,94,0,'be6c3ad1deb03b17c3cd5f64a55f6f80',NULL),(991,1616482305,NULL,'I',78,95,0,'659227d45b3c6534ee127e9a843bf835',NULL),(992,1616482305,NULL,'I',79,47,0,'1a76452a3907eea267ff9c5388d455c0',NULL),(993,1616482305,NULL,'I',79,48,0,'451d6926f6db51d35396e323f97140f1',NULL),(994,1616482305,NULL,'I',78,96,0,'e862af9551d945a6c3326a0b2d03b477',NULL),(995,1616482305,NULL,'I',78,97,0,'7ba19da2249d864cbcff2aa21abe19d2',NULL),(996,1616482305,NULL,'I',78,98,0,'75cb38d394771f620b2050f598c16198',NULL),(997,1616482305,NULL,'I',78,99,0,'fcf2e6e8cc7ac4c264bd8ce6b8992211',NULL),(998,1616482305,NULL,'I',79,49,0,'de5b3548601808903f30b53c3e046133',NULL),(999,1616482305,NULL,'I',79,50,0,'04a89c9fae4f5529e0ded813ddb9a57e',NULL),(1000,1616482314,NULL,'I',78,100,0,'74f8ded3bd60cc06556f7717dcf77d78',NULL),(1001,1616482314,NULL,'I',78,101,0,'b3e6668cb24f3526e512a34f97d2ba58',NULL),(1002,1616482314,NULL,'I',78,102,0,'19cf1231b5b7d136ff236c2746825a83',NULL),(1003,1616482314,NULL,'I',78,103,0,'a59b132d34932609e0ef5a8a9b022ab9',NULL),(1004,1616482314,NULL,'I',79,51,0,'d91366d964c599e6519b6c92ee73188c',NULL),(1005,1616482314,NULL,'I',79,52,0,'5dc71fc2b0aafdd59cd28d21e1275c07',NULL),(1006,1616482314,NULL,'I',78,104,0,'95de1d943dcc6bb0d3bf17e0b55878bf',NULL),(1007,1616482314,NULL,'I',78,105,0,'76e0224915e7e825c2d2ddaef3e4968b',NULL),(1008,1616482314,NULL,'I',78,106,0,'bef89fdf24637f83f48f49f65d7c0908',NULL),(1009,1616482314,NULL,'I',78,107,0,'ef7407c045a716f1355946cf631c664b',NULL),(1010,1616482314,NULL,'I',79,53,0,'9b79b36cd443e7c3548d831954fee157',NULL),(1011,1616482314,NULL,'I',79,54,0,'7d2333c3f333de0f78bede612c7e67ca',NULL),(1012,1616482314,NULL,'I',78,108,0,'f6ead14e06a3b78b9a65f9a2ad49e39f',NULL),(1013,1616482315,NULL,'I',78,109,0,'42939cc72567d52c9952190b071e6964',NULL),(1014,1616482315,NULL,'I',78,110,0,'5ef735597ddc85628d4b4839b6dcef68',NULL),(1015,1616482315,NULL,'I',78,111,0,'26935d287bb7f88c374a677d0dbfba74',NULL),(1016,1616482315,NULL,'I',79,55,0,'4e57a1d40643496733dc0f45b654ef2b',NULL),(1017,1616482315,NULL,'I',79,56,0,'5ec5d4376e5907d112307d0c8a2fd6de',NULL),(1018,1616482315,NULL,'I',78,112,0,'fac47ad7979c898d8b7f63bca70ae013',NULL),(1019,1616482315,NULL,'I',78,113,0,'6b677e0e3e2b6914792a6d27c843ae6e',NULL),(1020,1616482315,NULL,'I',78,114,0,'f7803c70009602998761afd66bfdc283',NULL),(1021,1616482315,NULL,'I',78,115,0,'94bfc03e0533993ba8aae2a91e60b1e9',NULL),(1022,1616482315,NULL,'I',79,57,0,'3a79d961f4f9b3e9c014362e533112fd',NULL),(1023,1616482315,NULL,'I',79,58,0,'50ec80de82eb8f2c555e7139ad2ad0a5',NULL),(1024,1616482315,NULL,'I',78,116,0,'5eebdd45c966f2e16411dd7f25ae6757',NULL),(1025,1616482315,NULL,'I',78,117,0,'fe361a9dc26840883cd84b083074435d',NULL),(1026,1616482315,NULL,'I',78,118,0,'95f1e6a83a2173fdbc55eefcc801fb7a',NULL),(1027,1616482315,NULL,'I',78,119,0,'c88d50747ef78c99aec8cd6ad18047c9',NULL),(1028,1616482315,NULL,'I',79,59,0,'ca0b3238b22f17308c2121316355b3b4',NULL),(1029,1616482315,NULL,'I',79,60,0,'a5426d00a40797ce56603852e1657222',NULL),(1030,1616482315,NULL,'I',78,120,0,'91216ade09d3ade1a22fb72a8d29da4f',NULL),(1031,1616482315,NULL,'I',78,121,0,'c64a7d3c588d82ccd37014e8e44b43b8',NULL),(1032,1616482315,NULL,'I',78,122,0,'2e1f808757af9e7257c332622afd4ad9',NULL),(1033,1616482315,NULL,'I',78,123,0,'51f927a9569565bcfc2548d7383fe628',NULL),(1034,1616482315,NULL,'I',79,61,0,'694b90e4c2b7938bfd13b0aadea131f3',NULL),(1035,1616482315,NULL,'I',79,62,0,'3bffdc088b00a67bf2e225d36ac907b0',NULL),(1036,1616482315,NULL,'I',78,124,0,'be915bb7bcd68725c9ff105ab4c0fb57',NULL),(1037,1616482315,NULL,'I',78,125,0,'93e60de7477095131e389725ca16a338',NULL),(1038,1616482315,NULL,'I',78,126,0,'0cf70c1993cd707475905ff0e949e747',NULL),(1039,1616482315,NULL,'I',78,127,0,'fa5af02e48a48a325e7b5afdcdc18809',NULL),(1040,1616482315,NULL,'I',79,63,0,'6d91a923daadfa62338bf6f2d3bcb3de',NULL),(1041,1616482315,NULL,'I',79,64,0,'690ff18b48268b4cf18836f20502ac75',NULL),(1042,1616482315,NULL,'I',78,128,0,'01d45bc81d6f8afa048355db35f4a7f7',NULL),(1043,1616482315,NULL,'I',78,129,0,'ec11da0d071a9ae53ee5b21078a7e4e4',NULL),(1044,1616482315,NULL,'I',78,130,0,'dfeaa57b909513494b411f02b9947d08',NULL),(1045,1616482316,NULL,'I',78,131,0,'aaab29a90127d9fbde3bdb7c67b72b5d',NULL),(1046,1616482316,NULL,'I',79,65,0,'03d30a9110645a17d1d19f8c2386fbfe',NULL),(1047,1616482316,NULL,'I',79,66,0,'4471aa414252356e70e1581ec5573d6c',NULL),(1048,1616482316,NULL,'I',78,132,0,'5c5b7a4c666946186d4793155b06f339',NULL),(1049,1616482316,NULL,'I',78,133,0,'501ba676cb206176d39b3b452281ab6a',NULL),(1050,1616482316,NULL,'I',78,134,0,'254405dac3e69d098143e6a1b41de29a',NULL),(1051,1616482316,NULL,'I',78,135,0,'1e56a29afcd97f4f98a801bbb4bd789e',NULL),(1052,1616482316,NULL,'I',79,67,0,'19f6a40e75c2197bb6d8b7f639fbdd75',NULL),(1053,1616482316,NULL,'I',79,68,0,'27f700bf340810fea54a5fa4d0e2a077',NULL),(1054,1616482316,NULL,'I',78,136,0,'d21d46110bdafb6a811eedac85220ff8',NULL),(1055,1616482316,NULL,'I',78,137,0,'d11a0dcd9cee69dd685289eca0122df1',NULL),(1056,1616482316,NULL,'I',78,138,0,'dc4d710f740df898cacfa410d0c93b20',NULL),(1057,1616482316,NULL,'I',78,139,0,'24947696eac58c7f7f67956cb10efe0a',NULL),(1058,1616482316,NULL,'I',79,69,0,'a962e16c7d9b97353beb4ebbb37ac35c',NULL),(1059,1616482316,NULL,'I',79,70,0,'b6ddf87efc9c94ba6e6dfe76ea96f434',NULL),(1060,1616482316,NULL,'I',78,140,0,'d9502ada36a7713f8e401e058abf97e7',NULL),(1061,1616482316,NULL,'I',78,141,0,'2d87ab1d7a92d6356bc15c301fba2aad',NULL),(1062,1616482316,NULL,'I',78,142,0,'e21a5354aa4edfa6a63be8527bdb1af5',NULL),(1063,1616482316,NULL,'I',78,143,0,'684c37c723bf1484d7d9e6540949e516',NULL),(1064,1616482316,NULL,'I',79,71,0,'cf2e1d24e10c9fc90d92e1819c94cc2a',NULL),(1065,1616482316,NULL,'I',79,72,0,'440d0d60ed3cdeb34e6899178bf36f4b',NULL),(1066,1616482316,NULL,'I',78,144,0,'f3b6c7e2af7f9c37f032e3c4832d9f99',NULL),(1067,1616482316,NULL,'I',78,145,0,'9236734f16edff1bce85610ff1dbf51c',NULL),(1068,1616482316,NULL,'I',78,146,0,'f5806d1c0d7189b56e1bf1d2916add16',NULL),(1069,1616482316,NULL,'I',78,147,0,'34489f8ee675451e96bdc79794330e6b',NULL),(1070,1616482316,NULL,'I',79,73,0,'ab1bd46b7283927c9b5dde7508fde89e',NULL),(1071,1616482316,NULL,'I',79,74,0,'6d587dfefd624da1410ebd079b15f028',NULL),(1072,1616482316,NULL,'I',78,148,0,'c1db5c30e7c6d97286ec6d09bb1e50e0',NULL),(1073,1616482316,NULL,'I',78,149,0,'afacfb061564fa2e6ee286f86956336b',NULL),(1074,1616482316,NULL,'I',78,150,0,'367aeab189437218d2bb8ba6c973b57a',NULL),(1075,1616482316,NULL,'I',78,151,0,'595d5e51af38326e03dcd50858a07547',NULL),(1076,1616482317,NULL,'I',79,75,0,'80938799a57c941de8c65e3b2c5d50a1',NULL),(1077,1616482317,NULL,'I',79,76,0,'1aa5f387fffd9a11526cbdf70482f92a',NULL),(1078,1616482317,NULL,'I',78,152,0,'e7cfb70377cd86cdcb556abbf2350575',NULL),(1079,1616482317,NULL,'I',78,153,0,'6d0430373ceb4672808aebdde0454060',NULL),(1080,1616482317,NULL,'I',78,154,0,'c2587b63bb65da401067b7e3407d76b4',NULL),(1081,1616482317,NULL,'I',78,155,0,'22045b03a354a0e2ee51a265a5beea1c',NULL),(1082,1616482317,NULL,'I',79,77,0,'645a44495d644204f6e541ee600c8e3e',NULL),(1083,1616482317,NULL,'I',79,78,0,'0f1c3ed51ab15fcbd524d7578eb4fec7',NULL),(1084,1616482317,NULL,'I',78,156,0,'5a095117682ebf2b8beb38a71a6ffc99',NULL),(1085,1616482317,NULL,'I',78,157,0,'da8c3aedf9a37cdd887485fb9201c68e',NULL),(1086,1616482317,NULL,'I',78,158,0,'df2ecc655bd9fe02176267bf72f1b35e',NULL),(1087,1616482317,NULL,'I',78,159,0,'5bcdc218c3e3017854e7abf652b688d3',NULL),(1088,1616482317,NULL,'I',79,79,0,'6b30317c1e4200c294907b75d1ca8aec',NULL),(1089,1616482317,NULL,'I',79,80,0,'b146555625b46579fbe52417269af7b5',NULL),(1090,1616482317,NULL,'I',78,160,0,'dfd09ad8f6238fe8d0cec32e94f624fa',NULL),(1091,1616482317,NULL,'I',78,161,0,'eec42a84054fa5a9343f85ec703cb1fd',NULL),(1092,1616482317,NULL,'I',78,162,0,'78637a20b28602b073a12a357d9e0c6c',NULL),(1093,1616482317,NULL,'I',78,163,0,'b5bfee2be359bd9fe98f0a8cbc03c416',NULL),(1094,1616482317,NULL,'I',79,81,0,'afff40df9a8dc053ca5691b487f7ad9f',NULL),(1095,1616482317,NULL,'I',79,82,0,'7eb6bb0dfa0cafcbb1717bc511816435',NULL),(1096,1616482317,NULL,'I',78,164,0,'d95d4347159f760f8c1d6feabb6f1e3b',NULL),(1097,1616482317,NULL,'I',78,165,0,'626edaf965ea9fc60d80cb8814441668',NULL),(1098,1616482317,NULL,'I',78,166,0,'71227cf46498ffdc4f4c0a739da0ebf9',NULL),(1099,1616482317,NULL,'I',78,167,0,'f079718da79b68fdd143ccee5048bd90',NULL),(1100,1616482317,NULL,'I',79,83,0,'3e628ebbaebf05118c1b17ad78e28ea0',NULL),(1101,1616482317,NULL,'I',79,84,0,'68fbe1d93bd2c0032a8b3ea9fa113b7c',NULL),(1102,1616482317,NULL,'I',78,168,0,'3608f6ff9e5162cf1150feb60b0c0c54',NULL),(1103,1616482317,NULL,'I',78,169,0,'bc4f6dd8c909caf026c1a8e09bc8c730',NULL),(1104,1616482317,NULL,'I',78,170,0,'db7c5aa5518ea46cb12227fb0a6ad2fa',NULL),(1105,1616482317,NULL,'I',78,171,0,'d1037aaadcffc41a8ab06c7accbbd6c1',NULL),(1106,1616482317,NULL,'I',79,85,0,'331b18f23ad5cd3aa9aeba4d474d37df',NULL),(1107,1616482317,NULL,'I',79,86,0,'071aa4cfce01b82cf76107d2a947e2cd',NULL),(1108,1616482317,NULL,'I',78,172,0,'5b094aa64639369e3754763b168b0aab',NULL),(1109,1616482318,NULL,'I',78,173,0,'9626de3e63cfee9f534476d321804e82',NULL),(1110,1616482318,NULL,'I',78,174,0,'947f9a47fd493224df5724cd8a7c6d93',NULL),(1111,1616482318,NULL,'I',78,175,0,'05dbc999bb27ffcc1f878bce68220b55',NULL),(1112,1616482318,NULL,'I',79,87,0,'e78568fc1dcdf9577e63f2c30f091a20',NULL),(1113,1616482318,NULL,'I',79,88,0,'35f4c485a065722c601641fcbcbb0289',NULL),(1114,1616482318,NULL,'I',78,176,0,'30e0d5127112394a382443bae48c5256',NULL),(1115,1616482318,NULL,'I',78,177,0,'e116fd40111002d6c89fe0627195b10b',NULL),(1116,1616482318,NULL,'I',78,178,0,'2082dba972f77d8a9d552bc21e700a5b',NULL),(1117,1616482318,NULL,'I',78,179,0,'7a6767c7e774b5bd96b14af1f1c66582',NULL),(1118,1616482318,NULL,'I',79,89,0,'62b89d826123c9049769f185267c5988',NULL),(1119,1616482318,NULL,'I',79,90,0,'96fa2945ac32d5d27aa9477a9be2d270',NULL),(1120,1616482318,NULL,'I',78,180,0,'a164349a030723461b9804c427a89cb8',NULL),(1121,1616482318,NULL,'I',78,181,0,'55c76c0753fde199d3fa6e6a80865ff1',NULL),(1122,1616482318,NULL,'I',78,182,0,'76d7699be8085d8f3f5118937be03428',NULL),(1123,1616482318,NULL,'I',78,183,0,'31152c5b51664fe5a5ef723a6eca76d9',NULL),(1124,1616482318,NULL,'I',79,91,0,'2f054e7464d54a8728ced419f728bc87',NULL),(1125,1616482318,NULL,'I',79,92,0,'83e32a50b86f271a26f0fd85fc271f7e',NULL),(1126,1616482318,NULL,'I',78,184,0,'e8d8de3642e2bce0a65b94cd8c50485d',NULL),(1127,1616482318,NULL,'I',78,185,0,'8c5a739efc3bbf83274021bb9ce276c1',NULL),(1128,1616482318,NULL,'I',78,186,0,'1c8ccc7534eb98e31de1c92761719798',NULL),(1129,1616482318,NULL,'I',78,187,0,'b04341af688ab812bcdea80229fe4118',NULL),(1130,1616482318,NULL,'I',79,93,0,'a47cce21dc8919d7a425ca7b42392e5b',NULL),(1131,1616482318,NULL,'I',79,94,0,'032de164acb1b308b70215a048abc805',NULL),(1132,1616482318,NULL,'I',78,188,0,'3ab2526aa1cec0f889479e1492aad674',NULL),(1133,1616482318,NULL,'I',78,189,0,'378be0cea6dce4a527553fa5011f235a',NULL),(1134,1616482318,NULL,'I',78,190,0,'2edcad73a66be02289cbd7b87d879270',NULL),(1135,1616482318,NULL,'I',78,191,0,'e76aef659dd409b5dbf6e7da1a734ef8',NULL),(1136,1616482318,NULL,'I',79,95,0,'178a6eeba171a3778bddd209fada4599',NULL),(1137,1616482318,NULL,'I',79,96,0,'313d87beb489a41133f08f28c498d486',NULL),(1138,1616482318,NULL,'I',78,192,0,'c91d3d37c354b463c7478d684bf51abe',NULL),(1139,1616482318,NULL,'I',78,193,0,'14b92917e7d9cf1012ea5b01d2b6f333',NULL),(1140,1616482318,NULL,'I',78,194,0,'4e28cc252b205c743765a9e868f7a1d3',NULL),(1141,1616482319,NULL,'I',78,195,0,'a47d789b9f2f2a7bafaef3906e73e28b',NULL),(1142,1616482319,NULL,'I',79,97,0,'3b8ed5d0627aee8bd8c70188c656e477',NULL),(1143,1616482319,NULL,'I',79,98,0,'3932d632f2063941818c500d6e6c70c7',NULL),(1144,1616482319,NULL,'I',78,196,0,'ea96ea72238bb018c8344c49cfb1097a',NULL),(1145,1616482319,NULL,'I',78,197,0,'41e6c16a2cff9615962aec5ed151167e',NULL),(1146,1616482319,NULL,'I',78,198,0,'879a57576879d7eb5f42c5b181ca7cca',NULL),(1147,1616482319,NULL,'I',78,199,0,'c6051f5c9fbb660c5cc5edeba5061f12',NULL),(1148,1616482319,NULL,'I',79,99,0,'75bae8ee89efbc21265577176c7a23f2',NULL),(1149,1616482319,NULL,'I',79,100,0,'5824eae10da9097e8356b3cdf5ac7298',NULL),(1150,1616482319,NULL,'I',78,200,0,'4267e42f1407638b3fdcf3f74dce6762',NULL),(1151,1616482319,NULL,'I',79,101,0,'2f1a51184c0c75987efcec5d1da6e441',NULL),(1152,1616482319,NULL,'I',78,201,0,'23b2f517eaa3dd890e958e83a13fab18',NULL),(1153,1616482319,NULL,'I',79,102,0,'6a05c03621518529d7f734a37da5a80e',NULL),(1154,1616482319,NULL,'I',78,202,0,'3286a3989bdd46760372e25701a01819',NULL),(1155,1616482319,NULL,'I',79,103,0,'49d0396ac4525010b269423f3cff1fd0',NULL),(1156,1616482319,NULL,'I',78,203,0,'1291e29acc77c582bc62a8c1ffec591f',NULL),(1157,1616482319,NULL,'I',79,104,0,'3a8203d7d35170bea6b510542d5a4717',NULL),(1158,1616482319,NULL,'I',78,204,0,'84667bd25753effa6a61caaf73f61bd9',NULL),(1159,1616482319,NULL,'I',79,105,0,'53063d634e17206b0d480c35652cf22c',NULL),(1160,1616482319,NULL,'I',78,205,0,'4a6bb13557cf0f5ece4dc52aa6d7324a',NULL),(1161,1616482319,NULL,'I',79,106,0,'9f6063324effc48e73c6d135923e7f30',NULL),(1162,1616482319,NULL,'I',78,206,0,'8a0584813000e623c57a1384c0e12e96',NULL),(1163,1616482319,NULL,'I',79,107,0,'058892ab314852d24d28e87f17be3d83',NULL),(1164,1616482319,NULL,'I',78,207,0,'5c04650952c86710a0e4a0bb2ace2489',NULL),(1165,1616482319,NULL,'I',79,108,0,'8c90d956777510e67f152590c913256f',NULL),(1166,1616482319,NULL,'I',78,208,0,'79b4bf950489c4cfa78118331d063bf6',NULL),(1167,1616482319,NULL,'I',79,109,0,'73bf4a8f4158e0500f0dad9a051b34ee',NULL),(1168,1616482319,NULL,'I',78,209,0,'3498d11c8669a5d7e1fd306babd87eec',NULL),(1169,1616482319,NULL,'I',79,110,0,'17a7cf6ecd1a01a1f7ae195705a4a583',NULL),(1170,1616482319,NULL,'I',78,210,0,'c16aec64535f1a70f1fc8fd705f4a079',NULL),(1171,1616482319,NULL,'I',79,111,0,'c105445296d5c4570ed20c9a5937a2af',NULL),(1172,1616482319,NULL,'I',78,211,0,'a33a2545eb5f7ad621305ef7ba5c773d',NULL),(1173,1616482319,NULL,'I',79,112,0,'c55d33d5233277cb3b7e6ffd8961c95d',NULL),(1174,1616482319,NULL,'I',78,212,0,'06bded2758339b7a764b27d6fef2e5c4',NULL),(1175,1616482319,NULL,'I',79,113,0,'6e5cc2028d0bfa8e7f2ca83d9741e731',NULL),(1176,1616482320,NULL,'I',78,213,0,'8e1015c0973ace39a4e9405c454e3781',NULL),(1177,1616482320,NULL,'I',79,114,0,'3e1c48dbeba5f68d54b33fdde6fb0b19',NULL),(1178,1616482320,NULL,'I',78,214,0,'34726c2dc65e8d2ebe7b050c5425fe5c',NULL),(1179,1616482320,NULL,'I',79,115,0,'ea734197b27052dfa1716e6821e5a778',NULL),(1180,1616482320,NULL,'I',78,215,0,'982629b563b7db3534d1efe9d4ce7ce9',NULL),(1181,1616482320,NULL,'I',79,116,0,'0661e2c0f67868d216723f59664f1471',NULL),(1182,1616482320,NULL,'I',78,216,0,'35ae8d1b4dd03f08c839072ad9dce356',NULL),(1183,1616482320,NULL,'I',79,117,0,'ef5bd048b424aff319311beb32ef5cf8',NULL),(1184,1616482320,NULL,'I',78,217,0,'36b305cd269c221c0b99bba77d03a8da',NULL),(1185,1616482320,NULL,'I',79,118,0,'6bc82f9c834bf78a936bbdcc9eb069be',NULL),(1186,1616482320,NULL,'I',78,218,0,'d80d34cb26597225a881cc948db67683',NULL),(1187,1616482320,NULL,'I',79,119,0,'1b2f9291eb12249483cc5c4226bd67e5',NULL),(1188,1616482320,NULL,'I',78,219,0,'bb3275f5f8e706b74a6516b43370e240',NULL),(1189,1616482320,NULL,'I',79,120,0,'8e97fc583caa9681023ce206e360ea29',NULL),(1190,1616482320,NULL,'I',78,220,0,'e3c54ec5d69b287495855f633d38d88a',NULL),(1191,1616482320,NULL,'I',79,121,0,'44793b857afc57d438592dc341bfed17',NULL),(1192,1616482320,NULL,'I',78,221,0,'6f51cb96d1dc791876d602db33bf31c8',NULL),(1193,1616482320,NULL,'I',79,122,0,'963ae662ab19ec71a2ea9cc0a766d429',NULL),(1194,1616482320,NULL,'I',78,222,0,'7540c36c26f856c2d998643424a7278c',NULL),(1195,1616482320,NULL,'I',79,123,0,'8005119318a2b7f7a7cb0319cbed8410',NULL),(1196,1616482320,NULL,'I',78,223,0,'f34041afc4bafa636bcd5a6dedfd6a99',NULL),(1197,1616482320,NULL,'I',79,124,0,'7e567fde20324abd0bbcff8f6aae003d',NULL),(1198,1616482320,NULL,'I',78,224,0,'a5b7f557c3075704b47b55fb8c7f2b71',NULL),(1199,1616482320,NULL,'I',79,125,0,'74c28f467ab706da55a60c0ce8a18991',NULL),(1200,1616482320,NULL,'I',78,225,0,'cf42f6ea46fc0a95459e6ae32cb5f413',NULL),(1201,1616482320,NULL,'I',79,126,0,'258dd1a1b1d0e637973e12f65d558752',NULL),(1202,1616482320,NULL,'I',78,226,0,'e1b7450ff92844a9db8cf87a635f444f',NULL),(1203,1616482320,NULL,'I',79,127,0,'16c5367351ce26292316e3cad54d8b48',NULL),(1204,1616482320,NULL,'I',78,227,0,'87e345168d3f5d1711d2e492b7842897',NULL),(1205,1616482320,NULL,'I',79,128,0,'7bc9aad70b6198b598b8bc89c8d9d18b',NULL),(1206,1616482320,NULL,'I',78,228,0,'28fc627d8c92453997b21da92c783cf7',NULL),(1207,1616482320,NULL,'I',79,129,0,'63e4720a3ed772e39434194ffb6d0779',NULL),(1208,1616482321,NULL,'I',78,229,0,'82a2b1efd24c1f362ddb278e92c5fd55',NULL),(1209,1616482321,NULL,'I',79,130,0,'dc3f4411c47598570d4072bfcb75a4c7',NULL),(1210,1616482321,NULL,'I',78,230,0,'80c76fdc02dbce83fd8b841570e0c96f',NULL),(1211,1616482321,NULL,'I',79,131,0,'67d255c4b08c784e4340323ca49481ad',NULL),(1212,1616482321,NULL,'I',78,231,0,'47673a511f28f6c7fe1d411d6609c298',NULL),(1213,1616482321,NULL,'I',79,132,0,'514d5a6b8bbbb3cd061c93400eff8462',NULL),(1214,1616482321,NULL,'I',78,232,0,'b70be728163a776102085f170bf4db77',NULL),(1215,1616482321,NULL,'I',79,133,0,'1f0c4ef76e1dd806b45b56619ee6de8d',NULL),(1216,1616482321,NULL,'I',78,233,0,'f234b3b6cd092ce40b608845db31194d',NULL),(1217,1616482321,NULL,'I',79,134,0,'a1e6a9341485d87a6fa5c1efe2a28731',NULL),(1218,1616482321,NULL,'I',78,234,0,'fe399764be0ee00a03955a537e5d5855',NULL),(1219,1616482321,NULL,'I',79,135,0,'593481f2de71c5471b0d92fff67e8257',NULL),(1220,1616482321,NULL,'I',78,235,0,'feed6e3864b3f76a48bd5175a3a6ff96',NULL),(1221,1616482321,NULL,'I',79,136,0,'b43209ec1656f1caa6064d901acdbe20',NULL),(1222,1616482321,NULL,'I',78,236,0,'1b3d9ac081d5c2e4a884dd49793efc65',NULL),(1223,1616482321,NULL,'I',79,137,0,'d10ab112e7a7cb1e0217426a484fdf09',NULL),(1224,1616482321,NULL,'I',78,237,0,'5215671b2b1baff8b973fbf63670dfb5',NULL),(1225,1616482321,NULL,'I',79,138,0,'68b9df70f4078b658aa91a5bb583b0af',NULL),(1226,1616482321,NULL,'I',78,238,0,'10734df950166d22bec8fd5f18417a65',NULL),(1227,1616482321,NULL,'I',79,139,0,'bb932f93ed60719d7fd6aaa5c6748821',NULL),(1228,1616482321,NULL,'I',78,239,0,'ce2e080f17500eaf5ed40fc2088f1cd5',NULL),(1229,1616482321,NULL,'I',79,140,0,'bad1cf61d5f52e7fc65f07e4f59e0f9e',NULL),(1230,1616482321,NULL,'I',78,240,0,'1290a873232c29ce6b847f2c06df1c91',NULL),(1231,1616482321,NULL,'I',79,141,0,'d066bc64f216abe768381472f80ca12c',NULL),(1232,1616482321,NULL,'I',78,241,0,'d61a52324c0e0bb2731d6cb527660789',NULL),(1233,1616482321,NULL,'I',79,142,0,'05517a8ed30f4858244713e642652465',NULL),(1234,1616482321,NULL,'I',78,242,0,'68f17ca6576c03245a96e670762f0a82',NULL),(1235,1616482321,NULL,'I',79,143,0,'c65443eab671a6554cdf3b027039e1f6',NULL),(1236,1616482321,NULL,'I',78,243,0,'efd207dc0c2cdc132bcbf8de73b67d55',NULL),(1237,1616482321,NULL,'I',79,144,0,'43bec1c8b9edc444d97bac3e76118d95',NULL),(1238,1616482321,NULL,'I',78,244,0,'2523d0cd596ae6ea338efd54aa8b3220',NULL),(1239,1616482322,NULL,'I',79,145,0,'f9d48067201005dc72f138084c084c92',NULL),(1240,1616482322,NULL,'I',78,245,0,'f9859a143c8585e9c72fa39da9deaadc',NULL),(1241,1616482322,NULL,'I',79,146,0,'9feb4861fe5725352b78b460932ce1c0',NULL),(1242,1616482322,NULL,'I',78,246,0,'7122f7150b8e81293f8d38ea89774838',NULL),(1243,1616482322,NULL,'I',79,147,0,'d97e82d8e363bef5de7186c1cfccfa11',NULL),(1244,1616482322,NULL,'I',78,247,0,'35502a8dfd9bcc253e1a3849119192dd',NULL),(1245,1616482322,NULL,'I',79,148,0,'b7b76b0b83f25a61f49785b74de0c896',NULL),(1246,1616482322,NULL,'I',78,248,0,'20c48d5d0974c2fa14398815bdd2594e',NULL),(1247,1616482322,NULL,'I',79,149,0,'a838efba0b6974473a936720e6a57ac7',NULL),(1248,1616482322,NULL,'I',78,249,0,'3cbe4c0242f1a7bc8b4ba63c7b1cb1e9',NULL),(1249,1616482322,NULL,'I',79,150,0,'0fd3de9b7ec4d929e6c20e47d8383947',NULL),(1250,1616482322,NULL,'I',78,250,0,'ba3632e2f40690c2eca7480b1de33c06',NULL),(1251,1616482322,NULL,'I',79,151,0,'d8c6c1f79f6458b631583990ad7a0ece',NULL),(1252,1616482322,NULL,'I',78,251,0,'16001ba4fd0a61c879858329129e5e81',NULL),(1253,1616482322,NULL,'I',79,152,0,'a95faa6c3bbe1ba21fae8ac17684b141',NULL),(1254,1616482322,NULL,'I',78,252,0,'c724f4b2825cac4fa95eae14d35ad2b3',NULL),(1255,1616482322,NULL,'I',79,153,0,'8e271f715e0091656bbb7140e292ea97',NULL),(1256,1616482322,NULL,'I',78,253,0,'fa94d71fd712aef96fc529bc19e3ec44',NULL),(1257,1616482322,NULL,'I',79,154,0,'5c2a166bee03465f7508f730fb1fceb5',NULL),(1258,1616482322,NULL,'I',78,254,0,'97b64ffc38d0573d5cc6a41545a23775',NULL),(1259,1616482322,NULL,'I',79,155,0,'e4fee720c8a2e352eb166094e775fdfd',NULL),(1260,1616482322,NULL,'I',78,255,0,'03330f6176742f2c7bf7ffed6a373dd5',NULL),(1261,1616482322,NULL,'I',79,156,0,'32b2b0800386c7865623bcd7a94ab7ad',NULL),(1262,1616482322,NULL,'I',78,256,0,'f99e028fdb9c131df1c6b7413561d765',NULL),(1263,1616482322,NULL,'I',79,157,0,'e377621c93656bc66cffbf9495dd6e94',NULL),(1264,1616482322,NULL,'I',78,257,0,'55de1b0cf54d0bf00e4413ae75fa1e9d',NULL),(1265,1616482322,NULL,'I',79,158,0,'f997e09be7fe07740d0df74592118196',NULL),(1266,1616482322,NULL,'I',78,258,0,'cfc60ca4ac5c607ba6fd4383d98a1c99',NULL),(1267,1616482322,NULL,'I',79,159,0,'ff8969b5c4daebcc7a9d2c280548ac25',NULL),(1268,1616482322,NULL,'I',78,259,0,'f15acc2cd757c696c7b0d8e071db8c44',NULL),(1269,1616482322,NULL,'I',79,160,0,'2c1eaa926d6813e723b7bf649aca9a1a',NULL),(1270,1616482322,NULL,'I',78,260,0,'76f2adb6441f373a695c117924aebf45',NULL),(1271,1616482323,NULL,'I',79,161,0,'3060ff1bbad62691380447364ccdf66d',NULL),(1272,1616482323,NULL,'I',78,261,0,'855c7250fddf75de026a7a70bbda3efb',NULL),(1273,1616482323,NULL,'I',79,162,0,'290631993d53b8d02fce796cf74337c2',NULL),(1274,1616482323,NULL,'I',78,262,0,'a34e61d3481c5709e7a89338db4217cc',NULL),(1275,1616482323,NULL,'I',79,163,0,'c2c77ed5dc2e6f71ca4c8afa4c95161a',NULL),(1276,1616482323,NULL,'I',78,263,0,'0ad74f749f0e1ae2cdd699261411d590',NULL),(1277,1616482323,NULL,'I',79,164,0,'54961691784d12824903963f09306fbc',NULL),(1278,1616482323,NULL,'I',78,264,0,'4782c412dc663a4fc87cd5f6f9df3a67',NULL),(1279,1616482323,NULL,'I',79,165,0,'91f8d85ffcbcf84fc0173a67b04fe476',NULL),(1280,1616482323,NULL,'I',78,265,0,'1642d4146bed3171940d24180be76491',NULL),(1281,1616482323,NULL,'I',79,166,0,'a42efc81cdeb73e05de4c724a5f22f3d',NULL),(1282,1616482323,NULL,'I',78,266,0,'aa97ff8c8d72580d5dc3c03290cdd1fc',NULL),(1283,1616482323,NULL,'I',79,167,0,'dbf05bf7fb1e01a4a50e883aeb90e8da',NULL),(1284,1616482323,NULL,'I',78,267,0,'c43265de5d9dc472cc583eeb33a58be4',NULL),(1285,1616482323,NULL,'I',79,168,0,'966835d0740087aeb065442ba2b63dc2',NULL),(1286,1616482323,NULL,'I',78,268,0,'c74e424fddbffe589c2888bad01d506a',NULL),(1287,1616482323,NULL,'I',79,169,0,'73d200783be75956fb990c9183e4005e',NULL),(1288,1616482323,NULL,'I',78,269,0,'7913c8165087f3dc28ba0146fce6e97d',NULL),(1289,1616482323,NULL,'I',79,170,0,'4727bd05214ef8085b38c838e7e81566',NULL),(1290,1616482323,NULL,'I',78,270,0,'aafc441e894ca4a291d8ce12306aad5f',NULL),(1291,1616482323,NULL,'I',79,171,0,'f68a2072d088e4f7206c0b48446d9258',NULL),(1292,1616482323,NULL,'I',78,271,0,'f6ba07f02b313b10ebbb6e925dde2c29',NULL),(1293,1616482323,NULL,'I',79,172,0,'a41f26135678b49351721e09e8e82824',NULL),(1294,1616482323,NULL,'I',78,272,0,'cbd558350ccf38b98afcd67aa6b2a242',NULL),(1295,1616482323,NULL,'I',79,173,0,'57a01c247fb5b16ab3f9fe9bf17d2e22',NULL),(1296,1616482323,NULL,'I',78,273,0,'f19015f4b8fdd92c2de11f743d27adc3',NULL),(1297,1616482323,NULL,'I',79,174,0,'a94028847230a6bb7d15e63233d3bc64',NULL),(1298,1616482323,NULL,'I',78,274,0,'462803f493abfea95670e05901f8d59d',NULL),(1299,1616482323,NULL,'I',79,175,0,'ee37f54270f0f01cc9f6991f3c1869ad',NULL),(1300,1616482323,NULL,'I',78,275,0,'12d5252070eb3e106cf2f3af441d4417',NULL),(1301,1616482323,NULL,'I',79,176,0,'0e553570a9a1b7cf55e4ab92ffb55888',NULL),(1302,1616482323,NULL,'I',78,276,0,'e5933fd00e20df7a7e0c1c361861fe1d',NULL),(1303,1616482324,NULL,'I',79,177,0,'9fcb7a5513f8ffe85a57d2009bcfae72',NULL),(1304,1616482324,NULL,'I',78,277,0,'a7b4b1174693ba9a2f67bb446c623969',NULL),(1305,1616482324,NULL,'I',79,178,0,'23cac2761a6257bf689204022d5d4962',NULL),(1306,1616482324,NULL,'I',78,278,0,'b82debc3b7845c4e21850fed6791935a',NULL),(1307,1616482324,NULL,'I',79,179,0,'82e63e6455f8d9f63ad1c8d42d2321f9',NULL),(1308,1616482324,NULL,'I',78,279,0,'82f6e693700b1e2c7ae33e9c25a103b3',NULL),(1309,1616482324,NULL,'I',79,180,0,'3e612ee82234127f8c90fb31bd3bd235',NULL),(1310,1616482324,NULL,'I',78,280,0,'179110ed3a35f4bd9881fd476822f26b',NULL),(1311,1616482324,NULL,'I',79,181,0,'444aeaaf9068c6e9c7944909ab850b47',NULL),(1312,1616482324,NULL,'I',78,281,0,'1e855073b8cb1003296e22de587aed0d',NULL),(1313,1616482324,NULL,'I',79,182,0,'36ad46cfe734b1ac8e07e933b28b0216',NULL),(1314,1616482324,NULL,'I',78,282,0,'ced0b8cafa0ca0ab1b660b91d2458d9b',NULL),(1315,1616482324,NULL,'I',79,183,0,'f0ff4ff7454f5a3c89f3d557123f97fa',NULL),(1316,1616482324,NULL,'I',78,283,0,'a3c008083816a40e7d9e26a0d2f4f236',NULL),(1317,1616482324,NULL,'U',78,283,0,'614947d9c4a3d6d0c9a0d712b412a718',NULL),(1318,1616482324,NULL,'I',79,184,0,'b9e304fcd26d38c016eebb828e71cea4',NULL),(1319,1616482324,NULL,'I',78,284,0,'30702c87bb7a55f4d60443dfeb49c0bc',NULL),(1320,1616482324,NULL,'I',78,285,0,'07e9fb3405f966a5c934ff8dc82d28c7',NULL),(1321,1616482324,NULL,'I',79,185,0,'e4b359c811fa0356e73b4f3fed0fffb3',NULL),(1322,1616482324,NULL,'I',78,286,0,'6f6fde11a60960a21d3f1857fe8fb03f',NULL),(1323,1616482324,NULL,'I',78,287,0,'cc9d2c55a97352f1cdf842c728894e4e',NULL),(1324,1616482324,NULL,'I',79,186,0,'84a8371096f8c570a56d981c802568ff',NULL),(1325,1616482324,NULL,'I',78,288,0,'e3755d4a6dfdcd89b27f4213363dabcc',NULL),(1326,1616482324,NULL,'I',78,289,0,'2eefff29da978aab96faa43622f4c93e',NULL),(1327,1616482324,NULL,'I',79,187,0,'dd262f170c0b9153713fb54e5534d5df',NULL),(1328,1616482324,NULL,'I',78,290,0,'57c17e4e4b961c9a6204b77e0bd316d4',NULL),(1329,1616482324,NULL,'I',78,291,0,'742a6adf00c3706b685ab837f0215073',NULL),(1330,1616482324,NULL,'I',79,188,0,'fd1e59d33db5facb1d045edecf0ff954',NULL),(1331,1616482324,NULL,'I',78,292,0,'6f18bfb08565805a4311fcf62cebf68b',NULL),(1332,1616482324,NULL,'I',78,293,0,'4b896d6175db3900ec775dcf030df1bc',NULL),(1333,1616482325,NULL,'I',79,189,0,'67c7f68195b909380f15b78d197de5fd',NULL),(1334,1616482325,NULL,'I',79,190,0,'d9a553c5ebc6bcb94cf7828139ec093f',NULL),(1335,1616482325,NULL,'I',78,294,0,'d809171ebe9d39121ee846d9a1fd54c1',NULL),(1336,1616482325,NULL,'I',79,191,0,'d753fbfb7d692ec8dc042fd8078fa381',NULL),(1337,1616482325,NULL,'I',79,192,0,'ec99444b5c95c7f5b33541a725ac2236',NULL),(1338,1616482325,NULL,'I',78,295,0,'1abafdedf75517eb9ff84de5295be7bb',NULL),(1339,1616482325,NULL,'I',79,193,0,'61596eb0b8c8362e662faa60e6ef9bbf',NULL),(1340,1616482325,NULL,'I',78,296,0,'dc675148f8caf1b558afd0853662e605',NULL),(1341,1616482325,NULL,'I',78,297,0,'fecb51278854f3b95ef4ee56dbb5ba42',NULL),(1342,1616482325,NULL,'I',79,194,0,'2d6a702d15ee8703ed600807e83caa64',NULL),(1343,1616482325,NULL,'I',78,298,0,'688fdffb76c1d58a8bbecf161264436a',NULL),(1344,1616482325,NULL,'I',78,299,0,'24875bb8d95773e04363d83ac2914836',NULL),(1345,1616482325,NULL,'I',79,195,0,'84d5e5df00d4ea2fd78f8a850cae7e37',NULL),(1346,1616482325,NULL,'I',78,300,0,'3779ada3326bd01995275ef50677e18f',NULL),(1347,1616482325,NULL,'I',78,301,0,'3598d88d98f4ffb635aba000fbd493d0',NULL),(1348,1616482325,NULL,'I',79,196,0,'6461ab40f63012bac3569a1717dec78e',NULL),(1349,1616482325,NULL,'I',79,197,0,'97ae853c9e3d08c0b0021a355ce0f156',NULL),(1350,1616482325,NULL,'I',78,302,0,'f1284e585942a29516461e77bf0d49a2',NULL),(1351,1616482325,NULL,'I',79,198,0,'e2eab93f2c36bccb1a9cd54251c6f38b',NULL),(1352,1616482325,NULL,'I',78,303,0,'a2ac830d9ee795f7950fa6617811e4fd',NULL),(1353,1616482325,NULL,'I',79,199,0,'eaa6a51d32a127fe74486fb0e979a792',NULL),(1354,1616482325,NULL,'I',78,304,0,'aa4712246ac3f94a30a26d4d8a6c31a2',NULL),(1355,1616482325,NULL,'I',79,200,0,'a3b9fe257338c22fa8f8f5b50989c898',NULL),(1356,1616482325,NULL,'I',79,201,0,'50422fc3ca0c758201adced39ac11784',NULL),(1357,1616482325,NULL,'I',78,305,0,'713ccbb174b3c32f71202146e5c80dfb',NULL),(1358,1616482325,NULL,'I',79,202,0,'d36513fe5a141d865992f127cbe4d7df',NULL),(1359,1616482325,NULL,'I',78,306,0,'546f0b5a67affdf7be29cf19339617c5',NULL),(1360,1616482325,NULL,'I',79,203,0,'11e13d835142a50b9424a2fc2588d94a',NULL),(1361,1616482325,NULL,'I',78,307,0,'f3edbf5d6acca5edbf60c6e1eea5e505',NULL),(1362,1616482325,NULL,'I',79,204,0,'3f67bacf4ae1a44f5fb9043a2448ee17',NULL),(1363,1616482325,NULL,'I',78,308,0,'31c578c0cf94426e162dea09092e0e43',NULL),(1364,1616482325,NULL,'I',79,205,0,'8c5dd552a142607a238a060d53ee093d',NULL),(1365,1616482325,NULL,'I',79,206,0,'e0038f67aa2d38c031042c42e981c1d7',NULL),(1366,1616482326,NULL,'I',78,309,0,'4ca5baed164d92f665a3e3ad1f9b14d2',NULL),(1367,1616482326,NULL,'I',79,207,0,'0936842af246cb8872a2f2b7421c96be',NULL),(1368,1616482326,NULL,'I',78,310,0,'a002591c5e2e132156b749350fabac0a',NULL),(1369,1616482326,NULL,'I',79,208,0,'b763a8e0188e0fdb94a712a25f6bb2be',NULL),(1370,1616482326,NULL,'I',79,209,0,'ea15a3deef42ec877c60e1bc955f1f10',NULL),(1371,1616482326,NULL,'I',78,311,0,'eadac065eacdaceda9e7430fcb79073b',NULL),(1372,1616482326,NULL,'I',79,210,0,'fea2706d791f269762d0568bfb5a4c6d',NULL),(1373,1616482326,NULL,'U',79,210,0,'472eb563e2f019a0dae13272126cc70d',NULL),(1374,1616482326,NULL,'U',79,210,0,'d936aeb42edc5683e56cc98ac7f20d71',NULL),(1375,1616482326,NULL,'I',78,312,0,'cc4770e28a68f0b932456937d4bd4390',NULL),(1376,1616482326,NULL,'I',79,211,0,'1c31ee56d5bdfe5fdcbec7cc57e0a2ca',NULL),(1377,1616482326,NULL,'U',79,211,0,'22d2de473b7a9b66354adb76f4524995',NULL),(1378,1616482326,NULL,'U',79,211,0,'1db9961c7e9f3d7c02b0840bb766a94a',NULL),(1379,1616482326,NULL,'I',78,313,0,'528859ffb7772d5fabf2071da7577ebf',NULL),(1380,1616482326,NULL,'I',78,314,0,'e132bd9294e62c2d35542dd7d49add29',NULL),(1381,1616482326,NULL,'I',79,212,0,'bfb1aeab0276b2a956b20346578da6cd',NULL),(1382,1616482326,NULL,'I',79,213,0,'055f9ad7a248344dcba285e31b879a0f',NULL),(1383,1616482326,NULL,'I',78,315,0,'9cdf838f88bad70ac41d78a88e385b1f',NULL),(1384,1616482326,NULL,'I',78,316,0,'ff863cb758827ffd49a0ac060f952a66',NULL),(1385,1616482326,NULL,'I',79,214,0,'b3d4f970405e1911a1537f3216f5411a',NULL),(1386,1616482326,NULL,'I',78,317,0,'810307cf2d093806c7e30834d34ab54b',NULL),(1387,1616482326,NULL,'I',78,318,0,'277108a06b6bd9bd39d68fc98b4b2d2c',NULL),(1388,1616482326,NULL,'I',79,215,0,'9a17433176d9ca53c7b87ebccc904e33',NULL),(1389,1616482326,NULL,'I',78,319,0,'c195440cbe6082f04689c7decfb1d161',NULL),(1390,1616482326,NULL,'I',78,320,0,'86f1452170208b1b14fd75b439695ef5',NULL),(1391,1616482326,NULL,'I',79,216,0,'5ba77d9a6e236dfa88e3c939eb24b712',NULL),(1392,1616482326,NULL,'I',79,217,0,'d795978611db170a5a99e9c8a66a6533',NULL),(1393,1616482326,NULL,'I',78,321,0,'782aacca94eba6a27a3e5c2ee8ea27db',NULL),(1394,1616482326,NULL,'I',79,218,0,'a35ee3f6ba886990574ed4aee8a94d64',NULL),(1395,1616482326,NULL,'I',78,322,0,'cedaad2954e92065a39f3da076019667',NULL),(1396,1616482326,NULL,'I',79,219,0,'6a5353d67f7e7647fcfd0a155360c599',NULL),(1397,1616482326,NULL,'I',78,323,0,'d69ac2b77d8ad5c70276b92db18f2e78',NULL),(1398,1616482327,NULL,'I',79,220,0,'65608a2df3a930013b51d23d5e9a00bc',NULL),(1399,1616482327,NULL,'I',78,324,0,'aee3c464f1c80441c20f777bf10dfeb1',NULL),(1400,1616482327,NULL,'I',79,221,0,'ebeac798dea01904c251276173303b38',NULL),(1401,1616482327,NULL,'I',78,325,0,'1a6200af569fbc0941e633b796d3cef7',NULL),(1402,1616482327,NULL,'I',79,222,0,'a1d745be08e7a29afd65d240a3558531',NULL),(1403,1616482327,NULL,'I',78,326,0,'ea521967434413d4fbcd19995511ca0e',NULL),(1404,1616482327,NULL,'I',79,223,0,'be9399d734527f38e0dcf40c7c3ad58f',NULL),(1405,1616482327,NULL,'I',78,327,0,'3d15204b51beb233464ca47ceb94b881',NULL),(1406,1616482327,NULL,'I',79,224,0,'4d15e9e65825568ee8876302d2fa2ee4',NULL),(1407,1616482327,NULL,'I',79,225,0,'4c38060d6b4f47c4387cdb60b2c03610',NULL),(1408,1616482327,NULL,'I',78,328,0,'e306bd44076fa406531df8a6e8260c97',NULL),(1409,1616482327,NULL,'I',79,226,0,'5299511db906fb0d91f3ded79137caa5',NULL),(1410,1616482327,NULL,'I',78,329,0,'42841aeb4966df2d688405b754c89142',NULL),(1411,1616482327,NULL,'I',79,227,0,'c9734c73b35426196471af8e810a922b',NULL),(1412,1616482327,NULL,'I',79,228,0,'57c5007987a423fb807813344c011c2c',NULL),(1413,1616482327,NULL,'I',78,330,0,'84c9a78072460bb72e7cdbcde81a1ccf',NULL),(1414,1616482327,NULL,'I',78,331,0,'e2438f297f0ed4c7c1782fa67eb91a40',NULL),(1415,1616482327,NULL,'I',79,229,0,'196a6ecdba255f4880d1e23a198d4a6e',NULL),(1416,1616482327,NULL,'I',79,230,0,'2752dbaea3bbf9238842edcbf5b77cff',NULL),(1417,1616482327,NULL,'I',78,332,0,'f52167de99d165448ac62a3d1eea1eaf',NULL),(1418,1616482327,NULL,'I',79,231,0,'49e56153bf1c81888850ef3a786158d7',NULL),(1419,1616482327,NULL,'I',79,232,0,'a0cc9a41748b64d14b4a5791756c3a13',NULL),(1420,1616482327,NULL,'I',78,333,0,'ede072858a97f7625f0b3a07361d82c3',NULL),(1421,1616482327,NULL,'I',79,233,0,'e61211baf379089103846bbb4947f405',NULL),(1422,1616482327,NULL,'I',79,234,0,'618452bec33329ab95401c2a93d8f1fb',NULL),(1423,1616482327,NULL,'I',78,334,0,'27c0a99a40a53d920c48e5946010acce',NULL),(1424,1616482327,NULL,'I',79,235,0,'adac85010fe5d55854421137c977cb7b',NULL),(1425,1616482327,NULL,'I',79,236,0,'56e5b911ab886ee828f583a13e7d7dc1',NULL),(1426,1616482327,NULL,'I',78,335,0,'90684bbe490b98a5d74085a70bc59e83',NULL),(1427,1616482327,NULL,'I',79,237,0,'999b13051d02b87ed778c6a3fdc2765e',NULL),(1428,1616482327,NULL,'I',79,238,0,'e960391f6247c734c8030eb2a857e801',NULL),(1429,1616482327,NULL,'I',78,336,0,'5d29fafe10e694a509c8361a3a1b05ee',NULL),(1430,1616482327,NULL,'I',79,239,0,'8a40266a2b90b519063a262e701e1273',NULL),(1431,1616482327,NULL,'I',79,240,0,'b2567ccd112b3c3e61b71436ba51046b',NULL),(1432,1616482327,NULL,'I',78,337,0,'18dd66cf5d7753e51799b05644407a91',NULL),(1433,1616482327,NULL,'I',78,338,0,'b1d2babe5f25f257f510177b5720e9dc',NULL),(1434,1616482327,NULL,'I',79,241,0,'405d079cb5a69a0ca8ed2843e130dddb',NULL),(1435,1616482327,NULL,'I',79,242,0,'c7a7956bae4939857dd25844fc866699',NULL),(1436,1616482328,NULL,'I',78,339,0,'752ba11392a7f8bc1234b23c5dedc1ac',NULL),(1437,1616482328,NULL,'I',78,340,0,'c59557103669d4c63ba27650412fac9e',NULL),(1438,1616482328,NULL,'I',79,243,0,'e9216150cb687a42e7c6bc0483013ae1',NULL),(1439,1616482328,NULL,'I',79,244,0,'bc17504ac81fe4a460719ae2f0448b43',NULL),(1440,1616482328,NULL,'I',78,341,0,'d85acfb2641f93862225a970dc135823',NULL),(1441,1616482328,NULL,'I',78,342,0,'080ed179e85bf0f719b3928bd626224f',NULL),(1442,1616482328,NULL,'I',79,245,0,'e954821bbe5d09c3d2e47236cd2fce86',NULL),(1443,1616482328,NULL,'I',79,246,0,'4b324b30980101a0d96f694c33a9b960',NULL),(1444,1616482328,NULL,'I',78,343,0,'50de949ce6d5aeba625a4f5db8b924b8',NULL),(1445,1616482328,NULL,'I',78,344,0,'58353cf59e83db5282534fad70a37293',NULL),(1446,1616482328,NULL,'I',79,247,0,'746bfd1575764b34a7a54b0acca36313',NULL),(1447,1616482328,NULL,'I',79,248,0,'f5556fb6618e36e42e3d73a23a4c01a1',NULL),(1448,1616482328,NULL,'I',78,345,0,'a7516740764817d45f9a5becd009b078',NULL),(1449,1616482328,NULL,'I',78,346,0,'483b8b01d587183cbe24dfc073cf540b',NULL),(1450,1616482328,NULL,'I',79,249,0,'4419cc284e2289d6387dbc4720cea214',NULL),(1451,1616482328,NULL,'I',79,250,0,'66b95edc415bae295810c599a16e7c0a',NULL),(1452,1616482328,NULL,'I',78,347,0,'b38c95be3e61b5457d27bceba5b2b19c',NULL),(1453,1616482328,NULL,'I',78,348,0,'387636298b21ced994a78476dc5b5ed3',NULL),(1454,1616482328,NULL,'I',79,251,0,'866d5fe59c9fe2f60b650662832185fc',NULL),(1455,1616482328,NULL,'I',79,252,0,'cc3c3f14b1c0e2721c18af61768c252b',NULL),(1456,1616482328,NULL,'I',78,349,0,'9325601906a09e8fbd636c083dc3b826',NULL),(1457,1616482328,NULL,'I',79,253,0,'0569867b385ca5715cca3f42b97df93e',NULL),(1458,1616482328,NULL,'I',78,350,0,'922f15fc5d644a25a92ec3a76401050e',NULL),(1459,1616482328,NULL,'I',79,254,0,'6ae6ebc9ce07b401935c30179498e59d',NULL),(1460,1616482328,NULL,'I',79,255,0,'3c07233a96223aced3aca8fc963c848a',NULL),(1461,1616482328,NULL,'I',78,351,0,'a72e7137b60487c9841f0df09325f4af',NULL),(1462,1616482328,NULL,'I',78,352,0,'93e5083fa52c072fa0128f9c8ab561df',NULL),(1463,1616482328,NULL,'I',79,256,0,'8b9b4282742d8856cd8d71b348354080',NULL),(1464,1616482328,NULL,'I',78,353,0,'745b3d3386aae4f9764ae43654e10bde',NULL),(1465,1616482328,NULL,'I',78,354,0,'3305d17f67551ed4068a11a49905e8b3',NULL),(1466,1616482329,NULL,'I',79,257,0,'2ec1e699efc78ea8ba8618e12d8e8c9e',NULL),(1467,1616482329,NULL,'I',79,258,0,'7f2d009e6d991c510955cd1c96387ff9',NULL),(1468,1616482329,NULL,'I',78,355,0,'f62127cb73de844a223579d95d7f1af7',NULL),(1469,1616482329,NULL,'I',78,356,0,'7b3609d15eb6327535f17f140c4ffcce',NULL),(1470,1616482329,NULL,'I',79,259,0,'8ddebed6baf59a2534ea2a5d52a16567',NULL),(1471,1616482329,NULL,'I',78,357,0,'21de0f5f6b48ad94e32762e51bbd9159',NULL),(1472,1616482329,NULL,'I',78,358,0,'e3c49845885e537a24605e3f7abec99d',NULL),(1473,1616482329,NULL,'I',79,260,0,'e461a14ab4a17df23a7a1f853d01e6ae',NULL),(1474,1616482329,NULL,'I',79,261,0,'bb1232064a534219e3c43270f115cbf2',NULL),(1475,1616482329,NULL,'I',78,359,0,'95c1fc48aa64d39adf277ebb864dce11',NULL),(1476,1616482329,NULL,'I',78,360,0,'8a17acf937bed646aefd5b039eef2c60',NULL),(1477,1616482329,NULL,'I',79,262,0,'4a7aa374b5f7975612ff240b9008196e',NULL),(1478,1616482329,NULL,'I',78,361,0,'ca9ddd1c91f1d72522d7faa8d52381e0',NULL),(1479,1616482329,NULL,'I',78,362,0,'44818d89d55f36100593b1a6748b075b',NULL),(1480,1616482329,NULL,'I',79,263,0,'30b0cadd6c3005999e52c1db54db8877',NULL),(1481,1616482329,NULL,'I',79,264,0,'eee3a1aa7f2b6cd03a9d38a7ffdb074a',NULL),(1482,1616482329,NULL,'I',78,363,0,'8e27f754c2e3c0c2b6b72a768637cdde',NULL),(1483,1616482329,NULL,'I',78,364,0,'a1a8239ed1c7e1465f2d97a3152499fa',NULL),(1484,1616482329,NULL,'I',42,1,0,'3e97dce15f3e62187c87031de0bda817',NULL),(1485,1616482329,NULL,'I',41,1,0,'3466a587eaeeeb3974575d637c5162bd',NULL),(1486,1616482329,NULL,'I',41,2,0,'39f27c8f5072aa30bb23653f18a35ea3',NULL),(1487,1616482329,NULL,'I',41,3,0,'835324ea507bf11b33902abfbc6a0f41',NULL),(1488,1616482329,NULL,'I',41,4,0,'5358dd77758dc329a6bafad718612e48',NULL),(1489,1616482329,NULL,'I',43,1,0,'1deb5ba1a5b1d274ec66785699c647c4',NULL),(1490,1616482329,NULL,'I',42,2,0,'42fc37c2f78a102051a3b0836b2b1cdb',NULL),(1491,1616482329,NULL,'I',41,5,0,'219f3efdecdb200b3753b6ac39950841',NULL),(1492,1616482329,NULL,'I',41,6,0,'2144a6875415369eb252d453b4c790d7',NULL),(1493,1616482329,NULL,'I',41,7,0,'abc526aa2c33afa89d715ff8647d1127',NULL),(1494,1616482329,NULL,'I',41,8,0,'d9b9bea7bbc1d153e81a7d97cc1388d9',NULL),(1495,1616482329,NULL,'I',43,2,0,'d1588b74994fbe9ea5a289f21a8f2cf9',NULL),(1496,1616482329,NULL,'I',42,3,0,'34e65bd6399998bb951c6451ff9ac571',NULL),(1497,1616482329,NULL,'I',41,9,0,'f8ff1a5e48124516e46cb108669cfd0a',NULL),(1498,1616482329,NULL,'I',41,10,0,'4f6c9b259b76497e9e7c9b6338e0ff2f',NULL),(1499,1616482329,NULL,'I',41,11,0,'7cbe05100b60b3ac3d7d21c8e264f8ec',NULL),(1500,1616482329,NULL,'I',41,12,0,'f9edef3275491990ee9e954854caf01e',NULL),(1501,1616482329,NULL,'I',43,3,0,'22be595d2bbbc8cd62f5bbc9a08d0702',NULL),(1502,1616482329,NULL,'I',42,4,0,'3e85f157ea3261743929c652febb2ea9',NULL),(1503,1616482329,NULL,'I',41,13,0,'078b6a911cd2b1c1ba148e9d6b118fe7',NULL),(1504,1616482329,NULL,'I',41,14,0,'13ea59776616373c64e47921d1df8d11',NULL),(1505,1616482329,NULL,'I',41,15,0,'fe0bb4822a64a41f8b2867c189e0dd81',NULL),(1506,1616482329,NULL,'I',41,16,0,'bc9971da585363dbdc38dfb1fc48f87e',NULL),(1507,1616482329,NULL,'I',43,4,0,'febf53ad15f18e9ea8e1d0468845accc',NULL),(1508,1616482329,NULL,'I',42,5,0,'7e5a64e03d8ef1e1e32d2e48c76a1bbd',NULL),(1509,1616482329,NULL,'I',41,17,0,'fa9472ceb3a9ba25749a56017e0feb76',NULL),(1510,1616482329,NULL,'I',41,18,0,'f21e1a9726b7c87cd8d9e17a41ff7597',NULL),(1511,1616482329,NULL,'I',41,19,0,'b6578db5a2941647ebb3f149e223ca1d',NULL),(1512,1616482329,NULL,'I',41,20,0,'e00faf9bcf1bf21d40f74622e824095b',NULL),(1513,1616482330,NULL,'I',43,5,0,'d88aa272d8a2c8af293c6bebecb4c062',NULL),(1514,1616482330,NULL,'I',42,6,0,'5e3a022e0821f77594f3a37f7338f3f1',NULL),(1515,1616482330,NULL,'I',41,21,0,'e158df1001f95fb9b35deb368c0f088b',NULL),(1516,1616482330,NULL,'I',41,22,0,'383b680ec4a8aa17440c90a88dd81b72',NULL),(1517,1616482330,NULL,'I',41,23,0,'f5ba66657cc9f15766924f3a115196c6',NULL),(1518,1616482330,NULL,'I',41,24,0,'7509aae54a960bb45279288b48d6f39c',NULL),(1519,1616482330,NULL,'I',43,6,0,'33c94a3dd9a35eadcda7119e50928986',NULL),(1520,1616482330,NULL,'I',42,7,0,'4196cc2348b59cfde8ae6e48e15013cf',NULL),(1521,1616482330,NULL,'I',41,25,0,'db94baf17dc5b3d0a7c2c301f58eb369',NULL),(1522,1616482330,NULL,'I',41,26,0,'bbd9ca30894ef10713d0523a2b658116',NULL),(1523,1616482330,NULL,'I',41,27,0,'883a361fdc1320b90cc71f53e95b6a1e',NULL),(1524,1616482330,NULL,'I',41,28,0,'1e893c8cfcbf62b0a2b3a28796b5776a',NULL),(1525,1616482330,NULL,'I',43,7,0,'be9a3747e63b8f5d069c0bfb87f87d8b',NULL),(1526,1616482330,NULL,'I',42,8,0,'e07b6504d0f476cc97b6afd970b610a6',NULL),(1527,1616482330,NULL,'I',41,29,0,'e7e30856453845c1030dd059b59be769',NULL),(1528,1616482330,NULL,'I',41,30,0,'e3238dd82e44947fa17a081581a80b88',NULL),(1529,1616482330,NULL,'I',41,31,0,'a271cc94e8a6a19e93c4407e70140bce',NULL),(1530,1616482330,NULL,'I',41,32,0,'04e6e16f84313d7889742f2a077ac5fc',NULL),(1531,1616482330,NULL,'I',43,8,0,'094d2ab34bd660992fa9a7c47762c190',NULL),(1532,1616482330,NULL,'I',42,9,0,'93ea6defa53cb719aaf75066b3a75084',NULL),(1533,1616482330,NULL,'I',41,33,0,'ea1073ef3b6c6b4f1c306d7643f70047',NULL),(1534,1616482330,NULL,'I',41,34,0,'8d792e121fcc23dcc16cc9ea8b185a10',NULL),(1535,1616482330,NULL,'I',41,35,0,'09e6c402c066f6339273baa1843b1d20',NULL),(1536,1616482330,NULL,'I',41,36,0,'d9e3dd3ad9340c8674796aad8fe5fa11',NULL),(1537,1616482330,NULL,'I',43,9,0,'ba19e0ee5a0766a48c262487ad9fc8f1',NULL),(1538,1616482330,NULL,'I',42,10,0,'bbabe73594b56aec902f34ec5157a69d',NULL),(1539,1616482330,NULL,'I',41,37,0,'5da56289c71d55e09f364788776f84e8',NULL),(1540,1616482330,NULL,'I',41,38,0,'e0e2c527eda25dec499e83ffbb0e9b55',NULL),(1541,1616482330,NULL,'I',41,39,0,'bb5e46989fe61e9e6e4d5c93049288ec',NULL),(1542,1616482330,NULL,'I',41,40,0,'5123a7adf26da965f0fe91dc942bd979',NULL),(1543,1616482330,NULL,'I',43,10,0,'8b6f11e9e00d9f75035f6bf5bcf2bdb0',NULL),(1544,1616482330,NULL,'I',42,11,0,'1fe16e6d672f0851d31f9c7a6191157f',NULL),(1545,1616482330,NULL,'I',41,41,0,'4e22516ee957058ff637cd78d8f3c99c',NULL),(1546,1616482330,NULL,'I',41,42,0,'b948c355413506aa6fe80836b4a2c994',NULL),(1547,1616482330,NULL,'I',41,43,0,'a0ba076f5b5a92368f6073a8376b289d',NULL),(1548,1616482330,NULL,'I',41,44,0,'8de432de20a1e1b20898ca68ec77bf29',NULL),(1549,1616482330,NULL,'I',43,11,0,'abd0dc5d530262e95b3da614ce7d770d',NULL),(1550,1616482330,NULL,'I',42,12,0,'97f48cd4b0a73bc87b85d972f1f91336',NULL),(1551,1616482330,NULL,'I',41,45,0,'249b3075cf97b97cbdcd98ab8c856f07',NULL),(1552,1616482330,NULL,'I',41,46,0,'ae88b1b4324eca818ef3fb14b7b9bf11',NULL),(1553,1616482330,NULL,'I',41,47,0,'e52e798da4881d4f7d42361e8e91b61b',NULL),(1554,1616482330,NULL,'I',41,48,0,'a2bf061819ec78bcdcce88b99d19df31',NULL),(1555,1616482330,NULL,'I',43,12,0,'191acbd7f9fa42c95f3dc29aac9c61cc',NULL),(1556,1616482330,NULL,'I',42,13,0,'ae3194f1712bfd90b8646832e9bb0833',NULL),(1557,1616482330,NULL,'I',41,49,0,'fcdf967c144846deafded31263c8746b',NULL),(1558,1616482330,NULL,'I',41,50,0,'3209f5e7b913b9b1030431fb7ce1ed63',NULL),(1559,1616482330,NULL,'I',41,51,0,'745ce3590f3aef685abd5e0485fee85e',NULL),(1560,1616482330,NULL,'I',41,52,0,'db60e1130f9a761178c81781cabfd3b8',NULL),(1561,1616482330,NULL,'I',43,13,0,'9e07d6f03179f138a965e508bec18eb8',NULL),(1562,1616482330,NULL,'I',42,14,0,'13a0f284ce6382e2eedd4071aab233e0',NULL),(1563,1616482330,NULL,'I',41,53,0,'4bde1b80febead42366c481097b794da',NULL),(1564,1616482330,NULL,'I',41,54,0,'6c09cf7ef905090c91929f2265c17f6c',NULL),(1565,1616482330,NULL,'I',41,55,0,'d675262da31a5f9c704be58a60e265da',NULL),(1566,1616482330,NULL,'I',41,56,0,'bd996a764b244346586035e31b0a19d2',NULL),(1567,1616482330,NULL,'I',43,14,0,'4e1f94d515ab10d0da1298061cb0ef6a',NULL),(1568,1616482330,NULL,'I',42,15,0,'c107101f89ec26e0897160ab924579ed',NULL),(1569,1616482330,NULL,'I',41,57,0,'e2c79b3472c8f8952673f0f43ab8a17d',NULL),(1570,1616482330,NULL,'I',41,58,0,'3838d9f9e36ffdec0727e2698acb7d30',NULL),(1571,1616482331,NULL,'I',41,59,0,'8cb11145b2f5dd1b00eed0d5cebd9995',NULL),(1572,1616482331,NULL,'I',41,60,0,'1ce1fe5d86f4d1e61fbd001fc0c4b01b',NULL),(1573,1616482331,NULL,'I',43,15,0,'2cc76b821689297ba3e0de2467b0f452',NULL),(1574,1616482331,NULL,'I',42,16,0,'0f5bfc680d9b0094a0317fff05067572',NULL),(1575,1616482331,NULL,'I',41,61,0,'2a9be85aa8ff1f708c20916d7b887438',NULL),(1576,1616482331,NULL,'I',41,62,0,'ba05fe9053bcc66937f00c2bdecedb5d',NULL),(1577,1616482331,NULL,'I',41,63,0,'5496765f92261b13a4c0be2829aba1a2',NULL),(1578,1616482331,NULL,'I',41,64,0,'3af49a2f018c20c9d6ec704fc670a30e',NULL),(1579,1616482331,NULL,'I',43,16,0,'7ed807c331abb81b21856f1145cf57d4',NULL),(1580,1616482331,NULL,'I',42,17,0,'02d53fe8ddf127c5a1199e9246924e05',NULL),(1581,1616482331,NULL,'I',41,65,0,'d5845120dfaf9daa44e8ceab15df7cfd',NULL),(1582,1616482331,NULL,'I',41,66,0,'8e6895da4f9e8b29aab7016dd0a1ac69',NULL),(1583,1616482331,NULL,'I',41,67,0,'1b18e04cbdbf4fb5bf436f4ea117607c',NULL),(1584,1616482331,NULL,'I',41,68,0,'dc0c8caa41eb667d276cf61328bf17af',NULL),(1585,1616482331,NULL,'I',43,17,0,'ccd4028becb1ea61b1fa149d7b773d3b',NULL),(1586,1616482331,NULL,'I',42,18,0,'ac82e732dad60e88311806ed157843bb',NULL),(1587,1616482331,NULL,'I',41,69,0,'43151d2c6578bddb8c93a29975c1b11b',NULL),(1588,1616482331,NULL,'I',41,70,0,'e98c7bcd6b8b4626c327be3582a31e80',NULL),(1589,1616482331,NULL,'I',41,71,0,'1ae0618403ebddbab1b3a0a0bf605d7b',NULL),(1590,1616482331,NULL,'I',41,72,0,'ec21e70c84146a1e8a2f7e8a2c079ec3',NULL),(1591,1616482331,NULL,'I',43,18,0,'af621b0f3cff58d3b93929b979fa5f1a',NULL),(1592,1616482331,NULL,'I',42,19,0,'af22963ba9c0fba2497778412fe48dd2',NULL),(1593,1616482331,NULL,'I',41,73,0,'efd38bc4d3388f7577ee036cfb49e40c',NULL),(1594,1616482331,NULL,'I',41,74,0,'6506118195497320bca6a97f38190e2a',NULL),(1595,1616482331,NULL,'I',41,75,0,'43a80c7b4eac12e06897c2caa8a505a9',NULL),(1596,1616482331,NULL,'I',41,76,0,'1bc5b620100c2f5d560eccae371f1476',NULL),(1597,1616482331,NULL,'I',43,19,0,'cd02ace95d4929bc4a8b658691b077c9',NULL),(1598,1616482331,NULL,'I',42,20,0,'353424d612e6a98f32a09e4ffaad7378',NULL),(1599,1616482331,NULL,'I',41,77,0,'bf2edfd555ac34e2622bfa3fb4831a23',NULL),(1600,1616482331,NULL,'I',41,78,0,'e978f4bcce5669d7022722a9d6ecca9f',NULL),(1601,1616482331,NULL,'I',41,79,0,'38735ef483932142772ee661b6e93f02',NULL),(1602,1616482331,NULL,'I',41,80,0,'c77695fd74007fffb32445521ac34f5c',NULL),(1603,1616482331,NULL,'I',43,20,0,'78c3460e4c7bcb28c66f53c930fd02ac',NULL),(1604,1616482331,NULL,'I',42,21,0,'6cc1c2cda35e530ff9a65e46a22dab90',NULL),(1605,1616482331,NULL,'I',41,81,0,'125b8eb76e2b7e9fff06570bdbfb6ed3',NULL),(1606,1616482331,NULL,'I',41,82,0,'d6db1fe635af861a9e5da1d821c6998a',NULL),(1607,1616482331,NULL,'I',41,83,0,'f6473d42f358689318039f3ee280ad45',NULL),(1608,1616482331,NULL,'I',41,84,0,'19091b81ea911e8d5adc166a8a30f529',NULL),(1609,1616482331,NULL,'I',43,21,0,'e728a22db9e9b338b5f6ea536bdb29d9',NULL),(1610,1616482331,NULL,'I',42,22,0,'1ed325ae8fead46ceec90714a03a5d70',NULL),(1611,1616482331,NULL,'I',41,85,0,'f4e2c8d44f6c11c89521b2be723840fa',NULL),(1612,1616482331,NULL,'I',41,86,0,'6dea5af5cdde457ce8232d4a5fb40cc5',NULL),(1613,1616482331,NULL,'I',43,22,0,'a2e5a4870c6d22ec87521f6bcef7f994',NULL),(1614,1616482331,NULL,'I',42,23,0,'1d644618e62390cfdaef2f25ff434625',NULL),(1615,1616482331,NULL,'I',41,87,0,'84fe7c3048b69097d462d25c040da87c',NULL),(1616,1616482331,NULL,'I',41,88,0,'3f138d2836d896f91a865f5e1f47d189',NULL),(1617,1616482331,NULL,'I',43,23,0,'eb4257ca64f5b372cb4177e784a84377',NULL),(1618,1616482331,NULL,'I',42,24,0,'c98852e639f7b9ae060032930392ef57',NULL),(1619,1616482331,NULL,'I',41,89,0,'e104c498d7900af9a67be36a3127226a',NULL),(1620,1616482331,NULL,'I',43,24,0,'4d498a8f22e0a5b44a8e449b2d6d0977',NULL),(1621,1616482331,NULL,'I',42,25,0,'a850b68d0ac2ed9de75a79d66ff16d53',NULL),(1622,1616482331,NULL,'I',41,90,0,'296b65d87210eaee7c1f3fc2f28dc172',NULL),(1623,1616482332,NULL,'I',43,25,0,'daa4ba10a2ba7408539b1eb41bcb84f3',NULL),(1624,1616482332,NULL,'I',42,26,0,'971cb3eb103b30082f6594f619491e25',NULL),(1625,1616482332,NULL,'I',41,91,0,'e3006017d4ce2a3456ea937f65a827f7',NULL),(1626,1616482332,NULL,'I',42,27,0,'be547fc70e35ac1b3af53a3ea7244008',NULL),(1627,1616482332,NULL,'I',41,92,0,'096bc0e5216fdf574a77be9554e7f901',NULL),(1628,1616482332,NULL,'I',42,28,0,'4fe02a208592440173d81d1b4bf67f9e',NULL),(1629,1616482332,NULL,'I',41,93,0,'04793206248f4601d9f291ac55e32f58',NULL),(1630,1616482332,NULL,'I',43,26,0,'520dd362bcd4ca62f327c3dbd9096071',NULL),(1631,1616482332,NULL,'I',42,29,0,'d9f91db4bf6b70b9294025247a5be3a1',NULL),(1632,1616482332,NULL,'I',41,94,0,'63fd9864b5246078855e593875b8acbd',NULL),(1633,1616482332,NULL,'I',43,27,0,'61e22c93d1fddee41762aae9fed31134',NULL),(1634,1616482332,NULL,'I',42,30,0,'bd260b62d684e3d2d5026dd4472e1cb8',NULL),(1635,1616482332,NULL,'I',41,95,0,'967822bcafef2260200752bbcdad39f4',NULL),(1636,1616482332,NULL,'I',43,28,0,'60e695cb931614473045634ca17312ac',NULL),(1637,1616482332,NULL,'I',42,31,0,'448b1d3d419537a68c3cdb3c9b26464a',NULL),(1638,1616482332,NULL,'I',41,96,0,'1dbd4cf56dbb97bf700e410e57106363',NULL),(1639,1616482332,NULL,'I',41,97,0,'3c80a6822f6a819c95c2f1b292009783',NULL),(1640,1616482332,NULL,'I',43,29,0,'5bbca0592fd840623fa7633b3debc29d',NULL),(1641,1616482332,NULL,'I',43,30,0,'14b7899037fc9c15a9df22069462c4f4',NULL),(1642,1616482332,NULL,'I',43,31,0,'d69b4354cf648e00dbf13ffac9b0183b',NULL),(1643,1616482332,NULL,'I',43,32,0,'e92145da5a58ea6a6aeb1fff092f4059',NULL),(1644,1616482332,NULL,'I',43,33,0,'83f7929b255b61fabc84ff478e3776f4',NULL),(1645,1616482332,NULL,'I',43,34,0,'ae7a8ab47ec2c83fc20c592343becf76',NULL),(1646,1616482332,NULL,'I',43,35,0,'aedb2a084f52bbe0230db265dbad8ea8',NULL),(1647,1616482332,NULL,'I',42,32,0,'7eb5b76e72d3c06286e11611c378e9f5',NULL),(1648,1616482332,NULL,'I',41,98,0,'88c248e16d6f34c175dc6e1fb354cc0f',NULL),(1649,1616482332,NULL,'I',41,99,0,'8fd587b9eff45453f4e7fcc4db599b4c',NULL),(1650,1616482332,NULL,'I',43,36,0,'26889c149f608f408cf251cd1554bb49',NULL),(1651,1616482332,NULL,'I',43,37,0,'995bb2d0f59e0fde26cbb1b2d44d1544',NULL),(1652,1616482332,NULL,'I',43,38,0,'da776917263a07b44f97076e2cc2d0ea',NULL),(1653,1616482332,NULL,'I',42,33,0,'57eee753a452ca7cfe644a80ced0ed9c',NULL),(1654,1616482332,NULL,'I',41,100,0,'e76b2d6490e0360fe8f1be20fb400d0a',NULL),(1655,1616482332,NULL,'I',43,39,0,'bc7e3464eb056f190a05dacda9cc2a2b',NULL),(1656,1616482332,NULL,'I',42,34,0,'b5a6b8c808e69ccc91960fa944a69fc2',NULL),(1657,1616482332,NULL,'I',41,101,0,'1fc4396940d5554b7e4199dda5ee7df6',NULL),(1658,1616482332,NULL,'I',43,40,0,'9ae90861426a19b9a1a96d713dd98d44',NULL),(1659,1616482332,NULL,'I',42,35,0,'e092ddce1669c8aef8a579558a347b54',NULL),(1660,1616482332,NULL,'I',41,102,0,'41fdfafab53832705503ecea7f532381',NULL),(1661,1616482332,NULL,'I',42,36,0,'ec7b522869431a3a2cf424e5dbdcc715',NULL),(1662,1616482332,NULL,'I',41,103,0,'5c832a50839c95c5646b61fa28783990',NULL),(1663,1616482332,NULL,'I',42,37,0,'5f87787bf7f47855d5b06794241d9158',NULL),(1664,1616482332,NULL,'I',41,104,0,'bd0b98ff4b7d038a9576b0daafb2dd36',NULL),(1665,1616482332,NULL,'I',43,41,0,'d88a62c55b264be1bece7ac237091ac8',NULL),(1666,1616482332,NULL,'I',42,38,0,'a66eba62d0134ae7494312719883b3c7',NULL),(1667,1616482332,NULL,'I',41,105,0,'b2d026a35799ac98dfda3aa93d252503',NULL),(1668,1616482332,NULL,'I',42,39,0,'7cd517c77f8f47d461f0fe3dfee6a200',NULL),(1669,1616482332,NULL,'I',41,106,0,'b80e40438834572ed629c8807b19cdb9',NULL),(1670,1616482332,NULL,'I',42,40,0,'288ae39c5d96f67e40b1f4742ca91a06',NULL),(1671,1616482332,NULL,'I',41,107,0,'f4729ecf9f49019ddd7128be165708aa',NULL),(1672,1616482332,NULL,'I',43,42,0,'9865238ad0e034a48b6fd7e78b752c0a',NULL),(1673,1616482332,NULL,'I',42,41,0,'4b60a33a927a68f86cefe686970c9f84',NULL),(1674,1616482332,NULL,'I',41,108,0,'3cd606a5b8a37b0ff3febf48fbe3c887',NULL),(1675,1616482332,NULL,'I',41,109,0,'44af492ea17a4d66dc193014372dae52',NULL),(1676,1616482332,NULL,'I',43,43,0,'266d6f7816e314bc9ecb66a07d2d5249',NULL),(1677,1616482332,NULL,'I',43,44,0,'b7726c85c6ce9b3d58cb14d79a0a2106',NULL),(1678,1616482332,NULL,'I',43,45,0,'418d34a84b69dd538bd37ae65eccd5d6',NULL),(1679,1616482332,NULL,'I',42,42,0,'565af3f0157fd6863a554e474a5f72ef',NULL),(1680,1616482332,NULL,'I',41,110,0,'9378dbf8ef114c33929371003f6b1a9a',NULL),(1681,1616482332,NULL,'I',41,111,0,'143fdb3053a404412825796793905806',NULL),(1682,1616482332,NULL,'I',42,43,0,'9082d6bfbcb33181509c5e7fbfc912a4',NULL),(1683,1616482332,NULL,'I',41,112,0,'2d811a672d1cc8ca00be233c2ae59586',NULL),(1684,1616482332,NULL,'I',41,113,0,'df16557974099cae3b2c3489b76956c3',NULL),(1685,1616482333,NULL,'I',42,44,0,'50b252d819e9e8a8ddada022f27be37d',NULL),(1686,1616482333,NULL,'I',41,114,0,'cbcf83dbf2950ccededbe1a8d41d6f84',NULL),(1687,1616482333,NULL,'I',41,115,0,'8288a91fac0b143d32f644c5725ed400',NULL),(1688,1616482333,NULL,'I',42,45,0,'023453563aaa1a8aed6c004bfd31da26',NULL),(1689,1616482333,NULL,'I',41,116,0,'49bd68c646216a89e01fb4da7de8620d',NULL),(1690,1616482333,NULL,'I',41,117,0,'b780513c7566ebcd1bfd2228091c4284',NULL),(1691,1616482333,NULL,'I',42,46,0,'05952acb1835ebf2fd9dad0a29c14439',NULL),(1692,1616482333,NULL,'I',41,118,0,'5ec606632f3075a0d1704e30643fb0b8',NULL),(1693,1616482333,NULL,'I',41,119,0,'5cf954c42fe625daf75805d0b8624377',NULL),(1694,1616482333,NULL,'I',43,46,0,'1e4e5b29c81946e785724da1857eb218',NULL),(1695,1616482333,NULL,'I',43,47,0,'2b28544b8556ff451ef48f1dd33b5a31',NULL),(1696,1616482333,NULL,'I',43,48,0,'eef558e154f65a0688a019a163b4962b',NULL),(1697,1616482333,NULL,'I',43,49,0,'b5aa9c742a42d2dcbceeece57246e229',NULL),(1698,1616482333,NULL,'I',43,50,0,'23cc9cf4f23bced933b614b75380a3c1',NULL),(1699,1616482333,NULL,'I',42,47,0,'0571b49957fe176b15e441cca66fe9c5',NULL),(1700,1616482333,NULL,'I',41,120,0,'92c76998bbb12a475a277375cc0ff559',NULL),(1701,1616482333,NULL,'I',41,121,0,'39d1b5f3b88fbfdf9be272d593d15384',NULL),(1702,1616482333,NULL,'I',43,51,0,'e1be021024974ccef1be779a1394411f',NULL),(1703,1616482333,NULL,'I',43,52,0,'d8cff13862fd5f8a3768a7229a1d2a46',NULL),(1704,1616482333,NULL,'I',43,53,0,'a2fe623ff79268362dc14c3d7ac6174c',NULL),(1705,1616482333,NULL,'I',43,54,0,'aa24b95aff61dfa9ed54e5fc568afd15',NULL),(1706,1616482333,NULL,'I',43,55,0,'d8e768d563f3121f22e35c7d5919b16e',NULL),(1707,1616482333,NULL,'I',43,56,0,'954aa13ca1e79a46dac6146942d89246',NULL),(1708,1616482333,NULL,'I',42,48,0,'992ff1bb3cfc755cce912428994d3d79',NULL),(1709,1616482333,NULL,'I',41,122,0,'aefdf7a304b80bb39f9d89359e4788d6',NULL),(1710,1616482333,NULL,'I',41,123,0,'f04c338ab5ad97c0cedd4a2175baae49',NULL),(1711,1616482333,NULL,'I',43,57,0,'f629ed43c4953f8d11ac837bb78bf0a8',NULL),(1712,1616482333,NULL,'I',42,49,0,'fc3f89ce2b429ee82785d8195bf5c5ec',NULL),(1713,1616482333,NULL,'I',41,124,0,'64bbdcc71e1daf13eaa8958084ca6e48',NULL),(1714,1616482333,NULL,'I',41,125,0,'502644d4211c059c70d6d3373aea0d27',NULL),(1715,1616482333,NULL,'I',43,58,0,'7dec1d7ad1d6a8ec415259fc785b8078',NULL),(1716,1616482333,NULL,'I',43,59,0,'fc8ac6def47fcf09bdd7fb332985aeea',NULL),(1717,1616482333,NULL,'I',43,60,0,'09f82c023074b41fb755b52dd93943f4',NULL),(1718,1616482333,NULL,'I',43,61,0,'e31a885776abfd199befcdd134c4ed09',NULL),(1719,1616482333,NULL,'I',43,62,0,'b4a3c1bf59fb39228605e3f50586d58f',NULL),(1720,1616482333,NULL,'I',43,63,0,'093806defee61362b8286e2c84928fc7',NULL),(1721,1616482333,NULL,'I',42,50,0,'c0b34eae708f72017466a3c199d21e1b',NULL),(1722,1616482333,NULL,'I',41,126,0,'d6d795b27e833d668816c93a37ec8de9',NULL),(1723,1616482333,NULL,'I',41,127,0,'0f0df18f7889c93de575a21c662a43cd',NULL),(1724,1616482333,NULL,'I',43,64,0,'23084b99378fb354c21d8b1af52076c1',NULL),(1725,1616482333,NULL,'I',43,65,0,'6b4413fb0c0294c5f3e849382497d2a5',NULL),(1726,1616482333,NULL,'I',43,66,0,'01f726c84e32b31336f2e0f019eb0458',NULL),(1727,1616482333,NULL,'I',43,67,0,'6960b2deb0007487c95bf508fc21aad7',NULL),(1728,1616482333,NULL,'I',43,68,0,'7f5dd88a92d6a6216db5cd7306954da3',NULL),(1729,1616482333,NULL,'I',43,69,0,'6bd40619da65cff826f05811a2a024ec',NULL),(1730,1616482333,NULL,'I',42,51,0,'e0a89d78eb7a3f8aa800b95650d957b5',NULL),(1731,1616482333,NULL,'I',41,128,0,'849ac461357e5658a6f43a7473f1ed3c',NULL),(1732,1616482333,NULL,'I',41,129,0,'9c74a36c50d80cbe3c8ab877bbdf05fa',NULL),(1733,1616482333,NULL,'I',43,70,0,'5c54f903c78f66d424ee1ff58ade3827',NULL),(1734,1616482333,NULL,'I',42,52,0,'8928ef7c93b452c83ab0df777abe690a',NULL),(1735,1616482333,NULL,'I',41,130,0,'e902adf95fb37f6337636faf2ddf3a47',NULL),(1736,1616482333,NULL,'I',41,131,0,'3bc5f8bae7c37b565de88f6e9f98a9fc',NULL),(1737,1616482333,NULL,'I',42,53,0,'934ee9a43c5732e7b28bafe0cbf3b0be',NULL),(1738,1616482333,NULL,'I',41,132,0,'338046a89d9054798945e9d4ad206793',NULL),(1739,1616482333,NULL,'I',41,133,0,'b5355766049c8f8bc9a517ea38fab13f',NULL),(1740,1616482333,NULL,'I',42,54,0,'8392a29e8764108b1279653ecaa90895',NULL),(1741,1616482333,NULL,'I',41,134,0,'45dbba9472b8afb290994bf7f1ba6acb',NULL),(1742,1616482333,NULL,'I',41,135,0,'3521aaa96314869159626e2735283440',NULL),(1743,1616482334,NULL,'I',42,55,0,'2973cdd310334f2e069fd6ccf4f2bf89',NULL),(1744,1616482334,NULL,'I',41,136,0,'d021d636f8a8285fd7f61f5ef20ffef1',NULL),(1745,1616482334,NULL,'I',41,137,0,'dacd78e1f27bcd63da5c0c42b1a7c88c',NULL),(1746,1616482334,NULL,'I',42,56,0,'6693cc69ea265bb80463935020e3b5ba',NULL),(1747,1616482334,NULL,'I',41,138,0,'7b88fee39f98a0c0157ea75d5e26b684',NULL),(1748,1616482334,NULL,'I',43,71,0,'836081daf084d4e3c4680b4d80414019',NULL),(1749,1616482334,NULL,'I',42,57,0,'1a7646f16c2b7588617f44986f9d5808',NULL),(1750,1616482334,NULL,'I',41,139,0,'ba246aa63b7eb1b68347ca2a5bd2a7c8',NULL),(1751,1616482334,NULL,'I',41,140,0,'297984505b3efb20f5300875dc18cd4b',NULL),(1752,1616482334,NULL,'I',43,72,0,'f89cb8e2c99e83bc0b58f95111188285',NULL),(1753,1616482334,NULL,'I',42,58,0,'362907c193511802352b051d50cc984b',NULL),(1754,1616482334,NULL,'I',41,141,0,'d313e344d8cf6292ba7dd7cf19a65bf0',NULL),(1755,1616482334,NULL,'I',41,142,0,'b45795e5ec07c431b955a2a33319337c',NULL),(1756,1616482334,NULL,'I',43,73,0,'d0d92f90dfd609c6d8b4ddeb18a2ccc5',NULL),(1757,1616482334,NULL,'I',42,59,0,'8d82b9c0b63d008a7e495eb1e4ac99a2',NULL),(1758,1616482334,NULL,'I',41,143,0,'0b394533252747057a00108dd4c26c24',NULL),(1759,1616482334,NULL,'I',41,144,0,'3e3269aa925e12d073a297bf1a4c3277',NULL),(1760,1616482334,NULL,'I',43,74,0,'22b35db88c35569304f1ee0724d5ac35',NULL),(1761,1616482334,NULL,'I',43,75,0,'109a55d54337ee2c88cea49811e38bae',NULL),(1762,1616482334,NULL,'I',42,60,0,'770fc7fb0d46eee9a5aab42ac5538a3d',NULL),(1763,1616482334,NULL,'I',41,145,0,'2254c9c8a1880d70f128c354cf5ad760',NULL),(1764,1616482334,NULL,'I',42,61,0,'5125bace92998b32de16c7ea1a99923a',NULL),(1765,1616482334,NULL,'I',41,146,0,'f378db54c1ffd95141db4bddb8adafc3',NULL),(1766,1616482334,NULL,'I',42,62,0,'a3aae239df08248e4b423a29a15cc8d0',NULL),(1767,1616482334,NULL,'I',41,147,0,'2f1e37432db6af3b37e28a34b6a3cfdb',NULL),(1768,1616482334,NULL,'I',43,76,0,'6e7e6c63f9f58ff0cf0f45c8eef7a648',NULL),(1769,1616482334,NULL,'I',42,63,0,'a77d08ce00b205cbfe6a51f3a9cc5666',NULL),(1770,1616482334,NULL,'I',41,148,0,'6ea46bce9505f6b5523b4bb9e92de2d8',NULL),(1771,1616482334,NULL,'I',42,64,0,'e4cd8f0d480bcf95962ad70b29ae63a3',NULL),(1772,1616482334,NULL,'I',41,149,0,'0159ee84e17b7acd1838a453e5bde3f5',NULL),(1773,1616482334,NULL,'I',42,65,0,'b68cafaf0b736ade37b84dc2b142d9ea',NULL),(1774,1616482334,NULL,'I',41,150,0,'3f05f859c5673a1d8d841eea0aa6980c',NULL),(1775,1616482334,NULL,'I',43,77,0,'6a207159e74a81af45310c9848ccd114',NULL),(1776,1616482334,NULL,'I',42,66,0,'24d028c41a4ed73e07f42458f22c830c',NULL),(1777,1616482334,NULL,'I',41,151,0,'d19a3366b7fe06cc868a68aa89a291f7',NULL),(1778,1616482334,NULL,'I',41,152,0,'256efbcddf174cdbded33cd9aa63fb41',NULL),(1779,1616482334,NULL,'I',43,78,0,'e7c8526c80de4f61524a75259dc0a9c2',NULL),(1780,1616482334,NULL,'I',42,67,0,'ba417cc221a3973c8abb892507b5054a',NULL),(1781,1616482334,NULL,'I',41,153,0,'aebaa240ae33e1c386831388a17f7540',NULL),(1782,1616482334,NULL,'I',41,154,0,'cdebc2c7e4f3a8ccaeca10883c1952c7',NULL),(1783,1616482334,NULL,'I',42,68,0,'092d5a67d6c129a9a914f96fd02aa478',NULL),(1784,1616482334,NULL,'I',41,155,0,'c484941dc3fabce67cfd740ba17a2564',NULL),(1785,1616482334,NULL,'I',41,156,0,'0c080eac143b7ff0b222171560558164',NULL),(1786,1616482334,NULL,'I',42,69,0,'cabec545423dad7f7d72048b511d90ab',NULL),(1787,1616482334,NULL,'I',41,157,0,'5493bd21e7ba63b4814394fb1d29be3f',NULL),(1788,1616482334,NULL,'I',41,158,0,'02308d66aef9155435595cd583e9d59a',NULL),(1789,1616482334,NULL,'I',42,70,0,'6f82913a71708606dcf2910431c2cf83',NULL),(1790,1616482334,NULL,'I',41,159,0,'922d00ff7b51b809e067ff044eb3e164',NULL),(1791,1616482334,NULL,'I',41,160,0,'9163c708aaeff657ed071340b4e1db69',NULL),(1792,1616482334,NULL,'I',42,71,0,'3e4814bc7dad81376c06e758034d07dc',NULL),(1793,1616482334,NULL,'I',41,161,0,'751a510e6b99efe2d23184e34d328ebc',NULL),(1794,1616482334,NULL,'I',41,162,0,'52fdf55f9911ee3403f6a75ba3fb03be',NULL),(1795,1616482334,NULL,'I',42,72,0,'dd09dca26ca94d63360314f9cdc76d04',NULL),(1796,1616482334,NULL,'I',41,163,0,'3e243ee5e70b47febafa8023aaa23df6',NULL),(1797,1616482334,NULL,'I',41,164,0,'29ea21436251d6a52854b76baf191647',NULL),(1798,1616482334,NULL,'I',42,73,0,'5aefe9444d076b283026d5190cf93976',NULL),(1799,1616482335,NULL,'I',41,165,0,'79b9d1e93a70fd5e8446175defa4bb89',NULL),(1800,1616482335,NULL,'I',41,166,0,'466977b88d4f268d36f2e7cc8e4144a6',NULL),(1801,1616482335,NULL,'I',43,79,0,'b390b00a0ebe781938790b4c94593a0b',NULL),(1802,1616482335,NULL,'I',42,74,0,'2998f133e54c13f83be300e711a0aace',NULL),(1803,1616482335,NULL,'I',41,167,0,'89bc3cabd7175a6b59c4be07be259a06',NULL),(1804,1616482335,NULL,'I',41,168,0,'e1f3024012ca9be69e58e77249ff8333',NULL),(1805,1616482335,NULL,'I',43,80,0,'990f17228a856a3cf44e475ff9bc158a',NULL),(1806,1616482335,NULL,'I',43,81,0,'357127ebd50f915107f709f912cc15a6',NULL),(1807,1616482335,NULL,'I',42,75,0,'644981292112391b91de9beb3d49d66c',NULL),(1808,1616482335,NULL,'I',41,169,0,'6e095ee5ef5ffb1df6b90ebb95d35b64',NULL),(1809,1616482335,NULL,'I',41,170,0,'fe71196a7e4b787dce739782df2208f6',NULL),(1810,1616482335,NULL,'I',43,82,0,'81668512b21470927f17049bd34821f2',NULL),(1811,1616482335,NULL,'I',42,76,0,'9fdedb9abae72619851872dc578872bb',NULL),(1812,1616482335,NULL,'I',41,171,0,'220ebc49b400f429661bdb0b03558c43',NULL),(1813,1616482335,NULL,'I',41,172,0,'d13f5be1971a843f400d3dcb144f200e',NULL),(1814,1616482335,NULL,'I',43,83,0,'6bf7ee48574565f0c30feca9c02b870d',NULL),(1815,1616482335,NULL,'I',42,77,0,'3d0fcdcf758a100b97193a40c3339f74',NULL),(1816,1616482335,NULL,'I',41,173,0,'e647fce98b32a8b05e733f0b1cf5ea09',NULL),(1817,1616482335,NULL,'I',41,174,0,'ade37e7d79156624312f58af63a4aba7',NULL),(1818,1616482335,NULL,'I',43,84,0,'8a2abc7d0c13642f53051c235a9217d3',NULL),(1819,1616482335,NULL,'I',43,85,0,'67afb3df71a7e4b8e71d667e2ac84f92',NULL),(1820,1616482335,NULL,'I',42,78,0,'3caf301f42353677e2d2d86161121ee8',NULL),(1821,1616482335,NULL,'I',41,175,0,'43346d5020f20e450dc023119fa83707',NULL),(1822,1616482335,NULL,'I',41,176,0,'89a66d6710a26e36a6d68f767c9529fb',NULL),(1823,1616482335,NULL,'I',43,86,0,'c70af54d7e3ef9630901fbaca2c425ca',NULL),(1824,1616482335,NULL,'I',42,79,0,'cf24e9ff99193eba73ec7c2e80c9c23b',NULL),(1825,1616482335,NULL,'I',41,177,0,'d36c3c27cb5221dd9a09516d99c6cf3f',NULL),(1826,1616482335,NULL,'I',41,178,0,'066c685f2a88a05b990076af7865202a',NULL),(1827,1616482335,NULL,'I',43,87,0,'f548f87427f86c83bb314baf526d6a7e',NULL),(1828,1616482335,NULL,'I',42,80,0,'dd1fa0378adaee07c243e42d531ed957',NULL),(1829,1616482335,NULL,'I',41,179,0,'bad58c889ea3fc610b8043ce02d7a75b',NULL),(1830,1616482335,NULL,'I',42,81,0,'96d77ff5cf785815e84e59458b050e33',NULL),(1831,1616482335,NULL,'I',41,180,0,'0b8ad652f6752d014cfb109028b26a1b',NULL),(1832,1616482335,NULL,'I',42,82,0,'14b245ba05aceccab75008b2c23e99ed',NULL),(1833,1616482335,NULL,'I',41,181,0,'fb203ff05943943721332e0dae5b305d',NULL),(1834,1616482335,NULL,'I',42,83,0,'3ffefa1a74a9311d5b456590f46baef2',NULL),(1835,1616482335,NULL,'I',41,182,0,'73d61c238b90017268a1c0f488a94b46',NULL),(1836,1616482335,NULL,'I',43,88,0,'f8fbdc897ec3604e94a16577bca0b9ec',NULL),(1837,1616482335,NULL,'I',42,84,0,'289e7ed2a77bc0097a5e3539ea7c6db7',NULL),(1838,1616482335,NULL,'I',41,183,0,'613b81ed7a304b21a515d1bcaa161dab',NULL),(1839,1616482335,NULL,'I',41,184,0,'f147920e6a9fcd7c15b5a22a477da9f0',NULL),(1840,1616482335,NULL,'I',43,89,0,'b489deafff2a1bffb7f6a70ea718dfd8',NULL),(1841,1616482335,NULL,'I',42,85,0,'766c85d3efdb2ad97132543de78cc0ec',NULL),(1842,1616482335,NULL,'I',41,185,0,'891dbd1cf8e2e9da2c31054a569ce001',NULL),(1843,1616482335,NULL,'I',41,186,0,'151852083f4a619622e1b25f7bb8f89d',NULL),(1844,1616482335,NULL,'I',43,90,0,'b7e7bf5c524abc2ce4df85cb6367382b',NULL),(1845,1616482335,NULL,'I',42,86,0,'77f1621fc06a0ee03ff8ab3101825e61',NULL),(1846,1616482335,NULL,'I',41,187,0,'78ba98115bc31b59fd160aa4d925b281',NULL),(1847,1616482335,NULL,'I',43,91,0,'3cb52caf417fce89eb4c8cb9e7310503',NULL),(1848,1616482335,NULL,'I',42,87,0,'4ca6a8e4d818044713e71a1a1c273b09',NULL),(1849,1616482335,NULL,'I',41,188,0,'d4c1f24fbea390f19bbbdd378c939baa',NULL),(1850,1616482335,NULL,'I',41,189,0,'98d736c8a31dd32e278a76031d04c5fa',NULL),(1851,1616482335,NULL,'I',43,92,0,'7b8fcd4a0a7e03e0b06077e873b3c9b7',NULL),(1852,1616482335,NULL,'I',42,88,0,'909ddfaea8b8141b276f0c270899f97a',NULL),(1853,1616482335,NULL,'I',41,190,0,'b3ccc6093991a7a52ae6611993036377',NULL),(1854,1616482335,NULL,'I',41,191,0,'f7a634d96ff7ab2dbe6edf98bc3204f5',NULL),(1855,1616482335,NULL,'I',43,93,0,'d4f7cb369b99846a142091aaa6645fb8',NULL),(1856,1616482335,NULL,'I',42,89,0,'f476731920dedf33ad34e8cf05e907f7',NULL),(1857,1616482335,NULL,'I',41,192,0,'415d989baae0ae541ef4132d610f1c77',NULL),(1858,1616482336,NULL,'I',41,193,0,'b7ff840982416484bf989e649fb66c97',NULL),(1859,1616482336,NULL,'I',43,94,0,'45ad934847dc808506e3fca026027c2f',NULL),(1860,1616482336,NULL,'I',42,90,0,'96d752af88c82e3d7f0eb79a2af61dfd',NULL),(1861,1616482336,NULL,'I',41,194,0,'ed4e7f34d0436565bef8740423494935',NULL),(1862,1616482336,NULL,'I',41,195,0,'b58169309d265fa5ae07c4db4d875862',NULL),(1863,1616482336,NULL,'I',43,95,0,'1cdb5a48a702457b3c8f6cf50e847924',NULL),(1864,1616482336,NULL,'I',42,91,0,'fc4fd45feebe75b42a1c6453638283ed',NULL),(1865,1616482336,NULL,'I',41,196,0,'13844450a49cb8777977ebb85219b185',NULL),(1866,1616482336,NULL,'I',43,96,0,'3d8defc55090f24a97ccc709c9e8f530',NULL),(1867,1616482336,NULL,'I',42,92,0,'12e712a94aeca85808031f6e30d8790a',NULL),(1868,1616482336,NULL,'I',41,197,0,'5aea8b3c4b6e8b3d0223d6c2684d1dce',NULL),(1869,1616482336,NULL,'I',42,93,0,'97f9b3abf3cee002d883657a0496a08b',NULL),(1870,1616482336,NULL,'I',41,198,0,'d359b72b623da34053943d3c99b04670',NULL),(1871,1616482336,NULL,'I',42,94,0,'99b2ab69e8d448f218e03eec30587233',NULL),(1872,1616482336,NULL,'I',41,199,0,'d972927e9574c9b71b4292400156d2bd',NULL),(1873,1616482336,NULL,'I',43,97,0,'baf848141e56c81d850c4ac8673f6b1e',NULL),(1874,1616482336,NULL,'I',42,95,0,'480612180f3724c61be25ec7b37c90b4',NULL),(1875,1616482336,NULL,'I',41,200,0,'8a77f0223f5f93348e19204da3e88745',NULL),(1876,1616482336,NULL,'I',43,98,0,'7282d2caa943ee41b0f6295c9b27dc3d',NULL),(1877,1616482336,NULL,'I',42,96,0,'8a0c5529e56fa05c21cd83a74b548052',NULL),(1878,1616482336,NULL,'I',41,201,0,'f2c8e7c330e505eab15380858e547318',NULL),(1879,1616482336,NULL,'I',43,99,0,'5771c0cae1b45ce6943a26c10f470eee',NULL),(1880,1616482336,NULL,'I',42,97,0,'dc37db85c3260bed6e7fbb021b57f799',NULL),(1881,1616482336,NULL,'I',41,202,0,'6403ac69a2158f33761722fc97dc9681',NULL),(1882,1616482336,NULL,'I',43,100,0,'808e463cfc87787eb6ad2544648b7604',NULL),(1883,1616482336,NULL,'I',42,98,0,'a79343bb08370b6ded64c878cb168783',NULL),(1884,1616482336,NULL,'I',41,203,0,'06ade6e850e03acf47ae6e498b473c33',NULL),(1885,1616482336,NULL,'I',43,101,0,'cf24cff0ff58ba76d35ce140640f938f',NULL),(1886,1616482336,NULL,'I',42,99,0,'f311fb275273f439409d0f9bb122242b',NULL),(1887,1616482336,NULL,'I',41,204,0,'ae166c2f80779efe3eb4a19f62268bfe',NULL),(1888,1616482336,NULL,'I',43,102,0,'c2cb68e70efafa707d1ba90388bd46fc',NULL),(1889,1616482336,NULL,'I',42,100,0,'321a1bfa079fe25e00aaff2a9eedb9a3',NULL),(1890,1616482336,NULL,'I',41,205,0,'1880ed7dbfa305043866b68612008dce',NULL),(1891,1616482336,NULL,'I',43,103,0,'ba23cbd1f7044a60ba71f26249da0d80',NULL),(1892,1616482336,NULL,'I',42,101,0,'9e8dbd5323d28ffa81502256948e1f9b',NULL),(1893,1616482336,NULL,'I',41,206,0,'404333e352d4cbd761604315958542aa',NULL),(1894,1616482336,NULL,'I',43,104,0,'fef1546662e1bdc654eb235c185a01c0',NULL),(1895,1616482336,NULL,'I',43,105,0,'64d57ec15ada73ec472a2d2f3afdc22f',NULL),(1896,1616482336,NULL,'I',42,102,0,'c1ce306392052aa9c703c2ad90a1188a',NULL),(1897,1616482336,NULL,'I',41,207,0,'ad7b626cf78d1366d64d93fa259f8d9f',NULL),(1898,1616482336,NULL,'I',43,106,0,'6f5e28175eea068748ff86eb24e52c80',NULL),(1899,1616482336,NULL,'I',42,103,0,'dd747c25a5a13c31c816ec981c0b51b3',NULL),(1900,1616482336,NULL,'I',41,208,0,'299c3ce390e860055c31a5b348529e3e',NULL),(1901,1616482336,NULL,'I',42,104,0,'572ff0dce7f82a7bc66d11ed256a7fdb',NULL),(1902,1616482336,NULL,'I',41,209,0,'d7fdd933a3d5ec2907cc34ebfb0d71ea',NULL),(1903,1616482336,NULL,'I',42,105,0,'a5df6b9e508f04a0abd5a504b73954ab',NULL),(1904,1616482336,NULL,'I',41,210,0,'2aa546333af252bcf13cd4136fa5eb71',NULL),(1905,1616482336,NULL,'I',43,107,0,'a4133dcdc8c2091995138c71df0ba427',NULL),(1906,1616482336,NULL,'I',43,108,0,'451a1e5771f4c457d24989de7591257f',NULL),(1907,1616482336,NULL,'I',42,106,0,'da76b4573054f12af5276a8106213302',NULL),(1908,1616482336,NULL,'I',41,211,0,'b738451924782633670518e9355693dc',NULL),(1909,1616482336,NULL,'I',42,107,0,'f58142772536070ebd731a2a05109ab1',NULL),(1910,1616482336,NULL,'I',41,212,0,'1d42fb154efafbb94d8f77dad82fa73e',NULL),(1911,1616482336,NULL,'I',42,108,0,'d9e29a871263146ab30122c31679f038',NULL),(1912,1616482337,NULL,'I',41,213,0,'684f6647edc4011407972be4387859da',NULL),(1913,1616482337,NULL,'I',42,109,0,'5004688fad2a56daebf7e9bd38b53567',NULL),(1914,1616482337,NULL,'I',41,214,0,'ad8ede631255bbb7ce8477baa39b89a7',NULL),(1915,1616482337,NULL,'I',43,109,0,'07ed0bad178e76fa7b3b6e9b83c0c3f5',NULL),(1916,1616482337,NULL,'I',42,110,0,'fa273e43aad7b9ab76aa61280cb3035b',NULL),(1917,1616482337,NULL,'I',41,215,0,'deb45d856b2667f9b0a4b09ab459d9ed',NULL),(1918,1616482337,NULL,'I',43,110,0,'adeb93dca44775c3c191038058a7994f',NULL),(1919,1616482337,NULL,'I',42,111,0,'34aab49af1ce835760ecadde089daad0',NULL),(1920,1616482337,NULL,'I',41,216,0,'0c0e4205e10edd1224732ce0d297c790',NULL),(1921,1616482337,NULL,'I',43,111,0,'b47f2ed45a959a4d94717a0aee046250',NULL),(1922,1616482337,NULL,'I',42,112,0,'4671b2910626da0f198f4a8944607301',NULL),(1923,1616482337,NULL,'I',41,217,0,'ad8be67a6b110c993654aa6e92086650',NULL),(1924,1616482337,NULL,'I',43,112,0,'3dfb768f2bfc75904f738da8a8ae00d1',NULL),(1925,1616482337,NULL,'I',42,113,0,'9554c1eef499145acdc0f36c0fa9c93c',NULL),(1926,1616482337,NULL,'I',41,218,0,'824807d962aeaca3f0ac55db027fcc98',NULL),(1927,1616482337,NULL,'I',43,113,0,'bf7235469b47be4f813f84d9c72774e3',NULL),(1928,1616482337,NULL,'I',42,114,0,'d40da85a3ea422bf1414e0665a849997',NULL),(1929,1616482337,NULL,'I',41,219,0,'7310f73ee236f5cf2584507bfd5ac979',NULL),(1930,1616482337,NULL,'I',43,114,0,'64cfab30da04da34eeb696882af66ba0',NULL),(1931,1616482337,NULL,'I',42,115,0,'8bbe47a97111bbcfa35c8ea0d42fac4e',NULL),(1932,1616482337,NULL,'I',41,220,0,'12fc189eb4139c7cb03636d25017574f',NULL),(1933,1616482337,NULL,'I',43,115,0,'e6b2293979603cda9736d828f8cc013e',NULL),(1934,1616482337,NULL,'I',42,116,0,'1600900f01dafd1f9464eaa1cb3665c1',NULL),(1935,1616482337,NULL,'I',41,221,0,'a5edb80b0113a7d10c22ef43f5a42f7a',NULL),(1936,1616482337,NULL,'I',41,222,0,'5f96aa57b5a72330a5ad54ee01759b46',NULL),(1937,1616482337,NULL,'I',43,116,0,'1aa37e4a7971119592f1047e2fbcc894',NULL),(1938,1616482337,NULL,'I',92,1,0,'29b42f5a023f3af8e69588e6b1b67c45',NULL),(1939,1616482337,NULL,'I',92,2,0,'587f26ae602cb0a93669d4869bb1a238',NULL),(1940,1616482337,NULL,'I',92,3,0,'a6faff787a269a16699989f44638e8c8',NULL),(1941,1616482337,NULL,'I',92,4,0,'476fe9348f03f614d303a8ef906593d5',NULL),(1942,1616482337,NULL,'I',91,1,0,'d1fcacc2cc5fc8a2577d4183cd1dd8b5',NULL),(1943,1616482337,NULL,'I',91,2,0,'ffdc1081440d123b4764e8bee0aa7cca',NULL),(1944,1616482337,NULL,'I',30,1,0,'189ebfa82b7bcd0f5ae169351bf71691',NULL),(1945,1616482337,NULL,'I',30,2,0,'e63ec50014f8d879494bff083e31cb1f',NULL),(1946,1616482337,NULL,'I',30,3,0,'a7ebd99a1bf3ada31c9cef01c9d61d3e',NULL),(1947,1616482337,NULL,'I',30,4,0,'c8549ed9dff15d9e0afa0c6095014d37',NULL),(1948,1616482337,NULL,'I',91,3,0,'4e8ae9ccfc78f55d915a54824432831a',NULL),(1949,1616482337,NULL,'I',30,5,0,'e9e99d4c84852ba018840356ad915669',NULL),(1950,1616482337,NULL,'I',94,1,0,'15e61ddde226cf8e1d1bb197d0cd4be7',NULL),(1951,1616482337,NULL,'I',101,1,0,'a65184a8a86b5594881e104f037974a5',NULL),(1952,1616482337,NULL,'I',100,1,0,'f08bdf22bbb69faacb902926fa5d4b9c',NULL),(1953,1616482337,NULL,'I',98,1,0,'febb7dc633e42ffa1119391d141d1aca',NULL),(1954,1616482337,NULL,'I',98,2,0,'1609e41e574f6c1b68336dbfc7cd0d1d',NULL),(1955,1616482337,NULL,'I',98,3,0,'ea2be84b5aed4121722f6c1604544837',NULL),(1956,1616482337,NULL,'I',98,4,0,'14055bc92d20d42610125ff7ec74364c',NULL),(1957,1616482338,NULL,'I',100,2,0,'0c6a48b5b987a82cc4d76d855c88f822',NULL),(1958,1616482338,NULL,'I',99,1,0,'046cb9e926691e18124523307ca2c610',NULL),(1959,1616482338,NULL,'I',99,2,0,'48622f9c8d0de580877399a19bb45e27',NULL),(1960,1616482338,NULL,'I',99,3,0,'6cf64dea87d2fc2c5f8541b69385e1a8',NULL),(1961,1616482338,NULL,'I',99,4,0,'06d435399d4d66b9c68a497cf4fb610a',NULL),(1962,1616482338,NULL,'I',97,1,0,'aaf7b8ef954fe38a4f2563831747faf2',NULL),(1963,1616482338,NULL,'I',97,2,0,'63da4de27545a3e7a5309751eeff5d0d',NULL),(1964,1616482338,NULL,'I',97,3,0,'571cc3cf05637b135c109c16370f31c0',NULL),(1965,1616482338,NULL,'I',97,4,0,'aa3e0b7aa9bbdec9c0cb298ca0711e9f',NULL),(1966,1616482338,NULL,'I',97,5,0,'ef0013c9fd3176a5a0bbebaa7261df43',NULL),(1967,1616482338,NULL,'I',97,6,0,'4f33f0c0bea2ee9b4379911105a9d6f9',NULL),(1968,1616482338,NULL,'I',97,7,0,'c18f5391c033c30e0f9348f2460de0aa',NULL),(1969,1616482338,NULL,'I',97,8,0,'6eba5e65ed069ad7977d6d4f4464ea4b',NULL),(1970,1616482338,NULL,'I',97,9,0,'7132d497d15fc87fd8a5850899c0882e',NULL),(1971,1616482338,NULL,'I',97,10,0,'59495963abdb86ae5ff4f687eddd194d',NULL),(1972,1616482338,NULL,'I',97,11,0,'317762365f42f5878fa476d2dc2e3644',NULL),(1973,1616482338,NULL,'I',100,3,0,'1aa743ad80a4c0f8e00bfdf4d3347302',NULL),(1974,1616482338,NULL,'I',99,5,0,'f8198a66093b9c2524a0d16e95477ffb',NULL),(1975,1616482338,NULL,'I',99,6,0,'5160ed23cf0fe8deefc5fbea4c9e44d2',NULL),(1976,1616482338,NULL,'I',99,7,0,'54f9c0ba352467e882703f47ed74637f',NULL),(1977,1616482338,NULL,'I',99,8,0,'6fe40252e627d50ac9f7c9308eeeb5ec',NULL),(1978,1616482338,NULL,'I',97,12,0,'bcd365d874dff188ec315f74aa5c1e7f',NULL),(1979,1616482338,NULL,'I',97,13,0,'6e0ab1f4292dad77c15cc6cc46b64f79',NULL),(1980,1616482338,NULL,'I',97,14,0,'6d41bb65989ccdbbc3a0d455897450c2',NULL),(1981,1616482338,NULL,'I',101,2,0,'a13f91a506d7af6d5b1da1ba2a68c455',NULL),(1982,1616482338,NULL,'I',100,4,0,'c9602178af7a21c52ac17c0ec42a6e94',NULL),(1983,1616482338,NULL,'I',98,5,0,'34f81de1ee112320dd46b99b4fae4f0e',NULL),(1984,1616482338,NULL,'I',98,6,0,'d494dd5cf52b86314026e1bad3a54ddd',NULL),(1985,1616482338,NULL,'I',98,7,0,'32e58551f01ba2ea59f5f93574d62a88',NULL),(1986,1616482338,NULL,'I',98,8,0,'c31a6098138a5cd78bcea7688640d61a',NULL),(1987,1616482338,NULL,'I',100,5,0,'3b2a2b4ce84891e1d7ef0167dc452453',NULL),(1988,1616482338,NULL,'I',99,9,0,'5873cc60b00a0191653a7801ce1b9e92',NULL),(1989,1616482338,NULL,'I',99,10,0,'309f528fbe9f214bdb70b80748f8ab37',NULL),(1990,1616482338,NULL,'I',99,11,0,'c32feca2e3fe414671ff39146f4290cd',NULL),(1991,1616482338,NULL,'I',99,12,0,'a760a552d9341fd1b2d8f5d4445e7ec7',NULL),(1992,1616482339,NULL,'I',97,15,0,'891df746eabeb7fa759a0ea3d773b1a2',NULL),(1993,1616482339,NULL,'I',97,16,0,'29ef184f87ee269e3807d7edeb915dda',NULL),(1994,1616482339,NULL,'I',97,17,0,'dedb06bee9dbff5ed25e2f726b6af9ad',NULL),(1995,1616482339,NULL,'I',97,18,0,'e20a9ec7429d3271b170ef27b8b64617',NULL),(1996,1616482339,NULL,'I',97,19,0,'e840108696834ea621c0b49801a6fe5e',NULL),(1997,1616482339,NULL,'I',97,20,0,'9e1ad1c123aa58a4abcb2cd63388b976',NULL),(1998,1616482339,NULL,'I',97,21,0,'0bbf1b73cbb96f4006028d6f34ca5180',NULL),(1999,1616482339,NULL,'I',97,22,0,'643a3e0049a0daa85dbbe6bc5ce678ea',NULL),(2000,1616482339,NULL,'I',100,6,0,'a8881f070698b3d02dd4956ed6201f5c',NULL),(2001,1616482339,NULL,'I',99,13,0,'c9a1658ce5dc4d00f7eb09a521cb14d6',NULL),(2002,1616482339,NULL,'I',99,14,0,'8cff25a672200ec718df6909bad717bd',NULL),(2003,1616482339,NULL,'I',99,15,0,'6d792c1099b6f255c000a19683520126',NULL),(2004,1616482339,NULL,'I',99,16,0,'cb364bc943fc496f5e260223eff5b918',NULL),(2005,1616482339,NULL,'I',97,23,0,'1c0c7ce3d629646b8c5c09aacddd9277',NULL),(2006,1616482339,NULL,'I',97,24,0,'3fffadb673480a5ab631a63961b97624',NULL),(2007,1616482339,NULL,'I',97,25,0,'a38b02ba4c7d1f2c4d00eef7414e9736',NULL),(2008,1616482339,NULL,'I',101,3,0,'c8c692122387528d28195cd082c9bec4',NULL),(2009,1616482339,NULL,'I',100,7,0,'99ff28ac589bff665291f1cc45e3e72e',NULL),(2010,1616482339,NULL,'I',98,9,0,'0807f291bfdf83b6c85a2f8f6da6efba',NULL),(2011,1616482339,NULL,'I',98,10,0,'ada409dc5a63c1c09b0e9e0e708f12dd',NULL),(2012,1616482339,NULL,'I',98,11,0,'e583d9eee0d95c60d5a879eece5db30a',NULL),(2013,1616482339,NULL,'I',98,12,0,'5370e4a4d0edd425317f825ce11de928',NULL),(2014,1616482339,NULL,'I',100,8,0,'da57280c2bb05cb8a90ab647b04e9a0f',NULL),(2015,1616482339,NULL,'I',99,17,0,'431974fce4f76e904cca471c4fbe5141',NULL),(2016,1616482339,NULL,'I',99,18,0,'752b807d5e6d5c0e999fd8fbf859fe2c',NULL),(2017,1616482339,NULL,'I',99,19,0,'8bf72799bffe7d72e99ec732a206aa0d',NULL),(2018,1616482339,NULL,'I',99,20,0,'e42940f5a90a0cc1c61e33951725b5b3',NULL),(2019,1616482339,NULL,'I',97,26,0,'8f7f6065753cf1fef3182958f470bdba',NULL),(2020,1616482339,NULL,'I',97,27,0,'bd561165beb1c37463d410e00d75c9c8',NULL),(2021,1616482339,NULL,'I',97,28,0,'92fce020e659ca76f2303ebde2d257a9',NULL),(2022,1616482339,NULL,'I',97,29,0,'475387e97a7798624bea1dd133f3edc0',NULL),(2023,1616482339,NULL,'I',97,30,0,'bd147cd384397912326ca7e49d872ba8',NULL),(2024,1616482339,NULL,'I',97,31,0,'453220b1b1710fb4ef732eaf0aee809e',NULL),(2025,1616482339,NULL,'I',101,4,0,'aad6e92f44ba1f408d1265e6bcf7c2b4',NULL),(2026,1616482339,NULL,'I',100,9,0,'4a8b218724f84b4fe2ae9ce18387dbc6',NULL),(2027,1616482339,NULL,'I',98,13,0,'90e264442a69d2c366c072b1072315bd',NULL),(2028,1616482339,NULL,'I',98,14,0,'99fd7053d4902766bdcb467d8cd75b87',NULL),(2029,1616482339,NULL,'I',98,15,0,'4234a9e3c96915573935c47b73161e3d',NULL),(2030,1616482339,NULL,'I',98,16,0,'05e78051aeeceaaa3a5a12ff2e65c492',NULL),(2031,1616482339,NULL,'I',100,10,0,'588bed5e0cf2b8b2dfe1ce7c4e3843bd',NULL),(2032,1616482339,NULL,'I',99,21,0,'00651151eec8bcbec9341714880d37cd',NULL),(2033,1616482339,NULL,'I',99,22,0,'ffd5131c411484f101ef93507d5694f4',NULL),(2034,1616482339,NULL,'I',99,23,0,'1ec95718358d8e8b5611af47192add43',NULL),(2035,1616482339,NULL,'I',99,24,0,'a28892ebeaea3b702a9ff4a929785f18',NULL),(2036,1616482339,NULL,'I',97,32,0,'fa8347147e90c899d230219e00c10dc7',NULL),(2037,1616482339,NULL,'I',97,33,0,'daf512b46030ab0fd5a03f89ab8cee93',NULL),(2038,1616482339,NULL,'I',97,34,0,'92b71d5c28f47fb501b8e5810ffeac7a',NULL),(2039,1616482339,NULL,'I',97,35,0,'349064a9882e4ee7ded21dad6af331b1',NULL),(2040,1616482339,NULL,'I',97,36,0,'49a83bbbb02119fce4746810fa0ed7b4',NULL),(2041,1616482339,NULL,'I',97,37,0,'d536c1f5d46d4cebd4dc608edd9afb9a',NULL),(2042,1616482339,NULL,'I',97,38,0,'0ad7379aee09099e44c41ea2a5e22dec',NULL),(2043,1616482339,NULL,'I',97,39,0,'efed0aa54803ecb2bf4906534e12fc1d',NULL),(2044,1616482339,NULL,'I',97,40,0,'3cd87b640580fbc109389c802b61af9b',NULL),(2045,1616482339,NULL,'I',97,41,0,'8a30c4ff20290c0c4f72718a303adc96',NULL),(2046,1616482339,NULL,'I',97,42,0,'77b523877f6381b7f9bf9e8ac71e1c3c',NULL),(2047,1616482339,NULL,'I',97,43,0,'527d7762966bd69bdf6b822ce8c1052b',NULL),(2048,1616482339,NULL,'I',100,11,0,'6fab898bf213e78fbf0cdfa4a38137c5',NULL),(2049,1616482339,NULL,'I',99,25,0,'7986245ada6c6927820bb641cc7831a1',NULL),(2050,1616482339,NULL,'I',99,26,0,'d0b030823b42936cbf8c91cbd27fac21',NULL),(2051,1616482340,NULL,'I',99,27,0,'2f8f1da80f4a9124f0b1d1abad878aa4',NULL),(2052,1616482340,NULL,'I',99,28,0,'2b0f3a6fd21d657b9fd09cc9008f5816',NULL),(2053,1616482340,NULL,'I',97,44,0,'84ae0a430a7a6d3403cf09652751330a',NULL),(2054,1616482340,NULL,'I',100,12,0,'18c686a8184361dd68d18ae4ce5cf0bb',NULL),(2055,1616482340,NULL,'I',99,29,0,'296f6a37b89512ab16bb3977158cf98a',NULL),(2056,1616482340,NULL,'I',99,30,0,'9875ceabc86020fe751b9880811a5c02',NULL),(2057,1616482340,NULL,'I',99,31,0,'68996cdc52ff3d246f2bf69d2ab70b9d',NULL),(2058,1616482340,NULL,'I',99,32,0,'1e61fde8de751c77ca6dae9c8fd79a47',NULL),(2059,1616482340,NULL,'I',97,45,0,'9af3e2db00b0c5533978879db4f0297f',NULL),(2060,1616482340,NULL,'I',101,5,0,'6db7ec1ca95e62ccf22556e0e0dc1325',NULL),(2061,1616482340,NULL,'I',100,13,0,'12a258d002ff1d1d466ca4594c6fede8',NULL),(2062,1616482340,NULL,'I',98,17,0,'80a5c6309fd1d06075bcc5d5e5b05614',NULL),(2063,1616482340,NULL,'I',98,18,0,'ab84691de6c7cd94442becc928046b10',NULL),(2064,1616482340,NULL,'I',98,19,0,'e294aaabc42f4d9f300e0b5063b252fa',NULL),(2065,1616482340,NULL,'I',98,20,0,'a68a8efec5e5257600f0eee7b0ef0b75',NULL),(2066,1616482340,NULL,'I',100,14,0,'c599b3c40d7cd75610aaaf4d26b19d63',NULL),(2067,1616482340,NULL,'I',99,33,0,'6f6c44d61da7f412d100561651e7010e',NULL),(2068,1616482340,NULL,'I',99,34,0,'38203bd8c6731af718fe48f76483c119',NULL),(2069,1616482340,NULL,'I',97,46,0,'c07d093bc0a397061fe771e2d3a944e3',NULL),(2070,1616482340,NULL,'I',97,47,0,'ff837d9d3b051340184bfb2b04f63392',NULL),(2071,1616482340,NULL,'I',97,48,0,'e1d461affe74dbd360d6ea5040909083',NULL),(2072,1616482340,NULL,'I',97,49,0,'810ec0d1ec305bdb5c822c461b06bf47',NULL),(2073,1616482340,NULL,'I',97,50,0,'81be635e7707563c00528cc433bef0f2',NULL),(2074,1616482340,NULL,'I',97,51,0,'7b969c733fb2bdd79880301203da48ed',NULL),(2075,1616482340,NULL,'I',97,52,0,'97726fca5b96c8b6b40c659e153229af',NULL),(2076,1616482340,NULL,'I',97,53,0,'5604f471893971bb7bdb20974deeb4d3',NULL),(2077,1616482340,NULL,'I',97,54,0,'52160b506f82ce0237621a20c6f7193a',NULL),(2078,1616482340,NULL,'I',101,6,0,'5f13142858d3231fa506a972cfde8282',NULL),(2079,1616482340,NULL,'I',100,15,0,'68d529de5634894694e9fe54be185a69',NULL),(2080,1616482340,NULL,'I',98,21,0,'a443913baac0fbd477be4bb2b6bcbcc6',NULL),(2081,1616482340,NULL,'I',98,22,0,'91a10bdfccb85f29e3a951fcf589b8fc',NULL),(2082,1616482340,NULL,'I',98,23,0,'5026d165cc25a6e4917659d93f1c82ac',NULL),(2083,1616482340,NULL,'I',98,24,0,'56fb8d3435ab6291f053d925c4830365',NULL),(2084,1616482340,NULL,'I',100,16,0,'d5ca1a750084b2974084594db8741119',NULL),(2085,1616482340,NULL,'I',99,35,0,'5b9502c2fc1b3b9f6bfcc8db193a7327',NULL),(2086,1616482340,NULL,'I',99,36,0,'2a013a5c55498fb01875014129d13674',NULL),(2087,1616482340,NULL,'I',97,55,0,'43eca7f0bc17699bab4a76a74f432b38',NULL),(2088,1616482340,NULL,'I',97,56,0,'107795f962ccc98d86e345d7ab12dee7',NULL),(2089,1616482340,NULL,'I',97,57,0,'631369dc49a9b584cab820dd224cb8d0',NULL),(2090,1616482340,NULL,'I',97,58,0,'0cccd5786b4e54cb9127237814a31149',NULL),(2091,1616482340,NULL,'I',97,59,0,'5ef8a50eb5367ba40dbb8f5912ea666f',NULL),(2092,1616482340,NULL,'I',97,60,0,'9faab46fbcee6e1a99dd00de364689fc',NULL),(2093,1616482340,NULL,'I',97,61,0,'d300f1841e36c325b894d23396f1adcf',NULL),(2094,1616482340,NULL,'I',100,17,0,'c2b1ab859d93f6298fec20ddd9f9644a',NULL),(2095,1616482340,NULL,'I',99,37,0,'c7bb32f0c7fdf0304ea3ebffd68ac210',NULL),(2096,1616482340,NULL,'I',99,38,0,'fe81608352b03b798785679774833611',NULL),(2097,1616482340,NULL,'I',99,39,0,'ed603e9f186a30613b7c46492a1eee2a',NULL),(2098,1616482340,NULL,'I',99,40,0,'24d5547678270341a1ae8e25c6f544c8',NULL),(2099,1616482340,NULL,'I',97,62,0,'afd40a4da7ed8ebf8edd1396a4c79ae6',NULL),(2100,1616482340,NULL,'I',101,7,0,'cdac5a66be06939af5f0869dddf99ce4',NULL),(2101,1616482340,NULL,'I',100,18,0,'b2f8aede7f5461db97f00bc3832c7ccd',NULL),(2102,1616482340,NULL,'I',98,25,0,'6e1c9f492d125637b51afb836672c032',NULL),(2103,1616482340,NULL,'I',98,26,0,'1dba5073aac9e3d9f1ccb8faff21147c',NULL),(2104,1616482340,NULL,'I',98,27,0,'8dae9b8e2d96be38b23ef83427e6bd64',NULL),(2105,1616482340,NULL,'I',98,28,0,'e1df51ec7f8aa52c201728f4178abf7d',NULL),(2106,1616482341,NULL,'I',100,19,0,'3364bc9c66a7570d98b8c38c78d39b79',NULL),(2107,1616482341,NULL,'I',99,41,0,'aa1d9e4334218b2b3d1b90c0130ca836',NULL),(2108,1616482341,NULL,'I',97,63,0,'f0a651067890e8e4747ba50fde4a7c69',NULL),(2109,1616482341,NULL,'I',97,64,0,'ab82c9504cbab630a177ac57052020f6',NULL),(2110,1616482341,NULL,'I',97,65,0,'7fa09e36e4fb107a80d6f06584335e28',NULL),(2111,1616482341,NULL,'I',101,8,0,'99a027cb5d84e12e79c137349a08cd23',NULL),(2112,1616482341,NULL,'I',100,20,0,'f154b976f0d19977f7e165704b51d250',NULL),(2113,1616482341,NULL,'I',98,29,0,'4d091d5dfc53807e8a7ab33ab8f468f6',NULL),(2114,1616482341,NULL,'I',98,30,0,'48ca79ba33760f470ec6c0d42db16005',NULL),(2115,1616482341,NULL,'I',98,31,0,'a792e3cc1a9f1a6f0ac3e6bd10e3517a',NULL),(2116,1616482341,NULL,'I',98,32,0,'36cc70d67600ba8bc5f55e178d1454c7',NULL),(2117,1616482341,NULL,'I',100,21,0,'d25796955db415469f047aceb67403d0',NULL),(2118,1616482341,NULL,'I',99,42,0,'4ccc5d70389042c5d6a8102ec5235057',NULL),(2119,1616482341,NULL,'I',97,66,0,'b9433e7e9fc12d1e9e80f27b22de3148',NULL),(2120,1616482341,NULL,'I',97,67,0,'50592fc8d28ae2a7f8b875c3b33dcf32',NULL),(2121,1616482341,NULL,'I',97,68,0,'2f969cda05e52cd06ad163a3845f0713',NULL),(2122,1616482341,NULL,'I',97,69,0,'92c03632777acf55952f14aa483ca1d8',NULL),(2123,1616482341,NULL,'I',97,70,0,'6ac47de8b905323a4cb2a983754325db',NULL),(2124,1616482341,NULL,'I',97,71,0,'a0cb41bcdca10ba6b6edb7c5c2016e48',NULL),(2125,1616482341,NULL,'I',97,72,0,'5d754471375c68ce082bd5f8e33fb956',NULL),(2126,1616482341,NULL,'I',97,73,0,'61a02a367315ea428dcdf52487400f40',NULL),(2127,1616482341,NULL,'I',101,9,0,'bfc740c2ee259fc361230f4824e2c7fe',NULL),(2128,1616482341,NULL,'I',100,22,0,'d18e8e3afb8ad1ae815cca5189971472',NULL),(2129,1616482341,NULL,'I',98,33,0,'883fef17d226ec8cb7f072c2a3d3a5a4',NULL),(2130,1616482341,NULL,'I',98,34,0,'3d47e9dda55d14341b27db83b9ef8b35',NULL),(2131,1616482341,NULL,'I',98,35,0,'cb34480431874ea87101e868c1582fb9',NULL),(2132,1616482341,NULL,'I',98,36,0,'410ce66a46cb8a239125d20aee2731f1',NULL),(2133,1616482341,NULL,'I',100,23,0,'4794b91e9602d8f398b3a8641caa6ff6',NULL),(2134,1616482341,NULL,'I',99,43,0,'be45b8bff505936eb6e677953c189600',NULL),(2135,1616482341,NULL,'I',97,74,0,'9defe1dbd6e12d8495d62f3fafbe8335',NULL),(2136,1616482341,NULL,'I',97,75,0,'b4b1801ee1a5fb38ff56b83cd382982b',NULL),(2137,1616482341,NULL,'I',97,76,0,'0be651438aa0e30d8a6993a5ede9cf9a',NULL),(2138,1616482341,NULL,'I',97,77,0,'752dca79edb0b635b6680fd795569034',NULL),(2139,1616482341,NULL,'I',97,78,0,'a1bd1f384913d3f4334a7baeb6078262',NULL),(2140,1616482341,NULL,'I',97,79,0,'e3dd51b8b9e5afcf869a0fa0455636d0',NULL),(2141,1616482341,NULL,'I',97,80,0,'03e2df273c1af1d52c7bad1abca1eb0d',NULL),(2142,1616482341,NULL,'I',100,24,0,'a5fe62f0c27d1cf83f71b9eea5e4bf9c',NULL),(2143,1616482341,NULL,'I',99,44,0,'be6ec6662e9772a9d7eda5f43eab4000',NULL),(2144,1616482341,NULL,'I',99,45,0,'9549f15ba5f64310022a41ab17b1980e',NULL),(2145,1616482341,NULL,'I',99,46,0,'d05fe27587189de46344be670218acbf',NULL),(2146,1616482341,NULL,'I',99,47,0,'874e263b1e1084665ca3ea9ca4f8c0be',NULL),(2147,1616482341,NULL,'I',97,81,0,'125aaec99d199e4be9d4946dca7cac4c',NULL),(2148,1616482341,NULL,'I',101,10,0,'23a515b7a57b57eca7357f4c24fcb6f0',NULL),(2149,1616482341,NULL,'I',100,25,0,'cc68d4a5ab1e1fdcc849429acf8371db',NULL),(2150,1616482341,NULL,'I',98,37,0,'59bfe170fc14f08ed7c3627689471546',NULL),(2151,1616482341,NULL,'I',100,26,0,'43a086aa298e91233e051c4eaec37433',NULL),(2152,1616482341,NULL,'I',99,48,0,'25286c194c3842229290b846d2dc86da',NULL),(2153,1616482341,NULL,'I',97,82,0,'56bafb822d628c1a223ca2f71ca1c5ed',NULL),(2154,1616482341,NULL,'I',97,83,0,'9ade3748435dfa7c9eed00b7b708e02f',NULL),(2155,1616482341,NULL,'I',97,84,0,'40a87aaefc92c5c3df92de6d1cfc23fc',NULL),(2156,1616482341,NULL,'I',97,85,0,'11a970821fdef71603799bbf6e08da7c',NULL),(2157,1616482341,NULL,'I',97,86,0,'b92af294b99ad343bc9ee4977d76de78',NULL),(2158,1616482341,NULL,'I',97,87,0,'15f81827676c8fb10e96af3664a7aa03',NULL),(2159,1616482341,NULL,'I',101,11,0,'ca0032b65119a082964d6006ec53d653',NULL),(2160,1616482341,NULL,'I',100,27,0,'6672b401f9f6f515d64f7df23b901da4',NULL),(2161,1616482342,NULL,'I',98,38,0,'87db54acd1f47ef439df4d364f4fdc14',NULL),(2162,1616482342,NULL,'I',98,39,0,'90e5bf8bfc27fbcd3aa60f8aa798582c',NULL),(2163,1616482342,NULL,'I',98,40,0,'fe1a8fb48de967d26caa74222f52462d',NULL),(2164,1616482342,NULL,'I',98,41,0,'c0e6eb49de1c4981e3ee444c778d4b99',NULL),(2165,1616482342,NULL,'I',100,28,0,'b7812f5c5183aebbf3b1ff13488056b6',NULL),(2166,1616482342,NULL,'I',99,49,0,'41c750031691da40f975cf8cbac0141c',NULL),(2167,1616482342,NULL,'I',97,88,0,'efe74b694ffa6915daf9b0568c6cd446',NULL),(2168,1616482342,NULL,'I',97,89,0,'987d7d80624eaa4c6b68286bda80b8fa',NULL),(2169,1616482342,NULL,'I',97,90,0,'170b4bea3792e4ec372c233b9467369e',NULL),(2170,1616482342,NULL,'I',97,91,0,'73e6aa325d2f2a0be0356625a3393476',NULL),(2171,1616482342,NULL,'I',97,92,0,'8ec00511ead15dceb8d0d632e759d27c',NULL),(2172,1616482342,NULL,'I',97,93,0,'e9d3cc6dcabb963b4cf5035e0d4e81ae',NULL),(2173,1616482342,NULL,'I',97,94,0,'246bbda5fa09da517abb60743854817f',NULL),(2174,1616482342,NULL,'I',100,29,0,'d460e2c87f41c1d2d4303180496a65e9',NULL),(2175,1616482342,NULL,'I',99,50,0,'bd5149399cc88c5ff293a31c92cc1457',NULL),(2176,1616482342,NULL,'I',99,51,0,'24d988d2accc1214ea8c35041101734a',NULL),(2177,1616482342,NULL,'I',99,52,0,'dcfec69329f89b42fcb5342ec199d6f4',NULL),(2178,1616482342,NULL,'I',99,53,0,'e51cbeda56347cc5fcc5fe600e914234',NULL),(2179,1616482342,NULL,'I',101,12,0,'1b3bc956c73fc42db1ebd79bc1c69735',NULL),(2180,1616482342,NULL,'I',100,30,0,'cbc4f912913e08fdd2a980feb49eadd5',NULL),(2181,1616482342,NULL,'I',98,42,0,'f2fc1fb742e5a19b99e1a629b85759c9',NULL),(2182,1616482342,NULL,'I',100,31,0,'ef97a331ee7fe9b4bd139d8ca226b7ff',NULL),(2183,1616482342,NULL,'I',99,54,0,'82f93630959bbb231237bbc85ec39c07',NULL),(2184,1616482342,NULL,'I',97,95,0,'48d4cae2567ecdba5c6ddc8e402d7c10',NULL),(2185,1616482342,NULL,'I',97,96,0,'4c4b1b5aec1a27693d120680f9d466e3',NULL),(2186,1616482342,NULL,'I',97,97,0,'8a62b67bf2fae39a1c9cffbb25734a80',NULL),(2187,1616482342,NULL,'I',97,98,0,'32de49381ee6443b5d313b933f55489a',NULL),(2188,1616482342,NULL,'I',97,99,0,'1c96dde2a8ab13bad6454f331055162a',NULL),(2189,1616482342,NULL,'I',97,100,0,'b0d370c44f07c51aa02b4c90a253f890',NULL),(2190,1616482342,NULL,'I',97,101,0,'6b597e0f54e564cca300752c6266c035',NULL),(2191,1616482342,NULL,'I',97,102,0,'5fadb80d04864f23e30b182c21a4974d',NULL),(2192,1616482342,NULL,'I',100,32,0,'cedc999cae5a28b3465a9423268257a2',NULL),(2193,1616482342,NULL,'I',99,55,0,'ab8791d1d2a57d034744dd4c687803f2',NULL),(2194,1616482342,NULL,'I',99,56,0,'397a850faf9e845c1d4f02fbc9e2c456',NULL),(2195,1616482342,NULL,'I',99,57,0,'8b517541b3be974759b2fdf2cb15d31d',NULL),(2196,1616482342,NULL,'I',99,58,0,'c45fbef911916cbca17a297b07618c0e',NULL),(2197,1616482342,NULL,'I',97,103,0,'d6196bdf0635faa9023702cda52c2ef7',NULL),(2198,1616482342,NULL,'I',97,104,0,'b2563122d555a692a56c03a61d5911bd',NULL),(2199,1616482342,NULL,'I',97,105,0,'4d5a85739704c119b30dd2df3b2e01e7',NULL),(2200,1616482342,NULL,'I',97,106,0,'476f9bda3d425f4b25d33cd661395c57',NULL),(2201,1616482342,NULL,'I',97,107,0,'f71f41fd91fd5a0a03971a35c432bebd',NULL),(2202,1616482342,NULL,'I',97,108,0,'e2aa30ccc6f24779e3700ded93b616fc',NULL),(2203,1616482342,NULL,'I',100,33,0,'cc045226491165741306066590c81726',NULL),(2204,1616482342,NULL,'I',99,59,0,'b5ed85db5546f2cd0fab519f6b408fb2',NULL),(2205,1616482342,NULL,'I',99,60,0,'7d589202ef2256fa58f6a438dc820a32',NULL),(2206,1616482342,NULL,'I',99,61,0,'793e0704ff0f6dce3a0dcae0a2b55df1',NULL),(2207,1616482342,NULL,'I',99,62,0,'9c96db409bb7dd590f2820d626eaef2e',NULL),(2208,1616482342,NULL,'I',97,109,0,'4741250a461212602cff1907e61e0e07',NULL),(2209,1616482342,NULL,'I',101,13,0,'dac687e7446dbcbf63d14744fae0caf7',NULL),(2210,1616482342,NULL,'I',100,34,0,'fc3fda28514740a722d8873647ffd1f2',NULL),(2211,1616482342,NULL,'I',98,43,0,'65781c9a64d7df3c36077017ca7bf5a8',NULL),(2212,1616482342,NULL,'I',100,35,0,'98a1899460b0a5ef01799bc4d2a7626d',NULL),(2213,1616482342,NULL,'I',99,63,0,'d1ea61fe06e8283ac38c5c6be6dfa826',NULL),(2214,1616482342,NULL,'I',97,110,0,'d36904102b1e334479ef52d4d7375d83',NULL),(2215,1616482342,NULL,'I',97,111,0,'3f7e0ee326bdf27a3d200622afd9f895',NULL),(2216,1616482343,NULL,'I',97,112,0,'c5b36c4d9a164a7463a526e2aef30a97',NULL),(2217,1616482343,NULL,'I',97,113,0,'1107bbe6f5918cedecd4f120a245bf7c',NULL),(2218,1616482343,NULL,'I',97,114,0,'0880b67627b41bd4376fe534fe376f42',NULL),(2219,1616482343,NULL,'I',97,115,0,'2084a24108815e06b996b574976da054',NULL),(2220,1616482343,NULL,'I',101,14,0,'315a3d11bb640f163a8c5ed838f10598',NULL),(2221,1616482343,NULL,'I',100,36,0,'8807c220986e04613418523ad3fd4821',NULL),(2222,1616482343,NULL,'I',98,44,0,'e48cc41055d4300d9c44af1975902c9a',NULL),(2223,1616482343,NULL,'I',98,45,0,'efdf29a985512144e1a0799b1030909c',NULL),(2224,1616482343,NULL,'I',100,37,0,'9fc8c794146f488d4e22e3e56a699d13',NULL),(2225,1616482343,NULL,'I',99,64,0,'5a4b6dead51d0b80d35964d4e3a86326',NULL),(2226,1616482343,NULL,'I',99,65,0,'ade9e77fd23ca53c648be24f265ff2f6',NULL),(2227,1616482343,NULL,'I',97,116,0,'1e0da62765f9f5103f1d5a31ce61fd5a',NULL),(2228,1616482343,NULL,'I',97,117,0,'48295d6ebfb265e657019d24ea6d75ef',NULL),(2229,1616482343,NULL,'I',97,118,0,'117764586e3a8f589e73eb3b491ed86e',NULL),(2230,1616482343,NULL,'I',97,119,0,'d7d682e2614ad09c6402a8739e9dac7e',NULL),(2231,1616482343,NULL,'I',97,120,0,'4c1715e954bd32359b160944eaf87667',NULL),(2232,1616482343,NULL,'I',97,121,0,'7142034ec19ce9a4b6df0cd9b571db71',NULL),(2233,1616482343,NULL,'I',97,122,0,'57e2318d7b0e5436d1d416ae9fb10ca9',NULL),(2234,1616482343,NULL,'I',100,38,0,'6a35a00e4b10150e68922c87b63bb3cc',NULL),(2235,1616482343,NULL,'I',99,66,0,'8dbec8027b25e030de60dd12893647f7',NULL),(2236,1616482343,NULL,'I',99,67,0,'f20f433d999e6e905e9d1b17f6fd941c',NULL),(2237,1616482343,NULL,'I',97,123,0,'479f91e84c771237870681fd9eb86c7a',NULL),(2238,1616482343,NULL,'I',100,39,0,'5bfb126cf14a170025368a857dc8abc5',NULL),(2239,1616482343,NULL,'I',99,68,0,'40c13487bde914a85be7494030a50776',NULL),(2240,1616482343,NULL,'I',99,69,0,'d4d2833102872e8288360f7653ed52e2',NULL),(2241,1616482343,NULL,'I',97,124,0,'e96d11d5a9dfef73bfa5e91675a2740e',NULL),(2242,1616482343,NULL,'I',97,125,0,'976c8daf37a207b78bd841b2d4f11e46',NULL),(2243,1616482343,NULL,'I',97,126,0,'c72083b5a01cf73ea5aa5e9a8816d83e',NULL),(2244,1616482343,NULL,'I',97,127,0,'1882689405ee18e9573488180955308d',NULL),(2245,1616482343,NULL,'I',101,15,0,'ec6029e70f418ad5bc3352378eeae38c',NULL),(2246,1616482343,NULL,'I',100,40,0,'2e0d0deefc8ae3d3a9d9da6762021b5c',NULL),(2247,1616482343,NULL,'I',98,46,0,'050b88e36236186165710c8acacc6262',NULL),(2248,1616482343,NULL,'I',100,41,0,'b05bba51233e8ef8d5dff98056fcb1a9',NULL),(2249,1616482343,NULL,'I',99,70,0,'a300dbdeb261996125dbb1265b4cd195',NULL),(2250,1616482343,NULL,'I',97,128,0,'39861db2d0878e3d3ff5748d8b91a049',NULL),(2251,1616482343,NULL,'I',97,129,0,'4a44e03ee14a6dbb25b58e60bd1f0cc5',NULL),(2252,1616482343,NULL,'I',97,130,0,'1f30e58b0332dece869d6b0592bf4413',NULL),(2253,1616482343,NULL,'I',97,131,0,'e9261ffa40e6c1fe2c74814e3d592f78',NULL),(2254,1616482343,NULL,'I',97,132,0,'81248ac736911656d0a9127374fc236b',NULL),(2255,1616482343,NULL,'I',101,16,0,'c0469bd2ea77d71d62dc67dc7cfbc57a',NULL),(2256,1616482343,NULL,'I',100,42,0,'b6d78f24ab1cefee085384c3b25edaee',NULL),(2257,1616482343,NULL,'I',98,47,0,'40c5d53d644ecc2ccc3c45871c82b65f',NULL),(2258,1616482343,NULL,'I',98,48,0,'69b5a752b2e4c1341b7e96290478f8cb',NULL),(2259,1616482343,NULL,'I',100,43,0,'2d87ee3021fc7a90b13c1e8675865457',NULL),(2260,1616482343,NULL,'I',99,71,0,'277b88e1b2428202b40b840441fce891',NULL),(2261,1616482343,NULL,'I',99,72,0,'ad27bea478c10bbc12226d3f84523144',NULL),(2262,1616482344,NULL,'I',97,133,0,'d74683a66e00009ef7739304f3bc7c08',NULL),(2263,1616482344,NULL,'I',97,134,0,'ed48726d0b9fa1e22b3b85b4f46ded12',NULL),(2264,1616482344,NULL,'I',97,135,0,'06802c0c665b41be67de69a225294f65',NULL),(2265,1616482344,NULL,'I',97,136,0,'47de5aa95c3eb770c3c244dd37c1c0bc',NULL),(2266,1616482344,NULL,'I',97,137,0,'51a23fcf4a993a36af955f7b5c087de0',NULL),(2267,1616482344,NULL,'I',97,138,0,'2f86078c44a418f7630a12adbf3f6293',NULL),(2268,1616482344,NULL,'I',97,139,0,'eebb26caf960da90eb2007141259a87e',NULL),(2269,1616482344,NULL,'I',97,140,0,'fa27995102518cd8f9cf6a03836628ed',NULL),(2270,1616482344,NULL,'I',97,141,0,'d20f234082e344a25c3afd54158410a2',NULL),(2271,1616482344,NULL,'I',97,142,0,'d041fa7ef1141cbf362f235a5c9d1fa1',NULL),(2272,1616482344,NULL,'I',97,143,0,'acab9952b4e7ead1c5681e5dd223c261',NULL),(2273,1616482344,NULL,'I',100,44,0,'8f38a17fd0498caeeab96e932bbfeae1',NULL),(2274,1616482344,NULL,'I',99,73,0,'f5eae6eae2c790f324fe6d11742d8f8a',NULL),(2275,1616482344,NULL,'I',99,74,0,'596c9344dc6e1ee990068420c6e605fe',NULL),(2276,1616482344,NULL,'I',97,144,0,'d23e3f09951c489db0d9df7f9d60414c',NULL),(2277,1616482344,NULL,'I',97,145,0,'2c7064ffff46f0ab5dfa15a95a5a2c19',NULL),(2278,1616482344,NULL,'I',97,146,0,'c75df321cc86001fde7801940546505d',NULL),(2279,1616482344,NULL,'I',97,147,0,'83556d88356e25b6af4ec0a3dad46833',NULL),(2280,1616482344,NULL,'I',97,148,0,'c96fc6a6345ea6b04e89901599ba06b1',NULL),(2281,1616482344,NULL,'I',97,149,0,'5ba61eed288f3600809c41503e8ec37d',NULL),(2282,1616482344,NULL,'I',97,150,0,'f9597be5c2bcb40e04cbd99976364067',NULL),(2283,1616482344,NULL,'I',97,151,0,'25aaa7c5d3aa0ff7c53e9050d6dd3db2',NULL),(2284,1616482344,NULL,'I',97,152,0,'da32c290ed671a45c66f18e37e9c7293',NULL),(2285,1616482344,NULL,'I',100,45,0,'72db71332d15322891883a913b408c4c',NULL),(2286,1616482344,NULL,'I',99,75,0,'a4b565d0f3bd331cb14a4b35fec95111',NULL),(2287,1616482344,NULL,'I',99,76,0,'2b51c743b5dc8e72b2890459f3262613',NULL),(2288,1616482344,NULL,'I',97,153,0,'69872822f9c5d203c7a3d66f0634ab76',NULL),(2289,1616482344,NULL,'I',97,154,0,'120b4ec17d5fb60df9f912ba1d981ad9',NULL),(2290,1616482344,NULL,'I',97,155,0,'9262c7e0dd4ae3822100ba1cbb912753',NULL),(2291,1616482344,NULL,'I',97,156,0,'518fadd113dd2d915bcdb27ed564100a',NULL),(2292,1616482344,NULL,'I',100,46,0,'4f5b56c7c8b0b6d1ff36b5c204bdeb6b',NULL),(2293,1616482344,NULL,'I',99,77,0,'c328089e6f0635f9d0900c804b02f884',NULL),(2294,1616482344,NULL,'I',99,78,0,'496ae712e37c748d77a4660eb3102911',NULL),(2295,1616482344,NULL,'I',97,157,0,'29c8436aaf49e60e4f20e70bb0fa53cd',NULL),(2296,1616482344,NULL,'I',97,158,0,'99b448a80706e22ad4520b36a84a1ef4',NULL),(2297,1616482344,NULL,'I',97,159,0,'7ed8865ab2fa9663e50dd7518f026dc1',NULL),(2298,1616482344,NULL,'I',100,47,0,'a77a39cdcf3b4e07e61b011dc9f9476e',NULL),(2299,1616482344,NULL,'I',99,79,0,'b03ff2ec7c4accc6c77769699fc536f0',NULL),(2300,1616482344,NULL,'I',99,80,0,'7e99bc92fafbe8ad0614d5a388dd185e',NULL),(2301,1616482344,NULL,'I',97,160,0,'cb56b687dc3f9aed51d891e9cf4a90fb',NULL),(2302,1616482344,NULL,'I',97,161,0,'73280de2a41474c71f41533784dc8105',NULL),(2303,1616482344,NULL,'I',97,162,0,'8df86de4dc91934661671cf1f098e736',NULL),(2304,1616482344,NULL,'I',100,48,0,'acd43965d234d006ea8b9a0d83bdb0cb',NULL),(2305,1616482344,NULL,'I',99,81,0,'8e722ff2154139b70063763270d53da2',NULL),(2306,1616482344,NULL,'I',99,82,0,'fb9885340bb49778bf1c514f9d6aea5c',NULL),(2307,1616482344,NULL,'I',97,163,0,'babd0f530a7b6f01482167175313bac7',NULL),(2308,1616482344,NULL,'I',97,164,0,'f50b1a6b761b91a08424db9ae9ea3b85',NULL),(2309,1616482344,NULL,'I',100,49,0,'6be07dbe595ef40b7acaddb9c649da1e',NULL),(2310,1616482344,NULL,'I',99,83,0,'827211a5a296995ca46933c51e92254a',NULL),(2311,1616482344,NULL,'I',99,84,0,'560d1be0d2140191b501c8aa72f5d89a',NULL),(2312,1616482344,NULL,'I',97,165,0,'df31c0b52c599b4b544c589c4e561b43',NULL),(2313,1616482344,NULL,'I',97,166,0,'ed5fa8859a0f019bb36922b045525e79',NULL),(2314,1616482344,NULL,'I',97,167,0,'9bfb5f0b1e97bce8107a558e43255aac',NULL),(2315,1616482344,NULL,'I',97,168,0,'16c9392a9dc62fe9d78c1fde38a67088',NULL),(2316,1616482344,NULL,'I',97,169,0,'c82e7ac902f777fca49ed15cb118bcf6',NULL),(2317,1616482344,NULL,'I',100,50,0,'1940333cc54cadb2845341cbdf34d434',NULL),(2318,1616482344,NULL,'I',99,85,0,'eceb89d5274825efb3be8e05e755b568',NULL),(2319,1616482344,NULL,'I',97,170,0,'4cb30145389b0a0244f761f3f08db1db',NULL),(2320,1616482344,NULL,'I',97,171,0,'0532bbb82e7c83f80aa765dd7782aa4f',NULL),(2321,1616482344,NULL,'I',97,172,0,'86f39db72824275686a956fe027bd8dc',NULL),(2322,1616482344,NULL,'I',97,173,0,'1c322f5de2882597bab730bc8c44efe7',NULL),(2323,1616482344,NULL,'I',97,174,0,'946b724a7b1efd4a97bca7fd07ec5201',NULL),(2324,1616482344,NULL,'I',101,17,0,'db97008315cb3c88feb9b11e7e019cb4',NULL),(2325,1616482345,NULL,'I',100,51,0,'33b6dceff2f3c918eb7e0eca80cdde28',NULL),(2326,1616482345,NULL,'I',98,49,0,'982b07a73fdd691cbef996a11db8ea16',NULL),(2327,1616482345,NULL,'I',98,50,0,'85e390efd0505ec74b374d0f66fd1f65',NULL),(2328,1616482345,NULL,'I',100,52,0,'d27c2d1b12ded130ee0a85c2bb595957',NULL),(2329,1616482345,NULL,'I',99,86,0,'8582cdbbd6617c8b825751e73f325b08',NULL),(2330,1616482345,NULL,'I',99,87,0,'68d2a7481bfd0409b827261dbb8152f7',NULL),(2331,1616482345,NULL,'I',97,175,0,'486351227ce5805e2ac7351c58e5d4fc',NULL),(2332,1616482345,NULL,'I',97,176,0,'3f8ded94675099e4b9d61080ad161168',NULL),(2333,1616482345,NULL,'I',97,177,0,'f95b9777c0066dc5ea76f098f1d72b0b',NULL),(2334,1616482345,NULL,'I',97,178,0,'fef5e3fa6c94547d7c87b75d25f222f6',NULL),(2335,1616482345,NULL,'I',97,179,0,'110eebc2cc9a79acb378abeb86e7fe95',NULL),(2336,1616482345,NULL,'I',97,180,0,'41a3deb3940100a60d70757dfa7a70ec',NULL),(2337,1616482345,NULL,'I',97,181,0,'fb147c0417cce7e99a661e4835d6e613',NULL),(2338,1616482345,NULL,'I',100,53,0,'326a56206b5831d0f896083871be55ad',NULL),(2339,1616482345,NULL,'I',99,88,0,'3578b7602e0e52eff86e1629c1a2c7b0',NULL),(2340,1616482345,NULL,'I',99,89,0,'009d1ac2b410aa795b975980e25054af',NULL),(2341,1616482345,NULL,'I',97,182,0,'be61f0ff40de2493a07d94e3174afd50',NULL),(2342,1616482345,NULL,'I',97,183,0,'513eefd32fc092b6741c57e230725c1e',NULL),(2343,1616482345,NULL,'I',97,184,0,'5a315599fbb0b9ebde29bb8e804309a3',NULL),(2344,1616482345,NULL,'I',97,185,0,'8291c96823205584771570ee4cd140da',NULL),(2345,1616482345,NULL,'I',101,18,0,'424c6ba3013fa4502a00beaef76852ec',NULL),(2346,1616482345,NULL,'I',100,54,0,'ab31c9cbba4c994e551f5b2e6545ce85',NULL),(2347,1616482345,NULL,'I',98,51,0,'ccf4fdd3be8e2d31d97264c30db35349',NULL),(2348,1616482345,NULL,'I',98,52,0,'4007b1acccff184ca9914b361f80be65',NULL),(2349,1616482345,NULL,'I',100,55,0,'96c83e1e5d5dafa20ca86a3ebe782abb',NULL),(2350,1616482345,NULL,'I',99,90,0,'5d42cc6e34e0ec429b3b60c21af835f3',NULL),(2351,1616482345,NULL,'I',99,91,0,'bcd42c2eb8321ea829c7c40adbeda98f',NULL),(2352,1616482345,NULL,'I',97,186,0,'38ec22a93caa5fed868bb47d924a3925',NULL),(2353,1616482345,NULL,'I',97,187,0,'052dcb8b01324aba1e5ed44be5de7b30',NULL),(2354,1616482345,NULL,'I',97,188,0,'d3f2af4516e4a1f4339f67a0fb9dbf28',NULL),(2355,1616482345,NULL,'I',97,189,0,'71d0dd76e5167665ac8d87661bb027e4',NULL),(2356,1616482345,NULL,'I',97,190,0,'92a6beef9493c52eb89133eb4331b133',NULL),(2357,1616482345,NULL,'I',100,56,0,'cd52891f8f6b62fc72a9d149b9848d25',NULL),(2358,1616482345,NULL,'I',99,92,0,'45ca496ee3337bf12e5de5410876aa54',NULL),(2359,1616482345,NULL,'I',99,93,0,'fc791488da8fec80cb0d971ca547d934',NULL),(2360,1616482345,NULL,'I',97,191,0,'b0d4f664e0bd7a388bb2ab1de23c5618',NULL),(2361,1616482345,NULL,'I',97,192,0,'045ab54b1cbd7ca6597861a784cd66db',NULL),(2362,1616482345,NULL,'I',97,193,0,'f92e2b41f217862fd43fe446504eaf4e',NULL),(2363,1616482345,NULL,'I',97,194,0,'56a0b811df1313825c9317e4ec8b9aa9',NULL),(2364,1616482345,NULL,'I',100,57,0,'6703f154c81a2f2f07338036f968e0f6',NULL),(2365,1616482345,NULL,'I',99,94,0,'a5b515b25cda4191f11e53f56132d4b5',NULL),(2366,1616482345,NULL,'I',99,95,0,'dd707aaacbabcda6b2190688dddae749',NULL),(2367,1616482345,NULL,'I',97,195,0,'2cf1b8411ad207db45015bb36e74e6a3',NULL),(2368,1616482345,NULL,'I',97,196,0,'2bf72e6e903721e8add52da197ae9aa1',NULL),(2369,1616482345,NULL,'I',97,197,0,'22541c18f73627376912cb4dbaa3bb63',NULL),(2370,1616482345,NULL,'I',101,19,0,'f764a2f0f66dd7675191418b7542c1ea',NULL),(2371,1616482345,NULL,'I',100,58,0,'f14fdfeacb4f5bdd8c8d4b08643eac56',NULL),(2372,1616482345,NULL,'I',98,53,0,'d10ebe93a3ccfa2b13ae6143c464fc24',NULL),(2373,1616482345,NULL,'I',98,54,0,'0c98f46ce3d1b7b7f2e9e9668c807e85',NULL),(2374,1616482346,NULL,'I',100,59,0,'d074bf33ae9ef2614ae336099d2b19b2',NULL),(2375,1616482346,NULL,'I',99,96,0,'f3ab78070373f99d6f14f76d8cdfd4ad',NULL),(2376,1616482346,NULL,'I',99,97,0,'e4f4f04dc94e4cecb4f8d2e2a4ec658f',NULL),(2377,1616482346,NULL,'I',97,198,0,'5711f1dba82b96f6222902c31732566d',NULL),(2378,1616482346,NULL,'I',97,199,0,'c09e55624ba9b738dc0131dd16f8ebd6',NULL),(2379,1616482346,NULL,'I',97,200,0,'cf7cc0e6f95d2d96f29b7f81ed0f3241',NULL),(2380,1616482346,NULL,'I',97,201,0,'63233f971b85d6076f384dfc836eadf9',NULL),(2381,1616482346,NULL,'I',97,202,0,'d814ccc2ebd64955b1372e40e8c2c6f0',NULL),(2382,1616482346,NULL,'I',97,203,0,'47667b79f11de277eb3635ab2b063d90',NULL),(2383,1616482346,NULL,'I',100,60,0,'df2a5d401afe960baf6bc5c262e67484',NULL),(2384,1616482346,NULL,'I',99,98,0,'3070c7a353a50a56d3722cbf914f8cc4',NULL),(2385,1616482346,NULL,'I',99,99,0,'37af3264796da07f8fdaf5b8f21208e4',NULL),(2386,1616482346,NULL,'I',97,204,0,'523c270c53b6412ca8c73c7c0a120a13',NULL),(2387,1616482346,NULL,'I',97,205,0,'d5b56f3f068c4683c909658997d2456e',NULL),(2388,1616482346,NULL,'I',97,206,0,'86b8877e1098361615578ab54bec7b9e',NULL),(2389,1616482346,NULL,'I',97,207,0,'0941e2dea4254e476f87733b6a1a41c8',NULL),(2390,1616482346,NULL,'I',97,208,0,'e069ed8fa7f875a623feb129188402cc',NULL),(2391,1616482346,NULL,'I',100,61,0,'499684c31f7af20150daef9caf4f222c',NULL),(2392,1616482346,NULL,'I',99,100,0,'b56af6fd5957208fd8fc74495d3d08cb',NULL),(2393,1616482346,NULL,'I',99,101,0,'717dead8bc7c4a8e7632dfd20fce8d37',NULL),(2394,1616482346,NULL,'I',97,209,0,'9d89816b24cb0e00087a6dd84c1452e9',NULL),(2395,1616482346,NULL,'I',100,62,0,'d6027d0b651fb995bb75cfa32a3b091a',NULL),(2396,1616482346,NULL,'I',99,102,0,'24ce7f578c0d66ff455eb3ef447c8a7c',NULL),(2397,1616482346,NULL,'I',99,103,0,'ad5dce3b4f79e0ad78e60220fdd98b22',NULL),(2398,1616482346,NULL,'I',97,210,0,'52d322b228eb85028aa82112941cfec6',NULL),(2399,1616482346,NULL,'I',97,211,0,'2fc1e2beafcceee09af0735d1099acc3',NULL),(2400,1616482346,NULL,'I',101,20,0,'a1b3f54c01b975e0472c4de885a305cd',NULL),(2401,1616482346,NULL,'I',100,63,0,'ae6bb99bd872621ece73bf24658a881a',NULL),(2402,1616482346,NULL,'I',98,55,0,'2e01b874db4482d665dfbd571b572cc7',NULL),(2403,1616482346,NULL,'I',98,56,0,'d4bd3e15389e4676badee6c4ee232573',NULL),(2404,1616482346,NULL,'I',100,64,0,'e5f2ecc252f08d69d4808a57077a8e2e',NULL),(2405,1616482346,NULL,'I',99,104,0,'7c98200f2f59aa54e33866fd77e19d80',NULL),(2406,1616482346,NULL,'I',99,105,0,'ab22166660685666358c0c222b81dc39',NULL),(2407,1616482346,NULL,'I',97,212,0,'490b48f58f6508ae14acc0bd22c777b7',NULL),(2408,1616482346,NULL,'I',97,213,0,'b9628c00034989328b56b3b64358b3c1',NULL),(2409,1616482346,NULL,'I',97,214,0,'1ecee26bf81be4009817330eb51cf0fc',NULL),(2410,1616482346,NULL,'I',97,215,0,'6ab0a9693a16299bcbe86df0abe75c9f',NULL),(2411,1616482346,NULL,'I',100,65,0,'f6abb935683b8ba3d3712cf530a41e9f',NULL),(2412,1616482346,NULL,'I',99,106,0,'d6ab233d38a40a309c3ad01e27472f98',NULL),(2413,1616482346,NULL,'I',99,107,0,'e85faf56bd1d2f15521c9effc0339c59',NULL),(2414,1616482346,NULL,'I',97,216,0,'f0dfe0f9085645a3278a0b3b4d3a7de2',NULL),(2415,1616482346,NULL,'I',97,217,0,'bb44cbf71a78a72af7be6a034434b891',NULL),(2416,1616482346,NULL,'I',97,218,0,'61675c11ca6378d61e6311418cc8aba8',NULL),(2417,1616482346,NULL,'I',97,219,0,'8529a41615a9501524f4949c4c4e49ed',NULL),(2418,1616482346,NULL,'I',97,220,0,'ba7f00eea656bf17533e40074b699dcd',NULL),(2419,1616482346,NULL,'I',100,66,0,'a417e6f0563892c7b9cce9ae87e001f1',NULL),(2420,1616482346,NULL,'I',99,108,0,'3258a5714c2ca99edb31565c9807a582',NULL),(2421,1616482346,NULL,'I',99,109,0,'dc63415b0c3b704251bd35ad57e20660',NULL),(2422,1616482346,NULL,'I',97,221,0,'e2ed157603f94d0e811d59c711070df0',NULL),(2423,1616482347,NULL,'I',101,21,0,'9a045add5fcb9afd9540ce92d8fe8c03',NULL),(2424,1616482347,NULL,'I',100,67,0,'6af530a71734578941c18db4a9e37774',NULL),(2425,1616482347,NULL,'I',98,57,0,'b5ece71648b1a809dffcc57a05f2751e',NULL),(2426,1616482347,NULL,'I',98,58,0,'67cb7a3918d906636febb4c5c7706b82',NULL),(2427,1616482347,NULL,'I',100,68,0,'c11f877e46ffad318ac344045201519e',NULL),(2428,1616482347,NULL,'I',99,110,0,'97b44d455b85b0303ec8313e58a813d8',NULL),(2429,1616482347,NULL,'I',99,111,0,'b785ec6de868c8d3c4c68e3b22d7d18b',NULL),(2430,1616482347,NULL,'I',97,222,0,'04470313d626a9387922aa0d4d803866',NULL),(2431,1616482347,NULL,'I',97,223,0,'36e14ec10bd4314ecf87a56c81d87f48',NULL),(2432,1616482347,NULL,'I',97,224,0,'e3aeed930ab721c0267d7a771dcb4e10',NULL),(2433,1616482347,NULL,'I',97,225,0,'88885288e824b0fb9767b140d0b0aef2',NULL),(2434,1616482347,NULL,'I',100,69,0,'0f895e23896472b08bb98973a96c12a3',NULL),(2435,1616482347,NULL,'I',99,112,0,'74ca266f55c98f29f423a9a7aae91523',NULL),(2436,1616482347,NULL,'I',97,226,0,'29b7bdd0031f9d9d0f228528e0c08a76',NULL),(2437,1616482347,NULL,'I',97,227,0,'7831a997adfeaae64f6dcd341a1878cb',NULL),(2438,1616482347,NULL,'I',100,70,0,'6a28178dfa634e9d5064e695d85bd63b',NULL),(2439,1616482347,NULL,'I',99,113,0,'2abc66a700911583595b3e06b9648d57',NULL),(2440,1616482347,NULL,'I',97,228,0,'1bd968f1f3e6b5db169efbf80401e520',NULL),(2441,1616482347,NULL,'I',101,22,0,'663744adf57c560ec965c5836ac85807',NULL),(2442,1616482347,NULL,'I',100,71,0,'3544a5a41b6f0babbf847b5c1e280b7f',NULL),(2443,1616482347,NULL,'I',98,59,0,'b3382c385f40d68dd005661f0b2e30cf',NULL),(2444,1616482347,NULL,'I',98,60,0,'fcd8cbf0776bd97ec6376f0d7e98cbe7',NULL),(2445,1616482347,NULL,'I',100,72,0,'a56d71736020c12ddc13750a0208607a',NULL),(2446,1616482347,NULL,'I',99,114,0,'a81468f3e81ed104a2e5784ee57c54c6',NULL),(2447,1616482347,NULL,'I',99,115,0,'ca20704cdf6d63ddb181db6d6062e204',NULL),(2448,1616482347,NULL,'I',97,229,0,'e3afd8c882e126fd0227e88f77fe82da',NULL),(2449,1616482347,NULL,'I',97,230,0,'64632f16e6e162567456fe8ec769e6c1',NULL),(2450,1616482347,NULL,'I',97,231,0,'3bb5e97118aefe2879eb7c410eae0e7a',NULL),(2451,1616482347,NULL,'I',97,232,0,'7bb7eb3954bcab9842746695b4a77f10',NULL),(2452,1616482347,NULL,'I',97,233,0,'78e3433f45246279510e7823a40fae33',NULL),(2453,1616482347,NULL,'I',97,234,0,'401c0a28f8394637ea290d53147d62de',NULL),(2454,1616482347,NULL,'I',100,73,0,'1016c4d6ea336fdfeba883043131da6b',NULL),(2455,1616482347,NULL,'I',99,116,0,'4f6087f750c41bccb38f57efe304d618',NULL),(2456,1616482347,NULL,'I',99,117,0,'a91bba237da50a242c7a088e4eb552a7',NULL),(2457,1616482347,NULL,'I',97,235,0,'49fa9d9bed6dab3821a8cd51a610ece1',NULL),(2458,1616482347,NULL,'I',97,236,0,'1102cb6515f0c4f4ac18ef7f8c320763',NULL),(2459,1616482347,NULL,'I',100,74,0,'ded53e5e3d50531d9e51b81f7748b912',NULL),(2460,1616482347,NULL,'I',99,118,0,'95085db60571b5546a124e3d2f5dbcf9',NULL),(2461,1616482347,NULL,'I',99,119,0,'9eadda0bbb7754b2b078a4a491b4252f',NULL),(2462,1616482347,NULL,'I',97,237,0,'aba21c4a3026f72475022ae5b2e47f44',NULL),(2463,1616482347,NULL,'I',97,238,0,'bcf398fac3657b33ab7ba5909b9c35a3',NULL),(2464,1616482347,NULL,'I',100,75,0,'090f622ce1b2a6f809d0db37d7372070',NULL),(2465,1616482347,NULL,'I',99,120,0,'09a69e0e92d08003a50e64193f982bd2',NULL),(2466,1616482347,NULL,'I',99,121,0,'36fbc91b6774ae5134267a6994cee2c0',NULL),(2467,1616482347,NULL,'I',97,239,0,'139625a3c1d50f0326914aa0e4976d38',NULL),(2468,1616482347,NULL,'I',97,240,0,'70ce74b66b1d64243f292b510228d24d',NULL),(2469,1616482347,NULL,'I',101,23,0,'689f1d369b1fa74e547d238dc1204fe4',NULL),(2470,1616482347,NULL,'I',100,76,0,'c3a0b2ea0d2127f3d1d787febc83c070',NULL),(2471,1616482347,NULL,'I',98,61,0,'baa7a447d6346a31c809fe31478127bd',NULL),(2472,1616482347,NULL,'I',98,62,0,'8ed1b11b1505251c3313ae1775075d22',NULL),(2473,1616482347,NULL,'I',100,77,0,'ec7a7e821da13a17f9898f069f5ffeb2',NULL),(2474,1616482347,NULL,'I',99,122,0,'39512a8ffa243c033ae1a128775b8108',NULL),(2475,1616482347,NULL,'I',99,123,0,'0070e32d47727ffb6be3ae28bdc5016d',NULL),(2476,1616482347,NULL,'I',97,241,0,'b5775ab70a3a637cb048e0c3d2468a7b',NULL),(2477,1616482347,NULL,'I',97,242,0,'71203dfd1496a5b03b1bd27fcd9e2616',NULL),(2478,1616482347,NULL,'I',97,243,0,'ecda727b58f677437e3cc066e69ee536',NULL),(2479,1616482347,NULL,'I',97,244,0,'ffdcc4ee9add421ba800f0c3c5b5594f',NULL),(2480,1616482347,NULL,'I',100,78,0,'9d4b4033be84fd18113268ecb6494e17',NULL),(2481,1616482347,NULL,'I',99,124,0,'db7c1ab4e115c89bfe85f18106ca9529',NULL),(2482,1616482347,NULL,'I',99,125,0,'f70c88585cd47ab2034be52dfa2f81d1',NULL),(2483,1616482347,NULL,'I',97,245,0,'71e8970b3a45a0d559eae4f464f75221',NULL),(2484,1616482348,NULL,'I',101,24,0,'b22c24de267a371183603832d9ba3333',NULL),(2485,1616482348,NULL,'I',100,79,0,'690a01a588bcf9c393aecfbe186caec3',NULL),(2486,1616482348,NULL,'I',98,63,0,'a744877fda35a251c80892453effcbbf',NULL),(2487,1616482348,NULL,'I',198,1,0,'e2baefa0987f245c0d0a269fd1b38b9d',NULL),(2488,1616482348,NULL,'I',100,80,0,'03c43ff34ccf6ecbdcd2c21e89b2242f',NULL),(2489,1616482348,NULL,'I',99,126,0,'aec1427423985c5fc0d16957887fb9fe',NULL),(2490,1616482348,NULL,'I',97,246,0,'1723bd02074e02935b2ad69cd5b3944e',NULL),(2491,1616482348,NULL,'I',97,247,0,'46bc5d625b52cc753a5c7e9eaac9e84d',NULL),(2492,1616482348,NULL,'I',97,248,0,'a9e56e2b08f513dccd192a00419a8ff9',NULL),(2493,1616482348,NULL,'I',97,249,0,'c83fe0b98a1309cd73fb15458f402ee9',NULL),(2494,1616482348,NULL,'I',97,250,0,'6bb81c9f838e874d270551929632df6d',NULL),(2495,1616482348,NULL,'I',151,1,0,'7ff91cea00b7aa416d9574c2de903ec7',NULL),(2496,1616482348,NULL,'I',101,25,0,'b9f2e2995e4abd958113e4b9fed5fa27',NULL),(2497,1616482348,NULL,'I',100,81,0,'4ccff9b19ba220eb3486e0ad3ce473bc',NULL),(2498,1616482348,NULL,'I',98,64,0,'b7754337f47e997d58b36977843dfd67',NULL),(2499,1616482348,NULL,'I',100,82,0,'c17d21bd317b808b8782fcfb99514713',NULL),(2500,1616482348,NULL,'I',99,127,0,'fdd1394152f07ca44b0c3b051a89b2f5',NULL),(2501,1616482348,NULL,'I',97,251,0,'d521fab71805f4714058c0ef3984986b',NULL),(2502,1616482348,NULL,'I',101,26,0,'9d839c13ee33c3819a4f9a0b86d2893e',NULL),(2503,1616482348,NULL,'I',100,83,0,'8618d0b55952766a965a3a889d0c803c',NULL),(2504,1616482348,NULL,'I',98,65,0,'3914e73d24e653428e6c87e0e5d6417c',NULL),(2505,1616482348,NULL,'I',100,84,0,'e8dfd81af95d157abadaf9f5cc4796b1',NULL),(2506,1616482348,NULL,'I',99,128,0,'8b8ea4d7229dbd55bd955d350ae55895',NULL),(2507,1616482348,NULL,'I',97,252,0,'0be7a1a40f02fa7d8c3f5a67cb45f89f',NULL),(2508,1616482348,NULL,'I',101,27,0,'39df279675f8ed6ee804629ebd509050',NULL),(2509,1616482348,NULL,'I',100,85,0,'4ad21d8bfff03b9f851a136adaffd565',NULL),(2510,1616482348,NULL,'I',98,66,0,'eb7f3c2c4929708c2f001275738e8de4',NULL),(2511,1616482348,NULL,'I',100,86,0,'36041c4290e2a5f5b1f6dcbaea576958',NULL),(2512,1616482348,NULL,'I',99,129,0,'6d98d4d55e03719ef4d366b2dd6e203b',NULL),(2513,1616482348,NULL,'I',97,253,0,'c8a754d59cfc97e2453094bbdccbb953',NULL),(2514,1616482348,NULL,'I',97,254,0,'ba8644e415e510f51a18c23be1834d8f',NULL),(2515,1616482348,NULL,'I',97,255,0,'7f42220ad67a39b58e14538a9d2e9917',NULL),(2516,1616482348,NULL,'I',97,256,0,'a3e715ac4a18376bf9ae31a0da4582e0',NULL),(2517,1616482348,NULL,'I',97,257,0,'7cfcae58ee1216aad0dd094703c20aac',NULL),(2518,1616482348,NULL,'I',97,258,0,'285f52643b1af4e18105d7d2c68c90d1',NULL),(2519,1616482348,NULL,'I',97,259,0,'e0181c532e01f45fc4c5142c54a090cf',NULL),(2520,1616482348,NULL,'I',97,260,0,'91ca29360ac2f2ecf2b38b79a553dd91',NULL),(2521,1616482348,NULL,'I',97,261,0,'91c435675e549bd4168bc9f9453e50a4',NULL),(2522,1616482348,NULL,'I',101,28,0,'254c1fb176c2545b004bf938c7d92387',NULL),(2523,1616482348,NULL,'I',100,87,0,'76c37c96682605400c12363022f76db0',NULL),(2524,1616482348,NULL,'I',98,67,0,'5df4aadde919ecb00ba184bc8b14faf0',NULL),(2525,1616482348,NULL,'I',100,88,0,'0576d1ff43d78df160dfdaff40cab92f',NULL),(2526,1616482348,NULL,'I',99,130,0,'f25453456d83a5a5d786a6e081452648',NULL),(2527,1616482348,NULL,'I',97,262,0,'875b4d8f941605895e302578d4007237',NULL),(2528,1616482348,NULL,'I',97,263,0,'4534969711d54a26e5fb2952cb59ebe2',NULL),(2529,1616482348,NULL,'I',97,264,0,'84b6d995ed1e94ed4900043fc6c2f0c4',NULL),(2530,1616482348,NULL,'I',97,265,0,'f67e70e6317e2860f42a94c162bea97c',NULL),(2531,1616482348,NULL,'I',97,266,0,'6ee9e6858dff8f61c57f0b9032329522',NULL),(2532,1616482348,NULL,'I',97,267,0,'2933f4217a3878d9ea713fd28462e06a',NULL),(2533,1616482348,NULL,'I',97,268,0,'efb75aa5995fc8880e4da290100986ba',NULL),(2534,1616482348,NULL,'I',97,269,0,'584ea0490170ec722317fdf919365a1a',NULL),(2535,1616482348,NULL,'I',97,270,0,'92d176a26fa9f424f650eee6bdfa4909',NULL),(2536,1616482348,NULL,'I',101,29,0,'6fb3fee1f37fbca577fb9687a660ed03',NULL),(2537,1616482348,NULL,'I',100,89,0,'c1773b1c32f88055977edb759b9cace8',NULL),(2538,1616482348,NULL,'I',98,68,0,'71db8568f2be77d87d0f28be9096527a',NULL),(2539,1616482348,NULL,'I',100,90,0,'6f42e7c20af44e19fc1c0e9f1ffaa626',NULL),(2540,1616482348,NULL,'I',99,131,0,'18f016d5a4bc4b326cddccb3f334d1e8',NULL),(2541,1616482348,NULL,'I',97,271,0,'e1074ede60e69a9e30ede58de29ca228',NULL),(2542,1616482348,NULL,'I',151,2,0,'51d0e69450783c3206d05fcd5f29fe50',NULL),(2543,1616482348,NULL,'I',124,1,0,'0cec68bd75b1a09dcd022a985140b1f2',NULL),(2544,1616482348,NULL,'I',126,1,0,'e83a63eebd485dacdd1ee01957973686',NULL),(2545,1616482349,NULL,'I',125,1,0,'b7c0175b3dc7bf444adf5652a4b4fcb6',NULL),(2546,1616482349,NULL,'I',125,2,0,'ccc038ba3670dcbdac6159f5ecef78a2',NULL),(2547,1616482349,NULL,'I',125,3,0,'7cf88f02bf3dde868294be5a1a30fe9f',NULL),(2548,1616482349,NULL,'I',125,4,0,'d2c1932b00217c5b53a7b220435015f1',NULL),(2549,1616482349,NULL,'I',125,5,0,'f4dc758c115f710f9d6bcc51963878c7',NULL),(2550,1616482349,NULL,'I',125,6,0,'8ee8e49c90c37bee3341c3ad79522be2',NULL),(2551,1616482349,NULL,'I',125,7,0,'f78e50140ed27b3afef6bae0acdab2d1',NULL),(2552,1616482349,NULL,'I',125,8,0,'a4d4cda4064de883deb980da5de3d42d',NULL),(2553,1616482349,NULL,'I',125,9,0,'702c2656a5a0e4a1a9324c14eb979dd5',NULL),(2554,1616482349,NULL,'I',125,10,0,'f8c27e355fb3dd57e71c69f5f51481a6',NULL),(2555,1616482349,NULL,'I',125,11,0,'69591abd1f2ce8e88f89323bbda08143',NULL),(2556,1616482349,NULL,'I',212,1,0,'ee29c23f10f9043137240de264c10fe2',NULL),(2557,1616482349,NULL,'I',212,2,0,'8e17e0f66663b6e08748c29146b0ec3d',NULL),(2558,1616482349,NULL,'I',212,3,0,'8e931135f1e21a12ac45a9fafedcd5b1',NULL),(2559,1616482349,NULL,'I',212,4,0,'8d90b55e5a658bf79a20a81ef923f38b',NULL),(2560,1616482349,NULL,'I',149,1,0,'ebfe5d8212552bfd0943ed9c6ba64d63',NULL),(2561,1616482349,NULL,'I',124,2,0,'a1a7d5d8bb7171c792df0df8d15d9054',NULL),(2562,1616482349,NULL,'I',126,2,0,'22f79dfa57b0383efff32fda13babb32',NULL),(2563,1616482349,NULL,'I',125,12,0,'c06a226fb3816aa5417f045bedc6134d',NULL),(2564,1616482349,NULL,'I',125,13,0,'413d9449afb7b4f3eb1b85e3bcbd1da5',NULL),(2565,1616482349,NULL,'I',125,14,0,'c71cab770e8cdf0fa02187fda005a990',NULL),(2566,1616482349,NULL,'I',125,15,0,'03579f6f23784f7d245dde45d68a6d15',NULL),(2567,1616482349,NULL,'I',125,16,0,'91feb403708f8f1633ee08017a0092f3',NULL),(2568,1616482349,NULL,'I',212,5,0,'aaac5118ceddf8f8bba0aa92fa8eb5a0',NULL),(2569,1616482349,NULL,'I',149,2,0,'a3032a8756b59ef0cdc1455e29d30fb3',NULL),(2570,1616482349,NULL,'I',124,3,0,'56fde99b2ea9a648c8e8aa55128819df',NULL),(2571,1616482349,NULL,'I',126,3,0,'cd4e6f6a447fd547899bc3df6f8beae2',NULL),(2572,1616482349,NULL,'I',125,17,0,'07efc38205a63a8b4dd685833a504d18',NULL),(2573,1616482349,NULL,'I',125,18,0,'884cae10d34b87fb8e9329e03bab9a26',NULL),(2574,1616482349,NULL,'I',125,19,0,'9dce214f28ae28004585258a727fc876',NULL),(2575,1616482349,NULL,'I',125,20,0,'e9abd6b573d306cb1a8257c784fcba6a',NULL),(2576,1616482349,NULL,'I',149,3,0,'99dfaebd058c9aa569406bedbc80d97e',NULL),(2577,1616482349,NULL,'I',124,4,0,'3eb7d4c543bea8b27103d5876f4de046',NULL),(2578,1616482349,NULL,'I',126,4,0,'bdad4565dc610dd67b63fc5ce48e8d34',NULL),(2579,1616482349,NULL,'I',125,21,0,'076cad49a5a85e586fb2ba866af126cc',NULL),(2580,1616482349,NULL,'I',125,22,0,'0f39ef2032d51d5cb3ceccfdd7c6ceb3',NULL),(2581,1616482349,NULL,'I',125,23,0,'4e23b18a80f3e0ec6ff366723fb4b61d',NULL),(2582,1616482349,NULL,'I',125,24,0,'b2b139547a955140147357d67fdc3079',NULL),(2583,1616482349,NULL,'I',125,25,0,'0c828b8d81eff631f26d8c339c75c5b9',NULL),(2584,1616482349,NULL,'I',125,26,0,'703835e5542588cddeacd356e2d660b2',NULL),(2585,1616482349,NULL,'I',125,27,0,'835756c265f79fc88875be53d5ca7e40',NULL),(2586,1616482349,NULL,'I',125,28,0,'aa0ef4587eec3c6187a20a253f09f877',NULL),(2587,1616482349,NULL,'I',125,29,0,'5d960e5a328c0fe6f1f600dcd084730a',NULL),(2588,1616482349,NULL,'I',125,30,0,'ebb0512c64903b304f1840471ad47d5a',NULL),(2589,1616482349,NULL,'I',125,31,0,'c5f46ce1cec88f879f15850906321ace',NULL),(2590,1616482349,NULL,'I',121,1,0,'0843ec8fb91a0cf42adfc48b975a5059',NULL),(2591,1616482349,NULL,'I',122,1,0,'85107ec3526f0e42820ba443cea25c24',NULL),(2592,1616482349,NULL,'I',122,2,0,'1cba04c0c900f9e70d11a5cf6e5a3dcd',NULL),(2593,1616482349,NULL,'I',152,1,0,'d5a75a457de54ae2078676595e020681',NULL),(2594,1616482349,NULL,'I',152,2,0,'9362fff3a7533114d8a836b41374c21f',NULL),(2595,1616482349,NULL,'I',152,3,0,'7660a9d0440cfa46ac86f84bbd1d7853',NULL),(2596,1616482349,NULL,'I',152,4,0,'4806b0bae61ce41653bbc5e513c37995',NULL),(2597,1616482349,NULL,'I',152,5,0,'4030df062a69f47c2d4d76b3628148a1',NULL),(2598,1616482349,NULL,'I',152,6,0,'24696070cd5bd610525c0af068b498c4',NULL),(2599,1616482349,NULL,'I',152,7,0,'592cbb3ab1443ea51913d1cc15471b98',NULL),(2600,1616482349,NULL,'I',152,8,0,'389e6dde0fde91a733aa67d5fda955be',NULL),(2601,1616482349,NULL,'I',152,9,0,'f09bef097bece8ac833dff6ca44774ab',NULL),(2602,1616482349,NULL,'I',121,2,0,'fd9395a923ac58b0f738d89465e1c706',NULL),(2603,1616482349,NULL,'I',122,3,0,'0b6bca004c147ae5ac5bb74593259f2e',NULL),(2604,1616482349,NULL,'I',122,4,0,'73f795da9c8313f2653b73a1a99eb39c',NULL),(2605,1616482349,NULL,'I',152,10,0,'42cc457836ebbdefafa803a9f3b71860',NULL),(2606,1616482349,NULL,'I',152,11,0,'5984539d4a1fe76567b62fb6d9005af4',NULL),(2607,1616482349,NULL,'I',152,12,0,'b40faf1e58383085d2ff9f6627583855',NULL),(2608,1616482349,NULL,'I',152,13,0,'a93e43bd2e20c5e6357484c8f1be1204',NULL),(2609,1616482349,NULL,'I',152,14,0,'42f2b6c4c828d220424799c72962b4e7',NULL),(2610,1616482349,NULL,'I',121,3,0,'76ede47c305566068b7106bbb34bd2fb',NULL),(2611,1616482349,NULL,'I',122,5,0,'8ff93c78a80ff97a74d09e6c82563f92',NULL),(2612,1616482349,NULL,'I',122,6,0,'fa6522b417a4a0dad45ecf3749fb1fbe',NULL),(2613,1616482350,NULL,'I',122,7,0,'76829b1203a2dd6d93dc5277f5225663',NULL),(2614,1616482350,NULL,'I',152,15,0,'d27732eb338802c0ded8de1bd6a811a1',NULL),(2615,1616482350,NULL,'I',152,16,0,'39f460f86123e791d81171e1ff867487',NULL),(2616,1616482350,NULL,'I',152,17,0,'069a73737f393544cc74c403e088f469',NULL),(2617,1616482350,NULL,'I',152,18,0,'9b40cada3f47439180e06865cc18936e',NULL),(2618,1616482350,NULL,'I',152,19,0,'0fac0577d43c32e2264b93edea7b542a',NULL),(2619,1616482350,NULL,'I',121,4,0,'cf70b210f2e02c47be22f75dd0643539',NULL),(2620,1616482350,NULL,'I',122,8,0,'106279061840783366f963f020eb12c1',NULL),(2621,1616482350,NULL,'I',122,9,0,'f08d0eca258f7f3a7c4fa9a90c4491ea',NULL),(2622,1616482350,NULL,'I',122,10,0,'fdeedab1f58a0dfda32bf4718ff47222',NULL),(2623,1616482350,NULL,'I',152,20,0,'98efc3ca8551a9ae9bd54c48b1da1b98',NULL),(2624,1616482350,NULL,'I',152,21,0,'8cc9989c8d34e55e60c1a6f5b0e2a0f8',NULL),(2625,1616482350,NULL,'I',152,22,0,'081a29d56c82b26d7d481e4e4a47af94',NULL),(2626,1616482350,NULL,'I',152,23,0,'083e814f7415f64ae83c3c9ae133f5b7',NULL),(2627,1616482350,NULL,'I',121,5,0,'e6638d6246871448a1fba6aae305b1b6',NULL),(2628,1616482350,NULL,'I',122,11,0,'0fe3be524f460151be2e75f0edfc4414',NULL),(2629,1616482350,NULL,'I',122,12,0,'59fea4f60fbe325eda7f1fdc23ec44cc',NULL),(2630,1616482350,NULL,'I',122,13,0,'3113e9112948a682aba76fc18aa721ab',NULL),(2631,1616482350,NULL,'I',152,24,0,'6a211173a50b4b6e4038f5896c76f319',NULL),(2632,1616482350,NULL,'I',152,25,0,'259462605127da7b138d836c242274ec',NULL),(2633,1616482350,NULL,'I',152,26,0,'9a2fcdcb824c37d17b7cd9341b266357',NULL),(2634,1616482350,NULL,'I',152,27,0,'cbf798548742537ec5bb6b684db9351b',NULL),(2635,1616482350,NULL,'I',152,28,0,'443dcb9a42e991aac7c3a7f16ff99ff8',NULL),(2636,1616482350,NULL,'I',121,6,0,'4944092567f9901be55c4ee37afb0c67',NULL),(2637,1616482350,NULL,'I',122,14,0,'41aea6683bc3276d81ed8a81883893ac',NULL),(2638,1616482350,NULL,'I',122,15,0,'7f14b2ca2c26a621f7ed5772676e90c4',NULL),(2639,1616482350,NULL,'I',122,16,0,'f8303accedfbda154e2e9986a0aec682',NULL),(2640,1616482350,NULL,'I',152,29,0,'ec035194b2d89c5262fab17dcc5b8e06',NULL),(2641,1616482350,NULL,'I',152,30,0,'0347fbf078be3e6b1d5cf536e19889df',NULL),(2642,1616482350,NULL,'I',121,7,0,'f6c305f82397e57219aadf3109799cd8',NULL),(2643,1616482350,NULL,'I',122,17,0,'c111d9c9f22abbbb94d75e335c472e4c',NULL),(2644,1616482350,NULL,'I',122,18,0,'21232d63e2d12cb8c3106bacafb8851e',NULL),(2645,1616482350,NULL,'I',122,19,0,'b70bdb1eadf9af2d0109ff15ac78f6a9',NULL),(2646,1616482350,NULL,'I',152,31,0,'bce349f51a684146da667199d0e819be',NULL),(2647,1616482350,NULL,'I',152,32,0,'e8d993dbf23db56c6f0db65ad52d7fbb',NULL),(2648,1616482350,NULL,'I',152,33,0,'4b8cd82eaeafbaf095abd65b3433141a',NULL),(2649,1616482350,NULL,'I',121,8,0,'7e414f969f542a0e1e011450d8f13f76',NULL),(2650,1616482350,NULL,'I',122,20,0,'620c7dcbb12048c03a599d8f04d03f56',NULL),(2651,1616482350,NULL,'I',122,21,0,'656f696fb33f1ae09e58e71c7dba84a4',NULL),(2652,1616482350,NULL,'I',152,34,0,'ee690f36ff5292e38cf982e4a4a33860',NULL),(2653,1616482350,NULL,'I',152,35,0,'1398e8697ba0323754f4b56b91fa8564',NULL),(2654,1616482350,NULL,'I',152,36,0,'84a547c2993ea4f04c0b903b69cd192a',NULL),(2655,1616482350,NULL,'I',152,37,0,'0e7e402226087aa46e1b4b6833ae7001',NULL),(2656,1616482350,NULL,'I',152,38,0,'9fceb1203f9ba901604eabc13baeaafc',NULL),(2657,1616482350,NULL,'I',121,9,0,'1009643be3fa51076dcab79cd0023e72',NULL),(2658,1616482350,NULL,'I',122,22,0,'7430814dde58ed9031ecc3f032b45c67',NULL),(2659,1616482350,NULL,'I',152,39,0,'6ecd7c1b34825dc67423a6194d53959d',NULL),(2660,1616482350,NULL,'I',152,40,0,'c0a3c0125cef51d6968c6b40686da4f4',NULL),(2661,1616482350,NULL,'I',16,1,0,'8b7be8ee45887c173983380103e388be',NULL),(2662,1616482350,NULL,'I',148,1,0,'3d93a398f4abf3d15f627b02f25dce64',NULL),(2663,1616482350,NULL,'I',89,1,0,'24af883d518fd4aabd3b0407f0831668',NULL),(2664,1616489776,1,'I',94,2,0,'f213e3713e05c0444783613bd661425d',NULL);
/*!40000 ALTER TABLE `ca_change_log` ENABLE KEYS */;
UNLOCK TABLES;

--
-- Table structure for table `ca_change_log_snapshots`
--

DROP TABLE IF EXISTS `ca_change_log_snapshots`;
/*!40101 SET @saved_cs_client     = @@character_set_client */;
/*!40101 SET character_set_client = utf8 */;
CREATE TABLE `ca_change_log_snapshots` (
  `log_id` bigint(20) NOT NULL,
  `snapshot` longblob NOT NULL,
  KEY `i_log_id` (`log_id`),
  CONSTRAINT `fk_ca_change_log_snaphots_log_id` FOREIGN KEY (`log_id`) REFERENCES `ca_change_log` (`log_id`)
) ENGINE=InnoDB DEFAULT CHARSET=utf8;
/*!40101 SET character_set_client = @saved_cs_client */;

--
-- Dumping data for table `ca_change_log_snapshots`
--

LOCK TABLES `ca_change_log_snapshots` WRITE;
/*!40000 ALTER TABLE `ca_change_log_snapshots` DISABLE KEYS */;
INSERT INTO `ca_change_log_snapshots` VALUES (1,'x-K\n!D\'HBd+Hi0-B\r=qJq\nV<A@=^AJyv2klZeZ.7>1g/U2Zm+y+hDQ0h'),(2,'x-\n1%O OzE<	ln63[-PN^\"8\\	z<!\\h.r#tZ3}QunhZ}+?m*e&? W0'),(3,'x-\n0_E9IduMrHo|3^ LxFPz349&\rkIGC\'\ri#kWc[U0sm\'-fXG$\Z53'),(4,'x-;1lcS]quX\rQMafO)xEHeq2\'W.{Epyns+50nKFE:5W{>*\0}\'`)[G$\Z\04'),(5,'x-K!Dbz1~+NHM24c^*^RfJF&< ==4OZH$nKJEp?8#pk2d+[7oyLJ)\Z%+|?4'),(6,'x-\n1DEDNT}X6k.p&l\nLa3#>4\rL!D4RZE%g	<m:<.E_\'jXu]hK`.ZRLJs5D5'),(7,'x-K\n0DYva;Hjf\r37| $(L\'x,/2YBp+6}]=NVY5%x1Z'),(8,'x-K\n1D\"YK$\ZbYx1]Q*+.!\Z\nN8&Gg\"~n?e\'V%?0.n&V)i)^b\n+ONj4'),(9,'x-K0D{&\"[j ^uf4Cxo(S>pgW `xFX>\'N\Zhww\rsw{gjT4,i<oR/\Z'),(10,'x-K\n1D\'P[9\\x$m&*(eIld\";Sq)@KyM.k\04rk+M/M8]#sYU3qG\rk)/:'),(11,'x-\r1D{qW.YI\"ZQ5Unof7\'\\\r8&gxDz&xAEL}= $I]Cwn*7KT5\"yw?bP1.'),(12,'x-K\n!D7)O0F4nuBgpW?^1.VA%Wq)\ry5wG\n\nmG0Fh|lr 0'),(13,'x-Y\n0D4i\"_\nF12x(w7Y;\r_xR\0p7`9p$MI<!~Ol\'I}cHwJu:Gx0?1'),(14,'x-]\n0s\0K`l(7IW<\n:J8- 	\ra$z$6J-Mjsv}TJoQc06'),(15,'x-K\n0D4l]cHPz:y\rO,rI8Fh0oC{6qOxAT.yOm0a/\\l`ZG80E'),(16,'x=\n0%Oc>LmdJi\"p}wq V/o%0y9,._\"?5j+fIlJ$P:=@Vr	>'),(17,'xeQ[n0JA.^\\5)0Y4ERN7	FP71HkAiUQ\rN$M J(>?3E)M-igne|}xX(E40Wy$y }7pa3=P|L@\Zqb\0e\"E\\8`1$f}H0mq9>@\n+eS'),(18,'xA\n0ErS\\xb&nFj_d<`~3@it?[:FOAGwC+>^b4UZSmY_4Laaw!q-*	edv/Ph|\'`W!61Lfi'),(19,'xK2.RILJLQ2.2\neEA%P4?91\'!nMsSBVJ>@\n%\n%J\0'),(20,'xK2.RILJLQ2.2\neEA%P4?91\'!nMsSBVJ>@\n%\n%J\0X'),(21,'xK2.RILJLQ2.2\neEA%P4?91\'!nMsSAL#c+%\"b Yd]\0\"'),(22,'xK2.RILJLQ2.2\neEA%P4?91\'*n71LsSjKJ*AF$*Y\0m]'),(23,'xmQQn $KWXpZ4\nv&M>CRhj!8rYur4$\\0\ZT0Pg[!X-JT^WU/g|rc{\\al&	9Q:L\\|n)Ir9v+1jq4\rbY.~f$Z=A2p%0\rC-zdO:p+?F'),(24,'xm\r Fwa@M]THMUPd \'x1 ]0\nAi+_pAP\r]Ls}|\\sr(9dCCWq_\\|Bt-\rj\Z6pC\"!~\0Q'),(25,'xmI EdW@8drf@+K:|NA{\rZO\"w19;:B+YrP_AkG~&qs)~4(KjL1RQ'),(26,'xm\r Fw!!ND\0PU$A\'K?EKpDv`UzAVl3tn\\]-XnKQ.jJ+H;wH\\$}.>E%m3qI\r53!~\0Q'),(27,'xmK0D4EWB\"4tw7CK#X*En_][g>\r-rBnA9j=BHRGR/ZE%Nu\'&IcQm'),(28,'xmQQn *.mW8-\Z\nIHT~<??\rMt\'c\"T1F@Lg4}f=CyjQJShD*->Rup!8~5/Rr=4]~<KrGk)%a5y6&gF%0xSSJ_x&384hQ\"g0E1\\3'),(29,'xmQ\n u[PM`U0Z)I~\rG-xEp*!Fk<xT]l4.a5UMH~g\ZZe.eGwa\rGJtSPN'),(30,'xm\r EwaMkv\nC\n\0!{!Td}Aw8\\ \ZT_^NM*J<rnBN_v&Rv1(lP11-LG=m>_N'),(31,'xmI0E:w	eMWOh\Z|+Fzb/\'Q4Q.EGlNiA}|j39.aSVp+h=wHRON|.>E\n5g*it3>Qm'),(32,'xm\r0Dw-8;tdTB{	|w>f{xGp(\Z~<W~A0W8N<bS,-Buy\"!,j\"M,%]`jd%Vt:$E_Q'),(33,'xmQQn *`h;\n\'EP3ivYJ+?lc@\n9vt\'`w0P2`]~z)qWlM	-5sLTcY/_[g\\6DS}$bI&|buR/EK!zNO%7]wb?^WI5OVoQU&qA1=e$ra01EAG0\n~'),(34,'xuQ\n0\"9:5WB}vk\'_7:|	\rvmWh;B^0G?C3V:l4kvCXE/IL2Sy/4!2-L~\0U.'),(35,'xuQ\n02r;;\nR5J%idS_>7\Z|>uvmQ)-xG	*>-;}\"xP\'>avK\"^]f~-Yd`\rB	1?\n[3\"DT\ZU0'),(36,'x}A\n E<ALSw Q5Rj3\r3I+&4N{A8c6\"\r~N;>Igh;NA-IEcR%P^UoIS?<a!v{%ZrI\n2LpE\"<\\Y['),(37,'xuQ @bzir.Mxw7H^^_A;\rhF5WNQ!~6\Z^	cd@pf1[5R:yS\"\nQM6I[\\c^Bqh0,3\r}czNeU'),(38,'xuQAn J\"o/ \n@RTr,\Z_z &MM9\0.T+wfZ@ ED!@~Z3(o}(B>w GIHECX[J;~:N;v9i7Qjl:4Fd7^|w@Rp1%q	14obB3F?c;F_'),(39,'x}Q\n0\"=jz0.s-I0_> bpz@Q(UW6h_b-:\\@x`?W)-\"i2v:Fvu\"%3P7\"1zTa%?Pa>NHz\07Z\r'),(40,'x}Q\n0\"=jz0.s-I0_> x1@8=()+pAy`/oE96-4ebHu]F|lL6xrXO)Tx[r	\'$^?9Z'),(41,'x\r0FWAA+TiHi!b#M qGptPI1 l 	&h_^Ns\0-[I>Lw}=I-fn>/ef2ya?\rFpzh_'),(42,'x}Q0bz1HW 6mi1Q|?ESKlOZFS5\'7hl#gqrBvNg\n3r7h\"oal$c@\r@?]H>X'),(43,'x=a\n0F8daJFT\nM;@/pIz\'#C5XO0!D^R` P+X&lJ$P24^I;zD%; \0\Z?'),(44,'xeQAn Jtm?D48,^S\ZJg<h;peo5j0LFPws^q6:BW;VI&OI8oDx2\"maR(pTY}nCUF>ZQ8,k(^-U}x~r9i8TqF5N2]hg@E\"Pyf!#!0ta'),(45,'xQ\n0Rzn|n$w&OOb:CqTm/p+@It=vF#.oHM/DI\ZQM;IfZx@YwV{6#K*1U8br2D;WD	qV|Ply'),(46,'xK2.RILJLQ2.2\neE@%P4?91\'MJ)/17,YP_ZZd]\0W '),(47,'xK2.RILJLQ2.2\neE@%P4?91\'!nMsSB@>@\n%\nEJ\0 '),(48,'xeP[n J\"#l+X	*wZ~vU`\0a	5ba$ *%A2t@-SVN,SMtfTnJB=D?4b|GS19x$W8^o!NV\'vrFaYUD\rNjvYn\"8xWtPZcJ3D_23)w+\ZtHh:<Z\ns6O!?IBH'),(49,'xmA\n0E2\'h*R;xS	II\"|`gU;h=Bw3LPJX~TUdb\rB	O~	\"BTaNQ'),(50,'x=a\n0	nFlhAbYG}>ccmf`x)qIm\'QKa? $yl)t_mvOn.qQYMKiU.=HJ:WA'),(51,'xeQn0|\'\0ba?(%Ul&M}(0i_wgGC7	|y`A=u@/{2Y.5C\n*_OXd<TV3\'#)H\ZT~nAU<OF=D~+wat8kf\"?-\0a^XgL+Qbq-%EJO2\"gP\"xchY6F3P0-aiv_'),(52,'xA\n0Er\";%S	2.DIZ.\\\r<s@+sP:hq.HnlS+}9\Zt3ms>EhD5+$f;5nGVaVC/2c/p'),(53,'xK2.RILJLQ2.2\neEA%P4?91\'!nMsSAL#PBfIjXb%Z\0R\"'),(54,'xK2.RILJLQ.2\neEA%P4?91\'MJ)/174\0u*d*U(,H-V\0S5\"\Z'),(55,'xE	0UJ7wC!bA\"x#?vA\'hJ^+6V{d]wf$f$^uu1z;-'),(56,'x-;@ a![X1nPRF	R~%MQhM\0jY5GnA\'W.yXcDx%'),(57,'xekn Rq;vb6w,j	*]WqU|ffWC]7e|u!P :*]>YB^I~TF1;fS\\$,r)lZCp!Ks9n1ZM:M;k<cE\rzr\Z6~yWB;h!)5O\"9\Zthv>i4\nS^k!_ '),(58,'xm=0F|lU:(RDv:T ,??[,W`{\nxl B^4@_a%fs\\S*9l?\'#>\"[f_Kk2#fC*z>PM'),(59,'xm=0F| uP4t@ ,??[,`\nxl[#xF	*Ui.|m!D;S/>`j7K{TUrX_AN$.\'}.>E0\n%-<D*l0g&GT@NPO'),(60,'x}K0D|]@;c],Id;CSS]O,cX3g7hgH;Z?\rBp3ux\'p[fJrJq9q~a# 2\0z@-P\n).KBbX'),(61,'x}\r0EWAbVE$S$XG/KG^]T[|Umk#M/HP!-\'34Q:{\\q9CJ0dx[t{*\rlONZmL6x%L}2[\"SGu\\'),(62,'xeQQn *,-u+D,8-\Z\nIHd\Z?{~f<5b#TAF@m4}=o~r.Y=XFxdHMWC1b9gXWG$YCFms{:V^F<5RJha{`jhSs095:1N90A`J+a2N%2;\06?J'),(63,'xuK0D4A\0WE$B~v4R\"9t~wI\"f;MApfsNfHj\nK{T(E(BoMbdSwE8*+vYxb\Z\0S'),(64,'xuK0Dz^0DNXw/t7#gVW<R\ZTnhq1B\'x=V xK#-2qS%i5AQEUjS'),(65,'xu10E$e(8\nUh]d)M\";i\Z|)SxNGBKE5p4@maz87\'\Zc\r^nD_x6-U|HG\\8Ep52n95aL\"T+[\0U'),(66,'xu\n0F%ON-|mj[N~/.|!4>6zv`&<!HZa _#l~~\rXbn%.Z9gY=eZt-iPY{a\nKgI]TX}\nU'),(67,'x=m\n1Dbz*&xw7~	<&qJV d\\>YM|@Hr^6td-G.fG+ks/oIr\0<'),(68,'xePAn /0? j	*]WcR903;;\'\'tRgnufT=|igYX\'	R30.l05$\"4O[GOh3}LG)}H&|C6:J,&^\\eCn5,@ZrTgtfdM1 i\"M!\".\\xgYvFIp\\tT9jg'),(69,'x10EP\\ \n\"qdB4\rm\0O3nhqHmVEJ\Ztwy~^6~V|qR(HX	f2.?KOZ0S[VK8S`/61-fxc'),(70,'xK2.RILJLQ24.2eL@%P4?91\'!nMsSJSKJ*Rk'),(71,'xK2.RILJLQ24.2eL@%P4?91\'!nMsSJSKJ*Rkf'),(72,'xE\n FW4K\ZyA--{tfPr5Y$P T=vwAeT>Y0r>}? '),(73,'x-[\n v2JB0=DTzxn,T>T!@\\37  ShW&Zssz?!j'),(74,'xePmn %mq+D48-\Z\n;wV<\ZZ	?6X#Nd{\"P : C:K ;#wI q&b@!rm@?MQnP_G1xM^-T|e~v9W[$\ZeUOgRhS7/q 8\"Q}pAlAyICFQ\\}.W!?>~	'),(75,'xu10E|s6*m]d)M\";io9[H~,cV!n/nE>BEt\0#wkeCINJv$m>R?	3$2\0MOXb!	-$BRc?_RT'),(76,'xu10ERuFLe)$T\rm\r|XX+gZIE0^\ZGB\'t6Cn^9VdJSI.J6I~k.QtNc\0UrOc}IO|HRV'),(77,'xM0RE5[P,Id\'h9i$f~~,(M|qG\'Z#~.\Z	v{:a4)lpJ[|=hMG\n6Z+~/?^ \"\Z,FM,aD~\0Qu'),(78,'xA E	JV^+4vP mp \nN d:=\niT#i)(@\rBpo~=T8iGy.}o)uR\'8)}\nuap|i;yT7rOc'),(79,'x]n Rq87wuJbq/R\r(h|\\Oi\rZ+AlT}\"AL2^gih|5rH9R%</).I!z	w\ZO&\'9E?J[>s<,Fp\"M?6}P}\":~s.bc%^o5r%k*B|}FFwd&4/9#)%?\"'),(80,'xA Eb8AiM7h(I(430Kwg335Q\"n	pnY\r8l^p==>HH7w+v?mi2\Z\Z{L`Ef,\"`'),(81,'xA Eb8A14N$,\Zwg\r3f5A\n	A~?\Zq\r-tnOzP8\nWv^?\"O&Q5.q-m=pyFL@%def$c)Xo`'),(82,'xP\r ^0XcAC!w`9I)\'.NmgF401@f9NYmD+Vya0\rgkJNMH5%LVK-{Oy Ns\'\Zz7\n] _z~\0#f'),(83,'xQ\n0@\"=iv2	vmInCx1x	AY3hV=A(HJU?_*~|Gh2-(gV=YsFKC`tDnQ*%9Q&PB[|C$C,=t\0Mak'),(84,'x=\n0%O2	Ya}#waM \'5Jx&DAh\Z[*+:r=i-<d%I\Z8;ovbg	|3w7PA'),(85,'xeQ[n 	85+UU^]|Mpa\Zq b=RZH\'QQZp!? !pf!dDD(*ZiSEBz1f\n~/HwQ9C;oH8q\rB58QjM9\\]4!F\n\"hw$2\r5N?Hy@~I^'),(86,'xK0D\"h;Qh])#;] i\";yfq`vAw`}[U\n@,\Z^|O+=^nD+>#QVzT61\nhK,fHab7W}zcJc;hBwq\rRVsD'),(87,'xEA@0F@Sc8fJlDXq):PI\nukQ#E\rjJWJ=(*e\rb~J6]\0#\''),(88,'xEK@@EH\0)DDi{s.E\n<IB#o}}Auj6s\nyE\Zhl~(#)'),(89,'xEA\n0TI=h0Fq)<k?>Fp%%4RPt>|5\'C\ZZU\\[{P{@xkE1WK(nY$.:g\nC)\Z'),(90,'xK2.RILJLQ2.2eLA%P4?91\'*ndd0RKM.9$\'G!3O(85$$3? H\0&'),(91,'xmQ[n J\"5I!WY\"v*z~$R0,\Z\Z	 ,F,D@uD$h@m>$5cAnAJA\ZRB\\x\"_->?5	.|NdD?rj~>Z4SQr=\'+rVu<\'jp\rMIlo_AG1EDf4gHbH2<0	9\n!dFdA'),(92,'xuA04P$S!;inx\\@9;hV%\\hA>\Z&\n\ZT{zJ!\Z9QYq(pw$oSL2\n%l<*=H 3|	T'),(93,'xuK0D4|8w`uRTv*w\'M`~yg:-`U<!p 9%Kc<A&OyfDr/I<,vSE_V%[/<\'B0\nsv\ZIJ[c?_LTx'),(94,'xu;04<TpVfPA$!Nf`a!!PyAf\n2< v\\Wk\Z(pB}~l!I|.oB9)MTrXBAjh/J:+<KZZtXTCVl T'),(95,'xuQ00(\nd@1M@|1~`+x(\\[\Z#8N2NRZ4Eg?/;\n0O*^VI<FY%Y0B)Svq	caJ&Ep.R'),(96,'xQ[n J\"pC6w1kCRU3w+pF#<U@*.\\k3 |E+4pXi&5,\ndRh26C(Tv9[Jidy}t12\Zb_Yg$ni70+$xC)egzX\\z\Z{5fyy9*d:qk@\"d0J\Z-&/:9cs_b\\('),(97,'xK0D|U?]uj)\'!.fGckT5Fdzc<#,	6\r6Tz\"8mvK2:\ZLvpMV/TTYXM\nd\\T9}dO$c5w(>qf_T~\r4S4`'),(98,'xK0D|RP?0RH8,w/,ymP\"XxZ,	ync\nOp= 8P\'sjs]zgV*r**Gd{^DknENeBb?_6`'),(99,'x}P;0\nG1WzTBd3Kx@YmiP\rT( #(}]zXUM^vP	3BTI92!2J1h2OqM:dW<k@@A7.3i'),(100,'xI0ER-+ dzE]Kag]K2\\AQSFGP&Gg\ZqwA>8V?i:\'+w#;[]F9pcVz9R<\npc(0ClGl/y\0t_'),(101,'xmQmn *`azQL}4M_{Xh`x>8\0v&7=Q>S8|\rh-hJ=x}0~\nB-\"S|mhc6.bjR%ay/QiwZI#\\.\';t(;[}fJjo8b)``>1Ju~0av,i#BlPR~:'),(102,'xu10E| ;0Wik4t@ALlCK@	,gRlL\rUT]msDn^9<\rg%_9(2\0ZEpeX$t\'*}\0sUU'),(103,'xu0_	;xNdlc|wax|CSKE\'Z)LMTCO=VFnN9<V$gM-~\'i9{dEIsFAxI[\ZWvD\"+\0/UW'),(104,'xK0r_su4tw\'\ra5odn)pIcgZPp)H`Je5a\r4Ch\0{!_@]I&%JRnt+[WvO22D+sPc|Igdm^oKZ'),(105,'xu10E4\np^\"IdB\rz~vh\Z|*zlxB\r)i.EcYv`Z)[	fFL/RgEsFA|>\n5.2+,G{D\"l\r|KVT'),(106,'xmQmn *HB>;\nNF2v9I*mBwIxfWFU@2\0&5 5q0D}\"E|p`Oi>61>w]=I\0%aw0Au7CoqKkynyLI_R-1\'qTMC&FdGn*]S1\r-)7mbr0HQEv~	#B\n;'),(107,'xu10E\n(B0w/]Y?}Mo|X7^hHF01w5S	B\rlVGrAnV9Lw\n)Z8Q#1i{EY\rpZ851Ih$?Vy'),(108,'xu10EPU{PKi0w/]Y?}Mo|#XKm+#\Zp88O%0\rXI:0I+Sb>[&h|FeYe_4i>\n_X%D(l|V{'),(109,'x}10EPu\n`GU7tz~+xE@9;iR-(p(B\rJwpM*aYhP:N:@ul\ZPGd=ge/]b)>X?IQ(l^{wm~S>(kmLW,'),(110,'xua00LPH.aww0_WWepE	\rE8:{P]aT3(ogl#iqV.DuujpI,_\n+(0\"}.G.0EpW8U'),(111,'x=a\n0lF40dw@^^|kDNo?%QyYdtB\\L?#tj\'AVB%(\rW\'h+J\\9Z\0\0@d'),(112,'xeQ[n0\n	l1wG/F\r	MU7*5_d<3v\r|\\AE\Z-F0 VqLJMEAv>=]. yCE5E(^GQ?uYP/ &o}8LEPn0H3?iv;C7v\0$y_jfsg2=.(F5ZN-,K&$E^A\rq7:4Zd,404\'f_'),(113,'xK0DUuDuQ4tQ!Na<9S:;yhNg6$P6:EJx,J^W^nB+>>x4\Z`{~rlWNaf`VB}@R-t-Gdi{\rzn'),(114,'xEA0DDTRB;I7i.\0J<Kz/24WXtpp:y?9aM%'),(115,'xEA04sD2IZ% q|y_\0<KtdI+:V}?9oERimb+%'),(116,'xE\r0U,oPpu%KI!b#g\Zmt!x	Rd[_Orz \\8I(D1W9	oy~K2EkrN.'),(117,'x-\r0U,oPnL%7bt.FRt~}:L#}.wyb\n!\ZNF2c$<vd(ye*g*'),(118,'xmQQn %iq+D,8-\ZI$y~~3\Zj		 ,F-91\n!UlZa	[PzLXV4>Jqh:>S;\'\"mf=VgnZCp!b?\rk7w8M4j;(h7ZSzoZpX\'_Qdvv 0`Jk	DB\"4\r:$4;Gds+_l'),(119,'xuK0D|	p*m])M\";]Ta;cQ+|	n\0|1Wi*HpTj\Z5]KijKNN[.B!,/%?[9Hzv)<*8sXIFbXsT'),(120,'xuA\n0ERRt+H$Lt!wtW=G0$lx9B0XG%5Fv.J=]leD-U-  V\npD\"k\0-T'),(121,'xu[\n0E2+H*bAAII${_\r>kQ+|g<a<&-;!tj;5:	\ZAGTrBv!sxToq~fJJC:%e\'\n\0`UScCI|T_'),(122,'x}A0EbC)0IJLwp1+t7yAU5l=hh\\P,^GUK@UVb#83R\'k)0eA$w	>m0I<\r~y6&\r$BJ[Y'),(123,'xu}n 2q\n%M;\n%NF jGWie~z~<o8hMJMD T3I,mXV3{r|&1Xg9Kore{ B\"m{h<\\\"<,FTWE]9M)r{=?ETR4z0oRLwaC@E-l\r;-$iW$2v/>iF\nSlQ@3:'),(124,'x}A0EBzFez7^$mf.t\r/(g{t\\j#pE	\ZPvS`@o:(ogsq~uTE.jt[[le`WQG?]$]dzm.Y<'),(125,'x}A0EBn)0IJL.	_od;A3^xEDsFkZG~0J\Z8xX#Y?#c|ldT5E-J/Hq(0EG7] 4J?\0Y>'),(126,'xu\r0EwM(8;pa*M]d)M\"= i\'nCK@,/4\"fTC_6Lr|I;GB_=,sFR/NBM8\n2}HJec8U'),(127,'x\r0FWAiEP,I1\nt1z~dUgk\Z5wBG<!paEs\\-C55uO:Z#J)vAx^W(RO/\n0QR_pPO\"\rU_5'),(128,'x=a\n0FlR4Pdww@	IR94+^$(	,w	FrT\\fMR5FWMXU/-sGn,&{=q'),(129,'xePQn0\n	\0141m4bSiv%+~~~\ZPN69N0A\nv*$x\ZPZQ\r[mH@bE42VI&OLQD\rbX?C>_PVY>_@^D>\"^,-M4\\eCv~h~}XUY/L&eRTg8\nSZeMAM,Z,z,6LK4L'),(130,'x10ERB;0p(M]I;i\Zf=o[3	#:e\'1XC#^PDEGh!sCl6z^wT4(5&lfVi,v[XD\'8R4_1F6$KaMTaFgd9f'),(131,'xK2.RILJLQ22.2eA%P4?91\'!nMsSBFVJIY%\n%J\0C'),(132,'xE\r ^}a	*~B\\<M2\ZO\08Ji`qV	\ndckq1\Zt#A.,9,dg'),(133,'xe}n 2q*Iw\"BIV`~<=?1{g	:P0p\Zw\ZqB/nZPH.]3)&.*	:I=DSEC[dGX\Z]G~E+9]Mm`=eOjq4N$]K(3Hf<\"dvJ 6<m\nqh4<[Qc?%*'),(134,'xE\n0E% IM?f\Ze=]{ `UdDc 7EXtK6 u>m6/q wS^hqj}[NYi }?\0_d6'),(135,'xmK0D#\n8w#Ti4tQ!Ndyc5\r~oNOF;8\\&ZOICcg4\Zm6iE9F96 <7tfJDvuM+QE	/12-L\0BP;'),(136,'xmO]0KO vw\nd@5M{xCn&?\nq3mRE\Z)t3v3 ^wr.TvV|K4vWE8e\ZwYJ\r,Y$$\ZzO'),(137,'xmQQn *`h;\nKBJHT2=p\r@7GM\Z\\hD={Kka}N+f(&#|#+}kdl%gyZ5VV^rFl;j.m|a\rp[\Z\r]Kh2py <8GE\'HqJJmPc~\"#'),(138,'xE\n0E% 5Uo?40{\rsx F((l\nF#m,Z.-Ve3sG3/l~;Mx\0U\\($gkY^q}\0b6'),(139,'xmK0D\0P;TABaQU{;il%xAp\'U-M4oHAhe5Q	giI^Ru[d`\r@	yBy&bJ?N'),(140,'xua004)Pn#1;`_P5!X\ZfmWx-B{[AH@!(8\n:`MNqlI6$d3ol\ra8	x^7*L\"qS|'),(141,'xeQQn *`%M;\nKBIHT_|@8[qrn u)2;Z`@}}VB,O+fwWU	UZ>~J(}\0k#gymc4Vn;_V^Qpa8rr7Xv1tcL7Os7 l# dvLs <8GI\'g8~6(?hZz'),(142,'x-K0D &\"U$Uw/.Y%H%WZ5xt-f5>Q	;:\'[m/AC.AEk<\n	vm?2n5'),(143,'xm\r0Ewm@B.HN;I#7e[cG`Dv4(A	^L@BaHQ?kKUI@w(t&bsspu4Yb.*mOs!hPst10Lw\0eM'),(144,'xmQ0DPE;x@p$q_nqh\Z(^<e\Z!peG-B{.myA0p;t[W;)3WqKs=utNc\0{P*V#:kfAc?Oe'),(145,'xmQ[n J\"7w,j	*w/WevY4Hg`6}],B{>U@,m\0v^kV4>V[9\"\\:0>1l.Rg.[1%_opTlf3heZ.\Z~hT}8\Zwuq@\rNzvi3y?95:)NOC8\" $L+-I2N&4O:9 9Gq@~\nyh'),(146,'xE\n0% >L40\rv/Iu.UDcVX],*[a]]p6]s\'*i+cx\\W)pg6@'),(147,'xuI E	 :;tD8%&Knhx\\A7aiVb\\@\rUk.`La/|	@E([pZtSHE3B)*{PaA2f\rT='),(148,'xu\r0DwJ8;tTL{u|94\roF`=vU|[}Aax~SBp+\rcc\';V.eL!m*x?%	I\')qXRbR'),(149,'xmQQn0T$v)QJigBJ[Jw\r;;/	ZS(J-sM,A\'J_;KV|\'p\"PKK!RfSlyOf_RsS<e%[OcpiKUOE{\"3nUsU[+p_Pm\rCzaS\Z	53w+px)?~DcX_	'),(150,'x- E`1NL}{7g\"{2ybxrbS9S1=n8T4u#YclMk0m\nkR5$Kz_y\055'),(151,'xu=0F	3c^!rR!gN`<\r\r/$#i=a\r{q-jP\rW:=_i4MZtNNM?50M)sZt*	K6&Tq//R'),(152,'xu\r0FwVuv\n(i-B9z>w5\'UG8ZPU?\ZKzIlY#Eo<[\nQUvcN(6/({Qa57\ns}IJh?_\0GV'),(153,'xmQ[n J\" C`QNP0D+UU5H-_h4l],}.`	L ip\'KO!MoeOf_6RS=e%_ocp,;.:uRVf)hTb\Z-(5:1Ik`z0mrkZ#eAf4/:19q@~0E'),(154,'x=A@EPsTIqUt}v.+x%%\r\na\\OXt[=f6bXN?oiCBLW\nbz\nAC;{sJyD!nfn6'),(155,'x}A Eb+/\ZJJBPcpn?m-#8=bwVM$xD8pj0Q\rW^h\\\\teO:lUnejRO}VM~CyfbF}Wv'),(156,'x\r EwaJmjv\nI\nd{	Zfe-0rvB7jn(^@^0[-:\';(ow3;U/$%lyG@7;p)o23D+hPB,`9d+2c}6/_j_\"'),(157,'x=a\n0lL,,R)40@\'|[ju6\n(p\r[a]=!DSK.VYgGrRLh&,2<(I/1>C'),(158,'xePQn0\n	\01Z6[\ZW4MLR+~~{~\Z#@Yd\Z-a\0=\'uL$gc#4*d37\"<\n]q)\Zf*lt\ZTI~nE6j&Gp1/E#\"x&?h;C7v8)@\r.zuiRDl5-Ik.zPzDl5Fdka2	&Yom/s'),(159,'x10E@.\n\nqB4\rbm@	v2+J\Z4. N.\\WoN)A,(bA\rmV@lGyWQhk5XwIG~I7Ci'),(160,'xK2.RILJLQ22.2e,@%P4?91\'!nMsSB@RVjrBq~iQrju-\0'),(161,'xK2.RILJLQ22.2e,@%P4?91\'!nMsSB@RVjrBq~iQrju-\0Y'),(162,'xK2.RILJLQ22.2e,@%P4?91\'!nMsS \Z23Z\0'),(163,'xK2.RILJLQ2.2e,@%P4?91\'*nddh\nbX)%IY%\n)Y\0 '),(164,'x=a\n0F	Rj#6qvPl#~\rjN (pX@/#BY7;!xojd<\'f<RU#S7Z0D^ueqIw@>'),(165,'xeQAn J46z]ZS$	16poY5:xGD1R34UP\rF$U L;NY,LQ\ZT~4~AUVj\"O1QhG)agyl*C7v\01@-fe2=-\'EunFJ&dD^@1pQ1EEiMs@a'),(166,'x=0r~C/B0U#;wotPu>g[CUSn\Z, jPM}\Z%\nTzyGWPxXh(A((:H~%Pd01.Qzjp'),(167,'xE\r FUMDW`P{=nHJ.XM):EOQ~7=]4-h8fQrN\"<'),(168,'xK2.RILJLQ26.2e,A%P4?91\'!nMsSAL#RVjvIfBqIbIiqIeeAfu-\0t2#'),(169,'xePmn &mq+D,8-\Z\n;iwV<\ZZ	G>X#L@<tD$hA<$Ta	B(=%EXFhF\nh)>YC}j7\\yNoQY|op*2Z>p\"^5;zE~wXV%ILIl_@qD+-X1AE\'U0\\B~\nL'),(170,'xmK0hE1wSE\nIdEUo5l#>PWl`ft$\ZtTZjZP\n]NPOZesut-bk*mQ=?N	\rxK776|#N3'),(171,'xu\r0Ewqshw\nIH8u\\Sa\0q&?j9+Wp\Z\ZLE3pI9rjuT:m!7$J.)s\ZxR	[l:%D>j\rR'),(172,'xeQ[n J\"ubo+XTTU{1~E\n_0;hqW &ah7m(<mhtD.;:ko\'|A43U}{dI.w8k+4i+\\o~/RJU=ur@-fy<pb\Z\r?>0}D!snJK 6<h#})N?~B\nCD'),(173,'xm\r0EwM{:;B.&bwNpWf`*^8^b005.SBE3vg2 w$l!\nwE.)s`o\rj<d)-6XgF\"T4)Q'),(174,'xuA08?($CHoU`Dnh}o6vJ-BP0GP\n.<NNFXKOs:UelbNmL6x*J<w\ZX*X#JtUR'),(175,'x=a\n0FlCf	Y\ZYZi2an+?}#VhN1&$9(}8!E,Tk^yMN7Q/\ZfwjdZj5qplAI]C`z\0?B}'),(176,'xeQ[N0Jt{>@m@6^.B<hD3hhb8\Z5Za\0de$g-VSe<+TV.o8dP32[SjfUS$+\'6VTE6IL~/7ar&\r^o!v8\r\0OaN>P^]@Ukcw-E\r1XeqADi\rMs@~~\0'),(177,'xK0DYw`4uQP+;] I?HAbg=;h@Gca]tG!mE5hc-R.@z\rnh%/\"SJ4\ZWG@.6ZWgv}q5>sri\ni/9t'),(178,'x-	0[h@})d{l.\"n\"0E%Na!\Z>h@.0d}xjZ|O\"cu{^#'),(179,'xmQ[n J\"G6w,j	*]W3Z7	e|(5u^`Y0MXkIKgTz\nD*Z}j7?b!9qy~b Zuu<mkY8!NUmQ^;,3Og;&[!>4=D-X3A`I(qx~AA~\n'),(180,'xuK0D\nzTBaQU{vg<=\n_=0}goh;%ahb\r\\xzK:Fe0bbIY8&\Zv;~\rEX(Ek\0R'),(181,'x=a\n0R60>x/#HQb)s|-3Bo?A\\b`tU;6D)\\=]G\n+{k; u?3'),(182,'xeQQn J	B>vDi(3ivYI??0FuR}:+;1zu8%&A\n><-5N	)61kuhxA&f,kcu\"8M*iKOI?LA,v\\OJXV$\"<$`s2?e7^c7\r4Ds	PNfvrT{:nxI+aUI	f1\r#9X? 	sY'),(183,'xK0B.@S`jJeaw<\\17/g7=z9h.	K8m(B	GdC,OyW PG7(@XPCwq+u~Z_j7`(gia7\n#0_E=3Tzk'),(184,'x-A0H#R*N8hf=xYZk0V#\'=h\\iX:MM+Wq$'),(185,'x-A04H#dPN@=hf=J<Kt>s<.k{P-vMM+Fw$'),(186,'x-0CsJ77\nB;ul^\'GCL9w<r@RZy{[GEj5ab%?'),(187,'xK2.RILJLQ26.2e\rAKp~rbN*)ab\n\n\'ef(VTvxIQYqIeAju-\0;%'),(188,'xe}n 2q*Ch*L}F[x~R7e|t(O	JUuXg|K:Y\ZRv`fQ,@|\'5v1j@[om>j)ws<D]smfM7riTqRU=uyWE\rzr\Z6n]\r:d44\Z)6/!'),(189,'xm\r0EwZJ\n`Dq8TUw/!9flT\r~k&#/^>8~!<~6P-xzB\'livaMk`hlFb.*mB2GP\nYiN N6'),(190,'xm\r Ewi\"8dCUuBmPuMvmq`N$xAexhX&TP++GEXp]v`\nU+mQmN+6&<g^\r~\rLi#f:S!N8'),(191,'xe\r0Ew\rE;BYJN;I7e8\"8yq\')^[9\ZV	0OxbzowpVJ,-Z4MGwu]Itz45|4$B53}\"L'),(192,'xmQ\n0D\'0n+HU1	-$XO73BQ3``Hf3H]/^N^6>F@U$Fj!hFq5}WIQLBm[x)Ly+08.8Q3-LBQr'),(193,'xeQn |p4}BDQ04M{H9\0eQD\ZqXSGie5,`N?O|u8Yxlt/$#%vjU(BLo\"j9.%g:qP(UTSM%:wb\rJTUH)-tz=zCNF\'|Bw1\nSJx^&384lhQ\"s;rb>?v'),(194,'xmI0EXP;\n(,$EUez~C[D~,X3m\'Rl(]TKt	CnQ9<wR4*q@#J?)s`j,25V`J\"t4TR('),(195,'xmM F2\'P;\nulH,w/\nTGgr@[lB7~8a5ZJ\0UOX47mg&IWjJt;36&<{2V3]o*V:R*'),(196,'xeQ 	D8vZMmoZ|])C0F`E	zPX)Gj6AUo@W\0g!\\reEtt[WJiknPV(xe^\rJx=4&#X_BL'),(197,'xu\r0Fw2TBPS\'3`U8y4C[w\n\r4Hn-jt;Ws<@UWlZ95cZkO\'E0(	OqW)DeD\"j?S'),(198,'xmQ[n JV@e+D48TVT&o1Z\nZi2<:gj4	BAR)q,\n\'k!VKRSG0<Kp^^z}\Z??bf}1lucH&|X|0{z/EKTv%wbFRa{\'`&7oA+b&~= n(*B.q	C&O;-x`O:#!(?lB<'),(199,'xu\r0Ew*JBPUcoC[GN~,pWb{14NSN<\'Bp+y\';V&)2o|\rZ%J0N)s`oUXrOXbcZHO|dSV'),(200,'xu\r0Ew*8;tBPUcoC[Cn$?ZgZIv{4NS5L1+4(XIJLOtL$5Gh-Q\r3$2\0^E*%V:$Df7SX'),(201,'xmK0q+ L)$U@Y6jp@p4=(\r0j0\nKx6@E*D\Z\'#6f<G)b3\Z*<Ni+{OF'),(202,'xm]\n0\'hvsPv+i6^Gmffkk:-JG8^D7:OLTDmdw%vDaJ~68PCb@w,}F<cF7O'),(203,'xeQ[n J\"0;\n5@RUT2;;\n\ZZ &7\\\r\ZR]`\\kfl+|s^92>:N?]Tv?Bk6GCg[/R)Nes3$h.k[wjdFdG*@0`H9Lf1F	A\'g~\n}~c'),(204,'xmQ 	DLvS.$eE|FPWrla\Zg(@j0j0\ZTj=c+t%@y<h_C.[_nyt\'+^Si8176&2z6(do{h0meL;1?%UN<'),(205,'xmK04q*uQ4tw\'%;k=F|.f1MtT$p52\r+:BgZ<c<4!>tkV47mL6dPk|92L;=}&N>'),(206,'xm\r0Dw\rXJ[EJN?b!`1&YAKDnhah;	a6NXF;vF#!+dij>p]Hf1Ak54[#JT?$Q'),(207,'xmQ\n0D4VnJne!Mn!q<sc+7	w=FB\nPv`Fqp=5i=TJl\r&;pYkEZ/|20LQytBuI\'d^{\rO'),(208,'xuQn |p\Z}bQ4M{/i\Zq>wWm/kyMxA0<0a\"sM`A~:K>Ok]`x	:EIx{dQO&_SqsX|tos%Rbrm:v^xXW%OJ(hTLywTV	;`&lilo(E1=dFb=9b:9c\nS!?MT'),(209,'xe0_nQ;\n@!K`v0zk~\"45nd=^GWP:@]7h@*3>:gP7\ZDu7IyV6&(e}tdbv=\n+0>eL1S\0u2Y'),(210,'xe0_nQ;\nd@!M`v0zk~jhjx	@=hV=EWPpKL]7ijUg:B}tZPVo8u7v=2NDz6	]~E)sW(\"z(n)iW`|d2c\0wY'),(211,'xA EbX;\nulHkx\"U7/F\rdz=	62`#-<!4b?tu2T\ZCwZV8+jZy{Q{2UQwvG,k<\nL{{\0Lc'),(212,'x]0bv+4b<\'bnM_g@pEPjJ.(2#s*3]KpE\"	!7ptzq`Hc<l]vfcm1H>}wn!i~2c '),(213,'x=\n0%O\re=L*J	C|wsp1*R)a?L_r .Iy%b;xU\'[EB2\\rp	K\nWVbW<e\r!t@'),(214,'xeQQn J	B{}eidM&/X4|1@yN=0Q*zy:PS+,wh}rJ)NDDr\Z:$&3SX^e0%-iKOY?lXP\\AM(I&[l|_lxLxm$C7[\069`Wg:JQ)5\0N2?D^@1xbeYa@A\"iIZP?93$'),(215,'x;0\"@.\nJN;?d[v8`|[_8	Ayh\r-*{#2\Zt#\Z6.1W\"bE]6k KhS8*{>eOq;@]+$q}Yz!m'),(216,'xK2.RILJLQ26.2e@Kp~rbN*TJ	,nb\n\Z\\\06U X\0 !m'),(217,'xK2.RILJLQ26.2e@Kp~rbN*TJDX)%\'e&(MU(,H-V\0 !o'),(218,'xK2.RILJLQ2.2e@Kp~rbN*TJDX)%Y)T+*d9QOJ-Q\0B$'),(219,'xK2.RILJLQ2.2e@Kp~rbN*)ab\nb\ZOJ.QH-N-),H-R\0B\"'),(220,'xekn Rqv6w5@+UU^gv@+1k/\n$\\!Avw-mf\ZY^4 ^?M2ATY%!-:Q4sa*eZ&WrUsP]Hc0Zyyyng\rn#3HpAYAlxGF(Nix[Qc?9s'),(221,'xmQ0bv&Hw@dlK=0kA7rvD7%\\&{7LahP/zIGh+BeND_(SL2\n%dJ\nK~!2.Q'),(222,'xmQ0bz&Bw@dlK=0kP5vm\r&&\"\\fB6CfQdgjYS*e6W\'6&<{2%_C%12LYQ'),(223,'x}\r0EW<JgRH\"\'9TUwo )mmw\'2#/8A8v!nj\"PN0E6H.jzDuwjIP}dgA=*Y}vuF/\nY'),(224,'x}	0W+k{@K+3@5{w[#mm:*tyx%\\jq}KCkHAm\r\\G%]hU6Ozu[1a4>e$2>euY0\\'),(225,'xeQn DRqIruJ bq]_)&|=uD*$ZQY,N_Om4>vbKKO&\rXYyCG)ww8*Ns#kbE{oSs.\ZF~wXLlsbrktcv0 +l0%o4\nJ:M\";\Zt|rG\nSbC~G'),(226,'xu\r0wM8;B.&bw$.tV!xnc.Vbp~xL`zJNhQ]xg@K4S/h(_:K\0]N$~T'),(227,'xu\r0wM8;B.&bw4.tV!xn*^\\22xL`*/J\';!=I,2iw!_Q:%,.eG\ZwOa\rN$s0T'),(228,'xuQ001Q;xR&c#x0l\'_\'t\rzkA23<!}mn\Z(p]8=?B{lMi$>@z\r\Z)tW%J~%+i3\r*K+=TVF[\'V?Vg'),(229,'xuQ00)PL-01;O5_xG8yRADD\"@u6Gt,Y?B4ZM\nm\"q]`WACdyIs&pH2\n_eWD<m>_V'),(230,'x=[\n0$}*FBL]J^;hga@j)~Ac<WRc*Bk2\\/= D%I} ,Q\nD@^&.N]$t\0Y?'),(231,'xeQQn J	B{}NJqUL\Z_1hb8rYur\'DS&yfh@*|>pIZZ\rL$U DzRMUZ&(YU?ogToX/F #&Jqs)^s#UVmMmx`=u;jq2	Y#vp7RRt8\"*\nQo,z[8j'),(232,'xA0EBz\Ze/@*tbw@0q7yL7w8rj,h}hlqe%~8\rT<>F@y3b+&gxUI}!h$(MMl8{m|N]\n0a\r2Wzmm'),(233,'xK2.RILJLQ21.2eAKp~rbN*TJDX)%IY%\nEi9\n%%J\0Y$('),(234,'xe}n 2\0U>H[;\nNFg4H/V`p1(KDTA\"?u`~R-v>ZG_0fG]!?US\nA(aN\"X\rmryjnz7zKciZ\' t&Wrdu\'E5jh~xb\\3\"1wIY)&KLzF~\nkyg\n?'),(235,'xe\r Ew!}\"8%UUgslT\r\"^<fT#^8-nXB!P\nB}dw_{QU*[kQ8$Wnn7sL\"T^L'),(236,'xm\r0Ew\rXJ[YJN;M#7exGn\"?*h;qd<5axzNsEnQ9wRb=Bg4,t+vv{>e>nkluV\0fN'),(237,'xeQQn J6W TFizjR~+7d:Sh\ZG6KO60`!q\'g*{IRY iQIh+f&O!%Dp>9Eo)Y <\r9f?8g~jBK_m+<AA/]Sq\n{ CepF4_+bt))wLCZ!Lb(3\"CI\'C\0.'),(238,'xQ0BvFW \ni2xwg}kk%rv@\ZP^t\ruX\rQ{r_6gs?N2W(rDml<L1Q<\nWs(0IGy\0 _'),(239,'x}\r0Ew\r PIeMXq-\nWg;r-0\ZS74Lp:oC[Gead=>L;Ze_]?!Ly=.n~J\\A^\"njXO?1zH\"7/\\'),(240,'xeQ[n J\" $Eubw/W35R40G0g7g\Z6*F\ZT9dw\n}l8y {yj1&\Z7h_PMQ1s&al,\r j*rJ7B4R_7K<)\\IP&6ob\Z-~7v n\\xLf YwFVa{8!(\rs'),(241,'xu\r0EwMA:;B.&bwZnpW&\n#`MYZ?LG8_a]0=T<rJroI;i\ns6q2|c3S{kP&~(.Z;@T1'),(242,'xm\r0DwVuv\n(,$RUugwwixGn *vi9bp{<U (N!zZvC_XWq9uX%MOpg\ZW&aY$4\'lcQ\0'),(243,'x=a\n0	RfTD;(cw_R||[<j8N$31Y4\'MoIVG+	Aa..2dSTyS|G*L=S=pAY\\R |>'),(244,'xeQQn J	B{}EiG M&/xX4|3@yN]<aF)Z3tt*,_i}\"N^F$M$L\n|]{~jz}5Qt(EY1s%&O~N8`KX:d\n=zgS49b\0UW5be0#(?VJ'),(245,'xK0DR w`*(R\ZWv@~@gm{B&Byu)Dj0f)2\r6xz,&Dxeu)+s\"T,:G&LYIWG+~^rW#k?$Bj'),(246,'x-	0[ P7EX/wefCHH.]eCDq=CGlp]u8K1\Zh9ip?{#'),(247,'x-Q@0\"{b?RI/<Sw2*D4/YyCoO<GY-#\0;%'),(248,'xe}n 2q*II;\n%NFgR53?q~~z~M\r?	 ,CA\\,HuI@<MDO&h@.u6p-L\'|Uw/1N!R1@|?U1|MXiAkep\"\ZwQ;}d:*howZIU[O7p4pl;1][w`E\"C`;^-)!?B'),(249,'x\r DW $B,@>$?;Ng\rLPre0M0`&H8;@+#78[!wZd&8lGR\Z D1SB=P\r\Z\Zp|\0d'),(250,'x]\n0EE.s_I#iDw\"-nr\r\nPh{TG8	vX,\rJ\09rEkxtG 6o[a_9&i	(>^s/0!1>_/V'),(251,'xean 2q\nvDi(T4MMAD`1(7[0q	[@/.2)}qA739$R\r5w^xdSre]1}rP5w	XLU\Z7>F:W{FR12)bZU#?j:?x!\'3r{1\r93I#2<Gsq(JiM'),(252,'xP\r0]\nTB{z_=[4~{c4u)8a5BSGh ;\\Wl97!.xIe.9RaJg,&J>[1:9[)OBW_e'),(253,'xP\r0]e+Ti1%$*6M$SmOv	@Q	vw8e*8|7[P<rd\r>f:C	:6JTI\"`\"ys\'s	wIxEf,^Mj_'),(254,'xeQ[n J\" 8;\nuJ \\z~Jfgf\rO	f|*;	.@^:\rLt}=\0nQ]|O\\Fic0%2wBMyhK/&lH\0b,&-EvEgz:)N=	./_E{D!%=Iv\\nBo8	v:rY3@l=F:O(0p)=0Ec;P?}.'),(255,'x\r0FW<ASJXJRYJ(N;	gYlT-oX#OUk-j/-T\n3^sAfQ8<Vois$SSbV*U_WsG=pJ\\speLf`'),(256,'xu\r0FwM;B.2Id\'7s`x+t`\'m+\\Pug\n-kqky+tfxlZ9$~cIg:	D[\ZL\nK!\n.(G;S$'),(257,'x=a\n0	RFl#[ AbG0YPqpJ$-S;&I[&D5MY=hZyW%(3*\\U\"\Z#)J89\0FJC'),(258,'xeQQn J	B{}eNiGM*-_@\0^G;2n&a)x5CJT+\\kPDDrL\Z:}d`SY2;2%)\"-.=>LMQUEmy@Y\n6KZ$j/p*s~./y\"}7\r\0)`	PC@U9bX7P\">ye^YyE*_4\'7(N'),(259,'xK0Xp(M]Nqwb5=Bt{z8	o3AihK\\=&\rx$}&J*Rj V]%<\"%OH)^)cl_+@}#z~v\nev8\nKM^8 3.m@yD'),(260,'x-A0h*`>24jsw]F02/RTG4en&r4@?rmlKM{fZ:s(fs%R'),(261,'xmQn DRq8&	;\n5@#UU^ c1Z	G;+LAM T[YmT3;V]!yy_zG3O1DSYgg1A	X0:\\J]N.W^Ifk.1Zynr|g\r1MCn4Hd< dvBYAlxZGF(NixRnAa0'),(262,'xu\r0DwM+uXu4	!v\'mYwgA+3hF5:\"}OR](<=C#Cpf!oH_9K]UQKc3I8$7Gn S{'),(263,'xmQn!|0cOIpMLw/pGk\rw!gpNy>70\"x-\nx_P$hr\Zu|I6U\n17{2]}i7zH\\.M_D?rt[Yg\\Jwx+$I)l@IW	\ZCM:or	$aLa0AFG[!?\n1>0'),(264,'x\n0_e.SOWI!kKv[x%$ kx #uf<JD7q>E]7hHP3vG\"o@gKVEkcW~\r1l|4\nu/0C^N|	gol^'),(265,'xuQ[n J\"$;\n5@HUp3);o@sI$0%p;X\'L_wl{ywEXKB\0yG6jc&=g#\rT	8:SqlKiu8r)X7^rFTZVRN5c1<mbC-fx2\\.03pK)LQ-z$;2cS\Z?{[0\n'),(266,'x}I\n0Ed ]AI\"pl#;Rz:>aY;R`YW&AX!4:Y>%B^a=Fp4s=K;zOy.Ja^xvknu$vAybU[vV'),(267,'x=a\n0Fl	YYRiRaZ?||/3zHQb\0q}romO&#Z3BTMM\ZpkBl??S'),(268,'xeQQn0\n	Q:D)1m4b3iv%M+~~hb8rW\Za\0u3e,$xZPMVX>o4\Z+T,V3No8$:XNYIUk{T]<=Da+	k/8]Vy/y ];tCl~\Z9y,wl_	(tY#N\'\ZYS4!=BgX,F?4GA*miMCa~\0P'),(269,'xK B8JpC\0A\ZdJ4g3Hoz\rsP+E8t	Eh@YcA6r`&\r!U%h@1hd]/lbiI~Y\"[P06oF*0_E=3%1k~'),(270,'x-\r Vv\0!>\",\0b\\wx?8l1V0TR\Z	4H_LspCtoJru}^d '),(271,'x-\r ^a#	{!Ei|PY6r$LX\\90\"R.QYsD=/8 '),(272,'xm}n pZe{Cu\\iY0c&?oC\rU	-x .d{!P :	*I0=0krp^,VVOL>ugHgeFv$[::nH`,yxY+%Oik5&Y^k\\oO:g;wA}k>m@G-!q7Z:DEt\"pTnCn	'),(273,'xu]00^(fv<l>~Gh\Z|+MF`tAG)\r39B+:asT:Ojsw$W-S:B.Z2%H3aaje5T:FE:|S'),(274,'xuQ00A;x2tli\r\n_\'gr@[TM;i9`vp0\ZGed=>LMBXM7nn`c#9Xb*pW3lh})PBqJ2La\0eU'),(275,'xmQ[n J\"pM6w,j	*w/!|f	5jAkIGT\r0K:Xa~R)`=YbB/_p6b\"p|X/\ZI]EV>;Is.b1BG=;ZE^TNb&|?tSZD&3i7FWtr8?\"1iU'),(276,'xm\r0EwJK]0UDv87!9flkT\r~gYa4(@0	gE[Bh\nIN>\\e]T5`m3K*uQ=?J	^?xI7W627~Q|Nf'),(277,'xu\r0Ew:;tTBPU@7i#x7xh*vi=\rcw<A0PN!SofJ1DOb&_zdEsfI8eBLcaeX$V'),(278,'xeQQn *`4v%NFiGHT_lp|XA=L+IA6xzJ+VMbLQ\\%G5%S}0#O!\\rspkXs8I]#.u\Zk\Z_e6u{hjgxVi\n~pSo>p}Dk	!Z)\nb(d|N1/'),(279,'xu\r0EwT\n`H!p@Uwo 7j-#83z-xGKlnY\rqT\n#utl4>w_FVngjB2QE	5T1`eL+1SyUS'),(280,'xmK0D4quQ4twAfGK}O#N\n;S<!\\v5TA0p3f3-B3u\Zc^4?~,Oq$$8WNHWeD?NF'),(281,'xeQ[ Tw\"68-*\nLj$K*_f<Jo%|t	Z`O&I5lb|)c4>{~icK!}}>%8}}5gYaZ-|U^v8=P8/)dv02pkz)D(NBBl\\'),(282,'xQ0bz\Z^(dlK76LL|k~V`TGH\\WiY\ZRmE\\+C!jz|L;	\ZXc$OK=|z>jgAn>lGW`:S3Ll`s'),(283,'x]\n02zW?;xmQ]STvn\"_$l\r:-\r![fk0z\ZE,,kfL;Lp#BKlST4WcP)ks99_W\'JLsZpN},y%	Ok/pH'),(284,'xuQ[n J\"\r!WY\"w/T_x$\rFA	\'dwF	YkMN\rc+\0dN2[}HM#{6>@6zC=>{$>j=`ijP_{)Ajx\\xN Ee9n-IeVo(*UVx7L>T8R@,]R0bR)oR\")a|I\nW0\r^'),(285,'xK pR^0U^`.mqf2x7`Vh\'0Hpf2]K0\0mk6(ix^o	dXI;U .?s%aq;J]+\Z\"	{S(~	MH ofHb'),(286,'xK0DR\rE:w\nU`)*Nqw4ag5 [x1\\A=i@;0!{\rVA(<s;t 82{2:~sv&zQDY66?n\rc>?-s-wB*dW[CKejo'),(287,'xuQQn Aw\"8-\Z\n;iz4eo=84GUy$A\\MD$(Aj*Yrv]%%i	{oY~j7\"gSiS B4 _Sb6p}6 JTUZ.3/e&&!-*v>/7+7eLo\rColW L\"2p\0Al,Alx|1bNHa)R'),(288,'x}K0DrT@;p*m]d)?9!N%7O#+\r3V0WVqc,_H==AgiS$Fs6G[KRlj0-Jqa\n`|e)0n|\0mZR'),(289,'x}\r0Ew>qv\n(\"$Tu-`H??+[xG0#FqH4FdP	C?hemhJLeg/U\r}>jgA>\ndB+0okn}Bq\0D\\'),(290,'xePn | ,qi(T&M}@i2\Z\ZoL`&v63AXAjK+XKf)E4Su[Ji7z>2|T\'i;UV0B2-D\'rN[;:Wn}xD@0FluL#+Nh1tOa/'),(291,'xm\r0DwZ:;tBUwwj#xGpf$7Eu\r&ZO&\"]#&\Z\nO{,t&;7+\rbkssNT\rDqzdb\rB	O\nV3hO'),(292,'xe\r0EwT8;tTB9UCmP5xGf$;Q];CD\"^n>%\'c\n-tf7-3+\r3[#{56VLq0,S_a5\0JL'),(293,'x=a\n0FlLR)40dw)@Gb\0q^>__)J[%K3BT]<2p[P+%.n1Q*@%'),(294,'xeQ[r0\n`J(wG.qH:Vtz@;ZEC\'+2^5`a&7s_luEOzJ#76No8r*\Zfj.[=~hY$?A(Nf[EXRd:4=_OMf *EL&S>5-yBj.zNryJK\r:d4U5_HC~~\0\n'),(295,'xK0\"Da/LM40[h0q7dFCugZe&pi\".;pyjKZ\Z@e\Z`m7QbDQ8P;QY*#=*foWk%|\"Wad!WH0kq3MPqFf/_om'),(296,'x-	0Vd;?\",A6qh\'wx\rR^rsZ-c8?PGn\\\ZD\"!'),(297,'x-Q\n !o`4nJsZJ6B+0=3Lsp\r-5p;Tfq(*$_g`!#\\!'),(298,'x=a\n0lL,R)40>x/jN (`xX@ce~Ht}5]ycFza.YT*h|K+&6zn9,.>_@'),(299,'xeQQn0\n	;cRbli\\f4IW16poY58Cn\"IqZPIXIZZw\"Y&?pI4U1[f4S,^kG/gTqqYP#y[ZD>K8&m.Wy\"5\0k1P}L@\ZqtHI2y(F.^YIGAbb09'),(300,'xK0D|EA!lww\'az5S68\r	`iZq]`K1,<-$=Om\"5:4=HD2_-VG/oyL&0hPh6GK=0\r=2Zztioc'),(301,'x-\r0UP6\0UC0J!bw2GK($8cH1z_TZ9?|H.uNVQ\nF\"\r'),(302,'xmQ[n J\"WY\',vTU{Djfg@C-2kB]YG5-u`o0onz|b*@!.u]xS B,1F7qp8-=}z[Uk\r58@dhSwOv;zhX\"WZ3dt0AI\'Gn\ne'),(303,'xu\r0Ew\rPA$BN~&4~of[:4*^\\O<A0NMq70g@OxQJJ(6I%qXYq)>R	)	?YS'),(304,'xuQQn *Hw\"8-*\n;iw44/| ,8[h3	D\\@\nDS\"qH$9[*n,3\'|nw\"	e^.?\ZD\\Nb\Zr@9ZPi^UZ}:VZirJJj5Iz<G39~VR;wcw;\rH\Z &1\rO+#)qo1dV+'),(305,'x}\r0Ew/ZgjH8|	GY]\ZTd+nA3%\'7&x@q[\\K9P\nv=a5krDpJ=k$Qd6\Z->u-I9$=CCl]3\\vT!RG1>_?_\n'),(306,'xmQQn BI;\nKBJ6e{J7o9@m3H@u)2;y<qO^g>W\'/bY%3>=={X?z\ZD}LMbX$eiqZl/RRjeO%wDmL3ZVfH-q~B=v&bhn7 l!{Adqad=2#1uHBa'),(307,'x}\r0EwmPXJ[\"$S\riNHouQ=NBjd814 :e,jz>uak{YMO5m7)cP0GO<A;+@v\r5;S\'sk\0iY'),(308,'x=\n0%O!	#wq)El8@\'UOFJxS\'[MB2\\\nOr5IXOTL^9)6n\0GA'),(309,'xeQQn J	K	NFqIHl\Z~~{6U;]?0n&b1C\n\r7!ru\"*jXhOV\\5s~?_PY(?AM)n&\n[Mx_$xq5iG|rhC`FegZKe\n=(Yu\"FViCfnQ3o,#Vjj%bZGP)?Y'),(310,'xA EB8\\xP.pcb?hPx8tz@Qv@T 67mY]N/ V9(\nO#XpG{G/~_^b#v|Y(@+tqBf}rt'),(311,'xK2.RILJLQ2.2e-AKp~rbN*TJDX)%OJM.Qb\n%\ne9J\0X%%'),(312,'xK2.RILJLQ25.2e-AKp~rbN*TJDX)%OJM.Qb\n%\ne9J\0%'),(313,'x-10r(Q!W89xcfW4^10Vp\\e~4}FP}.R?mm%#-\'2\ZRv.'),(314,'xK2.RILJLQ25.2e-AKp~rbN*)ab\nb\ZZ)\'ef($(dfT(^Rd]\0$p\''),(315,'xekn Rq~zuJ bw/gvVQ7\02Fk	@#^C:K;,+;di|X5,\"wYgn?6)96EG?rb%UJQuU&+9u9S@4\ZF45mMn&$?@2[G lh!j8=U/W'),(316,'xm\r0FWA)RgVE$BN	nj%xCf$?	CuheZv&\"tVT\nCtmrFfA\\xojE4S*6W\'\"eB%5!1LaQ'),(317,'xmQ0bz&!Hw@dlK=6kP5!83:-#D}s8B3:asLZo6\ZGv.k8;]f~{\"plcW(!gkpoeL+1SyS?Q'),(318,'x}A EbEBCa`aw\n.u7ygAS`Dv4:_`<\"~UzzJ\'Fgk\"4[shOo-$s;sy2eVvz{eY'),(319,'x}	0WQ+k{@K+3@3;BU5R5hj_5yz[zMr}OCK*Cp4q;-\n$w^n>2Tv?Se[6pxX`i}imY\\'),(320,'xekn RqpWY\'\"WU>@\n&hhv5+AX y	\r\'R;*`Ff8e/9g>O\rlN2>r\\]W_}zXttJh@-\'89\\izhwCS&\ZG$vc4FK+F\'u$?BM>_g'),(321,'xu\r0w:;tdTBP^ 9w~p3X[e^/\"t<7N\nbT<8(7&/xJQdfb\0P&SXbC^X\\T'),(322,'xu\r0w8;tdTBP^ 9wf^LosBSi<8(7&/xJQdfb\0P&SXbC^X\\aT'),(323,'xu\r0Ew\rHXJ[YJN;itR\"x7xh.U8z0BoV89Oma\0sFnA9<6;3Ip%_YQtNc\0{oP&Sy,,RuHBPl{Vj'),(324,'xuQ\n0N;xmj;NvkeO//zv`-$~l,5pn0\'(~zdbEZnrSFLf(%%+h3rT$UC>O|nVXTV'),(325,'x=\n0%O\re>LmdjI\"	}\\W|k?\Z\0.299t=O kOY&#Ft$BT&w\ZOrp[\'TbW|Ku%1	3<'),(326,'xean qua?vQ\\ag4#&/{/\ZafF)T\ZnU;v\\+46&fYU\r5LI\njb6|>)P:\"^lxL@u EI`o;pk(7P.9wV<EZ)zPvQ3:(~Y4un'),(327,'x10ER J;0p(.N;i\Z$6\'P^7>@%&F64<=F+\nF\\-rr\0u!JM	dYRj~a5Z1brjs0Sf\'&2k;dU'),(328,'xK2.RILJLQ25.2e@Kp~rbN*T(MsSBVJ>y\n%J\0v'),(329,'xK2.RILJLQ25.2e@Kp~rbN*TJDX)%|J*Rkx'),(330,'xe}n 2q*IS;\nNFi?{5	:[#.@x$Atu>$u`zbtoaX/fz\nC*~Zjn?6-!96EG?r+z{cIDSN]v[UiV2\'G=9^#eF\Z6~yW	$Z?A2[ <mh!(Lqx=7\"?~;(r'),(331,'xm\r0EW2+Le)$UHzz~7xY@IE		kW,ttq_a]6DC\ZF?X(dP6?Pa.@2G\r>_QQ'),(332,'xm\r0EW2)UCW@Le$U f=o;Z0FfWhP`\nW0M]v9x+tj`[qPG%&wgI(&\n=\nK(0 \"x?_ nQS'),(333,'xm\r0EwP]0UDv8TU\Z]	7e[cK`Lv2+(+DO&xA<mm\n\nIN8xV*{\r5=daB/\nF3,Q'),(334,'xmQ@D\'`%;x@1M]>8kL\'S	Z\Z%L\0.08`fkpE&,dU9y?z	PL2:P\"C.\\d{RRz'),(335,'xean 2q\nhBQ04MIx~AM	5b=]:`O\n	$V k|_s~ruf{\n{PM6b-Q-XER\Z~n^.}Bj$\\:\ZdbG=0yktcvsa@\naJh^&+(4haB;Rc(\"/'),(336,'xu\r0DWA)RgVHiBNg|\r`ge,kg:P6i-R~eBjW9 ?C.X\nO!ZW&~@%p0Llc+s*AW5/QR'),(337,'xu\r0DW<)Ug*RH|TUw/Y;E4:``\"/mrY(\Z<C\Z}0,Ir\'w)0MB@.Hwx&5\Z@?|q[Uxf>S<R'),(338,'xm\r0Ewa\"\'c[}\rxGn&?\nU8vjvca<5*3vsEnI9vz1|[S}m(J1}4Q$XNII\"T9QZ'),(339,'xm\r0w\rP,I$b&a1ZOg[3=GhU]k4YB}(Cn:_q%Alh)BeQjsxD8G\n2l0$C.b\'\\C&R'),(340,'x=a\n0FlC	,P-40O /Z#M9^~($0y\Z=kF[;r&J\Z7=r<&F3.$wB\0='),(341,'xeQQn J(M\"\nJ@l\Z_(#Xd\rq@@^2:fFAF;MZstoRy6T-*O0S2e#\'(HTpyn%(6zBq8<\"hQ4b)LS<?{i@wG9@\r-zu3IVbOi\"A|X DwV-V5H\Z*7HC'),(342,'xM\n0rS.@TLn yghn-\r#0)\rEXt<?bA7MwA_\n<\ZYglYzL[gq?3%v1^(fPW^`X\n#W\\NFE<{f'),(343,'xK2.RILJLQ25.2eAKp~rbN*T(MsSB@>y\nEJ\0]@J'),(344,'xK2.RILJLQ25.2eAKp~rbN*TJDX)%}KSk]L'),(345,'x=a\n0FV4`ws}yyam@jLshrEX*l{C4JBIn;.~UXi5qpEILB`\0i>'),(346,'xeQQn J	%s}NFpJHl\Z_1b@9etV\rv`A]M |\n;j\rJkrN;%-p^AIb5SEs\'G(U?u~kG+,<#Da/	[/q.}\r)^;_tNGcU}gBOIQ5(i-EL2?\"E\\8b1a%Q/4\ZL9'),(347,'xQ\n0Rz;iv[&)I\'xw>\"/?WuM\'v\Za)NEKXt7y~m^\\:$]4U;_4k;}o\ZQv);uf-q\nN8!3no^oi'),(348,'x-	0[@nj9{7fQRt -d*O)^Pn\r\n-AC<dtnRwQj\"{'),(349,'x-	0U& CVjA/aT8-(~p3Y1#ub/P7+PEo$c,E^7k!\"}'),(350,'x-I\n0\"vU!E(wcEu4=dW]vVRQR!QoP0K1.U6.qH?/v%'),(351,'xK2.RILJLQ23.2e@Kp~rbN*B0RKMZ)VSYR^\\RYPvxIQJju-\0Y&X'),(352,'xmQ[n J\"o+XTTU{?bvvoaz@^:q	$I+_5U8E1(NO>Z \"buTvj>sun#(b[Q>uMmds8uUG>,7+_Qw4Ltob]?0)>m@a@cLHlAxQQEF}ax}A\nAn	T'),(353,'xu\r Ew!9\"8dJUK=f?o[T/NGq`5`Q\\g\rBT	c2 (.<voJ->imwi}u8,$3]`M\\	klbVb|SW'),(354,'xua g3ui1]6Uo#`*}6\ZeZM^\\\'\rBT}# .<6oyJ->im7i}u8$]`MT	Klbb|SY'),(355,'xuM 	\n\rmG3	2&xwia{?@8nB?,6\'+`@QugPlz<vAWA5{~F\'6*G(q_cy!qMv~GGzEJ)eA[p$cb#3xT'),(356,'x}\r0Ew\rB;GVE$rCXX!qfek\r\"vfeP(LycwR6~8@\Z\nD]*<?<5%\rj:xeTzNFw.FOt0ob&b\07\\'),(357,'x=\n0E%Oa0%ZM;O {C8K(ZXx\"C+B\'~Vz	!Z4\\NwE0pWM#M-{HeVr?f'),(358,'xeQ[n0\n`B!,wG/\\$VKG/x-GL\Zp@IO3:f6j)RT#9ujuwZhp)@qJT\'G4AK0;cvv/WM~29 Omvf\0a\"+\rmhU+)`\\Rtr+}g@^\n,y1_VUeOq@vq	t'),(359,'xA EB8A;!n[pP\r< vuc0lZP [Y=2:p[]tj@^4X;zY\'ZytT\Zo>K|&1[\n\ra\nlqAf,e7iCl'),(360,'x-	0Vd;0I\r 1!x\rz	~u;i@TW\\8Ym	u{P4?\Z@K8p,!'),(361,'x-A@0F@I Y4i51{%L~%aStd/i A[Q\nY.s_D=/!'),(362,'x=Q\n@RLn&6b	d	_(jNaVCirwFbr8Z=]AfQ\\K>fBl\\_)`~\0='),(363,'xeQ[n 	5@#EU^|E0e-L06TkD\n;OZ@5&Y@dt o}iVY>__@,xdXg-bT\'Axyt\'wS?\rc7\r{\0R@\rzs36Z5E^$zD( dD;XD\r:d4T 5dn'),(364,'x10E\r\n;tP\nzH.U7	\rho{7N;@Vy4Jin:{qx(@#XaH.&Y[D_\n3br\n-<+DqBf<\ZzgB'),(365,'xK2.RILJLQ23.2eL@Kp~rbN*T(MsSB@y%%\n%J\0_mp'),(366,'x-Q\n \r\Z;GXYHt4D8#(\";w`h&E?* \Z[Ldz;PAsVQfmY%Jy!t'),(367,'xmQQn $KWXpZ4\nv*M>&i=0PMrYur\'\rnA\nTs!\\hWg,Z$mURNxn*xv60~\ZPC1Zj?I&|pK{e	tsVuIr\Z]{jq4\r\0\Zv1cL7;GPfh\"dvB 6<mQt$\Z)\rV(1?~'),(368,'xuA0EP]\0S hvpjCf$;Q\"p\"f/X:bO4Dv\Zu#wgy2nbl\rK0SCb@_&S-CZHPUR'),(369,'xuQQn *MC;\nNFd64e\rR7A&%.S	$+E:KO<pc_%%2)I{\r-Sp`/|)6B,u`tWCQ/cpDR\Z~ntP\Z9G0I=z>Q]vX95|?x$0h	thaB3R;P_'),(370,'xmA EpJ+QGK`fpa7;3%Prkl]WFF2v\'7t\ZTI}qFt?\nbs~r?WEe>pW}:V$9^G~E43@y\09!cg'),(371,'x]n Rq]zD:Y@8RUK}(O0|,\nekBK3$&n\n(d,rz$sSZZ&q\'86?S1B+wz\'biunXc>`4a(R4=u\\\n9}0ql\'J6I7]8mQW255B|=tL0Hq#JG3C11/	K~U$g'),(372,'x\r0DWA)wVB4	!bM\"{>QUl>xQ5< p9i5BSoqe]\rC!(x=3uRN0old\'6WRe%hpJw!=}dg=Q]SY:h(}~\0d'),(373,'xeQ[n J\"\r7w,j	*p)evY$T~@t4\\[Kz* m5:YI@4dxEx?4]f7)dp\\\'&Y]g_9]\Z}op,,)\"\\|3-<^D+z.h8v\nG9yB+$ik0H}%Lb(3BI\'en]P$'),(374,'x]\r0EW@	:;tTy$|TU&]PT!h5y(Zl8I,`5p]7*Me!d=>LM`>oZ_HleEqWyji(cicy,[m~_==4!^'),(375,'x=a\n0l1LSbYZhRw?//n> NpYB}/45XuA|}:E65~OJ%P\Zhr[MTqN>_ly>'),(376,'xeQQn J(M\"BNj@l\Z_(JxDL\Z,!ap<gm$gS6\nmVf2W>+g1.PS#TOBPVz@qw1QRRO!/mMmH^8Y;jhdd#Vl%CD~W\"fic%aPC/)R;?<'),(377,'x10Er*:Q\nbU{IU7	ZP\ZUOpEA44ZeyL;o@y;	rLII7XyX*f2`8b\\*k>q,\Z1BK$et?N(M\ri'),(378,'xK2.RILJLQ23.2eLAKp~rbN*T(MsSB@k^IfIBq~iQrju-\0( D'),(379,'x-A\n AfVszio$n\nfuai4c(9 \n\'khvQ9fyX F'),(380,'xK2.RILJLQ23.2eLAKp~rbN*TJDX)%%+d^Yd]\0)Q\"@'),(381,'xK2.RILJLQ2.2eLAKp~rbN*B,ab\nb\ZR2K2lKrrkS('),(382,'x=\n0%O0:&dmd\"9|[HjN\ZaT%\nT %$Fz(7^-[E#\ZY1;62daiGjBlZOk\\phCI\\b`|t@,'),(383,'xeQ[n 	81@+EU^|3Ep\0ao\Z1Z8G]G\\Zt ^Tw\\ie|D:9&Y~(T#Qh =>~j$_ BLEj1*s K4\\a7n\0vC\rzqe2Znk&$zF(; dB+XD\r:d4(,qB\rs'),(384,'xK B8\Z.\0vjH(t.\\1q7d:3@;:mG[Ppi#;Ny$-\ra](,-^3oAz3?Vg8s#b\".9 qX/Z\'v1lh#UmX^n'),(385,'x-A\n E\"sB,Sq#Si?ch<yq\r\0c`,HH0F9_UC.WU.r%!'),(386,'x-A\n ?AdV.\r@n. ;<F	c-skC\Zj*PkT|od#l!'),(387,'xK2.RILJLQ27.2e@Kp~rbN*TJDX)%,H-VHIUsx%WYrxu-\0!&W'),(388,'xEA0D _\05& I{1m8_$JQ1h[S_2P:-a12?s7NRmwju#R)~))D'),(389,'xe}n 2q*dI\Z;\nNFi?{5	 ,}F\\,@x$Am>$tubz`o$K\'xf6P\\*/WdlZcp!sR5m~V%f1*%VIumaE[Uk \ZweNI\rNzvE4T5m]G$> CRkwEr4|Rk8>B?]'),(390,'xmQ0bzQW Y2O~5\Z|	v;!D[}qdBh3tfYiZ:-aJtL2^SPaoeL1~\0Q'),(391,'xm\r0FWARiXJSEJN;	\'g`D~t3h\reZ&xE67ZB6EfQ\\xojES*6W\'\"3eB%,-11-LeQ '),(392,'x}A EbEw\n\rmf\nd1]*U53Wju0\\c,_(# 85\r#)\\jfYB/oJq}k0a)7XFqF\"TY'),(393,'x}	0W(jzJ MB\n\"n.&/w|P\ZQ\"z\0QH\"t\"nu4u=bO_pLm4\nP!rQ7s k>.e>hF7>0Gl\\'),(394,'xean p\rEq:aItM	n/SVefk}(Gg`%Su/9/g>6bYg[\ro_,T|_HIwg)zQ;O&v:dsar;d&r70 3FWZd%MGtp<8@)'),(395,'xu=0:\0zdTBa*^ t#?BGG4![<W P\nBGu{\Z\'YeP),]`je>\nktL+pk/iT'),(396,'xu10E2\0zdTBa*^ t	M~tXfhb2o7S| 5g\\w*t6Ij|f	*%5?P),]`je>o\nkW=T'),(397,'xu\r0Ew\rJXr[YJI;i\ZOh:|%!84	{Upa(nq[vi1)ZiZt3+hpUbLa<`)#i+?lVu'),(398,'xuQ\n0Xw$jWmO{_>?!T\r#vFAT}#L`[}vDB+<b 8Zy=6Kk&G<&d,/q7anM\"\\/PV'),(399,'x=a\n0F	f#.qThl#FaRdxdNBm_N4\"dyV\ZRg5<4JfM\\\\W$oE/*${\0\0y=0'),(400,'xeQ[n J	(C?zDBw/U\r| M\Z-f8L 6q_LJMhQ`uQK;9/ yCYL|$q%yQ?u5#]EqJ\Zo}8#,EPj0Hkk@4Or\'S7C;G\0Pj\\nd2=>Ljb=,HA2wEx\Z-2_Vq+{XOhrO'),(401,'xK0Dw`(R\ZGv@ag\0Otp7`c/p3h@ZtEKXtwy~^V~V|/r}%*j\"V)-TW\n\"?k2OS(pIq\n^lb7et'),(402,'xK2.RILJLQ27.2eAKp~rbN*T(MsSB@Tb%Z\0>'),(403,'xK2.RILJLQ27.2eAKp~rbN*TJDX)%b9\n%J\0?'),(404,'x-K\n0EHv`T_\\ P?E8`q+ZP\n#A\"yke)/%\\(wmU*	\'3'),(405,'xK2.RILJLQ27.2eAKp~rbN*B0RKM1\r\rrKJ*Rk\\1'),(406,'xmQ[n J\"WY\'\"W~R0;;\Zj	>X#.zu!P :O$A}>0Y:u~aIXjK]W ^*jv!3:9GV-7qp8v)A4jO,h!}zmZ~wX^M>Q]FJ~oN6a\nG$\Zz#^iJ:;\r:Lh:\'p_'),(407,'xu\r0wMAuv`*.&bw&.8 0WxCB{a<q&5 P+}`w(VsNZX8R,g4Sp-T%3S{oP&~).}:~U'),(408,'xu\r0w\ruv`*.&bw&.8 0WxCB/xMjA+WPzVsNZX8R,g4Sp-T%3S{oP&~).}:~U'),(409,'xu\r0w\rH:;B.&bw&.#7QyhU#pd~8a&5 +W:aw(WV\ZsNZX8R,g4Sp-T%3ShP&~).}:~U#'),(410,'xu\r0Dw\ruv`*m]d&~ $/n)rvD7[#	@u>Y&wUDAy o\\yi6@_\r8KQ&(xeJx*I 3\rU'),(411,'xeQQn *KK;\nNFjiD*_=Ax[8yhq#O aL-\n7x8KY$]LOcO:(e$#L\r#k5)POq1mLW8LU1{6N/xTFLj{a_S+pc-K\n,!H2k@2xg <.0 ?\n!Uf4'),(412,'xmA0z(8P\0SY\nId\'Tcoxuh:(\'^2qOb0v0l\\f*Ty ;iKr!qWI^C+\"2\0DE&\rX$S'),(413,'xmA b/D$q*K\r@~0\nX\\h4lZ|n\Z^33\"D_5xj,MGrCo\0$)VE8N,7qK]<\ZNYh#jE{S	'),(414,'xmK0D$	+TnHiB~X3KxC)6vW\"5 DSK mWLI[p\'8s){TiaTVk\'cuN$'),(415,'xm\r0DwIAXJ[ErI?*6lbm$~gZ3\rmOFi2;K j\re	?=B	ca+{TG^r]I#$q1+LaS4tB6/`O'),(416,'xeQQn *`II;\nNFg44y~~4H	0Kxa$=tDOL u])2tZaz`j%l-B:?_nJV1Q/7qp8UchT{<+/m\'Jj|.a}6\'=;E~\ZM6a\nGLirN$0%ddE	A\'gLaBB~*'),(417,'xuQ\n0D\"{(hw\n%MIMn7aj)xFf :	e&ZFk<@!hHYB07\r d\'w,Oee~F.et\n%l+\\v9DTZ'),(418,'xuQ\n0D\"{VnJn%&a7Dm\Z?[<\\oG,U	l93\ZUn0Q	BqV[ x=S/9\'I:1r[o(SU~*/[71(aaPJ&b<_u7Z'),(419,'xuA\n0ER5`+HQ1	dQJ9X5|K>=HjFaY\\\n4\'D~k{)Cw= 9SK2)kt:Sh9|I|z4p|Fb]47\\'),(420,'xUQ0bv(^(dv<mso@`0CA4\Zj t91D-_CVbwAjh=N/J7)#B8Gu\Z{>$tB}<.xHq<?AYS'),(421,'xeQ[n J\"E:A%RTZ]3TEU=$+<V2)H+T=@8Z|C\nk;U:v31bYV,%f!rC\'7[dE{s#I6w>[\Z\Zpfi\nhSw/sKE8BJ[CHDiY&+jwEv4\0SxcP_y\r'),(422,'xmQ [,wb] f\'5:$|\"83xwN@L[e	{/xf5P|sCf)H,6Ub\\ACLmAB\n~5.<pNSZIJN'),(423,'xmQ .s;\n[ f\'5:>YfQiLG2Lg6X	0G]17;J`9nOtIRS]Il9x%GWh<e^\0N'),(424,'xmQ00PL-01`5i4Qel*vy0ah0n\ZN=I\'lJrAIrxlI/B8_ZW(_w!S+X~:VCc?fO'),(425,'xmK0D4E@+Tid\';Ifl^Yd\n$t;cA}-\rZY	,z/\"O r8lU#8}mlh3)[cEw|Edb2[2o	7$M9?Q'),(426,'xeQQn *%M;\nNFgR5&y~g4H	,],tKCGTX\"sM;Xg\Z`C<=[>HUx?_n7)U..Rg&[\\%ocp\"?RR4rWL+/m%dAq!h\\K=z.NlQO^\"\'F\rCksa^Z`	9Lf$4h!)LqA\rc(?'),(427,'xm\r0Dw\nTB{	lPuYfUi`0\ruNmQ[(ny>Mj@fY36\"hl{&i_Jb~5(${V[h2DDJQ'),(428,'xm\r Dw!\"B\n\02U@>+~\"VmdW48\n!#>L#2a)^.=]U:iU\\mKW6]7{7SlB2|u}f]wX})^Q'),(429,'xuQ[n J\"C!7w,b	*pO*_,hlgg\rXh%A#\\XLqMX^X+%Y\Z\'G{B|PtRT%v#8$`K>-PcZ<,PpZHuB/HF+YeHqV[7\Z:[*l:bVA,a1RyhaFsSc\n;0?'),(430,'x}\r0Dw$P\0B9QURg;Uwo{8J7zj	5B{=6<XOP\Z\n=cQ{lJ]raE,sP~R]]X]#A\\0*&e.uQh\":?WX'),(431,'x}\r0Dw*8;t@4QURg;U7gFrA[lU#^lEl18B:bs87\Zx.dmdK`pu\'!YUW1mB\"t~zX'),(432,'xu\r0Dw\"8;tTB{>\r3XtVSlnypt#6JrxlSIf:1I~U)QtNc\0{MOXb5K!	-$BGUc?_S'),(433,'xmQ00()Pn0_6	UgK=\rO&5B{|mv@{qU&h.\Zw],In+IS(.BWh?\'#ALH;_dY9M\"nMR-'),(434,'xmQ[n J\"0;\nuJ \\zcK-_0;t\Zr0KCE	: RM:pw^k4>,7VO:SIP /3Fd\0NQZ.7qt85o!8uicE{-\"SI3\\\Zw\Zf]C\ZS.	s&Q\r:h:`\nsG0C~\n@'),(435,'xu\r0@w-\n`*K!p^Br7g4VxGD[plAh;+YJ{nSvgA6eJgB:je>kuB+>_S'),(436,'xu\r0@wT]0Dv8TUw/!9h\Z|+&^adl}T#pb-ppaj tPJNJ8T\'CY\ry$.G\ZY{*<`F\"tj9S'),(437,'x}K0\0UUp+L)?aQU{CHtgG\Z_#,o6Lp@07\Z-zz~.Bf;U/>!O!QYKZ9IZIm\rJ,V3{\0W'),(438,'xm\r0DwuQuv`*.&~ i$~gK[F0ze*S	\n_\nAOsV@z.*cg@oyab\0soP.s`tJ+p\\Pt'),(439,'xeQ[n J\"c6w,j	*w/O|-3M	5jAW#T@\Zs	N_O,{7Y0h_\";=|X/&!PLd j9/T-ww8cRpj,ho(;.JV\n!=l@\rzriqd:r0 6 de2N&4\'#)/p~@~3\\/'),(440,'xm\r0Dw$Uiqv\n(,$RUugNwixG~)x`kvo\Z}:0N\',0s^ CS\r9lCAmk=u(WNBM{8\n}I\0nfO'),(441,'xm\r0DwT:;tTBRUugNCGH~,c\ZxEL[{_}yAw:Mq:V\ZsNJ CSo|A}:QL:	1}TqiX>uHBoO'),(442,'x]\r@FW1]@(Rvpr@1M1.&k^_|4l-Y9O!u(5R\\9lt7ZcnR\Z	gz\nFw^\r(U56bL\'vyiC\"\\cFD( -oW^|'),(443,'xm\r0DwZZ\n`H!QUDOwwA[DnhmiMLE7OPW(Od:o6\ZUlW%8.$3lJy%\Z*i%f:*N'),(444,'xeQQn &!w\"NJg4$M\"/x(9&,c],HqI =UDO3\\g\ng3,i|(X\n-R4T>OUzZVn7.Rg&[]uQ{T-7qp8<7^6u[_3/m\'f<	Ygn.\ryq|G\rjry=95lCaKi)9(YMKM#+\ZtHh:gzw'),(445,'xmK0DT+Titw/3#ODw!R#FoAAJ)zvc<x}S;W%)/5E1Dq)i,\0R,H:y0Q*2e]H.|AR'),(446,'xmK0DPEq+\0HdEUewUQ#0PyX7\"pk=ng\"\Z:`u8\r\Z<vIo\0WH?`\"siqf{>$BgQ?R'),(447,'xmQ00\"^Qv<`_\ZU/+0Xl !D[+E`@3x&uBzQoNs.|iFtkW?{!p=1B	/bK5?Q*'),(448,'xeQ[n J\"pbo+XcT+UU^C-_,(|GhGo4\Z5B:*`\nH\\kL_O,-/IR;[50Of>P{b}*;_TR\'\"{ymry!OCoq,\"KW>-$$ku\\lbN[,&vTfKHoV0Z}x(:na	,\"q#)jH:i0 g'),(449,'x}\r0EW<I+]0m ;9TUw/zz~\Z|v7quk[h-LP#1\'.SO#6J2TM@Ug\'9MI&v[r1W(1X1-L2/\"Y'),(450,'x}\r0EW<Jg6RH\";9TUw/zz~7\Z|LF!D[a-a6B!tpO:asl:o6\ZGvLLjF?gb7m!d}PBy12L/Y'),(451,'xP]0	\0Mr@(`nx 7_|k,q8y4CUB\r	S~[tLmyx:@3g0+/PR1,\nyk{VfKK6CK`$k`AQ~|~Hc!g+'),(452,'xuQ0bv1Bw@\ndtK7n0oZ}w`ge,4DEh@])	?G(	-?7Rk]6Aw\"Y8tnI^$6$YGo2xmB\"?7MT'),(453,'x=a\n0LhZan;ty}~hb\0q;/):RElF OZR.}a!\ZfE^Nr;%sK\'jjBlN?HH)?'),(454,'xeQ[n 	l7u1+UU^|325b H A,:,DsvHZz@Cb8=rN)*O(\ntGV/{+) S[E2Y\\R)^\Z^oD<a@\n8,jwWW&Pi=)5m*@iBGBf5XICF*\Z+n27'),(455,'xA EB8ez^`;5$.wXPx&8ENQM	 ]{c	Z.Y@rGdw4-X,-(VbOmn[?&&\nL3A6.-.a9K&2^jzLlD'),(456,'x-	0D[	NYuQ64 A\'mP+m*(-<KVNyO~mNC#@'),(457,'x-	0D[	0NYukQ6x BDX=#C	*}*U~Q5hYu|kwbU#B'),(458,'xK2.RILJLQ2.2e,@Kp~rbN*TJDX)%@vPEiQBJBIeABN&+\"9J\0{('),(459,'xK2.RILJLQ0.2e,@Kp~rbN*B0RKM[)$+dfT(^Rd]\0$'),(460,'xekn Rq\\;1;\n5@+EQ^+?5P)x@8[8;PR	4Ix!u!.qgaNeoGcJ,i}[t2tY\\0*tsS~a&W6Z{m 0O^`Fks;k\r1=0}D-Bf.4w\nb=2OFqLk('),(461,'xmA R 6BDS!@6/Ibv0Ez\na\0Q 8:v}|`ccS#9T\'(*K\\SuS&\\?Q;'),(462,'x}\r EW<$6f,@UKzloEDnc&3mK#hirW8\'PzFcb(\n4X2;N$	u3+bOoJp<{\ns}vLcZI?CY'),(463,'x}	0WL+k{@K*3@3;{BpaM+PPR~&}Re @\rw 3Q9p6\Zw-(uyw*`gF|=eMH;F?si^2\\'),(464,'xeQn DRqHzuJ bq0;-hgN\\<(.-D	4O;\'Wt1#M+(i%gJ.>mOO!fX)<.0]W|_icimyNt_o<FK)QhoQkpl)vCw[vO\\ ,+eXAqU;R\Zs6T/N9'),(465,'xu\r wa B$ND\0PUp7{?C0\Z7P\'\n_`PFWs1PW(NyN\"n4= 8BPnag\rY+YHf{t(idL+1SkU'),(466,'xuI E	 HzI\n\0z#\ro/y	\\AB[cf_^Cs=G,rCC#=t%.J}.>EJy?5u8Y2f5VU'),(467,'xu\r0Ewa;9;t&8uW=Z/B;<v_x=b`kD[\"pOzGwPGC7\nK	/IYIuOAMLYxa>V'),(468,'xua00;xR&c[abw|6x#?dC.ZvcM5=UUdLAVz}!	X[m~&((\n`WXcZfkV'),(469,'x=a\n0FlSKb\ZY2iZaw@_dRpZEE\'GfQQ;-Klw;s9p5	gWE3%6znEYF ?>'),(470,'xeQAn0\nHDbC?RbvfUb*UUBr1~%<!8,UD\nRKN\0.{,73M8Sj3z0~%^|Bs<B\"^lxq\'OKS!^\Z/@:=tCCH=PKY}@sTg8SjO~D\\8E-yVoPQ'),(471,'x1 E8A CzB\"2TU^Bf=o[6:x&8~r~@ke	z{5:\ndxK$}wIJEB,78T~cL\reGD|-1Yv1;\ngrauE\"XUh'),(472,'x-	0DVd;0Iv kC`Up$n<>1 EtN+\r>[X6&:>~p'),(473,'x-	0DVd;0	\'MqU\Z<\r#2D$:RAtVdp eV\rArsb~'),(474,'x-a\n@@hn|z~p<((id@U{y?JPIr  '),(475,'xK2.RILJLQ0.2e,AKp~rbN*B0RKM1\rrK//R\0 '),(476,'x=\n0%Oyfb\ZYZiZan3?sae@V)#$\',J(;WnR=!\ZjUoQrp%\n\'G>=%.7yQ{\n?S'),(477,'xeQ]n0\n	0:,1m4b3ivb4\ZNuNtI/cajkye3ijkPDRErX*vIXmI`bJR0]~Rt!\r91M\\$S3{0e]:2zgS\nF=(c-2+=b;Mtd?V'),(478,'x=0FMAw`QH])+;?LY~-;0\r<aa}\'!2h]c@zyW%	t/\Zeh@5+0ch]Hs,bYIYk99PPpi)bgk-{k'),(479,'x-I D>P#^\ZxwW\Z5nArzf7E(AJH$(AUy7\Z{g:XH=/!'),(480,'x-	0^3N.$*d=xo5\r<Y?nMDE(UE>>@*o\r8\Zr:y^ '),(481,'xmkn RqC`muuH-av\\@hi(d}@r**;/ATr5SioXgyp68Cx;m!ph9|ZGjwA<\\|khD]85;6JTU7Znh}\'iAGK3:\naxYGX{=b_|bk-{~BjnGvp	I'),(482,'xmK0J^0UDv@	d5olT\r~oz;vJ^leg\'teg9QMB6%%otUG?pHF1A?+sHfbE?oO'),(483,'xuM 	6Q;xflJB.,|\'w(w[u0p2@=bAwn4e#`\r[tS7<CGQdWP%q1({0s)SbZ^c?_U'),(484,'xmQ[n J\"pi6w,j	*Mz~$R0,\Z\Z	,,N	:&\\*M+\0>^fQDnZrjp`/O|1)`}p!:2~3/j1v:\\l%oZVRPrwlAY7A64o\'F\rBiz2})._%$H1AI\'KaC(/:2z'),(485,'xuQ 	`N0 hw\'_&48ZPF0Zc@53:;i{!kP@+Zt[E?Ix3Lk6a~67#6V'),(486,'xuM 	BC!@fi7bRwd%acpGQhMjp.B~9aUTVOk<hrWr;8C55%tkjn!\n?\r@_</B\r\'?\n<H8!J??WH'),(487,'xuQn | \ri^!bR3iUi\Z8o .l.gOsA	 sW r~O:>R sHoOQVrij}p!:~r;cR]:un!E{Jk]jsGzp^8:U%v0l_7 L#AlAlxIq@NJGayc+_W'),(488,'xuI E@:;\n!ND\0zBUw-j/+B`<v ZVl;Pm2LX+DLQ%i9l$ig]{F>/>E0%cqJ\rv%3?gVc'),(489,'x}\r0EwV8;tTVC-=Fekcn(\\mjHtN5jK3vB8E+	x-l=N(SL2JXx)y>W'),(490,'xuQ[n JV8IWhp6,TU{!ex(,\0#6(7Z\\\rl;F,Qr/PrAU\0I,VH/rL!/6wG([\Z\0EeU/`nI+;t\0SQbx>?yQa-H\Z$1r`$EMN?v>?3'),(491,'xuM0P4A\'pHLRf`;Myt/(g{t4(3(]5fshP:C)9/r_}B^	{\\St[~k#@	#?<J8!3ky\0w`Ti'),(492,'x}M F	J5w\n*	c!^(.XaB[e\'PaFG-%Q/x	=)M7\Z{v^\"_TrBWQcI[|LILZd5!`Y`yVJ?-X'),(493,'x}QQn0Tq)wP*iw&-_{#744Sca<*T	;^#B?.\'E+6pLyY3DmieF=1l\rzpw\ZOo]rui;*pS]jSm)`=-vyuy0Yu6>m[b^*TL9peapyLlqL3\0;8?'),(494,'xQ0Bv6B\n@1K7vE5\ZPrTgN\n&Zv&pf{9FtT*\ZQG>=AJ<.!o12U$&M\'kH~qt	1lJXy?s(#HLut\0f\''),(495,'xA\n E<AL)M;\n$\"5*wQ|F5#gY20\\{Epa. d?=~[\"s\"GtA%wg:={6c6J lhuG[\"-6	h|K>m!q|T/_'),(496,'xmQmn *h>H;\nKBiG&lc@bABx\0d9G,mD!0=psJI%BE%3U/}\Z\nD\\s7j;brRB7eyYx^oQ5Z-kro:p4$v0l_AGAla2pYq@NB#Jp'),(497,'xuA E	\0ckP:5$,R;Mo@Ix1\\Ax3\"FFqkBa*Gk<g:r`6G.AbhDu-BoT?fARn!BxJ+aM}V'),(498,'xuM F	h;xSCJ1]J1MbpfD7Yh76VQEqUqi\'AIiffgfNr%ie2~RjkY93D6&9da~	\rv7\"DXV%W'),(499,'xmQ[n J\"o+X^\'\"w_ZafgQP	ETm,h\Z2W6:lx+X+%N#4-3c*:2	k8kytv+\Z`p.]]Swoxmmsl$>^wtY%7kAzRQ;;?T|CP1j{Kbb8E.\n!.?	^'),(500,'x}=0F4TiH&v@&xA`;O~c\ZF3Y`LwT,GgZ P*;:9&wrc(41.e5m(Y*5qkl0NIh%*X'),(501,'xu\r0EwMP,Id\'\rGn[<lA9;+	V+\'[sunsP+JYfO$.cKg:	L1h\"S\',}}I$ZT'),(502,'xuQn | %WX*Twi2T\n	,xo|\'RgyB	 cUW rQv1-UH	3^cy IZSA)<e@,7CQs2okkjimx_;RmLR}rG;xc,sSl_|mhxA0AxENHi+JP'),(503,'x}=0F*{TB	U{CS7}\Z|f`uDZ3 (d?iKZ(~<B#6g\'^i^NhLU1.<fM(Yt[|)mdL1S~]/fY'),(504,'x}\r0EwM/gVEiR)BNF?sixA\'=)1tr-f}N\"<bPg0S<O}_oH:/c\0{P*C~^b-BP/:Y'),(505,'xQAn J\" !?5CJU8C9-b@\n9w!N&ap&xS.ovQbmSoTDjSY}9Y4~[`C1cDCx[9Sq\\rWJ]*-BKr]yGiVwIi>nuG-fY2\\d%v=2p,dE	N19\r	CaDg'),(506,'xA Eb8A1;uP:5D\ndR[^WVMhG3@{p!e,{,D(<q|G6*\ZJ\"l\"eS_;#k2@\n\'y^\n2pA\",!k_v'),(507,'x\r0wM8;BeZYOIz@XH9pm938\'6-N\ruGG|~]PrhiJnX15To\\2*lM/q>Js;/]L~sY\\iDev'),(508,'x=a\n0TaBF,D+M+%3\rb%a\\HRPh4!$ExU=M^Z!OGQ/kYQvjTWbg^q8CEC; \0A'),(509,'xeQQn J	B{}1\\ag4&~~~a,\Z	^h;1n6c\Z+^jN}jkw\0J$]\"D#\\ThMe1=8ZLQ>r)oi6-E1&4(o.Wy a0\0l0s~C=Nvm\0^vTo%P2eVeC9dGh{(Wz(YW1m*}'),(510,'xM FB8\\xtjH(0K).\\w1`<#AzsC(\"@se 5m>=^V^\"\rW(@#XEa*VM?WV1ZvKr\nT0Q]YSUr'),(511,'x-Q\n D{LCt0,Z58hn8l/,HH@]\Z-y<7Byu#!'),(512,'xK2.RILJLQ.2e\rAKp~rbN*T(MsSjKRS&+T+Y\0##'),(513,'xK2.RILJLQ.2e\rAKp~rbN*TJDX)%@bTL9W9EyJ\0K&'),(514,'xK2.RILJLQ4.2e\rAKp~rbN*B0RKMo+J-.QH-N-),H-R\0$p'),(515,'xe}n 2\0Uhw\"BIN=\nN9gJ5gF0LFP.WGA{Mmf`6-dzj}1sVE\'>J3zs:OBNy[&Mrj[AQ0I=^Hvby)`\'&<,FM-y/>5cc/(_'),(516,'xm\r0DWA.+TiHiG\r_g|3NJ[l]<lSW0\ZGZui:\0BXpiP2t}\"dWQE	CRG43=A?	QA'),(517,'xm\r0DWAnPgVE$\r_g|\r3#J[l/lu;T\0m&:SPGl6YiX:-a\0*]f~{\"pI&1WQBP!2-L{O	QC'),(518,'x}Q0bzFW i2e|AK`Hv4c{m`	lS_d?Ku:86aD0\',Oj?c6LCb@+\"LA\nQii/Y'),(519,'x}\r0W1_\\wprac\\P~=Y=L{4J8@H\\u2\reLAlxnHDu2\"C=AL:z\nkB]2n.\r0L1T78\\'),(520,'xeQQn *LFK;\nNF2ivIN<3\Zw26X9a#2Vlp_wj[Q]fjb\rjSHdcp!:o1<jQeRMJ?A%?mbE{(~PRpa~w,mG\rMz6W,$Fg0x\ZGJi3%KZF:FQ4(y)S\0)T\\'),(521,'xuI Et6w\"\'q+$&KnOh:|+^<7uV2/)9mDbzv:b)%hA]xg@k4ShEQuAL\reI\"\\\ZU'),(522,'xuI E	Bt0w\"8dEU%E7YGn<\'(F\ne*@i=EOMu+tPJ(F=r3nwF_Q:\"%eAGw2K3|~U\r'),(523,'xuQ00)P-x0;`\'_wXb;y	VG\\;tS-z@>nZu%XGq)+Xs-igicV'),(524,'xu\r0DwMXr[Y\nIH;n\Z`x%88y2=u.A3Kp\0cq.j#zJJt!?(N}p[=fJ>(VWAE?=+J3Q\Z1w0UF=,B=S$Bk\n,V'),(525,'x=a\n0FlSf)1P-$0O /r\ZR%aZ/_%\n}<#*`)fBrkZ=bp~DHl*asDIyMLLYxkn,U?t@&'),(526,'xeQQn JK\"NFg4sM6/h~e<!8,M\'\n\\!:0hEBz-5sLM4fIjhqI2TuDEEhvC\Z&	DIZQ<eN!xi$w9vqOoDAy*kw_&(tDuVa%\\5=6|PsX5/X\"je%KB\ns\\0J'),(527,'xK B8D\\xP0K)nwoGf4<# ,G#Ake :mPdQ ;#bz)ZNs@^4X\"c\rU\\fZ\'*gmH|;]3YP%)0.XrzRns'),(528,'x-A\n !:B4\\Ew{{X	&q\r;8X-Hs>Ps:!jna.9i*E=/&!'),(529,'x-Q\n  !lE_3(M\ZvrqY#\r-s>?mx?v0R$tkaQr\'!'),(530,'x-A bUD-q$(	+\'Ei-4n\nv<X*\rlA\Zt-1\'mt.\'>K!i\"]'),(531,'xK2.RILJLQ4.2e@Kp~rbN*B0RKM1\rV[\\}xINN~u-\0V#K'),(532,'x=[\n@E	L$wr7	Ou9IQpFZ?\"wiV\'#G#[F7L-<IN\Z>2S2z.NQ\\CR?Y'),(533,'xeQ[n0\n	l;@ibvfUl*UU<vUQI\"AXb-H9/sa9K&@0p!k`YCltp5<D:B_{GPnCQE~>H!9t{E2XI!^\Z/@Nt=\0-r@\rjse2ZW5\0BiDegig+AU\'< ~\0K!'),(534,'xK @B8\\xPtaw(.\\nf4<#A:}C7Y0FAke K4b2a(#RxV^q79%iFCITX[vg$qeq3F6D[?H|_.?%NqAfR\rDl'),(535,'x-;\n0DnXiDQ\0K1$,S\\G+bQG\nj7\\A]u1c|!'),(536,'x-\r D^%XY.@<0<o G0Us)wJ@R\0\ntq$hg>p)dT '),(537,'xuQmn &w\"Bi$l?g$4}]4p>\\`RF48S53m$U$-]m@yDSM8v$/LVF?\ZN5^_oTI4m\'qaD+?n|\ng\Z*#yR$8;\"LNP\Z`C$i=*\"B\'Zn;%A'),(538,'x}M Fb8Ax!B3Cxw)r<|c@7AF7A5@E\\38?^$kVGNE8gdTWu\ret/\nzT(agKM{1.\0z|-Z'),(539,'x}A0Z	_@L	T\r!zfk/np$7YmMMJ:9q!Z0imXvAW+%M)NbCyVy)%^Z4'),(540,'xuQn |p4}EPa2i#4~|\no\Z\0ET\\(c7@Q+k\'Q4Ll~dJ,~>,$Q=2+YaX]rR.Bgi C4ig^0A*P;riP;+1ZE]7P{b6(b4K3&KN~\n/\0??'),(541,'x _sx:C`.n5_iAvfpzF7ETFMp!pTC[GP+;:y\r\';ME	I6esI?&jj\'qA6dcE9d~\r\r|*OpE\",?_['),(542,'x}A0Dq/\0qdCU\r!zfk[	e}gzP.^@Jlz/:As*y)GqyxB\07ntzJ$N]L2\na\n\\R\"3|0Z^'),(543,'xeQmn * h;\nBd4UA3b@H~{` *\Z&*Qf[7\\kN?G<T;AfRN^/5WihgzwZMTW/EK!:mksN)~R\ro~ZZw&mv<0\Zn|czb\Z\"d5.f2#&L( K19Oq@ngV'),(544,'xmA04QpBYJnw&Gnh:(^)<c)rh\'c}8M>Ps\\)\Zk^vpg/iDT_!7=Ny=i|!=I}gP'),(545,'xm\r0Ew:;tdTBP\0QOE]q$?lCB3\'SmsEz-N9R\n^G,$	?!QL:	1P&SY&,CZHC|R\''),(546,'xeQ[n J\"0;\n	*w/|-3`f	5Al4=h	LTl\n+L_#-Y0oqbn\"KO5qUu\\Dzve%?,0</9Y+kyhxT7yw<8-lo!>\rLaJXB\"iY&3vFV!awLaBB~E'),(547,'xmQ D;x2$q_fm^)L~Q#8\"^M<!(Vl(\r8N\rEI||`ys9oi6Iu,H/$}|`]T?k2J:*CP.'),(548,'xmQ\n 	ctwm*>O[a/{$qx@y7hUAQ`P6\'&+t%Pxi(rTu//.o:0L1(Pb^7dCm?_NO'),(549,'x=a\n0Fl:f)5,-40O K_X\r`<N(\'gLU#Xnvs@H|Mkz|BY{9f.*CMc~w)WN; \0@+'),(550,'xeQQN0J4]w>@\Zw)q8WS`5ppDHr*,gSv*7h,3>AH!pf	s4\r~Ja3%ZyDewSv+A\" \n!N\"j^X)X^\Z/@nf MX2)@K>b\Z]AA[(=#$b6Vb,5jPj22;'),(551,'x; qB$:B\"2TU^Bf}\r< nSVB*Oc5F#b	fE\\opQ D4cwGhcf~cZ}U,\ZB\rDtd\\zTnnz'),(552,'x-Q\n ~Bk_k70bXSjQG4V9xACKJE8S:+(!'),(553,'x-Q\n ~Bk_3k70bXSLF49x%pzd%iJy)d!'),(554,'x-	0[@\rh6eXx/wk0x3H\\N1jH1FS-8/45nm|YsRr@#:'),(555,'xE\r@@F^\n-C2 1nh	^00YUgTMm`0e\nZy)M	jyN:?^!'),(556,'x=a\n0s:aBFVVLO 0[R)y((PGYU Y|{5=UrU,o5]/6sS+<dp	K\nwVbW<evCA'),(557,'xeQQn J	Bs}Q3iviM~~~I\"8p7Fw0pE_\n7!K@M9DAy}F()~\'Gi1*#IWIy!Oq8u A=;jq|Y]7i^Sicm,bV[Q\\;X('),(558,'xM B8\\xtjH(C0K).\\wo{c@z&9:aLtAUC5[G%urz5JE	L,,y6;\nzaI5XW6_OyE&.nvPV0S]ySqFfS\rr'),(559,'x-A\n0\"[5=jE[b\0_X0q>05W-;7S5xTJJy%#K'),(560,'x-K\n0C\"sHYVnDmq^EG1n,;84ukcNca\r	\nI\"gM%]U}y?#M'),(561,'xK2.RILJLQ240.2\nfMAKp~rbN*TJDX)%@!\n)\n9@sssrRK2kB\'x'),(562,'xK2.RILJLQ240.2\nfMAKp~rbN*B,ab\nb\Z\'d+dfT)Y\0|\"'),(563,'xekn!R\0$8wVt&\"TU{aIfl~3wNU5$\n2SAM9ew\ZV,_w9ljC\\5ia=$CUMUkUOC\n!Gt24S-WG4J!vz6k\\e#NW;~=iZ\ZeTy\Zng1rfypD`qKYbdz(%OB\'qJs\r1'),(564,'xm\r0DWA	HP\"Id\';\r_g|UO0u+Ag\Z*g]t~T5(.\"tZ)[}!b\0sks%11L{Oe^o\nQD'),(565,'xm\r0DW2Jg*RH\";\0Wg|`h-=h*h;4}\Z\nf:S\'T\'lvhX\0*]f~{\"p_Hf1WQBP12LGOSQF'),(566,'x}\r0EW<I+]0Dq8TUwo/`Hnl8z0+}&nB#6y 	*2;JjF%~z707l&W(E~	Qh(Y'),(567,'x}\r0W1F\n4)ms-$3\0Y{{\ZL4uAHT dy\\M2\reLIx;HDu6\"CC:\n=kB]2n>\r0L#1T7;\\'),(568,'xekn RqpIE:A%R?Sc\'	xegB3Aa<QM]wr	QGSrf\n;iKK/GTEy}dg78LmV6U.m$\\4bFs8?N-f1Z4pdC7t7%{$Zj`9pLQP6yt8~B(_b'),(569,'xu\r wa@[55;tI\n\0!{	Ko~;x<7+W+p2	\\@is;G1	=5E2=tPJ(J<r3n7F_Q:\"%3.e%n<4ei!f{|U'),(570,'xuM 	Dcj;\nf!A 3h,nC&P[qOrP^hP.@w*%pY\\xgj\\7SH]EKASb}%sb^m>_!=U'),(571,'xuQ00)Pv<c\'_bid?X%~xB0yYyz=xP\')z@>Jn)Tmu%Y\'qkr1Uq)Xaa^X?V'),(572,'xua00;xR&c#01[|6J8y2..gZ\nKpc>]GTV\"B~Qbu+B}p<nJ>(V7AE?#+J3Q\Z1w0MF=,B=S\n$BkV'),(573,'x=\n0E%Oa0!&mD=PS,j(	&	bIm\0j1H&=X&\rT}\0QMorYRDzGEIqmnE{\00A'),(574,'xeQN0|*Ot;BvY<.B;Zwg@	^Gg3\0f\")Z3t|p\r[+4,63Yp4q<)JoA56t{af|5(lE402AxiD\\8n\0<b0o8zQl9jH2egP\".,XXIGA*miZP)?b'),(575,'x=\n0Fb|:6Q0ncJkgR&=!90\'x	{`[+hpZ.j0u.1+[9V|x\\@\Z$b7-)\"Ulvvxs\'N?=J~.qVMbgqi#sb'),(576,'xK2.RILJLQ240.2\nf@Kp~rbN*TJDX)%%*d)T+Y\0a#r'),(577,'x-\r ^Qc( {\rC	AWT!X-u})@y>m,>JLH\0 '),(578,'xukn Rq8~;\n5@+YU^Ta\nj	=xg\n8S#YwiP5c1nv>m(\"e+Jli{$8T ~U>_=~)-[<w{gXmhqC{>	rBNPc{6\Z=Y-w\Z(V0Zn})~PD%)Df.u\nb\Z-2XH\nrO'),(579,'x}A R@+%1\"B\0k@vf@x3\"521AHX\ZM .:Cw*e)\'va;! Hf\'cBd|EWb7mARv1lA|*%yJ+am/Y'),(580,'x}\r0EwV8;tTLnMXC-7PdG8ht\\0(vgs,aUtVO{<GK8,\nv]#[H[*K8MQ&v1W(a)PaKd^G\\'),(581,'xuQQn * KJ;\nNJ!d44e\rR7Mxa\'BAl}ZQ]2YT8}oEIGiYUmB!bZ8\nnSlX>o.pZ-T=}N_y/;(?VrE#6i@nQ^\\E^XNcN6a\nG$\r*?&3(2A	NHa3BB~| '),(582,'xQ paz] VC@Z|X}aojN/f\Z	 \Zjr0aHJT?btW\'y}TN+\'M$\nUn+@_l\rr8U\ZTZ#DX xE]|'),(583,'x}M F	\nw\nf,.,!=#-BAiJfB\"i,8\n\';p7#{dWLOO)s@6T651Hq9RH8TMC4|[['),(584,'x=m\n0lSf	.P-40wO 8n@RRQj.|J9p 1-.AFY;y>dU)\\QL(I,7\\B'),(585,'xeQAn0\nbC?RbxJU7$34\Z:PN::D!R34N*|p2hkAIb5SX(GOGadZ6(YUWTEvO&?&\"	^4(X-y ?mnGc>PY}L@Ug)e-Rp\".,XXiET(?'),(586,'xK0D$,Xp(n)+;] I@bg=?	^W?06mt8LVMS#MFoK:	i\\5eG5+~DW3sPhGqahO:k|qkk?MB\Zh<K8 3_4u'),(587,'x-	0[D7eX@4/wka(\"a+Y6Va>hA)0fAO*m4^%a$F'),(588,'x-	0[D7eXzH &/wke\"~vYd4}N:S`:Me{PCo)w7*}^$H'),(589,'x=a\n0Flf	40O /4S0%UHs`ONgQ!nv=B/dx+Z~@HFZF_2\')\\S	rYph\"LkD@'),(590,'xeQ[n0J$i6n\\6|YER/(\'xnFPw1HA_O;\nWl\ZH@bB\\P{8\n3zXU<Tksk?_PUl/&L&\"^Fq.s)^\Z]D~k\0c9]g2BOJQs{Pfw(W+Z(hY8m6(K'),(591,'x10EZ:Q\nbdz&@.E?Ov`*x\nAw`{u\'>1irRxV|q	5+QRFTDh3yvoRTY.\'>UOfP_5FR\n<Dn/vaz/'),(592,'x-Q\n0D\Zlu@j\n&<O1\"?%>B>mWESXP7VpEE5{/ryS9\\&bQ[\''),(593,'x-Q\n0DF1<@Yu)\nRz&<W@\'r\nQfZ-cN;mi5&%]\''),(594,'x-A0R9e$p\nB<w1G20/hph9t*^=\ZA\'8Si<s\Z~){IY^e//'),(595,'xE	@EVtm  ;Ic\\FeJ@IBg\Z7P~HAgg-M\Zq2Ii^wPl('),(596,'xekn R\"Gb6w,j	*w/GR?0\nkO>\rg9.4b *\ZW_*m2y4!BxJ>M0zC>\'iw{tP#7S-7Ca4T!Zvy<m+`7H {Aq --zRM-o\"M#mb0pWRA#}\"1wKIY+&KL\'ssr'),(597,'xm\r0DW2U-]0UDv\0Wg|3#J[lCPA8LQu\0UN>mTGlvYiX,\0*]f~{\"pI&1~TQBP!2-LGOQH'),(598,'xm\r0DW<-]0UDv\0Wg|U/;3#-Ul;}&:\nO[<)!oV\Zgv+.K86*]f~{\"pI&1A?(!T~Kb[b\'QJ'),(599,'x}\r0EW<ACW@Le)$U =7KH~,cwVCL[}\'nB#^M9\nnA9<6*2{VK	M5^\rp{Z<XaS:Y'),(600,'x}\r0W1BpW6,fS]#!\nZ2Pwpa\\]6-Qt;Dhe@t&<CY.zN&#wB~1t&M}/\r?\\'),(601,'xeQYn J\":!;\n5@JU|o0;.3IrC	0xw~-6ef\nS{Ki>/>Nl>z/4\r1lZ78qQ;vIh~%hc0L5b&?>RDkX\r0g4)&O(Z>4? 1Va'),(602,'xu=0Z;\n\"$PU{C!\nw03W<n`|2\Z9.tS);M`G$3m Wx(_JO`A,2K$}#~U'),(603,'xu1 E	 mzI\n\0PU{	az~F0\Z>wP\'\n_`v7PepN*ewgk=G,K9!H]EdfOQgvMqM-3J58U'),(604,'xu\r0Ewa;9;t&8uW=Z/B;<:^#kD[\"pOzGwPGC7\nK	/IYIuOAMLYxa>V'),(605,'xua00Q;xR&c[abww|6R8y2kZp)t`lndL)zV\"\rL0c\'_LXs[Q;(2`BXc4kfkV'),(606,'x=\n0OMe,{U:L(\'p]FxJ;.EQN,0}-b1ougH?|#)J.j]gpQP(Z!kBS2j{0#{ZDFJlSgC'),(607,'xeQ[n0\n	P;@YbvfcJU7]hUxfl4N Ld\rBF_KhQNvZJ*G\Z|E7qQ\\CnJ,i|&5W?PO fH3\"\Z^\rb`\ro.@f\'tl1_>Pl@CF5n*=5|{qYaEQ_Vq+OB	I'),(608,'x10E\rA;0p(m]qwR6C:n!2X[S	S#nz|\\yI~B\'!]%}!*j$VqfL@UvY9NE/%\\}\n-H+q}i/y'),(609,'x-Q@0D\"{\" TwWk&0j\\y8|sW4)JPx8/|%^k?.2Yq~J2]\0%'),(610,'x-\r0[A GML#xjfq*:PIf\n	V.}k,pUAy:L?R-c\0}%'),(611,'x-10b]CmFztW;<(cjG3+G9Pes+U\'G\Zoi-YeY?J*\\BN_BM\''),(612,'xE\r0DVv`B8ypPt1,{yE[0A:sW4_|-lYT5Uo?)%'),(613,'xe}n 2\0UG[;\nNFiIV[x~Z7	zgP5Q#M 3elT*~`fSb[p1BxUNU`O)C1:saL(#UK{\ZJ!vzIr;]tvz=iZ\Zey\'9F\\K=b^3D\\2CV6EvI8Nix.0~p'),(614,'xmA0jq/L)$U7@zzfg%AKD~t3h]k+LCP]_C5jZ8L\'R\nfQ\\xl]!UU767_u&Rv1W(qc[K-CdLL1PEAO'),(615,'xmA0C*RH\";P7@zzfg%EK@wi\reZ&WW8ZO5Q\ZN?o6{RJ.[aQUUH~e[U\'].0\n%</+!\'XFO'),(616,'xmQ0bv&FW edlK;O|?n%pq$?Ims5(i@Jm-z\rS#4.4#WmJ+|\"Rv1(sPX!1L{OmP'),(617,'xu\r0Ewq*-+D$&c[I|\rvQ	8QwSp`\n=_Qi@mr9\rO<AW+]VUZ49l%4E[?<,hAMcZHg\0S'),(618,'xeQ[n J\"0%7w,@JUZp@Hu{&4&Ua{W&\'NGQ\"6w6V14?_~?B\n>Zu&>p{sz+hVN6GZNx-?)rA_<=zZEyYM.~e#0m2psiEGBS28&;X_	'),(619,'xmA0E2\'w\n4)c_2j%#x3aZ2=v&!]C)Gk<D!p3tfKFqz[0{MUW6\'rGI,]J\\+l\nBSM'),(620,'xmA E2\'(w\n\rSCD 3taw1&:|	^)~Qw<#B	jOrr6PK_y#vkRh4%X^kGf\r?i?DSsmP!3L<e\r=M'),(621,'x}\r0EWAPRgVE$rB,F#lgr=[:-/4APy,8/C\')	_B*Fq[dWe)qA_+La1_PaNs|Yp'),(622,'xmK0DT+Tn\"Dv@a~3!46\Z829/x:Y3s\Z)pUNEX^6@IEzrok &m@*\ru?CtFH*Xs*gUyRH'),(623,'x=a\n0lc2LS6J]I!F?/y.> \'Q\"_)erP_^YxWTv/bGB-k3B/(CjRlh4[5aO%2XPfhD'),(624,'xeQQn J4K\"\ZBI@l\Z_(b<\"X`\r,CwbfKF_N,Ahk(|4>P5X2D#q\Z?pXHEvNP,S#TOVVvA^\\1\"	^-z^@of(gWI/.w& ST5eMKq!1Ewyg&/8Ea	_Ri-J\n~\0Y'),(625,'x=0FE@;0p(m]qwO<Nk0XCiZ\'&P6a:t|+=<D7Sp<^57lecrSB(l1LqP\nHvek;Y#3.O5#|'),(626,'x-A b!QG30,l<h<ubE^%.a#`CA=~35=GyZP<mku_\"\"*r\r9uE/T&b'),(627,'x-A EbRICxfPh2]0]P,Wx0fqf<M}-(G5CoTE&d'),(628,'x=\n0%Od>LmdJI!Pw+t(Yrqk\'9!$q/FZyurAJ?9q[\\<r<&tbg|*b;@x\0Gn<'),(629,'xemn qea?zQ3iv&/~m4tF4s\Zt z)7>3>&O!pf\rEqGFoA4OsnCQb	.Dk\Z^,Fp-$(^/Pnaa7@\n~sXUoLB^Uk4U\Z@eA2BfS?T*j!*MEiR_C\0\\'),(630,'x _2Lw:Cv0w6<x0|ugHo@+=&A% k5&uN~~+/`h[Rwy!\"b!V65a_\"g\rq3]B;Tj+/H&2.ozWd'),(631,'xK2.RILJLQ24.2\nfLAKp~rbN*TJDX)%BKJ*Rk6'),(632,'xK2.RILJLQ242.2\nfLAKp~rbN*TJDX)%BKJ*Rk4S'),(633,'xK2.RILJLQ242.2\nfLAKp~rbN*TJDX)%BKJ*Rk5&'),(634,'xK2.RILJLQ242.2\nfLAKp~rbN*B0RKM	)-R(,H-R\0c'),(635,'xuQQn J3a`J&MTM=xAL^+je{\r!<\'+\ZDe6:dP-(K-!xM>u<2U4#X#8aKY#g-]9^O3gUBOV^*\Zb8b$kg9B\"bv\n[,y9QQ!&)\\'),(636,'xu\r EW $BDBr\0p^B8e[FPdg8@{e(=Gu/rX,ahP:\';&%8dLtI!^&El:N(\\<\Z\",&LqCfjTT'),(637,'xuQ bz!1r3$cooZjv&\nV#xEp	jU9,Ox}RC>im0r(WKKHB$Kr1;*,&-bR2/T'),(638,'xu\r EW 4RBDBr\0p^B8e[FPdg8\\29,M4A~zvIf[&ku\"eTQHKV]L.xe\rJrBLqCfj\0T'),(639,'x\r0EWAPA[gV\"Id\'MX7}y\'C`f4U-q;CB6^YX;PLdN9j5y$k9~n6)eM_U.RLM\'2!\ZW>u0bx	^_`'),(640,'xeQmn *Lw\"Bd4|Vg?P\0~GlDhv5U{\"{@.h\nTM2V8}=io9?gQ|)Cbn#{x_TvJ9wAb/GC4AHYd[z9Os`_.vpiPMlVx\r><TzL=5R23J,%/:cS_\08 7J'),(641,'xu\r0EW<C+L)$UHPOYA[GpNn3h&Z&!n!a2jG!P;yF9 3p\'I][23LlcIYa~	7#Bt<Vp'),(642,'xuQ bz!r)	cl[-xEN~pZF2-;J[9S(\rTS]h<#Sk%il~59.eT&Cb|Vr'),(643,'xu\r0EW<CCW@L)$UHPOYA[Hn3h]h+MLCP]W}dBB+:7+\rbcsAgtIa+DU-;Ode?g&d}?0*lo2DxZVn'),(644,'xu] b8l1r3DceG_,3nnQAip2n;cA~ rVrQGC~Op+\rGvQg|eOnN  ,3]Xh\ZspE\"Tu'),(645,'x=a\n0F	Qf\\fP8T\r_:E%(^(0yA[d\rA4k5pvIT\\]9gMtq6?T8	E='),(646,'xeQQn J(KNFg4sM6NWcjgarv8\"L}\n\\BAF;f6^c&DKSqM:5S:e#Tn9e~Q[0Gaa	5GI{ZJBP%~N8`<J\n]\Zv1hYj_,3B&fyge6aISKQU5u(,q\0'),(647,'xQ\n0Rzu|nw bA5Lp\rqZ	N ]yc	Z]W4Xu@j#b	vF\\/*GW,(&biaJ0mTEOq_1#]B=]c\\B]LdA7gS'),(648,'xK2.RILJLQ242.2\nfL@Kp~rbN*TJ	,nb\n*/-R(J\0t'),(649,'xK2.RILJLQ242.2\nfL@Kp~rbN*TJDX)%CKDrju-\0uP'),(650,'x=a\n0F	F\\h #%AjG=>?\'|1 \'5JuV}Q(QJVVm=![6R!)&OK3fIR%zWMXU[re1!\0?'),(651,'xeQAn JBf=\r.*#T&	hb87\Z<V=&Rfh@Ojsf1pHHR%$BY{XmF+0%)M57]~Vj@1RdVddNO*mNM`ou8%z^NO\rl):PvQ,+VuPSq^x|\'Z?'),(652,'xM FB8&\\xP1]h;90x\nAw`{m\'>29Jp1#mRyQ%8W\"&bia+n{!q-*f#>eOq@)\'aS.\"61NLzek!'),(653,'x-A\n AT5Rzo,nF\nvva+Fj\nz/qG*n7WIxsL\"_1 '),(654,'x-K\n Ffm4+tm+iv@N.~!!Ucs18!A5h+TxsL\"1J '),(655,'x-A@045&Bic5ahxraY6V`>	jnr\ndj+xJRUv\'d6 '),(656,'xEA@0FT\Z2Iicj!Z14nA<[?{#2:I	jnJC%4hT-h<JRJWj '),(657,'xeQQn &mq+D,8-\Z;iw$!T~0AC-25jA6@tDJp!v\n^h	3$j|ZS*FG!Px_UjZ->sbCDXj};b-eJ_N:c=uALSxk4!QKHT.\\@2[u <h!yIQc<\\26'),(658,'x}\r0FW<Jm\n`*KDv87zz~w=O`joh)LC0YT;=tE)Ly_Ms^oD:\naP&c>oC9GDnX'),(659,'x}\r0FWAiA+Tik4P!vMsz~7=O`bi.LC0vGvBtW;)zg\'IsL*&P(tNc\0P\"v^x\n4k$Buc?_cX'),(660,'x}\r0FW<]0UDv87zz~wgFrA[l0A]zd9LQ(N?#6G\'Yi_3\\!]\rI!AjRWfmL6x\n%l<*i+CdZJX'),(661,'x}\r0W2*+\065@zlo~d5&Te	4(3\njbVpDtJ9`/n5t\r*0-DNus_7L!wf(~1mt0\'?@w\\'),(662,'xmQ[n!J\"8wVt&\"VH-_x<cw\ntg&Q@%lgW(z	~yEbJot|.y)u)D4$O\Ze/FOEb3Y,\r,f)vr?TJus+;v	<RB\r#?QCF\rBk~B=6+4/5#+\Zrd^t7\0v?z'),(663,'x}A0RJ?(\"$U{CkP5vmk-xG;w0GUQ-\\tNJ^fQ0Tbwb:Wb7m!B	;C\n\\R3JZ'),(664,'x}A0RZ?\"$U{Cx<@9vQBF&\n@;!A9qQYUbI\n@]\'8M[HfEQY_Cm.)cdZJ{m>_\rZ\r'),(665,'x}A RDJk/D$q*$&KzfkE[D~tZwFp@p519SS\0?I\'<TY\nvQ\\x24Sv1XS9gb7m!UA;i%f|	 Z	'),(666,'x}m\n0\"=j\'jz0-@DVn%p]QYc8(srR{ ?{h\n%P/j-S1jM~a20L1({PCXaO%	q{\Z\'[+'),(667,'x=a\n0FL),Zh2aw?G}$t+~(P	Q_?h6A4%O\n7jqHTHFolF\0y>'),(668,'xeQAn Jf=\r.*WTvV~%<!8,cf\")XXZ\'\nvb6pdWfi[jEgw]I\Zm)q,u\"4OT{OaJP60x9E4(NN!xiDw\r M@--fe\n=/\'Gu0\r=gJHsYIXY\'!*OxJPXx\0O'),(669,'xK0Dr& ;t Le)	 ;yA\'xEx\'h:v]3N4,B\r6VY,z*CA3ceM$UAF&jD8*}whkHqP^K(ge!&)Db(MJ{T{\0j'),(670,'x-\r D^Fj6Lwx7`E%nzRPCPKV`A9	r[fMR)0 '),(671,'x=a\n0FL).X-4`n;tyGH%x#CO7?Dyl;<#Dk.{Q\Z|sa7p&	U[/9mNT[Pbr;p/A>'),(672,'xeQAn0\n`DHYC>\\+yHUwfl/3@gQExH^2eb\n>JvY&.!Hb4iiofQbUP?2SLz]E\'!C;Vbhz-hj9Wmp<XC],OSTkReM a -B$bEG\Zr$d~YV8A1,y'),(673,'xK0DRXp*ne\"!I<X;xE8r^5&%VR;t4Zm,<[YYDuV]Sj`<6=:O_pX]XcB\"#G9Ep\rI7\\h'),(674,'x-\r D^:`fUb6 ^a<,Y3JL\"ZJt*ivN\"!$; )'),(675,'x=a\n0FLf).P4:tyG\\uEIIL)0li@xLd-3B;hNSv5#:jtaS<(;R$O)[Pdr;>_?'),(676,'xeQAn0\nl1@)1lbS</(dUGchA&uU7jeI9I=)|X!\'#DwuIn{1U	Gqms/B<cE4s/0NO4]U[j#\0D-fqe2=-\'E%OS40 #B+Zt(hY8,q8?Bc5'),(677,'xM0BzDe/@*din\'xAUU.(\0(]IbJuzx83cM53R8L$zR\\WOqE|\rz!]=7reJ$t^pDwkv'),(678,'x-[\n XvTJ Si~ah<=l$+<*nsRy5j@8b$y?A!#'),(679,'x=a\n0LF40>x/%\'xP\"C|{teM\"_iTC#UgvsLTC@yWEW	tY2/>8@y'),(680,'xeQQN0J4]Yw>@e\ZwxJ\\$;i 6vN}pNMWO.8avyMa6R:E\nb$VW;)GGjIbMPf[3,Q=(a\nq<O R|;6}?n^<;kyLy>P,0+G\ZGNXsTII?<ge*od30B~\0JE'),(681,'x\r0DWAVC?\0rT!QU!!|\\AY|ZUuiL9\0(}IbJodq8Sc3@R8<?_8c$1w=mY^GknyD(`o'),(682,'x-\r0]n@**NP(DT^e7D4>m`pu-b	7w.^F-m}\\u72Zp\0=%'),(683,'x=a\n0LNF\Z40>x/%/NCDggI\nQ!l^K^0t>\"z]xj7$J5$	wY=@%S]rCc}?='),(684,'xeQAn0\n,x~\0,i1JL.*xJW(+tQgn:P3sV97Ujs]VaZz*A]l93OoxC`9\r}q_tyn!c`}pzGccx.{UWw=@|`\r,OIQAt@1#ZPD]eJC\r92V0B#\n'),(685,'xA0Ep^Ni:iY8w@.]+@loFcD7Zi;\ZT;=<InElJPX8X\nI5qY\"hH_HaaO0\"CMaz/4mq1k'),(686,'x-[\n0\r<jDe* ?Z)LYo\Z\"\nSgt/<k!3\'9ng]]7O#'),(687,'x=a\n0FL	.X)40@#>	d5\'M9?Khi@xTe!dz?:6syRrn5.\Z9UXM^%u\\zPs[/1<'),(688,'xeQQn0\n	bt;c@14j\ZW4M~~~~v46\n\"u=MR[Ah{`Nk\\8)~gjP]jmFC\Z\\S]`s0p8I%iRO!x)M@GP\ZJg\n=%YFe?yCD1>,^\"XED\r92F\"a:@3g$'),(689,'xA0(=8rU{wnx^-\'3PUMe\"-PuOmF*?cp>7e5\'s,TL,#,qLgbioX#A]`UMa*Hnt|d'),(690,'x-Q\n \r,!b%$KH%{*=7\'yn!Zm#.j\rH&s(*AR)pq5 '),(691,'x=\n0%Oc>LmdB\nE|5C;q V/29\n92=O=SvsA\\FWQ]+X2[&\\M?4&4eO_9%*Vr1\09V<'),(692,'xeQQn J(M\"@I@l\Z_(b<#XeT=MG!36\Z\n,62\'o!Hj;Bcb\Z!?[	&\')S{(M2Z9S)/\\M=\0@\rzue2=%EF\r~L/ZJAO1?\"^Dba%QC/45N(u@~+'),(693,'xA0ZzP\nbdHZ\Zw/\r%U*0v&w)|%	;^MT^<cxbd)V&1M_3%}1Bs$9l)92U,8ed'),(694,'xK2.RILJLQ246.2\nfL\r@Kp~rbN*TJDX)%RK@BJ\0sX'),(695,'x-; 	@5n	`tj|p+fP;MN^1U-h0_,#D:P\ZY4KBy7'),(696,'x=m\n0l),RhRaww@ \\\"jQ2eZfj%o d~(uA45zlz$QI%B}\ng ?1i;V'),(697,'xeQQn J(M\"@J@l\Z_(b<#Xe#yYrvZ2G! 9J/+P6!z~8kmv=!LxOEIj).S*OmMx$-jh/i)5)lcJb&b~X^Dba	_R)5N(u@~gL'),(698,'x\r0@W2iX2\"%qd3/=Sf38~P8q:0h/2Of,|Hzx)hTGWDYX\Z{\'[+_O`5I\'q);uWq\nrIh!_b`'),(699,'x-\r0D]A (pHa>2 5\";EC4b\rSscM@=+Hx?p'),(700,'x=a\n0l9LSbYRiRaww>>OE)(SaG;8!dP/6sk \ZuS[tdUQK$*i4>js/\\q\rF:'),(701,'xePAn0\nHl1@)1fcJU7	jNx<3%+e|l:q#(&OSx#jP-5M?Hwn\'gVID>?}+beNxi{4oGa9R}g2BO7IQliG^:@i~/ \"2[++\Zth~Y\"a:/	2\0'),(702,'xA0RM*(\"#\'=Tp5]kx8x#;IC82.yDKeAeqzy8\\hW\Z9V\'fy`A]/ygDOF1>\Zv`WSg7sM:;^h&\rN8_j'),(703,'x-\r D^&,a#a{yp9FA`:cEzb|i@\'\0Yv.'),(704,'x=a\n0FaJf)4Q?/ZdQ`QEqIuo;FF	/ft \ZtWW;nZ7i&B%N)CU9mt_3\'/lA\r>'),(705,'xeQQn J	B{}NFqJHl\Z_1hb8rYuvu3\\XZ34ZaF;a6PT,Vj61bF*S,uS:ty7~Aj\ZSM\"&H8x;\rJ?FtY}wjn3QY|yBOUg8\nCGd~X(^@1piWV\Zj%R1-qA\ne`'),(706,'xM@Bhr^T(:qN11;]<WgM&S/,B;;LiV>g,F.GEeRS1W7<}EXS8<I	gX,b;\n\r$BKHy\0qQh]'),(707,'x-\r D^\rYF/i~0nJ4FA`CLz[|@&/. \"'),(708,'xmQ[n J\"G6w,jcZTU{\'R0;\Zj	\'Q\\(wqF	\ZkRPk;_wk<Qtt^ZVB9zFROVOmO1xC#Ylv#AZCoq;)nefs NU}QNY\\8r)Dfl\'nAa@r+\"X+#*hq|/ax|B\nW 7'),(709,'xuM 	DmZ;\nuli,Lwn +x3@X=$!/vuGm(2+5tjSr{63/ob=.)DtgbBh^ Dc:>HZ>_T'),(710,'xuQQn *HFw\"8-*\nJ&4/|@X8[PZ	ZwsA	jJsW 6X|sK[zM(D.B#|:|_I\r.~!j1v@yU5>4m]Z\\wI5JJjt<8xs0v0l\'/ L#: dBK 66FV!3RHEc_9)'),(711,'x]\n02zS^at[`&Du/ow!qb5c1s<.-z3`VJ([phoN5Is5fA2(ZZN~PDQiN/3/41Sky\0Fp'),(712,'xmQQn @Ci;\nK@I%e??gJ@	Bew\n}sIV 04KdWeO\'_Or86Lc^ZSq(2+Y}8WJJL^rNT:V2b#h<2*oz.vi2	:$Z ]Lf[6FV#cw8n)w(q\0'),(713,'x}\r0EwCW@L)$N>PX\ZBYk\Zd/;;2P2cAu$^[,L8Trz{F)\'Sdv[\"6Sj@x\'@t}m	G$T\Z]\r'),(714,'xeQQn *%i;\nKBI&6`RMp\r@LxKA(gW 6XKX`$.]b.A?r)	}18U\'>{s:cU_KYC1kd%w:lagG;y^U~,1khm8 dvJ2YAlyq@O0r'),(715,'xmA08P\0SE\nqdH/Uo+x	Ay;i@%\\O&Pmw\\}d=QW>#T`W-I~cl-?eb@BX[^!Cd\\y?KNu'),(716,'xmQQn 4u+D,8-\ZITF	2=zk\"b<W4cei%\r*,j|(%hPz))D*4kwCS(B,\\C0QYbh]AVvSy$/9@A6b7Gwg7E$hcOs(0PJkC\"q.pdtr8?C~=l'),(717,'xuK08wP\0SY\nIEU\r!;k3\Z|E<flW\"Se?K5Q9Op=K4Dv\Z)z0SK\\Z[gfpH{o2+<jqBPqVZ'),(718,'xeQ[n J\"cCo+XT,w/|-fhv5ew{f4BTmM\Zg\"j)%>]{uOeo}(uon7}8b0zlshk!OkXYHr)S#r,egqTf^r\0Ig`j0,\"qdH\Z-18? 7n'),(719,'xeK04T+TiHNmX vg@vbpfB7EhuCB>gY8tn\'U\n6<3RQ6\\!~ dS1h!BsKc\"\\nR?EM,'),(720,'x=k\n0=Le}^,.@ 	VyZ_+.]Fz< $>S/6 \ZtSkNF\'dF-fT}@W^#zE>_<.'),(721,'xeQQn J,M\"BIHl\Z_(b<\"X`\r,>1wKAN,5cphaNMbyA8 )jEfb\ZS#v0`~+H88;e\'6}w\0<54	(\Z-6!~CGb~D(\"0XeJ	_Vi*K/Pj2NS$'),(722,'xA0Ep^ci]8w@Ax\'QuSy2yAsVmrGe\'zo#ZUT%xcx+ztY:{G_.b`	z2ntDh{?+rcL'),(723,'xK2.RILJLQ241.2\nfLM@Kp~rbN*TJDX)%Bx$f\'%(Y\0B'),(724,'x=a\n cR#f4j1:OK?.> \'1VvJ>WRk\\Zw9BX\\F|:N[w?84<9*)U<Q{%O\Z)\\FQaN`?_>'),(725,'xeQAn0\n?S</(\'xU5A2gwQ;,Nb6Pz#\"bXB@YyvjSS*r{#l3\r<3H(	{oq}\Z~7y\"u]{1/<QY|L@\Zq=E#2?\"E\\b1a%Q/4>0~\0'),(726,'xQ0BvF/@&dK;|m`{h0-\n0p=j{t,V-M):GSxjdi,16c8^(&PPy>F..\n(l\0P\0j'),(727,'x-Q\n P\"6X0%|D fdJ+eE cJyjjPp;W2qdt: '),(728,'x-A\n T5_f\rc$L o7;8%MX-Ane|?h@^;fC.%FG\0!'),(729,'xean 2q*!-zEPag4mox\'oO\Z$\\)e;xB+>w\\;H/pf7 fmQ c*qoaL(4a\Z<NVJ]N|mnU9*S\reWOjq2R}5bn_AqD--3d-zd/uh4>_Pb?'),(730,'xm=0rBLU(RDv: IC`#?\rrO2PD\\2cA6-E<#|\0[L!j5mDw]v%m[)\rO#wB]\ndq/J[3a)\r\"M'),(731,'x]0_^Y;SgTBPU}b;}\nd4Diep.14 ^k2Q,L7:@*i{\"Q8CVseqzICE:\nq}<A;+{\"E;{O8#\0X'),(732,'xeQn |p2}BDQ04M{A>_|\n&ztEh3	SGiBk@2Y^\nR4||b-h!i\\xd\\n?B\nE\\G?J 9-0Bm=IF/}\'VURJa;h~54d:}O@)%o<N:#+\Zr\0C~/)?'),(733,'xm;0D\'.]\Z\0X\"K=68MnfPT\nxA0j 	XgiXA|Fe$~V9IUAjvv)JWvY]<\n{i\'L'),(734,'xm;0D8?]44\0X\"KvME{8Mnc@VbpGQh4M8oAg^u8,Ff#|zP&c3 2r8\"dca!P!.NH<\'L'),(735,'xmQ[n J\"l+XVU<@\0NL\ZvmsJxD|{dBi2)pz):: 7ktl.\'	uCBeO>5FVj)v}\0Rb;\\7Tb|#=xCyRFwCw_rtSJR5Q_\\0Ry\\ELEtLa\0P_\r'),(736,'x}0EgkGTVC9a{C+_\rw3[4\rBT\npAT q?Ou]\r	_~-&Y=b>&9zzPXV9zP7q^[a3T/U@'),(737,'x}10ErRX,$J!N#l?,BcK^(T4f!yl;&2%b-bN1iYOc9=y?z;f}syv`\'`WOB<\r=R}U@'),(738,'xuQ[n J\"7w,j	-w/HUEC%;A5jA(yM{\n&ol\n+L_,k~a.	,4b,PT\">A	.lu2n1v2_s%O)U#~\'U=~s@\rzryU95lS\Z.9-YKKHiYCB30C_'),(739,'x}A Eb8Aimn<@C!@f`awV.Mg\n	ht. L`9tf?kU ZQ\n#LVd=MX`i{)M[g2!\ZW>?t%y+^YG'),(740,'x}M F	Mwpi;5\ndEc!^. d=z#hAsW,	\rDD~AGh$7Y\\i>A.zOi%v_T<o)c84SXVap|]\\ygZR?(W'),(741,'xuQ[n J\"l+XJUTevvv4\nlgk\rX.		MxD\njU\\5_TDc(jYbt8O|1H)Jd]p!Cf(jln)\0c<HPi/}#Y\0QC]^wCy\ZmmS:Jih%[F:(\Zr)`|*).Q'),(742,'xQ p\\v&Cm{k~Vl`afU(U+:p,@BYmv$VxBghN\Zz)i#}euMF%\'q0^ap}\ntj<1@['),(743,'x\r0EWAiEXJ[EId\'MX#7lk< f@s	l\ZCB:uXvujur{6+{O6oUM_1<U~O	y$Nk\'\ZnEp{T/0Xd'),(744,'x=a\n0FlF\Z,40@K>+%\\.NCD\'$E~PTi3MW?fMTC@PDSU[\r9`q}='),(745,'xeQAn0\nb?%jWYS</\\gU@7mA2gwKvX>ox$feNH@b!Hl-N.y`;JPSno|6z5xf)E4c/0Ax~:#\0D-Nf36:kQ=EGd~DbqD-zTLk_Dmo'),(746,'xK0Dr$(](Z\n1zHG\nFTShPyg\n[7[&1cX09d	n^)<Wd5;s,XL,EDVG/4>fWqbC>9AUE82\"8	Wg'),(747,'x-]\n De2,!W\\hH\\\rkc}FR\\*~-B0hof*Aaf;$&v}!u? }'),(748,'x-K\n0HnP\Z%jNU\\ax\\y8kQ\r]A5[i(@M:ub\r%&g~\0!n'),(749,'xmQ[n J\"6w,j	*wb\'R0;;;\Zj		z>X#dw:\'P :Mp!>l*x\r67,j|kHQ[tEwU&v3#1+cGVopZ=\\8^oTS:6m~w58Q)e5l]GL4pD_4;\r:$4/:-9/\n_D.'),(750,'xu\r0@w$J2`H!p\07Gh\Z|+&[:zco.v2g\\+t	Rm<Zd!nSw!_5?Y\\.\n52{\Z+lK:&ET'),(751,'xuM 	J:+4\Z\"2&xw)pn ;x3L ^f0D<\nc@q:k6U[l\n.J9}G?Sl`i[P-T<%J&DP\'ZOn\rypG\",{|Y`U'),(752,'xmQmn *H/BDQ3ivA>+mB7A2>z;UwgSG<%U79JlgiU=>RB_6,\\)9/$OnMXbWM\ZQlL.cpUWEV+uyQ<U!T:\\wzrVD41$\ZUBfoIbH:d^tG\nS4_(u@~G'),(753,'xu\r0Dw8;td\"$GUuow>vx8Sb\\68;Pi;5468{r3tB	7$u,3m)qgH	vdPjwfLi%f:?R'),(754,'xu\r0wT8;tdTQCr7{?C\r;+cF&ZhA?>NIGh%<4!8_6FWPI5tNJfmL6xeJx?%TxdL1S*U$'),(755,'x=a\n0l(	XTV?y}{:Rpq^vXD9=Ta=7R%L_Eue\'gNlh>Z\nu9+$Z\0$\Z?'),(756,'xeQQn J	B&s}Q3iviMl4t9b	We,h	:Al0.N\r$	b3,^TWI\'/TP-iKNw(6Qg&#&=H:oA,e&\\4C7R@-z2:n7=m-A2pEyM-zdTd&8R'),(757,'xQ0H^`PtXn<OmT\'\\i;Bs<Z6\\Xjp(6z^yx3gQFK,;\rnapvP&!YFZ8X?Xl'),(758,'x-	0U$(-u	7XOu;PE+E|0jRg$t.uJT.b~|!f'),(759,'x-Q\n \r\Z/\rb+E+|x2PY6r{aJet ckRu572%\'NA7 '),(760,'xemn02\0sPeBbw4s~^/A3;nz\'Jp\0d:xZT.8\"b*OG\nGRp@LVZ}0TO!rI)n_T5;<.09k\rfg|Vi&WrjL31[(0`Hv,!R\'P>^i mBdt/:RK!&'),(761,'xuQQn J.wG/`J2m6M^vWM:?{3		ld:=L $~b&uTx}V>/&ttnW}\rL\'/} ]E,zj*:+9u51m2zT4K{h>P y\rRQ^\rCr\Z6?Z4-MIM%hj\"[(=_He~U6d?M.}p'),(762,'xA\n1ERr;j.@3)jSYq$\nsD;T_h E`4%/>B}^}DA5nd^3u2,,N9c\'@DP'),(763,'xQ pLgy x0>E5_i+W\npff\Z:`:Y^4X:X?#T{gr!hHFRF*<]S|:qD0o\'pHeV`p]vi<D_v[&'),(764,'xmA0\"A_@.\"$U7@=f^B; XmA2E0[Hc\'_TN	yZyH#!,YS6%SAiTY{b\n?*^J4DU(i4P'),(765,'x=a\n0Lql	,P4`w_+?>^>	d5\'M9U\\@3VwrEHl-wCojd8%JOh[#?jEY\\R>;'),(766,'xeQQn J(M\Z\"BIHl\Z_(bmFoF#y)XXV363l|iIP8\ZT>UD(]#TO{~DM\\^D\"^-R)/h/Wy\"m3C7C~sTTEL@hOi-E|g&/XXI#!*MaJ_B\0}'),(767,'xa\n02z;mF2)tMI[A[/<x%;E~2A!yFKuA?lq%96jV6Dj6	{%PhN2n\ns	ZIWzbp'),(768,'xK2.RILJLQ241.2\nfL-@Kp~rbN*TJDX)%@KR+k'),(769,'xK2.RILJLQ24.2\nfL-@Kp~rbN*TJDX)%@sJKKJky'),(770,'xemn 2q*I;\nNFi5	:>X#dw<(sGskmbz`nRQXBc	B\n\nSV_Pb.\'c{GZ,TJ	U{P.][zjDzp\Zxi#5m]=HyA2[e <TCFR\'Fasy\r)d$'),(771,'xm\r Ew!i\"dCUuBmPu#8p`O&8 q(a5Q=.K4.q]66x%$^\r\Z2G\'1qN'),(772,'xm\r Ew\"8d{	7-%xCpf&7~`	ji,Gbg<UJ4+e.q?v?da\rA	rBLi#f)\0<NS'),(773,'xeQ[n J\" q7w,j	2w/)|-A\n%ck\rYF\0{>(e2Yp	R+~8~ub8KOuo&|uXdk>B~([,{!N9j3yT%9,E.;P\\E^OaN6qeKwm0&3(4haB3RbwP'),(774,'xm\r0EwR2`DN8TUwolBU+\r7hMt$^APe,,D!pN:`\'h>\Z,]Ve&dK[8bB2&c>: <O*\07P'),(775,'xm\r0Dw:;tdT!@?C\r|;+c[#	tt;g6	UEgE:b#4C7\ZOxeuuD3X\rL2B	;O\n\\F3]-\0P'),(776,'x=\n0E%O0?X0%UM*mO K8[$j^\"8qv~ i9U!j2X:\"zYHt*{Rn5QrAc}4>N'),(777,'xeQ[n0\n	b^\0FdUlV!*5_x<3NT\ZwVuZPO1HFjNb6P,#bir2Zmv%\\zrQ^rm@\r)!\nGM\"4(FtH]u{V=1UyG3<LO\Zq2o~oE\\b1K$jcbp~\'FZ_$'),(778,'xM0Bz1p^TLC43n\'x	\\@9sG7IZP63n[e1ahP:zxx ?3L\\-Grt]wqc2\r/Wg(x\ns2qIci/'),(779,'x-; 1PlP,#VAf	u^1<(Z?SPpSd[M%Rrspn!6'),(780,'x-1 D	D!pJA@(*b5?o,$pq&Xz.3Hq>mt!@%{A(Tr9R '),(781,'xuQ[n J\"o+XTTU{$RU~XfPPK&Ae4Z\r; *AMUd[CA3|&jSKJ2Sw$8T *_v`bTGL=>Rj3F3q+c3\'rj0-tF#:nq{\'qV2R	Vlg/v;j\\8 d6J[ V>QQEF_@n	2Y'),(782,'xum000\"%u[hwwH_	i2dzP>}g(k(,aU4VL\np[r!u5%Z/U(}>eJ\\+l(T'),(783,'x}\r0Ew2`*K!p-[[@tus\Z0h)Lc6Y#::w:@%yB\'adODnt?<$941qq@\r5?^r;L\"TjWs'),(784,'xeQ[n J\"K7w,j1*w/|-3;f	o5bA4%A#z50Rei+`]azq?=\ZRflA\"KOuvB,u]GJ cp}ERj%?rE{b#?)YqE-R^:\\@\rzry495lMg`1m@KHd5-a2#igdE	N8 ?ize'),(785,'xmA0_@L)$U7@zzfw$EKH~p3\ZA2r(~~I]i.OS<I9g].0\n%n<+l\nBtS1N('),(786,'xmQ0D\'S+6)m-$xo,PyGR$,b &}-\"2pVl5o3}]]{Nb&$k	_60LBvQj'),(787,'xuQ[n J\" ;\n1\nw/*_0;;3h`],]_4&Mp&*v6m\'5,PJB\03g|)De8|i*`]p!{5A\'\Z/[/rVK!f=QiOZIy{75hm\"*b{C6va%;0uPKHd--dF\"C=:$_t)L;m\nm'),(788,'xmA\n0E2\'0ZP\'wdc	$LQM0C\Z|%&N#v4r0\Zxdcw$G=RG;~A^a\nr_Cm\"MQxe>S+N'),(789,'x}\r0Ew(fjH\";787gVVq8y2CB-)`ls6aDGGbsbv?N$/y\\W=H=/UXD:\n!52xB3Pm<Wd'),(790,'xeQ[n J\";\n5@RUGwI&WStiA#@XK\rop|s2}!-CKuOeg[Jd}H\ZOCoq\\Yo)$dq.jO\nz-o.T6\\wTf6o\'g0Z%]?PeoD\r\r\\DL{a2#&5ZL_tr0_X'),(791,'xm\r0Dw*]`H!QUwwj%8 x3a74ZGp	v5pSuBW>?Eg<.R\nfI\\x!OTw#?K\0^my!)1L<HNj'),(792,'xmA0\np/\0NU7@zzvv$AKGpf\"7WZC#lT7Pa6*QOx6;)7b=;{CU]f~B2VC	_C\r/ei%f:*\0PgO'),(793,'x=Q\n0@l	,P)4`w_+x3\rjN (`xbI6}/If\'+F~K5.\Z9WbD~seqI; @:'),(794,'xePQn0\n	h1w.2bhi\\4MW-6^:xGs{fE-k_XZ6m\r+7h,\"/-E8Uw*TF`G\r3.|Oi49`Ot=6]}TnTLfIrTzCjuM\"q$G	AHl,QVuH[	ionY'),(795,'x\r0EWA`v L)7-W;j0vDZ3]}T}yBKA5zq{l%)}cQL-]|o7AYg\n\r]7ntsB\"E^'),(796,'x-\r D^!:-,df]0\rV d*f>SXZLl[:xO-=h.RNu'),(797,'xK2.RILJLQ245.2\nf@Kp~rbN*TJDX)%fVJae(Y\0_'),(798,'xean02\0@{^eBR%f4KB?/{VXxB0L`4\r^#J\nGWJN_DE\nVS$E0BR=zCS#<fr9R\ne{)}y\'7:cSwKT;M;IVl&f/v;5Gl5RGJ5Yb/:)ZK6&/'),(799,'xmA0PUp/L5$U7@zzfg%AKGf\"?eZ&!^Ph(N??I\'lYi7k8\nolo<|Lbb\0}P|Xa[bc4O '),(800,'xmK WHTH\r	yd#8 83b?\\&&#AY0G-Q%O{<]MJF,U2W:B2s9KD3/*P'),(801,'xmQQn *KJ;\nNFg43IT2	\'e@n3FGZ1;\ZDu~+j\"];}If		U|i5 R5syHq#Q1[{i;m/xLJ\\G;Zcxg),=8jA\"/e	B\'X/8\nI'),(802,'xe\r0EwT58;tTBP\0z?[v(Ftf(z261\'&\ZK?EGhH8EkWebJbPQr?, Cb\\O@%L'),(803,'xu\r0FwJ-2`H!PU[{`x	t`<NG70.v0{gT9L\'m\n(.<G5J@(:FC\"?].*W(5VG2&xuSO'),(804,'xeQ[n J\" vp6w,j	*]W)|0z\'.TsA<mJp\Z9\n;xZq\r	sUD]L|AK) A|IT%\rk R*.-Dk%g\'kUkUHTyux;6FLQVlh?{;^UI^Zxg)?,>]D4Efo4)b(2\''),(805,'xmA\n0E2\'0ZP\'w$X1	3QMnx?oP5Mvmz-#D;5t5rX(~zIi>j7e:MU2_9p#$lJ*l\n\"FtS/N$'),(806,'xm\r0Ew\Z]0Dv8T@zjo[[	~0lz^\n\'hXSr|XMWh)\"l>\nwE>LLPRP%.#Cf\\;m\0d^R'),(807,'x=a\n0FlFt4n;ty\'X\ni\0x|\nmZErA5K?:\"U+4*s<Ums_N=(Js[pI<'),(808,'xeQQn0\n	b;c@)1m4F}!i\'+t:]ad,gG\Z,D;NbsY\nCLmJ#v36h_7~O[,zBj9Um=y}qUQ.w& ]UkX}Zes a~gH\"_eJ	_V0Wg'),(809,'xa\n0\"=4a?v4@mJZv<}O5/=#pE@6y0F*?c} ^]Tp<b1=t6yW,\rKb0Hr/2nTA\"xt)e='),(810,'xK2.RILJLQ245.2\nfAKp~rbN*TJDX)%sJ*\"\05y'),(811,'xK2.RILJLQ245.2\nfAKp~rbN*TJ	,nb\nbY)^RYd]\0\''),(812,'xekn0R\"\0r%wiUU{m^IU`o#wjcL2Y^VMe25>,\'uLoXZ}h7\n.|N*X{SobhRB(mkca&MVTmken#/M=AN6z[\r!tA`Ie#!F0<2'),(813,'x[ EbXhn:d4MpA\n08,U3i,@Bv\'MhH8aOJC@{v#cY\\o6FGPxJcMb|=0Zq'),(814,'x}\r0Ew\r;B.HNbw4|ux	,d3&p6uYZ;pA%\\5I7\\&F[\'=fMgtP|)_!!0-L%!['),(815,'xeQn |p}BQ04M{h9|\0f5jT}elPt$&D<V,xN_/[alU(Bb%G=b\rWXgX<c$9?,Q?CBh*YWPBJ	%lqK^;nG\rzpi895:>NkyP(Rs1!GA\'g0n}_.'),(816,'xmA0P[p/L$U7@zz[JA+af\"a7:\reZCPuOC5LQ-~~NMylld.6p8RUz6\n\nH\ZB\"t|E0O'),(817,'x}Q00I;x2&e[ab&^1Q+xFh@;\ZUKPpE	\"ts^\'e?X=9Qa=Tkn[)z39t*^E,qKsh8D>_d.N(n__aYc'),(818,'xeQn |0MJC_!bi(TLww>0\05\n:+.3I2Q@SUa{+P`&ZU!bcDr(c\Z[aO&|{wZOe^AC#@yx;ZtQVJoqK{mG-fy4%&>/{P#uA7gQ-yd_tJFC?\0dd'),(819,'xmA\n0E2\'0*T\'w$Xc&QMnx?oP58 \'xCEp;bjZ.:cs$Erf)ZleT5O:~e/R\\d}0,KymSHyJ?FN_'),(820,'xua\n02z;jz]AQmI0_x{I%r8M@\rJ>u#:*::@;9q^y--net?$p`\"dW^D	+?\"^s##LtTRO'),(821,'x=a\n0F,Yi2aw@_V$5\'0*BuyIpZ$*S w!.=B+rZ~DP#e&Kf%\Z8V;=siM\\?ZQz;CG'),(822,'xeQQn J	B{}QSiviM?0\Z:	_GrN1tbl b&DSOhX]:3UX=TQL\\=#]j\\>=a+k\r/8W!k#HM4iO8We*=)GuVAe\\5)$zDA2pEyC-zd(.\"9#'),(823,'x10E@RqeBz\r.mu`:#q\\iejX7V>iVB\"o@J\Z]n1	%HpSC8D3/Z	=0@+Phf_*d{\0w]'),(824,'x-	0Vva	=l.\"o7?e@\'E]{CZf(AM=p(@+\r\"!Ufe5fyT$'),(825,'x-A\n0\"VM]a\")a&A&Y	Lk+P4LQl0 f~okA4cUn8J>C2d%'),(826,'xukn Rq8c6w5@+UU^+cv<\r	N ];+d\n$<S#ek]bz/ydSb9YN)Dkg\n5X31	b9L8DSS~m5]oUAVHc0{R<4Qac~0D[!WZ:diWdGOFqJgr\nc,\\'),(827,'xu\r EW<AH\rfTH!%QtJ8\"8\n *f+K8 Q,r0Q.??EM9z9Y8wS9kD4--oT?fdl55`_92mLPT'),(828,'x}\r0EWA\ZgVE$Bl&,F#-@}Oe\\v&&S8:5%Q4[R[\n;V\"<	zv`22L1({Pcy0s(}b>?>[\0'),(829,'xeQ[n J\"7wuJ \\)z0;\n8\' 6CZCXO	z O	M\0aBM+t||)\ZG2+L!I<](7V[Bue~3PwQ:g\\ -uv\'&AR\ZK:oG\rjty\Zmr\ZSZ/ 	s0(f4o:%c\ncO0C~\Z'),(830,'xmA ]m!a@SVpW\n\ZEq\0\rix(5hvA/]w1V W/?byT	?V	\Z\"Evc:u1<7vQ'),(831,'xmA0\n]Pn41/MG&5K\'`:i*`k\"le0;\":lj)AEyW(r+\'DYIH\\V	(\".#.L^JC<plD=/\re\rQ'),(832,'xmQ[n J\" &8;\nuJ \\z~EjZfEg@\Zr#G kU@N||-\Zj/ZFJfQ)$(q]fn!k]dq`t[YyY\'1ymho()8?mwv\'WoVVTbX\r^!>t~D>(Ql-a\n#eQ\r:h^tJ81T\\'),(833,'x Dp	\Zj<\Z&1Dory3ap\0\'ZJw8f\rpQ`7<dRhU&hE|EIU<&-|Uv]ha#7\Z%(lH^@\'/XYf!a\'vPAztmEv2m9{5o~@h*'),(834,'xP1n0\nHI\ZdCL4A~c@F-;(gO:\ZTK6(8.X\r(kaaLfC=v.$gemYbOLJlBfq\'vZW)6KbLg/qqWjL4`HU{(`I>I\"yz'),(835,'x=}\n *H	&J?_C3MX6s?$AK(*xy&]=I.fqNd*X|d\ZUw	H)\0U>n'),(836,'xeQQn BwG/`O\"/6ii;%+e\\kDoAv3gI?ox4xoD\\y2XM*3[oW\\DEgBU\r\'6El FrN#/H08;	B>FHk/kq@58	MjfK~HGn!)k<X5oXiAT*<!?~\0#A'),(837,'xQ0Bv&J^L(0xw|m\r\ZNhR=n\0GPq,@Jw^uIX:\ZTIC;OgVf&E]cxjf,#9ZqYcM}X?QQGbWO0&c\\`/8?i'),(838,'x-\r ^Eb&nxxwx?8h<(&\'Y0%nh[Rm5(j$=s!~\0 '),(839,'x=a\n0l2f),7i2w?//:@<HI2LCkb{? 8B;mb9?B{Hy\'pgSZ#6\\~plAv0}q!>'),(840,'xeQAn J46?D48,DU{	&(b<!X`\r-#:Y.AZ(3653>d[R`BD;Gl&8\Z{Oblg1c;hz4h/Wy0m}wjny(/>XC^\\~,OIQbnZJA#1#DbQ	_Vi*KP6qv'),(841,'xK0DrH-](SE2qzOzv`Kx%!@h:Mt	.`5[f1X096-\'9DU3kxbb)a\Zi_m7E\Z1\rz&^dOXw>\nN(l\0j,'),(842,'x-; \r0\ZaoVdEh?0,	 aE}L\":`kUL]\n|JJr}\"~ '),(843,'xeQQn &iq+D,8-*\n;iw$!T~0AC-\02{kT@xg`B}Y*x\rkV8tnamMrn\"\nUh_M1*V!-D;gk)A4jw;8h/W.UNVmG?.oD\rzr\\,e\n[!5@a@r-3$ic$EN\Z\n0_'),(844,'xM\r0EwIKAW@L)$\rll[\n?o{8l\\ym-8XOB5jj#%L^jUWEH2K\0UEeqb/vD?GI'),(845,'xmQQn *w\"@d4$6{xFfMb:q!{@.U4bTmM\\*|cpdlHd\ZSo}(un&(QP-<4R$Vvg E9\'--F*obJ~aR%	\Zq\"d-.dFL*#+jHc'),(846,'xuI E	sz$NeIUkw%	H\'y	 (k,\Z4T9bOTMgrK7DQKL2E[=8?`bwBVKcd\\[g`V.'),(847,'xeQ[n J\"ruJ \\z.~F-_h(`6],$=uDg4ALtUlp	W8=qtIPZ\r0=;)<s`o/=>Cp!lH|1[q64/EK!\ZsE{F)~RK=zpy58[Pktc_n)0`JX%1RyhaFCSpP_'),(848,'x}\r0EwE8;tTL9:J7aAVpAG(jT8gB}jMXqqd]0 &j\"3Eb=8?7bhV`pG;Of<K\0l^C'),(849,'xeQ[n J\"0;\n5@8RUZP01	b%BTy2\rpz`K%<Z<DR@ZzwSGo}(u&Usn7,\"|3SfyS*IBvb`rIOLN}X\\@5NjifqrU2\rw^|K j1m$bJ]&3bRiyF	19/0v@n0'),(850,'x}Q\n0*lK xm o?$WH<Y3ZP6ZX3(gOTu:B\'p!Zw\'P	9*LW1&Kj8\rz7unCZH?-Xu'),(851,'xm[ E2+ph-TT\rGtQ?{<P9=Uk>2Vkn$0SgC%\063x`uI;s/q\'K&X/v5vsag<r<Z-S0GrT0^zPOF\ZXdkDuQEq'),(852,'xmPK K)JzPv8VpI\ZE=|QtqU;:3R	n113!o#^\"t 0p\ZJo\n+GG/YTwk(%a2tGfd[\n3(Mv,Y7/r'),(853,'x]A\n0@3+Hx?!,cc8}*\rB{m_4WGR,j>$h=IKIg-s`??{~}@'),(854,'x]Q\n0E[(@ wQ<^8 D8s\0hV	kvo\"HUr4D@bEx/^o@'),(855,'xUa\n0Hnw\ni~@5nCVTuv\0c4\Zs9m\'*m\'\Z95^wX_\'|NJ6w6as5)MC/'),(856,'xUa0FQHjL -.1I!~\'x\n`)t~r<fD\0[8~[T)>_~Fs_5f|)kfN>\"Z<OM*F~'),(857,'xman TFB;\n4E\nUM{&\Z.,_\0DX^x^D{gE#AN:Dj(\0A=9];\\ew8\0dbiibA?<cOg\rcAG-9 !:.S!oev\\gtgUc7X|SgR\n\rcu'),(858,'xUm\n0EAu HIDj=8\\+:m`&5S%oB]<9o!XWfwVI[=bx(=i/a^O`^\ZBXCC'),(859,'x]\n0`l8Mj$1v_<|4R)u3VX	mCBz0Q\n*wnT?NFj{X4GAyYYf~^ZzCCE'),(860,'xUQ\n0DR\"vs^~4FA^$E_ob~rXj+Q<!KYf?;5kxrw&Nw=E,.&cl}}\0+\\C'),(861,'xUa\n0Rr76kz fEl\'bk+E}uv\0cQ9uL<VM\\\'#=9W#mK	/,~ aEK.}/vvm<ZNGk'),(862,'xmMr d6+0$VbH;{@S/{~\r&.jD\'H<i(\Z	|8!j@c8\\ewWy~bJ,8ZxXx)dYKU2><-_CXFCf4[a/VQv'),(863,'xUm\n0Eh3CP)(Tq&)EVl<\r{q`(eMHe/\r=-Dyke#?9}eN&]AIg?_C/'),(864,'xUa\n0HN0ql+H:+M7pcw_[_\'/- `}2)|T7[=_D+zb[{7~ro}(-dg0}|5cCX'),(865,'xUQ\n0DRrvs^~,&FA^$E_oBOWu*R`N%lK*k-a}]DDA>Ja3n*pbrOQD'),(866,'xM\r0WA\nV) ; UU]\ZB+wg#8:\r9[0q]\rFhvI4F\"%[ik3V>I+{[|J%'),(867,'xmM 2\'\Z;\n+EhU+\ZY5\\=4/M@V!,OfXw%3)F	 @HOioo)3rKE{~1F\Z9ICltV7~W5^1Qn\'\\|w9`J9V\n4\r7#R8HRKq'),(868,'xmPY ;zb4{~Y$_kPBjZBk\'bq!huP#LB`Iu:?H99C:e7!1xc7B (a{sV!+=K)-(W#Ne4x#8)t	C\0Ns'),(869,'xUa\n09w\n\nknO^>#B;;Jy@~\\ICN+z\'WM3;C%>n&>i&?l+|vA'),(870,'xUa\n0@t6@g)1\r?Bpw\n+{`< $!zRNW\'UXq5\\belUmewA'),(871,'xU	0EW1 !\Z<Lj;5M.{ECCpte7Zbug$X!4)hoSv7,AeVo%uT(uQX_(!\0Gj'),(872,'x]Q\n! WXL\' K\rzrgTx[	#\Z. _uJD{ZnZ;o:SByDa<ntSycCIG<;F'),(873,'xmM 2\';\n+hU+\nYa}.ZZ\r\Z;Yk~D$ d,)m:?aQ^_Ql2cNFgwrt^3+{OW\"W9LU\'Fa_FRRh}\0Oq'),(874,'xmPK Kz+SS]}Da&%tv\n6\"IY;%	.0V^yG(=G&#?2TZ=C;v= %}|\'>YDz<#)Y%C8g?rG<r5Sr0'),(875,'xUQ\n0D\"{ZJ;x.&dC$~001\rQfmg5+RlL>~\"wfzs7i(?+Q7 g3S/`_@'),(876,'xUQ\n0D\"{JK;x.&dCAJ$~001~\rQfHk[S\\\rEJ5Fp 3%$E@'),(877,'xUQ\n D\"{PhtCq?B){5~\rynVzV@}f>{f{aG/rTzJk]TG;\\}`<\0OC'),(878,'x]a\n0FRr7QkBfD7b2W^!<]q\0	6.q$-Bs*@W?oIqP]d+\'eLn^\\`bCC'),(879,'xmM 2\'ph+XI\ZEZ]}o~%5s1Zm 	B,;3#NQL$ d,)m<xFNyIho_96Z1\'kra\n+}uFM%T\"W9lPttk[#/qqJJ5Q$q'),(880,'xm[r0E0G=t	%({v5D	c$<[O|^TB?4G6Du%A/jOLm`K/7&s7_s*\\ygE?CXFT-Vu*'),(881,'x]a\n02r[D*Sm}=3[O#Y02u5:0\nmLW8$\r%Ddk=8Dsp+Je[3+y\0Dg'),(882,'x]a0BzFW 5qdd4m{|	6v5-*%		*6EH+jc{`la-\nB(419Z?2l\0Di'),(883,'xU\r0DWARgV@.#RJ8TU9XI~	l36X_sA5%dB!4>8UgtHJBNy ew4h^RF'),(884,'xU\r EW1oBj\\ iMg.V{= r7\nA~>\r+#G`QCCSE)WV#D*mm{/qCEr~9/@qFO63DaN1*H'),(885,'xmP] K*\nZTfkuufg>/!6_%pCP>FH}?u30AEPuNB;kqxIe)~0:bb\rry~unp[0Q#o!L(_T\0uvFm,&!h\Zt'),(886,'xUQ\n0D\"Ajz P4w*_	o?\r},e$$O0mN}N\Z#o[KenY]tw?'),(887,'xUQ\n0D\"A]p5WhQV\ZqVEJxf:k@[,+-1e9#A4Q;PtShcGR~eS[ftWM2;/O|;?'),(888,'xU\r EW9\"|@	T:sX*zP;nQXH/Eha@N_}wr\ZJN%dH)OD:XZ\ZbQOG'),(889,'xUK\n0D\"}tz(7n!CXXHJ<PL\'r)6cXS\"P>T[_XBp,CK+?iBn'),(890,'xm] \'ph\\+TT\rC]>0fv5aN@%P kL$@;nb\"!fF,/io%.rWfc5^EyOr;uvO+599a=>IC.bLWd/sHQ(EU@q'),(891,'xmP\r0 ~+D{_l~VP{DK\\73y%F\n?b&EV\0)B,:\'Ov_!F&!9^w>=j[}ZS2<b\'O7d1|uff_\n:D.UYs,KDey\09r'),(892,'xU\n0E\"9dBgKS1vw!Ox`n3JOB{-Aw}7W|Cx4gaW{62E@}`~S@'),(893,'xUQ\n0D\"{luK	P(wocxEr|7E[w\'PTx?3ZB/5FyIAhYt6$2\nA@'),(894,'xUQ\n D\"{ThBk\n,/	,z0R( q#+|`@*=Df~p/_[^ue?uC@'),(895,'x]\r0DWA\ZCWLcHiRU%MX(w|z4`U\r65tEM#opHS4)qPn|C~?Y#81y)k>?CD'),(896,'xm] \'phX+TV\rC]>dv5aAoOZP$Qi>~M	3D\0A|{_,gC\r8u(;a7g)<`8EWuxlHmxI8K!*%/>q'),(897,'xmI0E ;\nQ\0SRZ%dQU{3EWNd@PX/Y6dVs~aaJJ&AB!HLA m<-\'^xB\\^EyO=U]2zfrfRBcX{LZ[J:D2QUMas,3R\Z~Cr'),(898,'xU\r\n0\"9hz f,a}mex{(35\no)6%?}RD_Mnzqg\'iS{z1A7 G3S-`@'),(899,'xU\n0E\"9n^A2X)!Oxb`v`\ZM%?}RD_Mnzq-J)=\nx}Bvg)0C\0G@'),(900,'xUQ\n D\"{4I;\naC*)WcKo#\'G7v5-R@~F>j\Z6rCH\')eNxk+nXdc^*9yCF'),(901,'xe	0EW1\rC!+5\nRM7bOsESEtc?8aU\0{%xArtY#?~Ky$N;OqHrcP!l#k2&7/.0})|CJ'),(902,'xmA E	AJJ\0.w8u&>h%#4k16X\\;EsgD\rw``o.v?:!_[t0OMuUx}4`xOjAUFtAy_A>Q\rfK\njLSpbTBVn/(2q'),(903,'xm[0E0\r{pjtPpn\ZeQ\"L\'.j|2tD<R(?#8!=;ekiX0T#9=7N\Z!F\nv\"}*pJ89Lr4U|u\ro9:tY\Zfs'),(904,'x}Q\n0D\"{ndkc!5\rH$H5\ZGO8H)v)ejX+9~\\q D5)T8X({~}2iJA'),(905,'xua\n02r\'+Hj+M7M;~/M xakhrEW+W5NEEZb}\"Gfn3&~q,Srkv1\n1\07A'),(906,'xmK0D`@@z(@(Q)$,w>eU0-M!jGXq>GJfj\0H\0	Ax{_,gC\rF[y(v<vg+frZySr8E:pdmxQ8<(TPNq'),(907,'xmI0E s^!\n),wc\nbU<9 u U@V i{/dzZAb\n\">>\'<+O3a\rht8c~kOCvWMQO=sQA>3Z)7I\\nQdLTU9vTi/t'),(908,'xUQ\n0@M$:+MV\'GOO`H>@n\\IGtYtNB<t}UVQxoQbV^UkD3l_&B/'),(909,'xUQ\n HNBIk`}j/?![pB_pH+	^:]:wzp*ib(U[D~r3Zj~mY`|B('),(910,'xUA\n0EfVB,I\Z2Q.n=G/f |GpJnsx- ?\"\"4rrUI_ tOY#w]\Z)qc|tz\"O!SxJ6f;P:E'),(911,'x]	![#sZ86x!$-y7Ck,hNyrT-YaBUC$\'9dXir6\0zhPo/%F'),(912,'xm] \'`h\\+TCC3lfWTY	+v\"\ZC6oHM?HDKt?\\\r\"2gclhEg\rv1Z\'dd7+agSFX6bP\\~3r}x	l{$MT5o*h?_q'),(913,'xmM08p6hxw\"Wi?KX;RC0l6	t29xE!arl1;@ l6/\r5@u<uk_8S`O/	p*s#GSYp/R}#ag)e.vj\rs'),(914,'xU}\n0GRr}[z]a5B)w_	=~W|NnVz+E@~\\`w%;Nx@b4\n/-Z?9-q7^iv,[R~B#'),(915,'xUQ\n0@-S;xlJSck*R\'G0N)r>cw%\rCdNg\'U<+I39es[D/J|>*>xK,JB%'),(916,'xUM\n0\"ur i2@Rzn{/Py|7 /c1SF\rBSGuR\ZM+2>!MXO3rs,=TJ@L`AE'),(917,'x]m\n0D)Zz&+b\Z H6z/Tf<sh\r(Ve|\r\rB#ku{\\l=Hs$#Byl|8g\\D0t!\Z*gPF'),(918,'xm]0\'.w\nM\"-xw<d\Z\'|,ikr(ePa5\"Wr@pc3D$ 0df!?8#Bx\Zo_LPw(BrYnz)nrSVc.FN&2S\rtk;31IDl4IUQJU@\'q'),(919,'xmI0E ;\nQ\0DP%NEWqdPdX!,\'iCcQfGQ\"1?u)kOXL#m8-\'^!<iB2ho5!:Gfv$=L=\'^t5Dl~l+TEJ!S*MT\nis'),(920,'xU]\n0\"{j>R#\"7-]fCp@pe$q gL~N\"Wzp-)Or7}($\Z_AMZA9'),(921,'xUa\n0@.06?uMQxwNO^>\rB(`guJ-B{Q=tq)oN\'1U)%Ya`A;'),(922,'xUQ\n \"`XkCP2b`sx=%/	B\0dg-CFu5upQs&TiNN^_>&XH=VygG'),(923,'xU\r0DWA+ Bd#65	hwXj,`HD()Q]F?RhvR-PzEw5x(.nK>?JA'),(924,'xmA0ETqhJ0wCVh>EWx~3.h#c	Oy_\'	%HKB,@J=~/ ;!xV$ep#L.j[PO.iZ>#dh4m*u2,:k`VJa(x8'),(925,'xUa\n0@qw\nRmJS\"\"|)#83f5ZR\0`vyR/IA?(j%g|_)PuUd	G1QC'),(926,'xUa\n0`4WjtV\Zdk;W^boMIlJ5njg/Ey5wj<i(TE#\"LOo>_C'),(927,'xE\r0EW#RH\";E1|s-d@{0yNshm~/,9GV.VR.-:>V:A _)r(\n]e&OQqjbcK|'),(928,'xU\r0DWA Zpv`U\"(RUu6a;{w7|+V#yl]aYX\nw#E\nN?)Sw~Au	=,b[DXH 9my]MN'),(929,'xmK0DOc+DJ`QU{EWf|G,PzYQq4k&6oHD,@dLGt\na4X]GQ\Z \rgT1!k#]P?6M$\Z>j\Z3w\':lW,J*UB/q'),(930,'xmI0E ;\nQ nJ)\"NEWqdPdX!,8eQ~mut]xaE\n7vjI#|t\0)BxDugwOGWi0ds;o5!,M[v ={Nt5Dl~l+TEJ!S*MT\np*s'),(931,'xmK\n0D(KY\"V\\e2wcU)I\0KKb{@@z\"<(TtR?>2s}w\Z\'='),(932,'xm	0Dw*VMwp5)k\\3X&X#8x\0X*-gqt!!W)4:[\"C(o}2#rIm@\r#6uG='),(933,'xm	0Dw\nZMwpm>UKSw*\"_{gP& x3f`P9:[@P6>^;\nl\\R}YE~F	ta='),(934,'xmQ\n0D74nd5dE+73\rEhK h}`L\rBjh:5?AR\\q\'3oV3u2O:w>}'),(935,'xm] 	\Zz|hSD23,\Z$r5l\"\nX\\ZE}\"X`h>p:qg:(`BnqXZ4%OA]=[o<7v5Ji kSbA\r[q	dWduYWR2q'),(936,'xm[0E20<;-4HZ0;`FX3igu(6$nfG4\03@{w\'W4}1d\ns487AT\ZRf/aWM75U\noY-]:.*[\"5|BLJ1*;(u]s'),(937,'xmQ\n0D(6\"VYL.(0~ oJEhU\rM[^{\\R1JIYM}%PKS\'='),(938,'xmK\n0DEji *7o	*gzrLY@\\=]H@(T\ntOf$yQ.z.BA<bMw\0\'='),(939,'xmA\n0~Aj!P4E)Y\r\Z|#Z\nH[+J^\no})KRmH+ET~ELa3	='),(940,'xm]\n0Z;x6C#w.|):H-Fxz=h:\'wTZZRxqx5X$,\0c3>z'),(941,'xmM 2\'phW XI-EZ]}&,!XQ%!/&kr}2++	7L\0Az9\'c/	fm5Ar\rlp~Q\nNF%Tkw	<7^%]fmY8HJJ~q'),(942,'xmP[0K6+t*\":>WlbS8*	m#,|s;,Hva-Op>`yPyeFKY\07\r50?| >F3YE:pk~oeF,QyR&&9*Tbt\r'),(943,'xU\n02r^Ab\r,Si:a2BWEp4d#XWFcrF%BUEuL=^q\'Q}*j W3\'Ve\r`<?f,@@'),(944,'xUm\n0@2r^Ab\r,Si%+~@^Fp	HR<!_MD.>ToIQB}i#$\'p]n:.\Z@B'),(945,'xUK0D@E?z^MHqw h6l,fmjI/).n$+MW_h)ds,!],;h;m{A,'),(946,'xUQ\n0DRT7w\nbl(xoj,Ty\'N`,jmd H0Gg)7NzP|O27tNa?oT-KmT	x<TfA'),(947,'xmQ D\'pHX+*XI\ZT\"\"HTc[\"^NDd Xm<{AN~A(o\rmh\"q\ra9uuFN54	V}K$\"6HmR}3J}t	\"{ID#ZDq'),(948,'xmPK00-BGmD$xwUWy8BMH5M H\'Kks \n	g+D)`QO|yl`t4fc.\'wse	c-\0k`rE$h=-sQ~Q*S\n3wS*S.+\rbs'),(949,'xmk\n0#WlP4E[+\"|!/ X\0`U+I9#,Md/E9&s)sTp*\ZXt0>\Z7>='),(950,'xma\n0\"\\+H\n][2k!~Bpb7^)\0\Z;GW.j@[@=uR1eJ6f<V^_='),(951,'xma\n0\"M$-MUDn6R\0OTU.jEva_GJ	&u\'9U~-,s1\\+='),(952,'xmI\n@D\"98$_hh:\"xwwWKO?:,b+\0:	&i:%Lz#t#Z6if7`kp<>'),(953,'xm] \'0\Z;\nXI~w/P>dv2/-Bx\0A!:AJe>1qB@+v6 \'DXm2Q4E!eA;kkF]gMK|@:jo*	4Q9Ta6]t=Mejq'),(954,'xm[0E8anShq>J{O^W\Za~d&.BKk%yJ\'d\03Tp.oF7BZ\n\ZhywY4n_#Zarm2ih=,[Co*E`SK.Jt'),(955,'x}Q\n0D\"{VB~bZv <A8L~&5F@-|)elCjKw|t*~KzEfu?3^E'),(956,'x}M\n0F\"s^AbE 2&J(n\\3WCf\"?ViI>5:|3EnBr\n/!>$z!;_E'),(957,'x}Q\n0D\"{vr^t?1-Q&-Ak7q0x)zPtWSj(?WE]m8L~/ aI7o~^~F\0bE'),(958,'x}A0R)P_@.!RQ\"!Kr;;Z\ZW]o\rhue -$D(]rrh~sU~GI:>Qnu`XhCe^yD\\'),(959,'xm] \'JX+T\rC>vFQ ,*gq.MDR#UemJXB@+qrwNv^_\":g#68Q4E!q7iQ|gt\ZG3M	}K$UIHE\\TzKJ(m%N#O8\\\ZPq'),(960,'xmPY0Pb;xA	cfy,\na~,kDKcnL K#LBI=$#WhXe,BE4h\'Pmg/K%,\'=,PKQ!&3<6/ARg~oG+yD]9Ms)T(\nt\r'),(961,'xmK\n0DK$,\nCSnk\\e&5\rmoFPRI\0J0G(.2<&3Mi$U/o\nF2b~wA=~'),(962,'xmK\n0DP5Wh(MDEDpax6v5-JKJDT\nmTm>ziyc/VeXFo`tSNa='),(963,'xmK\n0D`5Wh(MDEDpa*<G\Z},:6HJLC^{v8KK{{/2zT]w\0='),(964,'xmQ D\';\n+U4{_7UH<r\Zi5o=Nd-P`~\nH$gX!x?aU?\Z\'1\nqhvaq\\Fusx?C(Ja5K\"rB,bfPaUoFo/Av:iRSQS@\0Aq'),(965,'xmI0E@;p(mDvw1u*-\rz%T\rBZz+HY+BO,9vCOt\\, DcAR_@w)y#qFPpxR4IBns>oQ3;@zt	'),(966,'x}Q\n0D\"{j+jc!5\rRzwH5Q48H+RzS+iN}\'W#6=%vM\n>niX({\n}2nA'),(967,'x}Q\n0\"f+HytV2cw_!\'h-fGR!>qpz/\r]@}c3?9,{5%n\n#|oA'),(968,'xK2.RILJLQ0.J(T-@K9(KMSKr2T8\0,dP_ZZTS)P(%8($3?O$h\"0\0Bu'),(969,'xmQ D\'Z;\n+)izEG;o&+0|lC3x4aE[=.YD*-\"	b\\gHMF{Q<Yi(Et[-zOP:J\"rB,bPz]UoFm/A6:iRS^\'r'),(970,'xmP[0KP@B@*\"Cqiy~&EI.Pnt2;f\'\0cDqROy\na4\rE\n9,M{vFj;\'=,O_B>&3<Y\"u,\"a~_d0p|*TI61t'),(971,'xUa\n02r^Ab\r4`}mE_y|{!W x\Z24T@\\bprh8{Q#4M\'>^5<n~sMlQla{-@A'),(972,'xUa\n02r\ZXFt1_Ei`VVSpA5M3%_=\'}\rvfWo4Y]%<2lp.@C'),(973,'xUK0Dz^&Jq&APXyy[|\njGWvXg#\\	r(}#B[~3@*%*Yn*kvgr7N,c!Y?A-'),(974,'xmQ D\'pjX+V\rG~vLfWVrQ\Zb:mHI>H`~K 6\'5d/rsUZ=llVECq(\rX3GWYa=\'bB&R|3R}p	${	+9uS\Z$q'),(975,'xmPK00Pw\nM4V4xwEWyX^\Z`TF=AO&wSHsa$B Hz~#/3e;DD0K{o\rgS-KnE)[+upza&>\ZGUzU9RPb+?s'),(976,'xUa\n HnNV+W3\\-Fc\"|G0\Z4r}@y$8 SM #UKyGKe>b6u9M\r?+\0B+'),(977,'xUQ\n HnlCPj12cwZ)OoV`|:`0ter\Z6/SN#8Q%MlcOrC]UW-Q\\pe6/B-'),(978,'xUM\n0fVgr^v$\r(x3Ijx\'c`hfPFq. =U(.>8!vII#w.@.X=#\r3MHf?o\rEE'),(979,'xU\r0WA +TnjH!\n	!a#I?ZN&P#xnPw&e3rE	KSF?u-Co};Se)z,T[(`I[{>.*T3\'+.n	`??C-'),(980,'xmQ D\'$;\n\nVRizEG;o&\n!lH> !^e;3nE$;.j#PHbfHMxyMQx6Pa,/	;9>E\nK54%!Aj3|Q:K.G0*q'),(981,'xmPY A+Fiz._eb\'REV V?P!cx\rp`+#ln}$%KI4n2\'B<74s%_oKYTq}#\"@X\ZMU-uzyBd2OdQpw.LE.\0t'),(982,'xUa\n02rMd^Ab\r,Si:a2_y|{!lh<\r{\n\Zc5?X!umRgG_|O^=<^9^l,Q	la{n?4@L'),(983,'xU\n0\"9?vu#uM\'xw+}/7(\Z@=Np:)S\'KfGzrIt_uU7x`Q$-u5@N'),(984,'xUQ0D	;p~Tt	1Dy;>{GWvX\'#H%hr]_RQzTpuYre6$0Cy*A/'),(985,'xU	0FW)AD[s\r(9DM\\Lc[`5ZcL4mE\"TG=5>V)\nm<3o@'),(986,'xmQ D\'pj\\+\rG~flfW\nT,Y5/m [=,F!q]H@D H7g9Yz~1h/qlxIi`?M&/*vFvV>$aD\Z\"&%]m%pq\ZT5k*hq'),(987,'xmQ0\n\\WX80x0\r0<um-aEH-z:O\"aC1QJ$)L8!fX?xlxM3&scw#eqz;[U{l6El[zaLq|SYp_E*uM+aSk]tj\rRt\0'),(988,'x}Q\n0D\"{l~,FPwo\"Ofx;~@xp8-\r)\Z[_-j)~BOn %w96II,q7VhO8kFA'),(989,'x}Q\n0D\"{b^Af?R#P(7IOfxG@wxp8-\r)[P89~ANiNY$[*?<lA'),(990,'xK2.RILJLQ4.J(TL@K9(KMSKr2T8\0,dP_ZZTS)P(%8($3?O$h\"0\0By'),(991,'x\r0EWA-CWLC$Vv	CMxa tfS|[yCcW/e\"gpSeJId3!DI2C*?p4G\\'),(992,'xmQ D\'pHX+*XI\ZT\"&H*guEGE$!1\ZPHbE\'wdg9%~6LY)\r/n66+lpguj	6\'XO-u|Q:KN#O8\\6q'),(993,'xmP\r0 +DBJ)\"QU9G|&L XQ(+GVL0xHvl531<E={\'L%g3n2/\"fVPg4Zr@\ZgSq\'z|Fu5^%7}\"Y$C)3G2Qr'),(994,'xU\n0E\"96WL3Vli@2DTf#HCUytVB_]IuIS5G~s!wW%L<&@'),(995,'xU\r\n0\"9~D^A2X)mex{Bp`7EOo*+\\q\"iJ\Z#e/le6$0C6I@'),(996,'xU[\n E\">htCq>T1jl	;n\Za;/w`=\ZmP^w$xFLUL8!z/R\\JvHS\'gb)j\rE]w,s\r?xCU'),(997,'x\r0WA?CWLC$Vv	C{6	A21cr[xE;o!<|	wh]UWPa,!$QR<A?pGb'),(998,'xmQ D\'$\Z;\n\nVR\nizUG;o&+#E`0t1]E[=UdF(@dA(O`nN+rsE~6mAEs^W\Z68xAvgj[Ma%&\"&\n\'Z|3j}|	U8(F9]Oyoq'),(999,'xmPI0kc/D5CUu\"=y{l\"\Za~HY2m<\n/}G+#@cC#LBI=pgrKh\\e,B(d`iR(3Pnqy:GUyzoD\Z^/no}?W/Lj0rBR4yQt'),(1000,'x}Q\n0D\"{hi;xXHdCH$\"~1w{O81Vre2d7EJ+ 6=%vM\nNiX(k~y2XA'),(1001,'x}Q\n0D\"{Si;xXHdCH$\"~1w{O85Vrek[0?w}\'W!6=%vM\nNiX(k~y2A'),(1002,'xK2.RILJLQ240.(TL\r@K9(KMSKr2T8\0,dP_ZZTS)P(%8($3?O$h\"0\0\"B'),(1003,'x\r0EW<A*]2L[MX\n\'nm3-e|DWeM]BH%\\SBOtR]VBBfNrPFK/?G}'),(1004,'xmQ D\'pjX+T\rG~vLfW\nT,Ht&Vame;/YF!;j##	bAOnoo3rYy3lm5^Ec7<I`?M\'/QQ3r\\_l\n\Z[\"9!Aj-*7#wGp&j&*h<q'),(1005,'xmPK00@w\nM6V4xwWyX\ZdTF=A:cHSa$B HzF^gF	v~@a6y0}7^8=Z8.{+ujxa&>\Zg;1g<}=uN	0s~7AbZih?_s'),(1006,'x}Q\n0HN0+HyT+M!{[G[Ep4,oq[9bPWO!{{ Zvg|^AiNA(~5jA'),(1007,'x}]\n0\"{l>,D# HKfcT=b6uo4-Sl61~!\Z.7ZA\n(/vIse]Qfpd^oA'),(1008,'xK2.RILJLQ240.(TL@K9(KMSKr2T8\0,dP_ZZTS)P(%8($3?O$h\"0\0&B'),(1009,'x\r0EWAA+ `DmIkB->\"vJQxAwj}}E>oK_O*nr4!pL$~(ooeG'),(1010,'xm] \'\Z;\n+)UC>vDEU3xaG 2zE&36*-_HbtzHMF;qMQe<,Je	b\\ s|?C:ro*	BQFUoFo.AvyRS^Xq'),(1011,'xmPK0P`;xQ\Z+\Z\nc|$,e5BX:.s_,ifDBH`0GA4A^\'AfqA@?,{KU3my\Z-]zQJfn8;\'LT~t'),(1012,'x}Q\n0DRZM7wBlJ6E{coR4\'q`H)v!a&Z=3hSbPOGu&	\'}|B'),(1013,'x}Q\n0DRZm6wBlJ6E{coR<O\n\'c5/+S<#RLvL;]/;&I!MeMc\'}B'),(1014,'xK2.RILJLQ244.(TLM@K9(KMSKr2T8\0,dP_ZZTS)P(%8($3?O$h\"0\0$CB'),(1015,'x\r0EWAUiK|rJU65}JH\rM\\ Dt1HYVDPKhv\ZX%4w)s2QNbTWsC,] 8XSFp]n:|G'),(1016,'xmQ D\'pQ4w\nVR+\rG~vLfW\n,VCk6adOfXx\nC;DB& Az9\';c/gh(\Z8<6EK3{REX- :-*7#wGTLTn}\0bq'),(1017,'xmPK00@w\nM6V4xwWyXZdtTE NGcHSa$B HzF^gF	v~@l,`~n@qz8N,1p#Pcjxa&>\Zg;1g<}=uN7U9RgtU4t/t'),(1018,'x}Q\n0D\"{^Af?R#P(woOfx@wxpXe1Epk\n`laWzp.qONG.uIe+\'|2B\0'),(1019,'x}Q\n0D\"{4^Af?R#P(woOfx@wxpXe1e,n\\(A5]_\r[.qONG.uIe+\'|nB'),(1020,'xK2.RILJLQ244.(TL@K9(KMSKr2T8\0,dP_ZZTS)P(%8($3?O$h\"0\0(=B'),(1021,'x\r0EWARZgPK	!&,FR6	;(s>b WYokvH5tLW1Vl,ih|cK.B4YPaOCxNG'),(1022,'xm] \';\n+)UC>vDR#CU3xaG\"2zE&36*-_HbNngnNrsU:=l$&8(2a1.N^s|)M|IUR6Ta6]t=-Er'),(1023,'xmPK0P@;xQ\Z+\nc*|_k9vZi\n!N}O%gFr43\"!$0! zv WiX dhPbKBvCMI=PEJY\Z-]Hs<	g)v\Z*J}\0t'),(1024,'x}Q\n0D\"{Xj^Af?R#P(woOfx-B;Y<8Ace1jk\n`vWzp.qONG.uIe+\'|DB'),(1025,'x}Q\n0D\"{TZ^Af?R#P(woRfx!,1@~mjk\n 5O_\r]@}c]?9\\=dWpS\'|B'),(1026,'xK2.RILJLQ24.(TL-@K9(KMSKr2T8\0,dP_ZZTS)P(%8($3?O$h\"0\0,7B'),(1027,'x\r0EW\nCWLC$VN	Ct{&G|S\\\r*t ]nK`gHXirMbDe04i7G'),(1028,'xm] \'p-z|h@\'7,5*%*ZnI\r.WH~x1#6\'d#r3U5lmVE}A\"$,b8^pgD7)>o/RzXYLER\rb\\Jm%pp&eJV79}\0qr'),(1029,'xmP[0K6+t\n\"CqidCX+PC0?GB@X<\'$HnbY#BbA\\w<QvzE0U&\"J]Owrl7tc]cV\n,\"q|6[poUuPu#a&9V*;Ft	'),(1030,'x}Q\n0D\"{M^Af?R#P(7I_3y?YXVqeoK!O_D&\nS#89?;%$`<O&dA'),(1031,'x}Q\n0D\"{F^Af?R#P(7I_3y?YXA\Zy22f7, t%+D&\nS#89?;%$`<O&A'),(1032,'xK2.RILJLQ242.(T@K9(KMSKr2T8\0,dP_ZZTS)P(%8($3?O$h\"0\0$B'),(1033,'x\r0EW<)]2L[MX\n\'nm3-e|DWekPBH%_O+*E4rPFK/?>G'),(1034,'xmQ D\'p`]+T\rG~flfWTE5oHkp\"`v6O<!|CH_Cl4hE1Ig!nW1NY-%Av\0\'b01^(=*wFo.;cT\Z^C\0q'),(1035,'xmM00_:FXpnZa*i$W`~>X;aC^(qe-h\"1`\'w,;^<XIj]c[obbofjzz\\n]!Y%>3^^j(-xHo*T)V3UVs'),(1036,'x}Q\n0Hn`N;xlJS\"jEd/{+v^Gq`k?)\ZG05Bp ZEU)lhX(kvB\0'),(1037,'x}Q\n0D\"{#WH6JMRDoCx~V57y2ER1];&I/Gu%	+_B'),(1038,'xK2.RILJLQ242.(T@K9(KMSKr2T8\0,dP_ZZTS)P(%8($3?O$h\"0\0(B'),(1039,'x\r0WA\"gPK	!a#){l	{3$]H@m5e_j?.\\+X)Ql=-pleYc<>G'),(1040,'xmQ D\'1P;\n+)U4{_7H(<rjat<C/q5*5A0`\"	(V!v6{FNaN?h\'1\n(\rvqqj1GS4$*\'\"GR}3r}x	Y8Hne?r'),(1041,'xmPY0P^v1ify,wa~=I;!,\'9GFJ_,ifDBH`@Azrk&/%+h\\e,Bhd2h~gbKLLvC{%hU3%47qA[\ZzQ>	g)vZ%ZAvt	'),(1042,'x}Q\n0D\"{b^Af?R#P(woOfx-B;Y<8Xe1E0\\k\n#vWzp.qONG.uIe+\'|B'),(1043,'x}Q\n0D\"{XWH6JMRDoCx~V@zo\\b0J1\rchO_MdO]B)_eKVS_B'),(1044,'xK2.RILJLQ246.(TL@K9(KMSKr2T8\0,dP_ZZTS)P(%8($3?O$h\"0\0&CB'),(1045,'x\r0WA\n\"RUunH{l=\"5h<@xDt_dc6oK*bU&I}f}$GK\n+=W\'G'),(1046,'xmQ D\'Tzh@/\n$%<6sQ\\K4HzFkAAlR@D\'X 4\'d	9[E8e6lVEC3,dqr;#z_\"d\nHh\Zfx:KNGTZA\0mq'),(1047,'xmPY0PB;xA\Z+\nxwE~Yk5vZRDEnN\\ KbA=[r+L42!*s;T3OK%&f&I#h3%47qA[zQ:)Ys;M*JAt\n'),(1048,'x}Q\n0D\"{#Wh$\nMR</!\"`?e<1E`m-SqJ7wAK(rlI/Y$G+y2>B'),(1049,'x}Q\n0D\"{Hus [H6JMR<o!,`o@~\rZoLorAK(rlI/Y${*y2zB'),(1050,'xK2.RILJLQ246.(T@K9(KMSKr2T8\0,dP_ZZTS)P(%8($3?O$h\"0\0*=B'),(1051,'x\r0EWA@\rCWL%VN	CMx{A:J mH@kvHkk>.\\+X)Qln]8i2Y,3x{G'),(1052,'xmQ D\'5P;\n+)E4{_7H\Z|ydsU\\K5R{$QkTjhT<	(V!v6{FNaNDG@Yx\\e8N.(n#^IbTfKWm,{I[wmGYQSr'),(1053,'xmPY0Pw\nM4V$>N+>-h9=k\"e\r(*v*K/dW\ZR`O<#^\"Lz\'cBUGcK:=r;4j^b&2;;Gj\\D`H ze[[#N\"e\".iJ&2/J	t'),(1054,'x}Q\n0D\"{WH6J<oEaN@~`l-SqJz=AK(rlII,q7W8]y2PB	'),(1055,'x}Q\n0D\"{Wh$Rz&)E<pEt\'iY ?nL0ZwLMwa %w968\\Y$G+~u2B'),(1056,'xK2.RILJLQ24.(T,@K9(KMSKr2T8\0,dP_ZZTS)P(%8($3?O$h\"0\0.7B'),(1057,'x\r0EWA@CWLC$VNPa#i6aA2\0>9;Xxc	O<|	sn\\)FY(RhrL{,;kwaQ<+t?G'),(1058,'xmQ D\'5;\n*XI)\ZT\"D+`>MFAo> !^\"^R3Dd X!u\'7drEz~6l)\n\r/aV\Z6Ju#Vo6Mt-U%!1ekJ(m%N#OZw?r'),(1059,'xmI0ES{PP.8.X9CU3FwCP]B\"tE<R*0#8!7/b&\Z?C\ZM7F457OCLL~U]5+*OtrKYt_U|4\nSSLU7t'),(1060,'x}Q\n0D\"{Rus [H6MR<nFjix\\b 9D\"*4~r9=[%o`?xLpA'),(1061,'x}Q\n0D\"{;xXHdCH$\"~1n=IXAs3VreWR0?w}\'W\"6=%vM\nOiX(k~y2A'),(1062,'xK2.RILJLQ241.(T\r@K!PD[@%%\n9W*^\02C(/J-K-*(Z\\YPdDDg]\0&B'),(1063,'x\r0W<CWL%VNT!a#){l\Zk/;|2\"]	mNp~+r=2VJl$9o]8q0L#n:xkG'),(1064,'xmQ D\'pH]+TG~vLfWV	sQBjzY!HM?HD Ht9E:e~6I+\'1qo\rbNf%H`SXoXXD{1QsHW)mt=\rkj^65Hq'),(1065,'xmP\r0W+Dic \";N|xKX3\"w6AI]$l	|3xD?aql13@ TO#^G&\"X{psjYb`gv+jf\\p_/_/, Gh0#O_EE]f[%af7n4t7Dt'),(1066,'x}M\n0Hnw\nmj)a.<y[|+v&vX0eM+>~&}Ok\">;e:pc`B'),(1067,'x}Q\n0D\"{V+B4\r){\"k7!8 8zo@<v.LA\\oWh[*)BNu	G)\'y\0B'),(1068,'xK2.RILJLQ241.(T@K!PD[@%%\n9W*^\02C(/J-K-*(Z\\YPdDDg]\0*B'),(1069,'x\r0EWA* CWL%VN	CMCP:!7Em\r}.p\Z~J=1Vl,9]8i2Y,3xG'),(1070,'xm] \'1R;\n+C>vDB!h.\"5,^RKD\\& Bz;\'{#lg#6keQ4F!0Z</&c\ZODXHh\'F5t;KG45oxjB\0r'),(1071,'xmPY0P^)t1i_eW@<\'BPVm@ $H!fF$\0s<gw<Qz0EL\rf\0a)L,dwtc]\"Y<36/A~o_4}?W/Bj$]8bT<SeU+hQt'),(1072,'x}Q\n0D\"{WH6JM\"\"oC8G xzl{c5/W!})cvBZ9\\\rA)kR~IsG#gDT_B	'),(1073,'x}Q\n0D\"{TWH6JM\"\"oC8GqD`?+j^ 7L09]WzrhSbP/Gu%	+@_B'),(1074,'xK2.RILJLQ245.(TM@K!PD[@%%\n9W*^\02C(/J-K-*(Z\\YPdDDg]\0(CB'),(1075,'x\r0EWA U)\n%>DrQ6}a teb\0[6oKvIKhD7.yk,X)T)lr,;pm8Ox|kTG'),(1076,'xmK D2\'QpJ\ZYQLHdr\\0\nZj\ZmI>WRr`~DEHmm<?\r*6Fh+A)\nW	~Q\Zla]=@HJI)e11N(=m*7#oK`;cP)lj7#r'),(1077,'xmPY0P^v1i_ew@0FBP6m@ SS7\'H!p%H1yPOy\na4\rEN&\0Ryxu NM*y<\rM\\:9Ei~_T3H0q~7VyV~t'),(1078,'x}K\n0Dt4BPc-n,S(%wB7]1=~O8X)\Z+enXC`J+!6=%vM\nv4G~q?r~vK-IXN?:JB'),(1079,'x}K\n0Dt4BPc-n,S(%wB7]1=~O8X)1a!-)9JO 6=%vM\nv4G~q?r~vK-IXN?:B'),(1080,'xK2.RILJLQ245.(T@K!PD[@%%\n9W*^\02C(/J-K-*(Z\\YPdDDg]\0,=B'),(1081,'x\r0WAgPK	!a#){l	{3$>b 6YB0:~	k?.\\+X)Ql=-pleYc<>G'),(1082,'xm]0\'`RYE\Z+<m+ >5f2#N%\0&[GX<7jYD!{%\"\0	bA`g9j0&(W<ePvY+|%pO`U&bbFOW)mnt=bM55\n-r	'),(1083,'xmPY0PK;xA\Z+\nxw~Y%\ZI;C	!,9gF\n_,ifDBH`0GAzr /WhX e2w4}3OK%&f&I#%hU3}y\Z-ufs|yQIr;MLU|t'),(1084,'x}Q\n0D\"{-WH6JM\"\"oC8G xzl@zo\\b0R9]Is+=hSbPaIsG#gDT_\\B'),(1085,'x}Q\n0D\"{6qs [l(7IOfxB/EaNe1Z1cM7s#h8PfNG.uMg\'{\0B'),(1086,'xK2.RILJLQ24.(T-@K!PD[@%%\n9W*^\02C(/J-K-*(Z\\YPdDDg]\007B'),(1087,'x\r0EWA HK|rJUm56aA2\0>O@~-BokpeL$_t5c?k57m2+&G\\|gM.B4i\\s\\fC\0!G'),(1088,'xmQ D\'5\"zB4{_7H\Z|P\\K4R6$BXG^FARDd X!r9Cxe6lVESe^\n6;<\'}3b4\r	%$\":pfR}3J}t	E8f-h:r'),(1089,'xmP[0KPBB+2-|8w7-WlQ 5Yl.8!WhxfvbF$\0sDsP{{yaU\"F,y=wi(l3\r#5.XmcV1O,Eeh[:#mu&O\rM8M2dYlqt'),(1090,'x}Q\n0D\"{`^Af?R#P(7I_3y?,`7Vqe=iK!%O_D&\nS#89?;%$`<O&|B\0'),(1091,'x}Q\n0D\"{;xXHdCID?coVf`kRXP8D2.S?9<{%%\nxLB'),(1092,'xK2.RILJLQ243.(T,@K9(KMSKr2T8\0,dP_ZZTS)P(%8($3?O$h\"0\0(B'),(1093,'x\r0EW<QRgPK	!a#)}A:H CH@-{+y$X\'p\ZcFv[W!DNe v?pG'),(1094,'xmQ D\'pw\nVR\rG~flfW\n,FAg.aEl^JH$ dYSt?!vdG8\r0+\ry+/	6tm\"f\rc\\R|g8HJx\Z\0q'),(1095,'xmP[0{b l@IZqw@Q?cfl-aK;<j{M><SXaB!(:u#W_kM_2XKv\r6N7-ju(=C|6v	s\nf[WtJ;$X*N]az<Ms'),(1096,'x]a\n0@w\nJScC{/!8n8i	Nj=cl\r:u\'r{`1R5kpvBw*\rTL^n Y\ns781A2'),(1097,'x]a\n \"A;x^Bj12ew:F~/\rAc7\\s{07.Rnpy`QBVk[cuT\\+dIgTA4'),(1098,'xUQ\n0D\"{WG jB)=kV_\Z`\'0ksa\rnrFh?}!\nV6~p/N,c>ug]C'),(1099,'xU\r0EWA\nJH6$,V\'ho?-<h/;IcA5	TX\nr]Ft?s?jA<z76xJE^R(5ov<SG!'),(1100,'xm] \'w\nVR\rC>vBAX#bFeF<LDB! !?9N\';c//g6YQ4E!|xX\rq3wFaS%RRR6nW!a6]t=buD\rq'),(1101,'xmPY w\nVRk\rGq-(d~<V{6jh,y~m%G/qFF$xb@\0SXuQ;{.rGN^ iBqk<b?{i\\Rh>c!$nR^ju\\OA[YxDE\n<(vBB@Oqr'),(1102,'xU\n0E\"9q5WL3li`}me\'G 8e+jn W!<cvB_]I=AS5G~q +%$~@'),(1103,'xU\n0E\"9DX)1vw!OxBp4bk#	\\Au3\"J]_wO&_\Z?1d\nf(P01@'),(1104,'xUQ DBVB A @M\ZiYB\nl\rh<\\([e<#kcuBW]uODkRiN;8zKAO\rC|'),(1105,'x]\r0EWAx5uv\ni,)M	9\r>\rB+;u}< S\rmq@s\rf#\\O]7J8*A.\rW5cf\"O?C'),(1106,'xmK0DC`%**EUMR,y3\Z[\"eFp\"=@)[B4x	\ngzg?(\nDl\" B|X}r}Nv_ <QmQ4D!4q\n6q5aS\0%,%\"Fg}3R}p	I8BT5r'),(1107,'xmP\r0 CWRGUu:\ZE%(\n6o$NvF#<3!Q^<#gE/fHPlL`SPg:ct3\Z5PBDSh\rUgzK<xqGd#Y!sBe4i\\dr'),(1108,'xU\n0E\"9,Ckz fmED&Hn }W&tW!~&w-*w}7W|Gx4giM?eoje6$W0co@'),(1109,'xU\n0E\"9Ckz fa\"\"~x	;	*KOAFKj ~=&xGPm~QMN}J)\nmOkr!vg)[@x.@'),(1110,'xUQ\n D\"{%BB	{5~1K(q-8|50U7~ U]_H%)xJK\'yup^znpC'),(1111,'x]\r0DWAZ\Z)$(FH653aAtcCTV21	^L]B8*~NII5W>>IJFY\0+eSO:\0LC'),(1112,'xmQ D\'pw*VR\rG~vLfW	~E/j\nYD!6JD\"> =On3r0f8(oxvT &C/J%T%bb&.!]fY8HU[s?q'),(1113,'xmP\r0wX!JTMw0=5cb,t5AX{KH_-kaDBH0#zva\'eWyDD6X@=tkYbfojzz\\o.r3Y\Z$-x((sUTH)vJeUt'),(1114,'x}Q\n0D\"{4nd5\Z$H5R4V88X)v2e7lC4}W#6=%vM\nD>99?;-$`xzhB'),(1115,'x}Q\n0D\"{WH6JMR<[\"sXqZSe*n\\)aiFnxDII,q7W8]y2B'),(1116,'xK2.RILJLQ24.(T,,@K9(KMSKr2T8\0,dP_ZZTS)P(%8($3?O$h\"0\027B'),(1117,'x\r0EWACWLC$Vv	CM#Y ft}V\r3< xBe\"gpS;eJ+Yd3}9*_YCHle84~i7$)G'),(1118,'xmK0DJ;\nQ DM%|H3oq4#k(r8uo9@p}gc\02);?qFNy0`_LPs6(B(zaR5]{eW##TM	V~Z$YGpVZ\"vERHe=q'),(1119,'xm[ EfC@PJJh>G3/<\ZQ\ZZ\"m=\n_;%7R2L]5JrFb\n,<`r8mA\ZS4\Zt\"}1iV-Uu>w,BPMM=1^jjpm9D\0\\)dR\0ws'),(1120,'x}Q\n0D\"{&;xXHdCID?coV4f;-)7.a@k]_\r_D2.4\'~r?ryK-K\\MxLB'),(1121,'x}Q\n0DR&;\nemc!6%$\"fx+-BYxAc@ynZqM`tG!sa(!\\e+VS\'B'),(1122,'xK2.RILJLQ20.(T,\r@K9(KMSKr2T8\0,dP_ZZTS)P(%8($3?O$h\"0\0*B'),(1123,'x\r0EW<QgPH	Ul&,\n\'nm.	-|DcO>1W@%tZM6BBf}+Y8\r\Z|W?WG'),(1124,'xmQ D\'phY+T\rG~vLfWE55:VkAaH`nJ@D\'Xx?`NO?hGE1iJC<bY-%AV\0H	BAnvW)mt=bux\rr	'),(1125,'xmP\r0fVBc \";NJQ?Wa|>x{T#!NGANc.LN2!f(X0J=e%/3e\'e*b ]\nIuA-=1tKu;JY<_^XANaLo#O_EE]Rmaf5Tl\0At'),(1126,'x}Q\n0HnM$<:+M!{[GM 8	| W!<liLhO+D2&_O\\=dpB	'),(1127,'x}Q\n0D\"{^Af?R#P(woOfx\rB;Y<8\\k;b\n#5G.q)\\=dWpS\'|B'),(1128,'xK2.RILJLQ20.(T,@K9(KMSKr2T8\0,dP_ZZTS)P(%8($3?O$h\"0\0.B'),(1129,'x\r0EWA H-+ DIk6aA2\0>O@~.-kkpe;$?\\j~;jJ(eV\nM\"A]i8O\n	z G'),(1130,'xm] \'phX+XI)\Z~w/P>0fvaC/G=n	EaGg]g\Z	u$D\\& Az?-x\'SlJa-JZ~XS,$v]=WU;#Zr02r|Tmt6=e]_q'),(1131,'xmM0+^!\Z:Mp.>X[qt\"! ){UJd!N:!fX0?xxbQUfg/$uQ-awTV.^kht/.)Uv\r{Ht'),(1132,'x}Q\n0D\"{mil~,FPwo\"Ofx;~\rBI<8e^1^k3}//]@}cC8<{9%.\n	\'B'),(1133,'x}Q\n0D\"{^Af?R#P(7IOfx\rB;Y<8Xe1^jcG.q)\\=dWpS\'?B'),(1134,'xK2.RILJLQ24.(T,M@K9(KMSKr2T8\0,dP_ZZTS)P(%8($3?O$h\"0\0,CB'),(1135,'x\r0EW+T!i+\'BBmC#QG|b\0	T\"Kt p\Z\\#S\rg?Uj/kL&G`rK. H\Z-.9BOG'),(1136,'xmK0D1w@BJ%EWfh|,d3P9yPamg6o\rM@`L#S{waXWGQ\Z \rgT#\Z]P=<6M$\Z.(c[sd\r[ii6+2E<q'),(1137,'xmP\r0X!J= 8!E=p>\r=YaR\rAXzp9GaJE/( $YGcO	fkT_BLveMY-C,*1U9md?o4|V)6mY[)\"\Z\Z{\0}s'),(1138,'x}Q\n0D\"{#XWh$\n&)E</	!\"`o@~Ac-qzSs;m %w968^II,q7Whu2	bB'),(1139,'x}Q\n0D\"{fs [H6JMR<o!,`o@~\roLorAK(rlp89^.I,q7Uhy2B'),(1140,'xK2.RILJLQ24.(T,@K9(KMSKr2T8\0,dP_ZZTS)P(%8($3?O$h\"0\00=B'),(1141,'x\r0EWAZ\ZgPK	!&,FR6	{(mH@\'vHkk?\\+Yc(6YTw]8i2Y,3BOCx\"G'),(1142,'xmQ D\'pJX+TV\rG~vLfWr	sq5Z|AaH`nz-bA\'5dg	96h+!@q\Z2la3GY{N\"%\"^j|JHm%pp\'954q'),(1143,'xmPY0K;xNUDxw~eyKr0Q0e\\2Lts+1<80bz4AAO_dN@E0v} g4V|,qfP]w1Y0zaMU\\M-x~(/\\;eF4#?t$'),(1144,'xUa\n02rw\nk`J\rdk+C~\rB 8vNsi[2lvO_4mfgzrI/\ZSEuWr6xbQ$/wb@'),(1145,'xUa\n0\"9Spmz]ad]HFS\"C~A4pe\'in L`M	6/\Zkf\'zrIO\ZSE]#uSr4xdQ$+sc@'),(1146,'xUA CT4 L*UU^J/aoA~t3XVJ15^t}/dsnz:c\'\'9\\<ewfP`Aq'),(1147,'xUQ\n0DRMmvs []h FB)7b\ZZf<N%K!-8O@~2pq`%ILt.J^m7$/I3`\ZVI~\0}gB'),(1148,'xmK0DJA1w\0DYTU^|H3oq4=Ve;-JY{%b}4}`FN.3x&!=:x\')/	\r8uQRn8^O<N]D7QS|n(cDyaLdnJKNq\\\",\\PDiq'),(1149,'xmM tVmj+:gp&}!/?~-J!fa>zIJ)kNl$\n\\d\'{vxgW/3!(k4m#6i!@nuHVq\'[;MC>GkbQ.IeSDUlu'),(1150,'xU	0D{\nlA!?dEwO37F\'\\vc	e37!g?^,}g,36@:T8|'),(1151,'xmAn E2fpa|^447\'vEW {?xq.D&&1xrt%}/\"\r\"rPq]o~S+21Uxuw.Moy>iCVW0_pciL}0RVQophT4y{'),(1152,'xK2.RILJLQ220.(T\rA,K!PD[@%T^ux	X$(,RPJjqrQfAIf~HEau-\0E8'),(1153,'xmQ ZHw@M4c{0fx-2.6PGFEuf1$yPBNW	B@	tY}\\W:YZuwW8 0Nmbmc\\\ZozJ2M	g?v7B&XVF@X+Bd\"M@mMU]w'),(1154,'xuQ\n0@ltK+#w7$B+YVs^	\\FBkz3u>6IbmHw.75.E.)*b7At'),(1155,'xmMn F2\\w\'	K#;+{G7awra!jH(\rB*\'LgM:y.#J4 15^tFvEK\\nxuHkOcI)|\r\\,?6<N\\NW	b[uRB}0VZ^o2s<*#FCNy'),(1156,'x}Q0d&pwC|}	|)\n*c5S4uex}MLtf~YnT7Odx}<fzQE4'),(1157,'xmQ E2h*B+}ZlD>T?{d.w#zz:hD	R>[9=D\"A!wbPBAxSwGgd|hE\"0[dBg\"xxmVl\rO(d;uyV\ZAhJ7lMfnki8(P+	x'),(1158,'x}a0\\Th:Mv3_}GKCpte7Ssu&r&{Z`X/h/4F~p?.,S[212\rC\\'),(1159,'xm] F20LJl`{tlM!!6*fA.\'/AIcM4}%f 5TN? <BU9)\\on|x>pB+N=lE6)\r;OO	a-i;q\rZ\\eaa\ZcB/x\n'),(1160,'xuQ\n0M;x4JS1v\">)>~;KO`5)_b?=LL_q\rcwM3d0C|_B'),(1161,'xm]n XSCHNCU\'3PO3A~\0~L=A*oU@\\X\r9`=||Loo	>*D`mI8n=uKJ2e(_fvKLx#~P:$gDc]	;mW=?\n:hk`yV'),(1162,'x}[\n0E2+\nN$5HdbH}?;3-Bp\n{Xc	6ueJTOF63f?DwJ}O2&3	l_`wNo/$F'),(1163,'xmAr Edk+0$&	f,2=X3^t\'?7a{pq>2*\'!a,gU\Zdi,Cp8a99^;\'*@$\ZDZs~%cpS^9-\\0Auyj!mAYLG,w.1Zt \Zxv'),(1164,'xK2.RILJLQ220.(T\rA,K!PD[@%%Y%`Ufb\'ed)Y-Qk>'),(1165,'xmm0Fw\0?Y]APbQet,z=#,HaC y#\'x\nS6*Ay? ;eif/x\\n;qz-z?T\"0.Q25TXZS\r7Yzf)R	zM'),(1166,'xK2.RILJLQ22.(T\r,@,K!PD[@%M/IM2fUEeETNI-N.,(S	Z\"L\0xJF'),(1167,'xm[ EH=(;	x|RA)?=%l\'H;7\"aG%$	|ydS\n~gwvWdk\r<\"h]8P{G\"~-F7%ghk 5e(}Z~xUA%PSRFf+^UZ^*az'),(1168,'xA\n@E\"9v27pqZ& ww\"$CxYAta\0N6iv &^5=BellSfA81\\s\\#\"?9L3Q$c\0[W7/G'),(1169,'xmM08\r;xNDq7bWmT[_C	QU0\'au	|omtL \",Vt\r}#Ws5O&neiu\\C%&>nl_L_bg+4z3\\KZfY2P=?+v'),(1170,'xK2.RILJLQ224.(T\r\r@,K!PD[@%BYU!RR*Z\\YPdDDh\0>?'),(1171,'xm[ E20=vTZctlM?ppMDA\Zq7i;	\Z>r febCE0X-N,|KWR8\r^_L}nZZD^7TF}K\0X2J+S([j3VATkU2q9w@'),(1172,'xuA\n@Em3wJlmwof{|\ZW@~-R\0z<l@pg}J|J{\'qcJKy}[y@'),(1173,'xm[0E8\raBJJEwK$MW`|l}\'%AVQCJ2$)L\rD@R=ugtA6!WK1R8{&4G9o[nn1\"\"tJO6|vSQ~tw&/rWY`\"~W,P?pv'),(1174,'xmQ\n0@M;\ni>J#1\"2+X!zsh\'hu\r,w@0R8#|f,@=/$p.X$\"Sua?N'),(1175,'xm[n E2l2CHLjZB\"UOqvi$(g\'nAgAp{K$x	uv+\n`\'t\\|jM\"m.Po{\\cxY`o.sp&\'H6~mo(MP?\nd_UQ;\r(.3A)z;)){{'),(1176,'x]\n0w[z\rFv$U>-B3O<6:-\n+SuF\n_tz6{S<S]ns(X3_#;YXGK)+~H'),(1177,'xmA E20J+j+ct.\\AMc+z:Bm <iF{rR\"1Vgb`>P]^i&-KJ|o]Go7n`|Ln*,{{1i^auKQ:J%Q6h%\n%U%|\"x>'),(1178,'xua\n0FTe^A2\r4`c~W{bn`c:@z\\b`LW!a&5&rOih%\'r6SGu\'	XMB~'),(1179,'xmA E20BE\'pZTb[(ct.\\AMc	#)58=!Vu$t6:rzIq&jco\r,h]07^z\\c8O;vCSX	{nS a>]mjky/6*BT_e~fPIv%TwH'),(1180,'xuA\n0E2\'0Jm;9^vIfPHqja/;ggX21M_c)pQ8JG1\n=I_7gI8&^C<\0c@'),(1181,'xmn PaRpa]-U j8INFgf~3Y|{\"!]&l	tR$F_B@\r\\1^o;]JI0{}!\\\r|~V}$9}C\'fOC246`u-2,{lczj^vx`'),(1182,'x}A\n1ETw!dQAVdp*_>	B9\"b\rcFB8k>~wlg%EmyeYj4ajp^oC'),(1183,'xm[ ET<(6tI@*U}T/&Ct%HI5Kz*F0\\{WHB@	|ct.hE\"V-}vq^)s17aYF`{}C%>!_yyQcc[d>nx}'),(1184,'x}a\n0td\Z4A/{_`i7Xzl\\9_Rg:R5r+HN64d9\'1M@./C:'),(1185,'xmA ET8iwmIU&U#!l<aML-|;8EB4L	r8	R9 TX,p=~W|KS?\ZKJc~1L;.{	|KNK\nn,}$85TuKQ2467buPJ>&N@]WJi4?x'),(1186,'x}a\n0vvauMdxwW/)zHWOk|I@qo5?+&zh[\n\'~r?-C52C\nl1C6'),(1187,'xmM FT8	08w+ Z)jT!YT}TYt	-=Yqg\"]_\rA^5i 0GX\"P,=No>|Gp#V%p].t6\ZBN[\Z<VM!_;TNm$aZEJ+oVx0Mm7YXZ\Zu'),(1188,'xmQ\n@DDuw\nj>U6R(d\'\Z/	*t2;$p# #s]z\\Kd,,IE-Z='),(1189,'xmAn E2hW@$&\rcGUw<#/!\Z)g.jBKP`*\'\'\Z	x>z&*fgu]!Dbw[8O}<:G5F8?T|07TRCx	P/R\ndY*\rZc7WxdU~\0^z'),(1190,'xQ0	K6w\n)hMK,b}?@xW(3XAc\Z},5Mi)w<^U&P5#9F~pLgiTv(?,G'),(1191,'xmQ E20L[,L@R%a{N[ s&w5py\nDx$Hp0!sW\n	|8SL!f 1%r	6hE\"hw^8{07fC~Cit&L6\rOw<XFpmeWQR5Mf*Uj{\0v,w'),(1192,'xua\n0[z]a-BkGSnZ5<K	/T\"]9Bcn\']FB8[;|Dw6teTt:\\EF+RdSxpA'),(1193,'xmq E{<<	-Y\'n\\PcF+|p83j{\Zr! @gIG9L!;;N|E+1T\\v}?xu>};~zLCNum7%J*v=n-E!_RAOfF\nR&U\\@+4\nj}T'),(1194,'xK2.RILJLQ222.(T@,K!PD[@%FVJEY%^}xXBm|QjYjQ1a=@{RR2J2@(k{L'),(1195,'xm[ E8BCPZG1~=\'	}<{5P9Ry/7AokH2$pC/gB={w?:#\'_f@).v>>j{Gjv_(ss&\nsSFq^75K?I~/5KQ\n(Rrw;Z\\\"OIQ?\Zv'),(1196,'xmQ\n0@^A\Z@gKS}^b`Fb v&\Z88)E&~<?&Z(uWM$.qf0C	>7?'),(1197,'xmQ E20E{x[ hG%x115@{s	5B]:B.hR[3UC(=J@b +O]~3(NjB0i+{{ZZg}} 0xg\'j,.R4JM=Z]}6@T~{'),(1198,'xK2.RILJLQ222.(TL@,K!PD[@%/9$/4//$5,aP_ZZTL@<%k?%  ?Z\0iIb'),(1199,'xmQ0E20b{x[hZEaa\'l2=SO3RA=Be 9AN)HCW1QH\"6,VvN|Kp-7-ItoUh9qekvM]#uC%~jF}h4Z66Z|&hl;\rPyx'),(1200,'xK2.RILJLQ222.(TLA,K!PD[@%^ux	X$(,RPJjqrQfAIf~HEau-\0E*'),(1201,'xm[0ET=P6jT>F*>(7Qa{8[=#ud,	;w0$ba9\\w:}a{$1h-]o>B8N4y\Z)MpZ\'v\rMl0,_G[c,Z6YO5jRQ9A|\ry'),(1202,'xK2.RILJLQ222.(T@,K!PD[@%\r/9LBE|QjYjQ1.@3SR2J2@(kDN'),(1203,'xmQ tHTzVumG/O@K+~\'6\\dR8Bc1$q@r9SpO?Zi\\n&>v.!yNog\ZjJ 1.>-Bob@&4\'[Yh%Z5H\'mj]Bh\0Au'),(1204,'xmQ\n0D70B;\nMUQ(\na%l<=wn\0P)m$g\'X#TJ&yJ$\'z3\\\Zev7J>%ycsem\0|>*'),(1205,'xm[r Ex=tqCBN{/?#^\'QK|OzO(>6)_\rEH-X\rPDAOg]hlD_>=t{\r5m|(S\'3[	n@*R/5\nYK5\rv'),(1206,'xmQ\n0@X^A2GFmq1n^BxEtgN4X3LF-[8*2gA{Ood\0+s*?'),(1207,'xmA0E8bBJ*\"Ca86UZJ58k<a@|6,tX=E%G_v&:!=k?8[v&8Vwz]g;T{IhA|0kM[EIpJd`BxJHT/c<u'),(1208,'xma\n0f;\n5`k)VW^_z8TJ)	>\ZkE4~79iCzKrV5-\0Rh='),(1209,'xm[ E8@_-0hbvJp.M{\\?+=X\Z]: /BhM\"8>6V\'l$2=N3~5NQD\Z;S;0h.>>W *GM5hL~--hJ\'Q1o0T$+DGouw'),(1210,'xK2.RILJLQ226.(T\r@,K!PD[@%f@eY`5fb,&\'ed)Y-Qk='),(1211,'xmQ 8@@zDeV.`_&I@FPS.2=BCMDH\"J@fj(G=u/:#!<H[sFxe=[IjV[1KMUOG:/in,52B**3YM3Z#v\rteLw'),(1212,'xuA\n1EX:a0i:\"xw.\\\'<Sq@Ht4K x.5Pww-&q;|n~k+ur3m3.E*y058}a\n7b@'),(1213,'xma `W s.c31f_@>eaxv\ZkJ(\rB\Z&VwYQ!fY!-+!te9noz[x%9^]\"<(\rDZd7m4s[\\Mbu8o\ZAY\'[*#\\`r,m4]vQ'),(1214,'xm[\n0EtnA2Jm)0uJr%l#\"8zH&+F*[0;IIqn$h/<D8&15%nv>'),(1215,'xmQ hAdCW`0(#Gi{jCO?Y\naz\r>cDV!1$H=%3:I,,;^#vta55Nw-l]~6Lf763a~$J 6\Z+hLGXZ-,VJBr\r&/5/>.e|C\nux'),(1216,'xmm\n0t?;x4?:j+Md~%y\'/SKoSfVrfJH`9NRgwgC!Od4N\0vaL<'),(1217,'xmM t@D!W`hJk]t:{1UEW$ywaz\rUH8_	\'RI8BIId=[s?8YF qG/|zw~{dv+(	F=\Zg4)qs;-~-hv/.D.NI%7|aQ0VuR2+9T/v'),(1218,'xmm\n0@d6?2:+Mm@Jx%)6{q`o\r+S48SeSf#yRp^f?9!$`<;;/~?'),(1219,'xmQ 8D^AWVu?DBCZhRx\n\"t|D=VE#ArPUTnC}.\r	^1s?c\"^\Z5q/{-O\ZyxSf\Z*SZoQsn7fZTZkF}i4u'),(1220,'xmQ\n0D7ldMd 71a%|. 8z\0CF-|t\nRuN:\'w*|a(C#]YDg0m._y[m='),(1221,'xma0ua^a0uH31;\n~k[YBE@%\r}pG!)	|Wq&9&C`$QLzplxMu3 q]o=GwEpOkv\\e{l}\nrv$>ll_u P\n)R\ZW}fcYaEJ|ev@'),(1222,'xK2.RILJLQ226.(T@,K!PD[@%BeY%`Ufb\'ed)Y-Qk<>'),(1223,'xmKn0DEW:N(zx@ ~aGa{,GVr6+\nYs:?</-)7	{^$92SS2Ef/3%=4-_W`G4@Q8zcKP+k+n`TG~\0Zz'),(1224,'x}[\n0E2;=IuH&-hszlRyx16L T>MM~G8E=(#xgp]tn\0F4'),(1225,'xmA0E0^Sh\"Ca8am?IaND`xu\ZCi<YoQ 8c2$q\0`:Po>\\|7};c#|,{<Dtct7mkK\rABo8`E|K<WZaK\nl,)3FP}{u'),(1226,'xma\n0V;xF}2d<h:<>u	Gh*cK{2)~-Bo:E+\'O~}Rnd\\='),(1227,'xmMr0d,+xO)tz\n2,>O{BW	uFFb Oq9c5Tu\rz@>p\"Am\\+Aw+!03:r9$i_g`BsCcvX}PfXg}Ng?v'),(1228,'xmY\n0E\nj=\Z0P\": _I9Kgr5w`J:	*L(Ou7\"I<t} |XkOyb[GzO#*>w>'),(1229,'xmA E8J^ASxwil.\\%?xBED`|\ZHX*i::pY=dE\"ANT!(\ro	z?eZnoMv!_Uli\nw 1:on@foFi\nDSBQ*z\0Uu'),(1230,'xm[\n0DD\rXV\Z ms0M@0uJcEJ<eS8B*l[27=	FknhS=vg\'_N*|T='),(1231,'xmAr0Edlw<NP\Z\'f0,27*#g&O0>RM\", OBQQHc71:@DC07>|\r_^x#KWs]ItW9:t[R`uyCdC8u/BqQP[UpXvef7?Lv'),(1232,'xK2.RILJLQ221.(TMA,K!PD[@%YU!RR*Z\\YPdDDh\0K\n?'),(1233,'xmMr d1`;\nu</:X3^tO#!BK(e!/@[UDHmXz\n\Z2;a=;szp8aB#^D={Z-sRG<x(\Z9{M\nT7I9tP[~A[#L{[y{^uNIfvY'),(1234,'xmA\n0EG;xhjKS $|7n5\rRiIy_E$dH$g<i.^8>A9lnd>'),(1235,'xmA E8\rP)^Abv8]+ $G(H.*K[4,FVYHcZo; A9P!/+\\\rA}`D38>Z_%W]C3V3\ZV<\'/mMq,R}[%-RZ5_,TM+Q7\0Wu'),(1236,'xm[\n0EhG Q\Z=MDpk+fj ~>;Ed&*sGG@-/#\Z6?\nz<cY]X='),(1237,'xmAn E28+ U&X\no4O\'SM0|?-4P&\Z<^]\rD\"ALnl+d&`9>}|tOjE\"=>vqj?i0O3MXO\r(pc7,#+uRAi.3*RxlM-4inz'),(1238,'xu\r0Ew+|\rQ6$5	BCO{\nalzRc-d7*P	.adm\n1`}s5g38zmG7WsG'),(1239,'xmQ D2er@uL6-!_wuc	z	0a@X`S>)	x8cL\"& d(yc3knmDuN3;o7^voeCy_na.*\"JLNvAb5\n-~UR38\nItzm'),(1240,'x}\r0Ew+ |0	Ut&TQKO{W+nl;h4xF(*}M]O6\"tO L$~ty:{q6~wZxKtG'),(1241,'xmQ Et@A$[`hM_iuD?:o_@=I.e	\r\ZR5]B XtY=fa8\'YfGO/8[vED8&Yx\'5SyH1&S$7,)&z%_OJP[:jLeZVZAi;v^'),(1242,'xK2.RILJLQ221.(TM@,K!PD[@%B9Y`Ufb\'ed)Y-Qk>'),(1243,'xmA E20w\n-*Z0Kt\no2GX+QCoCm TMi[zJ\" ~-$&`:Y1+]YZv>=/5=../mkAtu~C:!swt@	-D1UUYd~D)(-D]A\0	x,'),(1244,'xuQ0Aw@*8Yc!>=BImf2B\r93i)*ibF+Ye96.s$nxlB'),(1245,'xma0c^a0uh01;*~k[Y^A|4@XioX!KJ~hs&9fC`$Q\r=iplxMpXvn47^r-p{u%%hRC*>c_$(DB0~VV?v'),(1246,'xmQ\n0@Dkz #Zi \rK|+\ZGOv`XMEe~H&Og_%FzKF!`?xwv?\0?'),(1247,'xmQ tBzC+mnw/FOd/$x~3updBm%Ie$\n	x83VN|t.OhE\"V\Z!{ pt7bp a].~5B6@:`mJ&YmCkbwO'),(1248,'xuM\n@Fh+H,)R\nQ4Vm_91!/ML[&N8C$NJy7{+fyY7Yfu~d@'),(1249,'xmAn E20&W@$&	K#U&X\no4G\'!OoCm M5A\Z/2o%H;o\0	( X4{AWHM`_fq<`)}v]zo`pc{C>!w:wK&2ORZ+\nEOJBz'),(1250,'xK2.RILJLQ225.(TM\r@,K!PD[@%:/9$/KfEEeExMNI-N.,(S	Z\"\0yG'),(1251,'xmAn E2+ O\ZZDU;+<aG?z`&1\ZTo5HK,J@jP{	.r-/<?*X-^\'npm\Z>sd7U?7mBr_}y\Z+&PJvF`{!vChu\Zp`w'),(1252,'xuQ0+\n}ln7B>}kA:^8l^Z3k\\:H/[?+sf\rrJ#\"8id	3`|A'),(1253,'xmA E8J[;x-*ZSq4m.\\A%8BEHAz=\r-4P&q<X:J\" nlY-<18.F4KS];t}4sMB?KO_&(0)etLZjWBevT'),(1254,'xm[\n0EXtnA2H}A*\"K]BpeJVj$L1G\n:sG!Y$iV?I\rtY[+{\'M\n}oq>'),(1255,'xm[n E2<<l3CHLbZD>{/?3##?oC rH-A*g$2J@bjv{	7:#<S1<*|>zkt9O#<{jv\rMHvWWM\rJ-h;VC]VR^I4Jw'),(1256,'xua\n0L[`\nCie^p@q:mjLr\Z	4TY=c3HDOJ7UIk\n?x|1A'),(1257,'xmAn E2<W@$4^TU^<#/	Gq>\Zg \'/.E($y+\0YaChwvNWotAv#xp\nSs2n1$Zx{isO>O\ZQ5Aa1!\\x5s,5FC=;k;eMUM@CPiZ.wY'),(1258,'xuA0E2\';p2,NcbwwZbWOx`ib?hqag9*1Jw.?I+Qma?gT@'),(1259,'xmA E8ZSxw!.\\%X$zzaU\"aMacR\n$7\rDAzfplxMX?u\"f[yO5<&qbn\"~-x+%RZf\nRBR/Auq'),(1260,'xm	0Ew*\n5Am$\\wR2-hRZ<eH^\Z<	3gQO]NN~$4FeO>8<'),(1261,'xm[0E20`=J*VB12<_mz!\"j@eY gAg)%8DL@`R(=mgtFv\"`%@)n7g-j,b\ZJsg*Y-UwA75c^`m8\\C^VY2s[TRCeY`wU'),(1262,'xuQ\n0N;x4]-MO	^8 8e+xl W!)m!7m6+nN#?9Y7W%JHyS|d@'),(1263,'xm[ E20}tnEE+B?qik{d.w ZOX5m$	x08D\"~D& `:?_635.Zvn07^zc8O6<|JjWzgx_`XuMNv5b\"(ut+\njUAJPK	Cwj'),(1264,'xuQ\n0w\ni\"vO	\Z|)&Y\n^;c5H+SloqLMq%$%ZQLeO<}\0p@'),(1265,'xm0Fw\0([wBh%0iQxJa/01L1u+0=N$C7:	B@Cz6w~g_tA6~p5o-JM#wY8vV`\n}%~z/ZZ0x3\ZUwAwhaJQ21:eT*pE+\"QAHFGx'),(1266,'xK2.RILJLQ22.(TM-@,K!PD[@%\r@*3r/!TR	43%8($3?O$h\"0\0IC'),(1267,'xmQ 20,zB+Rl6>`	C	\"\"j8nH^JR#o!b\"PBAGgkn\\\"hn6})d?kpflf;~no(`sHgFY:E[WhY[A(U)u.l\0yx'),(1268,'x}K0D8w\n/\\bB{ 7CxMA\0^R;{/\\]N.sOhD#>V\nINr?rZX(<o3t?i4C'),(1269,'xmQ E2h,=tZ#?jGpaf	>vDB\\V<^ISI4}! %Tu/ ;a9).k:9|oa#BcUG1;9Mw<`M@g-P+=np3`jq54wL'),(1270,'xuQ\n0\rw\n5:[\Zk;aO	+v&,/8W5sf_dSnWzp!D;{Q%,ON$nVpC<wf@'),(1271,'xm_n T@8wmjI\0,OXO`~NHXc_$(I0,\'\Z	b+P\0zasst.&Czi,t4-n|L1|od[\rp8_^-d}cdV[uRh\n-smSgw'),(1272,'xuQ\n0	uK+!n[O	^pW<]OqZl)5Jg_c	&yDb#(,%m{e`@'),(1273,'xmM08EhBB*\"Cqm%y^j9:;h<a%VfVIH3\r oXo/\\5h\'7|hd~oDh+7j3C/`myA|0;[o	n}!+%NiYj%f/KD)wR(Qj?v'),(1274,'xma\n0X^A2NCv_y{!X!xo\'hqkX\"T\'yIHdV\rWVvA(e}*u?uU>'),(1275,'xm w\0^A\"\nZT^6nbp5=#ih\rf]~o91q9}m& 29,My?:#e.O;kxic.yn!%wq3M|d_tNw\Zm?X^BJF,3or%joz'),(1276,'x}	0Ew;d&:(8MnMXmrI\'+b`v	E+\\YDhU.n$3M6~+\"}dh\r<O >[v\'xMGb'),(1277,'xmQn0T1%wkU&MnM$Qs#d9s A[$3\0	\raz?\";<BD=r\rBqlx4~qm\Z7&\\vXerI}C}0~J\r[\Z<td-`}D<UQy'),(1278,'xu	0F{t%lA:H!I\'il,x4{O\ZN 5\r}_x\"t_?2.8~>3q5,?qw ^^fm\r^<yF'),(1279,'xm] 0@[(;x)`bwn[_fw|T58[h<rY5!!	;ERY.dd,2ijC|N\r;~25\Zzhr^CLXX\"-oQu\'8}#:/rURZ0~FYkBjQKh>_nv'),(1280,'xmQ\n0@8^A#Si cw_\"+X\"8j5j4w#dH[#3Y4i~\'=h+{=ke2`<k\0?'),(1281,'xmM FR;\n$2!&%HMmKjl{\"B/g|#,Vq8&NOdw041	AD1oP35]h$7w^<a\Z[4Lsp\\Pw \0i!#63TJZw,T]\\\0z[y'),(1282,'xK2.RILJLQ223.(T@,K!PD[@%/H-)9$BM|QjYjQ1n@sSR2J2@(3kIE'),(1283,'xmQn T@;wmiG^\0\'0Hwvu%IR$a:ydWB@\riSt.GO<* JzN.ucd[#C=B)7\"iZV i%5jG!/~e*!]lc//m<(4moF\n\ry~'),(1284,'x}Q\n08YdJ[CvC|S}uX-BclglJ@|xI!q\n%+?CD'),(1285,'xmM F8DbCPJkmGt3.`3x*j@sU9m;qzIn:L@A8v=3rKhA\"(K.N>:Gl,\"v|:f6\\zhzbmOkR&J%0C%7}24IfPP}~Zw6'),(1286,'xuK\n0#!Wjc-v	$fGxFptg7Ni#@z\\`*]!a&w6rq\r<>J\"?9U79=\\x@'),(1287,'xmA ET8	Dv+ )jJ\0q*clga!0\Z\ZR=R9Y	&k CVbPC|s]OO7@$\Zlw!{6p9Xm,v\rMHvW!\r[f251}WC`6;Pdz\"w'),(1288,'xuQ\n0Skz]a-mDiE>5?%qPm}ap]P.-?};kMT);K\Z\\\"JN/zB'),(1289,'xmQ E20=&w5=g2WDwg|G.Y1T{g\n1(!C.7^	\ZnG7Zvn47^zo#L)?uQ\rhUdsHy-6eB4zWij)*6Z5mJ5?w'),(1290,'xuQ\n0\rVM$<T:+MvO	Z|	?x\Z+\"48~QSnzpF-[4S%eL~>.?x,~A\n'),(1291,'xmM00\r^SjGDxwK/e$o\Zx`dDe|bLrL Hb;zb514Nwl&GbO3}|,H)H0Puq5kR,X UQH*(R\0t9'),(1292,'x]K\n0DTjz U(V\ZDDWFc`uK1=(#is!EJU}CD$@`S(^Z(?z.q2SY}wY\0fm:'),(1293,'xmQ t;TN^OKCI7f\"D*F0vC-ETpp77q\n`4.[}/~dw*N7T2l!2}C5@\'k1xPtPQuva'),(1294,'xmA\n0EXjz R4u@d>\"\"J\'>:;2m#,\n$.R$g}3M|F:]/yRDg0mGx>'),(1295,'xmA Etx`buJp.+ GX;&^OoC@}\"Ti<Z?\rA5qlbH,\nr^}8_Voeno{Gh}y!\\c3&5<\'	8oSl@X;dJJK#(?_Ku'),(1296,'xma\n0tdZ)1vw[e_y{!tQl=92|8N\"gk~Ro{stHE/Nzg_dF}-Z`='),(1297,'xmQ h@PdCW`0(#Gi{CO.wD0g|GdWqn\r	;ORpN9IdjGr,;^#vt%Ak\nNwz\\~UmLV&FK3tl~~|L+Lm-2Ju}E!`\n:u'),(1298,'xm[\n0Ej QSK#}ZEd`r\Z<[G#Af&+9uI^&r7)|OokH<7Jf)JXe`\\v?`='),(1299,'xmA E20@A@0x/&[+|	5p\r\ruB0Pcm&& 9dxZN7jYB0)hB3\ZOp~-vuV%%Bte~lC?aKUV]JY0%_50U)Qx'),(1300,'xK2.RILJLQ227.(TMA,K!PD[@%\r\n23J/:,bP_ZZTK%<%k?% ?Z\0(C6'),(1301,'xmMr FdP!(w%V\ZZf^d:{bg\n=~\nyKL=wBt\ZdVMZG4\\Kl%`>o16]<Dn[1araZNF+yR\\yu,3KcG:oG[e^)\Z\\Lx'),(1302,'x}a\n0Ad\ZXSi`c+}y-B!N\"^b\rkw%u&#_XSnzpq\'%UNq\n!\rDeq.?xa\0C<'),(1303,'xm_ pHw@PP1n=Dy!N{G.e84$J9s?:D@p6NWOhYBP\Z]7Z8>%s70aW!FfxGmL]O4@7B4BcU#DLoTJkh?_wy'),(1304,'xuA\n@ETf$,RFG&C)\"]t	mxu\":\r&]	\Z,4)+/R%AM\\4(OuK\ZVpC<\0w@'),(1305,'xmQ E2h+B+miy|4/oQ?{d.H\rP66)-_\'NO% ;o1	( T;{N`pHr?=.3\\=r|m;Go`ts}C!_]5blQ4>4zV[@-eu0F)Sw['),(1306,'xuQ\n0w\ni:\rDme}?M\"xzo\'x3i43gxG(M_#5e4?IT6+fFpM\Zo@'),(1307,'xmQ E2h B+}|4Q?{d.O$E3*EBIp0kT>\\;SL@	+@\'s	F;hE\"|zqy2c!{	GVhzwyHT^`kGQ5Mf[m6xhZ?wr'),(1308,'xuA E2\'52Whv(BIxwf\'T&+m$H	:sfr_eSp\\	D>*b(f,P0z@'),(1309,'xmA E20\";x0Kt\noGX+&BwI5A\Z2l nl-$&`:P3\rZv	>_Uh=3\\B>B:o>]I]P_d[rc`YAmPVjkF\"3\r*]hy\0w'),(1310,'xuQ\n0vv<du4E{SS+BA&\'xkjg5,#R^zpe9J4S05X$kv;|A'),(1311,'xma0u0^a0uh31;\n~k[Y4z8[=au ,B<:wY\'E\".$d$\n@:opgvp%q/F={w\nqOk/vUsSK\rIA|0;_EE2e)DY0~k<rJ%u'),(1312,'xm[\n0DTAk QQ\Zrn~es&95]e[0>	J O\r@?pu#V7e_-KiSx4g='),(1313,'xm[0E20)ZH(->j{dn\raB@v\rTU 	TkmGN1H\Z#1	 ,v.|Ev%xp]o]Gc]lt_`0m}C.f5bl1#(D<i)4O6_5Q*QQ$RdP}Tw='),(1314,'xuM\n0Fkz QPh0\"2Y%k*ZO=NFp\Z@\\&Medg??6h7.AisdQ\\al_@'),(1315,'xm[0E8}[\rCPP !\'5-|%=LE	kVNh$1L@r=Fl|Cp\r-K|;{7oMh=	>8.+[[<\\7T6>8i!\r\"h\nwE]Zr&T\ZML[@r@w'),(1316,'xuQ\n05WLZi0cEt05Ntq5AXS^8Q..~+g\n~dUjdL9TifvWpC/zZA'),(1317,'xK2.2R*,HLQ.2R20V\06'),(1318,'xm[r0Ed,QPL{Q G=G{3Djsb\'\\-/&K4|M~@2Q	!Xl,^+r-g_Zv{Ch=qyljjI0un_By\"hi\ZM{5	K4k?w>'),(1319,'xUa\n02r]z]a5`n)nZ<^pWt\'	;{sOK\ZL^gEu;WlEsC?8i\rH1I,~,px7?'),(1320,'xuK0D@\'8w\n/\\BN\nuoCt^.^.\\bPsN@>DO.$yP!#8?6G!dw?Xh@'),(1321,'xmQ E2hEpuZ\0~4M^_98%\"j|QmDQ#l98~sG6!tCg7hZ,!4\rSawp0D};#iobBn\Z7Q|MB!*9.32swp'),(1322,'xUm\n D\"{45r-l*\rU5Q\"8:eytNK5t}IWrBFPbx7+~&|n_D'),(1323,'xua\n0FL+HJS2vE`\0Ni2S\"T&KO0U2_(LDr?.+Y,36|s@@'),(1324,'xmAn E2+ \"z#/H	\'9\'BI k[M8x	eq\rH\Z2v:t	vuU@>nUm:<%F=gb`s{C\'>>]m	{q$Pk)O\n1*5r^hOLlB6x'),(1325,'xUQ\n0`gaWqZhDVt\'|jOG`ZX3W!4+[8\\\ZL]BV(Sn+\'VS=?8C'),(1326,'x}A08*`*NqPW%K!Dre xr>5P+7xF\\_7y(~zOtC-%)GuYB!o;C'),(1327,'xmA0E8(pPX8&^6UZJqg\ZaU au	\\oMpD1!+w\nObYn{&,@ZKp;9o[s?EM7^gL	5LdNXy%Z%-*RRjbk2*P!\"/:vy'),(1328,'xU\n0E\"9t0^A2Yi!}mA O*]vc\'#)^03B|$/^ \nL#t?xtf\0pBS'),(1329,'xU\r0Ew$8;t*>BZM7bMdQ,hQhxIN`zTA]6i>~Ooz}[Vr=6TSjK<N<DpM[v9A'),(1330,'xmA E20 ;x-ZkS.W{84Az\Z@x8TPd9h%qz	BwnLL@dr(?:#neoM-	=ygHJSm7>dUNdw_Pz7i\Z1Xh%P;edi*V_;#%T/wZ'),(1331,'xUm\n D\"{/]+T*nh)wo4-_3yBg\nw`<J-\r,L1jf~ kF\r	sJnMTxW_\\|^|`\n7y\0C'),(1332,'xua\n0F	[+HExw!_	=>;n}/#8mfre-BcLl@kl5~+ DzI&v}GWu&	@n@'),(1333,'xmM0P@^SHG-G:^\"!FjGQ Q,^IIq\"\"	 1A(Ongo3rKvfk:z(s;)K#GSU	}z^/cWIa_fX#VT(SY@r'),(1334,'xmPI0{(@(Qicqk)~<e(d\\{_h!@(bg# z\"OrKdSQILY_Q;iLLNM^nF5Mdv\'bCX:u\\/^~,y$!d)t\\L\0t'),(1335,'xU	 @W)7AmK\ZB}V\'XB<{w\Z2Vfe&]1;:Iboogcn(l8\'siG3w\n	\'@'),(1336,'xmK0D`@;\nQPR@	,wc>eU{lC;PIf]#TX a\"	kk5B\0	A|{.f!zg>8KZ+9EwE~ gsM5ca\"~nmgaWIXAp+yrU*|}q'),(1337,'xmK0E_-D1v{	u=Y;~>2q9,rzPD?\r#bvC\nm\r^eX	se/^NUpu:VG1Zfvt]9x}QQ4`|J}C!/{!t`'),(1338,'xuQ\n0w\ni\rK+\"{S}wZ0zgEY*i-8)gj3KB&v6}eH2dN+@_B'),(1339,'xmQ E8*#:p:=7*+{t)!Zu(AY	9\" C^BtLT4X~/l8lZl~Iqr[7n!cVst[kneO0~CqT\\\'~xh}Q3/;cZtz57X{4bgBOv'),(1340,'xUQ\n0`50\ZPwS^%8 x|\\`l:a&4m/t\'D6UG5E~p>.,**en-\nf,x3{Cx'),(1341,'x}Q\n08dhWKSCvCS}=;QfY+pe-Bcoi)\\Ae!IR\Z#?9Yg)JHyC+}\0D\Z'),(1342,'xmAr EdP;\n1Ju=^d:{A3^t%	;)!\'37}!<D^y\Z-qf(**v;Kp.	\nuQ+~G?7xZv5^F\Zu6b8}>PI:J.!5n*h	4\ZgOoJ#Zs2Av-'),(1343,'xUQ\n DB06W\nJ	uFnp\08\Zml\Z!(3dNy.\Z0\'AJ4~KeiXnRQU3vl?_]>@|'),(1344,'xU\r0DWAj+\0H&[6lbMV_>{>W\\o{8TZNdt\'ZsI?R\'o}W#v\"oEI3O)RFwq|x$.0m._yVF'),(1345,'xmAr Ed1wlf^d:{/p~u6xQ}\"il&.UJabHYDu;?xxCt\rK$	`M-p7=40p:t7LlQri	*|u[Dl@\nE);u^\Z[EK|H\0w'),(1346,'xUQ\n0@\"98mz GSid vW{/!#(06um4+e& (M2PBx<y1N,Ui}U_7^f0Co$A'),(1347,'xU\r0EWA%#%MP7U_\Zffe@|mTc 5o2dk\'A}_C[.q;-wMMhuJw<C'),(1348,'xmK0D@A1w@BJEWQ<o5\n\Z`Zkp)\0\\\0S$LvP)907S2V!@C\0\\c\'Vqzu&\rP;O~1cF,Q\rW:MVojDk ?pA;4|bkAeq?h5r.e-ES/mr'),(1349,'xm\r0Ew\0;BR&@m-_N|\"kBmIaU;R%-B\'/!(\"[\rN Um/<e#@a)~<[M?;>nu??+	_JU:%\nS,vXV!x~kdY^ /T\\v'),(1350,'xU\r0DWAgV@6MPlUB	5I[~tt \rvBs.X:DTd}|o,{\'\">1R|]d^0>#M.l+^RF\n'),(1351,'xmQn TFvDwEhC46.6M=y#!vi9L|-}/DO2+DR#9|\\vGow?s|hu.%^Styo]9|wA:U/og\rEkP\n|G65KcX%k`FBTEy;'),(1352,'xU	 FW)NTh!+V	tABp-D0,M*Fp^Utl]7C1\r_@z|?97v=)cC\"i2\n<&F7CD'),(1353,'xman TP;\n6*Il;d	;8	3@Vq>2f**vK|p.ae\r\\k&sV	n+5k\'X|{NuP~F=\"0\Z5F[{m&Fc:Xuzma5v'),(1354,'xUQ0bv\\TC:HlLB|j[>(rO24lTz36l&0:2_|.+=H+E<h\"#W/Eo@'),(1355,'xmK0D@;\nQP%EWQ<o5+5e{h,,k\"!baaFwn\"\"	 1CH.`.kY6As\n\\|iQT)D(>mBA&6zuKJ4D4\ZRJ%4/q'),(1356,'xm[0E20myan2H#Bi;/2w\na~d\\C%dPa$I$~i0`Q  {r`W	95h\'-`H9>QMnCC=xD!_H#Grrm`\Zj<r-f|\\fLZ-N:\rv'),(1357,'xu[\n0dB1)Xq)>6|sg<Ehg2mu4?Sq}?5x=p\nkQbwg)%?obB'),(1358,'xm]n XlCHiPPU{G~?0\'l\'SG0@Z!y9*DU= K\\FvB WDTenmg+/?qZm\ZTM->jG>}}H6#<Y\"[]6BOp}P*F%\ZQ[ls^[kotoTk6s>VCHi\ry'),(1359,'x}]\n0\';x>,(P(7O3|1<;KO`5\Z3SJ6L3nVr@e^{fAxC'),(1360,'xm]n `mBCH \r\nq,Uq<3X&g&8DH5z\nJ0]bqT	 h;o;;~3]u(\'W-5<+swksb<mzN\\_}B2_mX#6T:|	R63sTZVQ;w'),(1361,'xuQ\n0jajz !t!c{J7(3XASVs1ET&o}R#yv~\'N>QRv&c7fb(v_|1\0nA'),(1362,'xmA Etx^+SX]A%bJ5Z\Zq,@Lv%*8HE$H+l9h&W, s;g\'o|T_TC0h~y:vR<]\ns&.f/LD%O}{l,u'),(1363,'xUQ\n 2r;\ny#QvoR\Z3Jdg2wRqI 7jGvEG\"D;z]<g8zQ&s1/lxjpg>_@'),(1364,'xmM Zz+SE7!{K4+4X	(J[3)ED@bQ]3rO	xu$\r#Pz7SF?\Zf3j~PV)\r7nIWa_fX#U\nYuYxq'),(1365,'xm\r0Ew\0(Iqw`(\"BAM/eQ\n ;7@P(k{>)J\"@&9!(r-^#DX (QqMV%@9o.a\'Ze{2c<+&;^<)hg_NM\n+UVZtQV\ZOt'),(1366,'xUm\n0\"9Up6WN+v4U_\Zob`[KxTc]d\nI#DwIY6{W-[G$b]1NqH6f)5\Z@\r?x\0C'),(1367,'xmM0 ;\\!\n4@Dt&\\-V*Em\rn#!N;+BI(b:o8 PWbY\r~B-??kY6w~})=[wa+u\n0J<L7t+c4j4g51dpcBDcjx.'),(1368,'xUa\n0\"9U+Hu0m[m~`c`\'kUjd)w5BU6)uQq?TA_gra\'-*/K\"kq7!b6yD<.v<>_y>\rd\rE'),(1369,'xmM 	\0)O]t%\ZD5:&to+*R\0s\n$\"X~D}rGwOvN\0{h&6:4An<X4j[GcU(\'?pI;*|mAeqi5rMTlpq'),(1370,'xm[0E20myan)0H#VCi;/2w\na~=jJ:,$I$td@H(b=p?\Zi\'-`9Ufh2GU6imsa&\nnmF2~?#aI\n@.zs<\\K%$W83BBCv'),(1371,'xuQ\n0DRBk6w\nB1l,MR_3yn3RFi_2tD(UA\"#1Pe\"?97,Sk?\reB'),(1372,'xmQ E8	}4kh~s*~$nmT3eoE8Ea86;!fCOt.\r2nK\\1(4sNU&[KSX59H0y#6ylnszGHu[;VXw-16dpgBDuuJ'),(1373,'xEA0T#1B#q@M9 K\nn	s.J**d9wq[\nrn _Z\"Q<d{@6x\ZG3Zn?ypSf >;0;'),(1374,'xK2.24R*.M/,H/L(LQ.2R0P\0'),(1375,'xUQ\n0@2rEa^A2\r,P0dwvWajx~uTcl30fTTxv0Hl}I~gTSYV2-2%=(6dM\0a{\06?'),(1376,'xmK0D@n\'se,<I4O!(VT\'l7%Xspq>F3 !*+\Z	xIe,*zKpfej:I2xvI.b6Spcozi	?_3Bol9/hmXhV[9v>'),(1377,'xEA0T[tD8I\nn#|S`L1_)ds@u]<m@@JKNkMFo4-{Ut\\|tk/Px0yr0;'),(1378,'xK2.24R*.M/,H/L(LQ.2R0P\0'),(1379,'xua\n0F\"A-l+H-DmW{wG0Zi#*LP#JML\nX*	#TVM#9,g0]\r^9N;LA'),(1380,'xmA\n0+~MjjKwVDwaf^q,i6fT%\ZVO	f?BHm-z.V/kyx>)'),(1381,'xmK0D@1w\0DM%EWQ<o\r+5[:J!DkY_X\"[vV!GTwpb\\\na6? lg9ySgy>e~\nZb\Zo>mBA{Md.fKJ4D4\ZRHUq'),(1382,'xmM 8\rG;x2b@p.up{$P3PC<fv@ STw::!dD He-;^I\"\'G|o;u/Lt?	%7bmtD	1:eX+U,+\rgu'),(1383,'xUa\n F\"mCPR1cw_	=>HR[PYs12\"5@:UMWL{S?A6[thHdcK=U8ch/E-C'),(1384,'x}Q\n0D7n+4\r 6DoCx`nZuF)nLP#m(>.\nA?>#H)og hwXSGge6${0c<^Fx#E'),(1385,'xmAr Ed1+0(\rSftz3^t%5d`Lx2!WInKSB8A\\!*ET`\r9{%=m5!bGko_Azq%t*:-k37FSxl7bvs^5CNR\n5v'),(1386,'xUa\n0F2rmv(\"c%ngA;R*q=BbqmGQ,w\":lYLrkv1+3xB['),(1387,'xuQ\n0jz !\'W|+ZO7clix`>+g\'}H$B#?94:%P?bp/A'),(1388,'xman T	cq+ $iwI160,a>03C^V/E!d,(b?X|0\'a $I.5d_nd~tzq~QS/-Crm{C%0!_\Z5!QwEL{&Fm:Mv'),(1389,'xUa\n!F\"jWX&@Ui,p24\rW#3Qg:O8ZQ;~ov?gzPf,ZZyu6T|\\\ZpbMA'),(1390,'xK2.RILJLQ262.(TMA,K!KM$ffg\'E*RRqZ\\YPdDDg]\0B'),(1391,'xmK0D@;\nQP%EWQ<o5B5e{XP6DV0aaFuED\"EzcgQ:Fk:FQPz{)c~QJd[O6 T^FAm-8,\rf\\#U\nYuY~q'),(1392,'xmP[0K^S Hiq7b1|&(d	,s$(5rVY`Jv\n!!cx\rp`+j/A24,2	gy&#X|M_\rUUOrv8I`p[{,)Z5L7=#\"D^	g7;LHL@Rt'),(1393,'xK2.RILJLQ262.(TA,K!KMUjO:!_ZZTM<%k?% Bu-\0\'?'),(1394,'xmAr Ed.6+0JLjZd^d2{A3^tG26H0HaK s$\Z	|]!**z`5t.	n%j4\\)\'kuBhbNs1|1z7z/Z*i(F5BFSxm9Qd	UkR\n?x'),(1395,'x}a\n0;\n#n#uMDvw+}yg|)DN;qcwD8Woq%R#3NrO4f~p?rYY,@*12\r\"C1'),(1396,'xman T	eq+ \rZUL6U~g!	>1z*LU}/\n!C:_\n$%v%^+w7Y%n\\c5s.(0e\r~wI$a9C	QL~Y\\<\"6Zuf6rDiAw@^x'),(1397,'x}K\n0D86+5|D=K	d>#\"Dzq>m7L\"4A0?+()G*|Rx$7r^Y6\r+]9C;'),(1398,'xm[ E2-PhL&Z|X{hqEHzdj}L%<Kz(	j8g_\nd!.)~_6:[[H<L\0_\"\'y6m=]sJ~Z~! }{>eW`Y[;ZU3{_EHw'),(1399,'xK2.RILJLQ262.(T@,K!KMud^RZ\\rx	4C(/J-K-*hrJjqrQfAIf~HEau-\06F'),(1400,'xm[ E8$=-*cqN?q		W!>VvpCH]bM9!dpqL(@P0^3<nU^:^w}0)9#*-7{b]=49b.Q;XfFtJT]nn+[H(Qw'),(1401,'xuQ02Bw@*q2Nb;c|k~#At^vgoia\\_m@7~>!JRT)r9^j9\r*s8vlXv@'),(1402,'xmA0E8$ ^SHt8\nUj_K9e[-QtKROA!dyQ\r.9 C<;+Ifbs\"uxojKr~&!{c:`xaMS/E\ZE J HD+|[.3$JrQu'),(1403,'xma\n0X;x4`Gc`|c\\R4W	y:	(S cL,/oR2?]iAq=>Cr(:$Wx>w=0'),(1404,'xm[ E20H=vT\")1]_<=wP;RM0l\\#)U	+8M<\"z6\r8  Xo]\\eO;pH@bU~u<&9=z^s{G)L|6~(JW#R8nJQZ\\`*TaJVCLqvi'),(1405,'xmm\n0@^AG)!Z?~%7~5b #L\"cx_Ah>,R`/e8[X$1\Z\r?0?'),(1406,'xmM Rz+SE7!{K,KtPyRUE0nfJ~luD&!=<\'cgO	s$#Pz3S0M`.zpf\\OVAjV)u]9]%[[p}Y\Z\"vcTQR+]RP}q'),(1407,'xmA E8RKCP\\t:{!UEW\ZYoBxMFj#;!Hp^FEG2xr@sTXug{8KIfaKY\\7i!wt?<mzE_QH8OP\"z=XZ;7\"lKWJ.E&OU,H}9g(v4'),(1408,'x]}\n0G\"A;?[\"C~GxAte?N+e\\1AS\"wQ^]PC]?8b8%0L\0v{eVB'),(1409,'xmQ 8$HK;@h>$xF[q.G&j0Di(q:\\qTCQ1\r\\,cY3%LU&jmK~anZ~j]=C\rt*p8Qi.Z>EvR\n5Bv'),(1410,'xm	0wVP\n5jAm$.]Bpklb|1A\"m:#$BfuO]VMjg\'0u\'>'),(1411,'xmK0DB PU1*=Fc^QeQ~m7R@S;QDD3$&};#hgMm3<3<2yh>mBF{M$zCJ4D4\Z*RV/qq'),(1412,'xmQ06r0x0M!<ikQ\nX#,7@P\r(*v&	X~Z2b.d9\Zag_,` ef&};;o\nva|]0:-8&v|Rj/;yRihFu'),(1413,'xUQ\n0DrMPz,IAofv@p8=\'kEa1SXPt.6d5KTN<KMcQ?x|2H'),(1414,'xU	0WXx\nkPJq.bM\"Exxt\ZBj >AB&MP+w|BmAB5xz#bHokMC}<nH'),(1415,'xmM Zz+SE7!{K+zZ:JDKYmY\"q&\"	 1CHNnn.9x;ll^IvsEiFo\nBtj\"c?pAw7UG!bY8HBBT%/q'),(1416,'xmPI0H\Z~!\nJT\ZPEz23\nY4yYFF`;!!k%1G\"p?HcI>yvtdfP$Gp>Kx^qa/r.DC9\"MDtt'),(1417,'xUQ\n 2rYkz<N7bSK)}J_~2V?fePNqI ~6jQ\"t^~Hs}_Tg@o\n$QpN6V%-\Z@MxVL@'),(1418,'xmK0D@1w\0DM%EWQ<o\r+5[:\\EFmz#E\n7~&\"	 1CH..l6As\n\\o|i<xo\nBk\"c?pQw7_UG8!Y8HBBT%/q'),(1419,'xmQ0rL0x01<lu<*5|4MBGHI0yV!c\"I@E{~? \"<Hq\Zmtf4~7i=;D_\ZhKN\nut0QKaZV;0?/v'),(1420,'xuQ\n0D\"{fAzbRQMRotRO*~rXGh,_4MmCt]~aCI,gJ\0vph?f&B'),(1421,'xmK0D0w\0D%EWQ<o\r\n%vRuDQ ,_X\"q&\"	 1CH(/.+;llAI#*\n\\o}gy>e/A@L3Z=~j^)Y%]%ZpcY\Z\"sTeWE)q'),(1422,'xm] hOlTc>-b	|Elj7@Ed;oCV8Cpi:;!X#\r=y?8Y6B/Q p!hrNzMUo6Xr/ab1GouHr,0pXM|h,]^\\5, yJgRB6\nvX'),(1423,'xUm\n0\"V6M$]+M\r}+;K7ATTj\Z;ewdl#wEicfYaMC'),(1424,'xmM Zz+SE7!{K4+z\Ze{h,%BXZ3CdJvED@bQ]3rO	xu$\r#Pz7SF?Q\rW5-~PV)\r7^\\LWa_fX#U\nYuYXq'),(1425,'xm_ #a:D3c:\Z}_i>6N.n\Z!-`,B<KO$!!l)l|p hSIg@MMwE~gR+\\\\H#r0xB\Z@!N~=BfXV%\rUZWYSVv'),(1426,'xu]\n0R\Z+V\Zdc$H|!-#XR@|m\\BUd?-BV.F&#2PaLMw?x~s\0jB'),(1427,'xmK0D@1w\0DEWQ<o\r+X:!F0~eFnjYMD@bQ]]3r+x;ll^IvRiFL	fz5r;8*#q,kJ!UJr'),(1428,'xm[0E2 an2H#VCi;/B;`0d\\C6r6IzbE\n/a\"!b]]\'O;_mTudmryt}(1<=t|_N\08DaZI\nLW5}iJgZ%7|%v'),(1429,'xuQ\n0D\"{\rh+V\ZH\"$H?5jG7v]XT7H+TY\"%;yU_QweY\rT\'kB'),(1430,'xmM 	AJJ,w0EWyy3\Zx	\rXkRx\r,NzCEp`n}2V!HC\0\\]rK`v8Fg:F(az?K1cU\rsPM} VMo*Dk ?pQ;|bkAeq?h5ru#$N|)r'),(1431,'xmo IW lC%\".c-3BW_[9Z88Uq(\Z:#)R 4XMl\0\\D\'wlpgWlX%,O&nnz9yC;k|&(<.LsJz\nYkUTYvh'),(1432,'xUQ\n0@\"9\\^AZ@@dw_[Wd_	``%?T%\Z2T-m}bh~6/A`@o\nB%/3!^|A'),(1433,'xUm pFYdeK,j@Apx#7IJiPe\nD{>09,Wy*<f^7.krHE^*ehd/G7KC'),(1434,'xmK0D@;\nQPR@	,wc>eU780w`yV*G**aqo($pc3LD l&_O\\K$/l\Z(%;/z3VsG?M&@L=X=x6#c]C{[uX$RXAqLY|q'),(1435,'xmM08^S!hia8Wi&19}<UP[R$Y\'nL)(	S:8\'1#<Yv\"xy	9WNoUl<[<qUg=LVU00bn3S?\"R*LmX9*;\\\n|Vtj'),(1436,'xU\n0E2rkz]at]J]GSnC[<Gv0Gai ?WQ!][>-rt6|4%_*.9OWrnxe&+%f0C#y\0OB'),(1437,'xmQ\n0*w\n5J#1nSUz4%|fb`*&@Ew\n)wVKm#e^d\n<[n>'),(1438,'xmK0D0w\0DEWQ<o\rKX:JEbYmz#E\n7c&\"	 1CH(/n.+x;ll^IvRiFL	P3=O9\\Mtlkei8h5REJUE)tq'),(1439,'xm[ E20`C@PR4M\Z?50yI$=kQBjIN$qM-( hmP\"8\'1Gt<Y.<GXSv<r\'8\'I?*3r=d%Pf_SE{1Qnf!{Xk0Wu<V1<xJct'),(1440,'xUa\n0F2r[z]a6Bn1{|Wn\'gA;T%H+NJoq0wfSn3=3)mranMWy&mCiGDc<&FDBy'),(1441,'xU\r0DWA]2?LCZBN@_>;3>;O[kc)_ 4v>k$$Higw\'u%YzaC'),(1442,'xmA ERz+Sb.b?A+`>]C.u@Q hF^IM;H@`H#p?vFN\na1N? G9\\o|yP;b)>m\"Lr;8*#,kRVq'),(1443,'xmM020BS(	1i7E\rxG6,:/Y=\":2Hbhv/l\Za3,b U+3>xowGcBnSm-Pf+r#GlO}W1A\r\rR)stq47~Gte'),(1444,'x}\n0Eecn?F\\h VdS.\\>GHWw^1Ep&Jwa2G*\Zi|d[kHN?\r}B8'),(1445,'xuQ\n0DRjWU\ZdcAwoRcx\nv&Y@l	6jsgBrvdDf*1w2E!^~jB\Z'),(1446,'xmA EZz+Sb.b?A+b<g]CYTuDQ\",x/^I_;H@dH#;p?vFN~0`Mmp6#i~ySgy>e~\nZ\\v4q}?P3Z~loVd[/KCNp*T*+Jq'),(1447,'xm[ E20`C@PZ4{_sFVcfR@k*v*	#]^q5#\Z|r@sX}\r\'KY;~:U`c*Movdv]w#i}(NO=Va^%J,CpYfC9y&QJh?_Ru2'),(1448,'xUQ\n0@\"SgMt*DvEKx\n*o,hDQf\rUibSGyQKH\\ew6zSTrW.?xA'),(1449,'xUm bz8,w\ni&fW>%wAlNqr + _~<N?):qeqDt+<)0}7)L<F!^A?C'),(1450,'xmK0D@1w\0DEWQ<o\r+X:BEbYmz#E\n7c&\"	 1CH.n.b~6AYs\n\\o|yuiFL	fz5r;8*#q,kJ!UJ]r'),(1451,'xm[ E20O=t+)E#4{~\rg^\nYo4=4y6YVFakI`$!B/>^p/fhc3XE_Uz5:jn{?Kc\'xAmv\ra{X5r.Ds&\"\Zt'),(1452,'xUa\n0FRrmvQfDm%,a]o$^+U&.S9gSp>EtT|Tzkh$G[MNq0O;%Z&LL(B'),(1453,'xU\r0Ew%8;JR@qT	U&d1s\n+GIiI\rukSy0TUON\'.,1XC]vw \'(|3~dpx\']~mBo'),(1454,'xmA EZ-)Ut\ri./	9>#VcuP;\'QG%B\\)D&!:].|0`&H\rz4b@~ySgy>	~\nV	4AdloV?>xAl4#RPe%U	\r;q'),(1455,'xmA0E8P^S$jGDxol0,\\\'Ecw2T(J?AOtn8SG&*\"R=yc,54|ms\'GhT69:^m{2t4:a%cY73E(V;]V,F[ZlBih^rvF'),(1456,'xU	0DW	 N?byDPS(mIq,\"x{!\r\'LT:AUN:qGj:{FDu[vy?f.JRUm%8\0+gylE'),(1457,'xmQ D0,X)`bwVkB0#T6j	71wa( \nu`pOxZ;K&?~l~\n~K~7_{_!%f1_8&xY!O>1zeZ%[-6z64beB*_oGvo'),(1458,'xmQ\n0D\'k+H4UFAw7Q$7k]P#8\"\0QU#@f:;APV*&SoM\n\"]}\\rXvVx\Zl~n\0 >O'),(1459,'xmQ :\rAItyX}=A_[0(J|Flio(OUQ1u\r+gJ@s?%4L\0B>Ds]9\nn m.}%-/|et	W4An0iZT 6RIU\n.q'),(1460,'xmA0E8P^Shxw(WiIQLX#\\D4	!-izdB~	XI@E]dhTK&Rw#9=aIBk0\na<IL./E}J[jor02\ZtA'),(1461,'xUm\n0@\"A4WG~0d{\'#7+h~PZtLG\rCQ9~3/v(MReHoR+uG`ZI[JU99$7sU(@p'),(1462,'xUa\n0\"n+Hu0x/}3>[o/7qhe8u16J$|\Z}+BZx*cK\"kuW!beD<.n>_y<\rjRE'),(1463,'xmQn DXlC$QU{aG\'l7SG\0C$m!y3_VQ? .v@Nz; Op-SCY9G6?y8[/I#<$|cG%Z%fy?y~/Zs}{Z{5CNh6??v'),(1464,'xUQ\n @Rr\'vmCP#b}&e_	_Bt,6J6p;U&n/mqM_~Y Y{=)IA`Z:V~\nf(qA'),(1465,'xUa0FBz tw\nBF 1\r\rWW|	nl36X-@x.`PMX#Q*;z7Nr9d^s\Zb,B(e\\w?x>5C'),(1466,'xmo0;xeEdf> &~Z{kkih\rSzd53)!%	\0v2=#@+m2=~\\|\rrNbCT7k[SUU(rsHW)9,\ra}TDpQCzq'),(1467,'xmQ06rVe0x0M1um-k>\ZRBkk0iI)\r#h,1zGpO&;R3|\'Iwss%lm2z9y|/?5`:,0\"+*UaT3]JC|tu'),(1468,'xUm\n @Rrx^XbdP>?e{\'\n!h|DjqDIU5gD1uoEEo3q%J<$7GM>fo\n?x}Y@w'),(1469,'xUa\n0F\"A]M]+MdkW%\ZobVfei;@<V*A[><N?mRhZ#1rL<F!^\0D\0'),(1470,'xmmn T;\nE\nh~>q\r%j	$ RH$0m&\n*9e`pt^on.5Rr;>5uzN[~s.l>07<uZD}UM#gG`ZBlv'),(1471,'xUQ\n @RrW\\kCP#b}&e_	/!:Oq\0l8wLGiS6mqM_~Y Y{/?\'zR)6tXm;hf-A'),(1472,'xUa Fbz4nP&#20Mew_\ZQ\"8s#7\\2UT.Lyy7.n\Zc\"Wf	DlQ3l<\rD'),(1473,'xmQ \Z\rAI>,M -%>6cq[h=h\Z!m aB~f&\"	@hNv?:#\'_!,&	F>6MX\"_l>qW=Q0]pzL p\"L|	mutRJJT57)q'),(1474,'xmM 8%W`Pbej#tz$=Vk\",e)jDk0PDnlfG0\0SPDugwOGWi0,xhgU6i4vj>b\n5GxGN[ym3[Bl+8\"HTYq9v\n/B~t:'),(1475,'xUQ\n @RrBk}Ue_	!cFNyT`pToQ)slj_SdFeDoJR+uG`ZI[JU98fV0S^_&X@u'),(1476,'xU	0FW*z$n&.$m;{<CpBn3h:iNd]0Qu\n>7wfVddcE.]W%12Jr&]zAgE'),(1477,'xmMn 2\\lW@L\ZT^DQ^qEWz{z&maKVaRH$8mvC (j9\"!3Q5Ms\Zc8&zi/ud=:-2%_jN4(f\'7v'),(1478,'xUQ\n0@\"Au+HkT\Zv+X|GGQa2F	vn6xmF%g3$sdGR2})N=Xz.`%A'),(1479,'xUa\n0F\"A+t+HV*\r{K!8s\'7VI@:VEJ03A}oF.=F)r25Kx$\"fShd=C'),(1480,'xmQ \ZayX}[Wa{F:.FXpfX\"{H@`H,#t?vFNa? dWG%\\|eSWgOv\"T\\+O9lPut[JyY\Z\"2FTm\r	q'),(1481,'xm[ E202[ (c%hK!+AX/FCkew2	\rKRA5!hkn	d9,+@u*|4d1Y&Szk:r1%U}U8iP~ZiZ\"7f%U&&LcT\"DQVu7'),(1482,'xUQ\n0@\"V5W#42,^b`02F	*mH:PML_\n~ 4d7(X_EQZS)][3u?\ZA'),(1483,'xUm bz0-w\ni&fW>;dG32Vqr + _~ow~RuUkcV-u+<)0}7)L<F!^A?^C'),(1484,'xUA0E2\'p%i\0+,XW?BFQ%drbN YFk-q%%(&qTAVAyt\\^Z=Za=1}c\nlIOg7W?\ru,	e!e.ciR'),(1485,'xMA\n0E2\0b+&HL\"4 \nF_	]6[Th\"/Y+r0kPy=QE-l6WV<KD+Q	Jd`<S \'-TeW6K'),(1486,'xMA\n0E2\0b%MF;&%Ei@>>Q9U-c&H^\nUf`GHN^bYJ&EMuZNW5DH$NO)BO9@wl{J]{?8	K'),(1487,'xEMj@xg3?!z /	/h8	~v	OhXybwk%;>nsl{x<P\"h>4(+Pu\r1k\ZG*uu~jMsV}'),(1488,'xEQj0@\"=B[ZXb8D9N&gr)_$?EPjcqCGzQ#k<>N|Ok[0\n\'-tK\Z7IXhB0\ZLeV$0({([/2K gHmkEJ?Z/'),(1489,'xm\n0%O:\'RGNM&xU/\'\'ts$|<{h]#FA\ZU<o4{9Z)ib.iX]!W{KK#M<]$\ZkfkK89C%4Xn?u[j?X'),(1490,'xMK0D4Q\0+,qEh$] qBF<GDU!Mc-n#\ZwGFeO:L&ubxI<OeApsfd9Hl%/QY9:\rK|40ywfrBS#eLy3bt}s!o_Zm25k^'),(1491,'x]M\n@\0_Eq^jt6!OcGTV7don#/fj;S-=*t@urR2P]tZABS :_y\'\";\'z	ZxaNO)`/%_\\[U0\\'),(1492,'x]\n0E%D}/>.@6S}N%Qqj\"C#Y4Thv6\"#eT:Qh=Of(Q]ZAN-lAH6pM[&@<0,N!>kAlN~V2\\'),(1493,'x]Kn0DBh]\Z\rnr-\"9$]\r!/hOM/_whXyb6Z{9ul[4m9w02hoN8vC(J0 ;X]NM]iP~Bl,e!o* L\n9J\\P\"MIYT>[F]m'),(1494,'xMM@Wn\0lY\\|!!,p\"d~1$rz:sgGQ\'|pQ~?Ai-9[+kIE{IdU)Mnx2F\Z	WE\\A *PJ.GuT]4~o[tZf~J<7A{6vAd!'),(1495,'xm\n0%Ou])^sAm7wWiz-F0-pf,jB0G/l*)@{J}A`FbKZ@E\n=&kLB}T6r	e]t?}gIefR6gA^0\0\0X'),(1496,'xM] \'+zCtizOeF(2417%h0M7ya.:PnlrcWK{\\@=J-=bf	x3t\n\nURU|['),(1497,'xEK0Dbe[ETQU!NZ$Xy<|WooWq>W7k6tMz.X?Ngl	[H(a$\'>(R\'8PdJ	X-4$av<{AfiN'),(1498,'x]K0Dbe[\rPET\n!NZ$llxl\'67q\\\nxt:B~.X?gl\\r9*1>rW_HdjHJ)!8$8\Z[r{oEj$mAP{iHvy@WiK.JT!O	'),(1499,'xEM\n0X_{yM^59z1ap\nC\rVXub\r[vqd=dY(YLCOcH+ws?uEU<Ncj `0p@mm\ZAH_t24FK8#qsR6O*'),(1500,'x=QN0XEq\nl7\"q+!m@.FZ!<z#f~`s\\i\"vv=>[vqw\'{v\'Ekoayd@5tleM	JEieAF*I4@-d\\~|rUtY\'+p_,S'),(1501,'xm\n0%On4=)E Kx\Z_j0oXi-B0GTQNs,|5\ZmF$/+V %G>|m\navmB`MIWrtDyeY6A.$2Z\\`~~\0qZ#'),(1502,'xMNA0K_@YkPUARP[hhmR\',@}2@54{2# `fAL;us	GCF]AtSl~hf	nx-+!9*&UC_),t2JWu9['),(1503,'xE\n0_%dN{n,t$x<[N|Or:S6HhXtOF=\'ckEa<.4=eP*U1\')Qcul\'@O%A9wPLUq%Z +}R\"'),(1504,'xE\n0_%d	<{.`\"\"<?:2MXWHhtMgcPz.$}zga	eUHK266AE#x9B%wMU\n`4[k8Rw\0#R$'),(1505,'xMKnB1Ebe*t{LbZK5NFU:XB0um*t)M~D`#s})u.S<k	jR8+Cdx_toR\'qqq>/)&F0DQKk\r\Zv>}EzeGV#[}>bt'),(1506,'xMMN1Fb\0)#mL&rB7G)Wr1\0RWpxq,t=u`%h^t;C3mz3x\n\nY\\hg!H7^v8{,.]^\\.{4qde!%#)Z+H8wW8\"5LSg[tJ.\'JrcoO'),(1507,'xmI0E4P&gbb_BIZ\0!N+vF4)q2Vp\\9@i(}7+8)&fsGVejy\nw \ZB)q<+jjs\"x`2l=!$~2xwOA}}\0tZ\''),(1508,'x]OI0_@nqc5m;NY8<3\r*@4-tUQ#,&|0BpL5PmXgR!.SoMbaI,5,HFB4Q<\\%cg&oOl 4K`kYtN!&]0eK]75f '),(1509,'xM\n0_%M]!]@\"\"sb{4vMX\Z\r\ZIbM3@?uFHXoA;9/T<%y@K ZK\n5@SD8d6?A2?O^'),(1510,'xM\n0_%93C6n.mED|w	\'|	[4MX]jM$yYPl_/G#vehcTpuU*<gVY}^L%dm$9X2@iJR2sSO`'),(1511,'xEM\n@fNZ5NdDpAGB\\q!o7tTIAq^yqYx~k~j3,o2%Mp4zASH=iTNW'),(1512,'x=\r0EW2\0*gNLcUAI\r]\'Kd2n)Y]-\n+2[}vh|n>KtFG6)Zxz8y$6jno%TApHu<IED CThob&vbX'),(1513,'xmI0E48+k*HNqwXoK|\n@>\'b-X\\#$xcP)-id\'?j\"**(Ak\\!R`Wr;pb@m?TvQqC?dcINa_W{ztZ\''),(1514,'xMAr0E&\rXC]f4XM]pw?Oh4xCP~z1pWaXBH\'ZtNY~I%|:.- K\r*J.5cU%R\'w0\n#RO1vrn[W+\Zd'),(1515,'xE]\n0\0by,$&l)Xzw7Qio>kB\'Gp`-8I\ZVpyU;GD#7Y|$dwQqwM1dD[B=[9'),(1516,'xEQ\n0D\0n6	4[\nM\ZcO Dzr|6`=G9IJ5j\"y_h6Sx#.j;.^W|xNFL,T~n>`9'),(1517,'xEK0Dby)mH&]!\\##@HFzLzx:*DqO\rt!<<\'{hYa]ynKt+CUMxay_|EU 8w\0W\\hK?;'),(1518,'x-\r0U\"=*1(	\\X Fl}~~k@[[#cgA8lD^#TB5=W]e6!1\\.aZ=Y6jrMQe\\Z%O;y;#'),(1519,'xm0O\0b@IhL6xu\rVI<{ZpLkA(U%=S;{j$ded~J;lIKCHyH.4]\'jysMYEC6XFk+;?[X'),(1520,'xMM02\'wpik1mY\"|\n<)dzO6n$DFhE}er1?`8gun%h3OC(r|:.*-iFbr0$->2ywfM;am}z5KjDnZ2_'),(1521,'xEA\n1Er\0Wp^L@&im@L\'BM\'Jav[B1KF6@<KGA&.?VIh^	\n0X+^j,PI=-k+6?_7'),(1522,'xEM\n1Fr\0+t/q\Z0ie\Zq!.\\}a&vAiB5JmOvKxs XikN	/w\n0X+^j,+/7'),(1523,'x]\r0Uk yl9v*@qIO\'*	;<UuFGuC,lfO*w)8Q,A[T22PfQ30#HoDS3='),(1524,'x-\r0EW<\0^t\n\ZY8.jb&a1=2n$W02#P\"A8<{ACzIQ{pRd\\XfcO;<'),(1525,'xm\n0%O`8MOg>:$vciQf\'OMaOA@I}lX[5Br&\0_!.c#S,8}*\":l<k3\nA(%EC&XmN$\Z\rlOn9m\'9;}	.^\r~Z4'),(1526,'xMOK0O{,jh>N)~~h~W4EzP&qh2f034b@+C\'q<\"|Y;\Z*{U\r5~[+Wdn)5t0TOWnDvmB,of`UE`x'),(1527,'xEA\n1Er\0Qa&KV\\wW^#Lgz\Z	b7):	dWB8g60\"	/!`ykN=!]kK~4WZa8}'),(1528,'xEA\n1Er\0^{3Vf!.\\}xy0]h$4~uX8\";pl{vCaE:\n	0`g)/zRS]~4WZq8v'),(1529,'xE=0X^U)wi<Dr	qf:z	7kp6C@(*X9a_%*?{$t<Kp(`V}b\Z	k+IT KmLef?'),(1530,'x-\r0EW<\0-seUh,d8qOqh\"Nz~UpBp#9gz_;\"P\"w0<v^XD&KHeYiK92s9%Zc-U\0?Q<\Z'),(1531,'xm\n0%O`\"}t.H\"\'OIY L$iS!el\n!Ss2Wr\n6fsONc3f)PL5hmRx.+.\ZxTbu9i:WO6\Zt{e>_HZ7'),(1532,'xMK0D4U)[QD)JBj73x4M@q-+1)bhs-GO.9a:5Th]VVHcD8b8pYC>]e~$h\Z|H:a'),(1533,'xEA0X~\0Juw6Xj$i].G7\r+5M\'(o\\u85Olt&&6X likJmK8<d\0C/V\'x/ujwPJ='),(1534,'xEA@4=\0F\\\'iqww~L3]#OG\r8(5t$(\\u9-\";	\rVm5?/ y^RO!f<:;eWm='),(1535,'xE10b]C\\ZJ\nK;\nZF>@T\Z,aYVupA`.8d\'?oJ<\r\\B8l\"kbic_YFu4\'2H]\'a#_~~.IN%M6'),(1536,'x-\r0EW2\0@+^9JYu\\\\II\Z^`7#86]j661lUg8m3o $.l1q4IVM\rsT8Qb\nNO\'\rITEQw{qI|'),(1537,'xm0O\0bDIiL6xu\r#I\rwP3V`LkA(U&e\Zhaw6vHlUuT#> TZB!$${M:1\\h/Le\'pL,?L+;?X'),(1538,'xMO[0KNVYE4!Ia<\ZC\'NKA\n:3Q,F-`/h7~q+8QW>P\na]L_rliVTvIuR[Z%\n1l%qkG!S:O}v0[&=be'),(1539,'x=A\n1ERr\0^{L[xw\"] tc\\U+vIIWXB9Q4#?I,S)P1-S1Wio}f >'),(1540,'x=A\n1ERr\0:\ncz%v\"2mi\"MJGxwAr\r+*	7mvIIWXB9Q4#?I,S)WP1-S1Wi}gH>'),(1541,'xm;0DbPL ;%cGAa;T3z!`n4(\"-Rf,u?_ UOf/J\"ye	b	\'eiS0K2U4t#EdM\Z;/D'),(1542,'xM\r@F[LU0:\\=a$wc,hdn/#x@tx	-VGN,[_d8P\"%+68*;.GhY!<,8\'gbsd?ZyE'),(1543,'xm\n0%O:q\"}t6H\"O_Xl%hIx;hM\nn=u1({`Z$fPvBxQ\'LTS!@1x*B)q)T\Z9i:\rwh}V\\9Cv9:Or,/m	*OY'),(1544,'xM10ER(q/XEm-BZ%a@\0lo?T\n-,zQ#&|(j02n=BP*7.%(;n2^o9\"7vjw.%F\\eq\'H)j$Iygr6%`Y0XGaLF_?\\]u^tMBzZi'),(1545,'xMM\n1r\0hr$v\":n[\\zaZhw:Kc9Dp$\"hi\"fE~@8u	7h!\Z+$5l7*x:PS`(\"8h'),(1546,'xMM\n1r\0hr$v\":^~z;	\\1<E\'\"hi\"fE~@x:*o2Bx1VHknU<j;gul>/PZ&8j'),(1547,'xM\r!E[!Sw9Zg0\r	L{b\Z<y2q:fuNMF\r:;]xL9\ZrY~5\ZJ}ZyIR86YkvC9C'),(1548,'xMA\n0E\0byW$8Lw7_Lbowd<wL&78yo1;bC]e]f/9chEMA%X?	/CP(~y<'),(1549,'xm\n0%O`7q\"}t[`EE|w\r<yKcY#L$q.\Zf4!D:jBNU&fwAS#U&\ZRB GB}\"B1re|17jS$9tPKbrY\'S):YFg_m	/+Y'),(1550,'xMAr ED|%B\"+ld%zrHpG8Y<LBhB_,y~u2htNaS]8t7|	\Zw*fWv:<p&O]`.`)4d?7\n^;=?f'),(1551,'x-Q DB\0FjIt9?l5e@7e~^\"-apv=#pR.8![u`CIh6gACph4\'EjMl\'?4|'),(1552,'x-I0E\0t@MHBOOpo++%dgNe3vkVq[H<Bt@PJ| :g_wG;+o$.Dmr4b\'}4~'),(1553,'xU\r0D[\0Ca]L KD^sBpcN3z31x	]@[f{r)94s8G@\"#B0:RS$#=xNv61yGBR=n5;z'),(1554,'xMA0F*;@&5(qP7~\'n.W	Ar3=\':[=\\A)qGW\riM[KX]I$5QoyI#6ucM7N'),(1555,'xm\n0%O`;q\"}t.H\"O8%hIx-0\Zn<1({`JH|(Y!pS+S&\ZP@ Ob}A[rk8^J)T\Zu9i:\rwhobVk9]\'9{}.-OY'),(1556,'xMA E	VpeCdl\'\"4@xw!y %\"@z2#uAtgVHm:BB!t&auA~6\\$#\'oYkELEFFhL\ZKvb12Gh@W+-\ZJSFJ#-h{'),(1557,'x5A EB\0Fj5v8`4\0CwPWCxW+`,s(g_vG@;]((r^J\'rMV)e/<W)W?:('),(1558,'x5A0y\0+\"%v\'IVK+!gpe,G{:Q_a\Z?#EnuK/yJ~-^-.wNES24VLyot1?-:!'),(1559,'xeM!FBz\0#*Q	\r3)2h;WmW77WgA;TRg[(3/x!@m+.EaI,\\?egvK:R\r]=q0C5,ic/wA'),(1560,'xMA\n0E\0b{3i)m$IG\'w[Gt]IH3viLk^~Ql\"%&].D$U&6+F(7Tv9e'),(1561,'xm\n0%O`7q\"}t[`EE|w\r<yKcY#L$q.\Zf4e-Cu!%)KL^#)fsFRL4fl@<8E-6kQ\"_?lb1fO9;pd}-GP/\'|.Y'),(1562,'xMO ~tRW24an^sE!Ql(HSadW>\"bRQ\"!FCtfan-~NKJKh_z;\'_v0\n!MSio\"VzIN/_a'),(1563,'x5A E2%o()#xwO\rizg:p>LGNL\ZqXx{(HL4Y^*?}{z7	\\$p|=:>'),(1564,'x5A!E\0F{@`\ZA78~d]@<N\n-!GNvJtq6P0FE~fS=\Z$R3<{jG ]>:@'),(1565,'xM[\n0E2bAnAfHIutc&AA3WW3U#$lO\rG:IYTwG6lkPl]/8-fN&dAW&n+.{B@'),(1566,'xMQ\n0@xmTT06b{/?;0C{=c	9pdut 4USoDE(.rIR/Y!9wOR&k	/,\Z)iJ} 7Bj?7B'),(1567,'xmA\n@EX+VZD\rfM*r8-XF45qf[ZOM/R\Zh/>wHn,-SfR}VVlRxSSW]DmN$\'\Zf=\".m9$;Or,wv]3Y'),(1568,'xMK0D1wK\0VCR%RUMV@eJIGnHX0ryc0T LBc\nki9Avv:	1I*(x<j<q\ZgzRZIqWg|=N_H2XGvRU*:\0`'),(1569,'x5A0EA;hXy\0\ZN0qtdDs[GiU{B$U\'	+Sa]0rUZ!ji,1k]aSBC t\0S&O:n*|e_E6'),(1570,'x5A0E;bXy\0\ZN0qtd!9#=x	+Sa]0rUW}5or	ZI4u2k]aSBC t\0S&O:n*|fE8'),(1571,'xE\r0EW|\rQDiNPQpA.,F8gE\r=\"uVlF`H-;KvuCeREM\'qA-I$Xsf#>@x(Z~A%Hl7^@*yUK@'),(1572,'x]\r0EW2\0jE\'n:Ubb-`1r{_	+4\ZLq_	m&]u-\Z[f8,:C#n-||bwU2vh:Jm YU*E^\'3	k7 UFb$0<\rS??M'),(1573,'xm\n0%On4;)E\\`EE|w	%|_XK,&8%Za4Fpm\rC+S:<GC\nZI2BY@<8eYF56kQ\"p)hr~>Kw$a2:oA\05+Y'),(1574,'xMQ0DQl;Ei$&,5aBG&$EbqaTad	NN`RI;!=|f/+1wI.\\V;?-E)4P3M+JN`T9adtT	G}+g q<vXOpnIOSyOzc{;}c'),(1575,'x-KB!EtF^h&87j1N{Q{OOwa`#Z+-+-Jl9P;Q&OSEb~q\0mvN-|N#}DdsWh]u-9o?dB0'),(1576,'x-M!F\0FFh.fo\n\01]@WmLz:z/hBjK(^:Brjx2_(]{AcYBzutVQ]={@#$}S	Mu)3?dB2'),(1577,'x-=0FbyaC#w@n!(meAnDL>L\'zF::R}h#U;Bq2%\'\\R<R\n \Z*a}?$H)GuCxe0wQ0>GCP>\0xE-uGK'),(1578,'xM\r0EW2\0V^\r*4uIX\'n_?}}\Z_\'t:]9GXltUSySO#:7FK	2\'[bT:0[HRP\rR@G#f\r<)x9D'),(1579,'xm\n0%O`74;)E\\`EE|w\r<yKcY#L$qk!ChFpm\rCKS:FcMRONhJ\ny\nqSA-6kQ\"_?lb1fO;p`}-GP/\'|6Y '),(1580,'xM] \'bkY>\Z\"n?l4{bofYB(HSh@(BX5qB\\(DBC\n:<5E\\\\8L\Z,Ny\nCwKdMrMtU>R\'E6CI)UT`N`m'),(1581,'x-]\n1r\0KX]EV2|iw=Y\Z,I	PiCvM*5;p0@pCt\0Mt\'g`]vu=A/)uN/:D='),(1582,'x-]!p\0#v/5b`!;rN\r2%*8ng\\&Fnw*GA)>HQlCAurG2-3~5dsJu-h|D?'),(1583,'x=N\r0]%|\rX(%qbH\"zz??B-YhU {t-BQ%p#P d~wpl<\'fr\"F,Q\'.N%cbe57VCfu\ru,U2y:54/,Om'),(1584,'xM\r@E[lF W3@6,1YN~9KtjcQVYl\'t%O\r+FYH8A=E3K-<&#MO$TlGng6nF%@Gylu. \"IdzpJ|'),(1585,'xm\n0%ON\"}t.H\"O\Z?_84K$M|I<{hm7uy`V_HsPfBxVrLTS)S`]<f kI>qJ.\'#MM)vhz/$a2zfz7=8+Y\"'),(1586,'xM0O\n+dq\Zfibp;B!Pdh\";2\r(o8!L;N,DQF7	Igg\\#hw{f\";=BKdcqI\'rM[(Ug2:kBe~c#`<cHUJRa'),(1587,'xE0EeAQ(a|7uY/w&>=\Z|Vdof=YZkKt_P!y^BZZN$c0>\Zv)B*_)<<iY^}/7lD'),(1588,'xE0Ee	Xn(:3eL|j{I5N#8=	]5$+rNxD{YEg\ZyBz\r9_;.DDe/kRab1Dyy|\"#A2D'),(1589,'xe10EbyaC-:q6%q$,6&[?[_^zB\'vWkp!c!5iO.vaW0h\rm\0&lZTtq^NEKiX0LNU*}0/[C'),(1590,'xMQ0DE\\0RYJVbg\\LKV5EPi,\"H&$1Ce:\ZWFQNA,:CH^\"m!.PLNayR.JwHFf@\0@G'),(1591,'xm\n0%O`7q3;)E\\`EE|w\r<yKcY#L$qk!ChFpm\rCKSV:UFcZI299F-6kQ\"_?lb1fO;p`}-GP/\'|9Y$'),(1592,'xMA0EPr(+0mY8w7?y1=h[hnjxE&JFP?YZ\Z!N,y\ZWASan.&FaF8#XyhD\\CN+FeD|b&Vq?WEJ])u\"}\0M;jD'),(1593,'xM\n0F_%	{];V!pC4n;0Mj,\rbWz>{-}\njTNTP.]a(!\\@Ip9@	\"=#@<zr0S)nE/T\0GMK'),(1594,'xM\n0F_%Yxt]tiEA$>|#{^\rX-Q\\,8\nU|&hKB\Z#d\"{WXz\nFxfEt_/}\'eH)PLls\n0kIiMM'),(1595,'xM\n0E%s._|]6@S =g=*{rgcl.bFEFTU9}\nU[T^TP>II|aCQ7.A YVp\Z8B4L=,0cS_^LMR'),(1596,'xMMj02\0!qSw!\"LGABm|_,=f[~rCC[l|`tUtWUc4k\r)<rti]r\\\'$3gR$Pz0-i$y]iY`u$>P'),(1597,'xm\n0F%O`E KLs-\na \"w*FSV%B:$y/i,n6n.TKj,-g_psJvB1rg|17jR$9pP4Zq9fO9:kwd5$9Y&'),(1598,'xMM isYv	8)YP)fTE,{u7f4KO(afJs;F]}(Mn*[Yj=)*=0 8m5hQ\Zq,+eY,eatO;/{[QS5<K#`e[\\\rt+{7+_^m*lU'),(1599,'xMQ\n0@z\02N_KFfnWDB{;|%\'{a:*46jrm+,ED$z3;Ci~cw?WA!8 ?	BIs\"<%{Jlv{\0OL'),(1600,'xM\n0F_%dgxt]tmH8!|\Zw#{^XWHN\nFuooP,{\nI}2	<PI)\\}\0)@?<p<2LGfz\nH=<r0s)nE/T\0\n_ON'),(1601,'xM\n0E%de._|]-@6UvED${W_\\xTcv*24#j=A[Tw,7A7R2;/ .G#<S E\Z1zYrN1f{+zy\rOS'),(1602,'xEM\n02\0NwShLEob&Ep~;vQ.]xtm=4/b_*Va4k[m)<rtr4O9zvOa3AWtDiy(=RxmIt\'FZeV8XyIl4P'),(1603,'xm\n@%OmMOg^6Hpw[]T\'o	e2cqoA@I}h,j-B&$yr:+fwBpuFRy\nqKa #[m<9Q\"slJ#5>\\KYSOV>/Y'),(1604,'xMQ D\'BwUI)_;ov2\ZOD AaYa7PP0~\r~f--f&NY0a+/:lRu&DxH)7*hmiJGJ yI\"l\0c[o'),(1605,'x-Q DB\0F\ZMr\0A:$\Z_;e<_!=B.l=3!aCnOLz	>_X-0ea (+*r1Hqo1Coj;V]1'),(1606,'x-Q DB\0F&u9?P:$\Z?kv+ggXg&DHu`adt?nMEsbJn@M#l(HB|	G\r9=T*o(8|71'),(1607,'x-Q DB\0Tp\0ztI(4,}	o\nW2\0;`\'g\ZtmyEsGUsq~z+(>>YN\r1'),(1608,'xEA\n0E\0bjur\0@b4	^LSw<CxfJt\\yt\rYw-<0\r\';uZJ,? KUctM^W3Z2'),(1609,'xm\n0%OnNg>:$vciQO/$4$|;KSnm5!y}`Kc\n\ZI2BY@<8%Bi ms|Q\"s)*T<>Os$28zmYx'),(1610,'xMKn0DDWK*(|V83OCBW87:KII1 qpp:J!RT7KIMmLCpmZ*>MV\'B(fn./0)rfa9f'),(1611,'x5Q\n D!r?hichP;23qR>i?dPEpqHc7>7*2Y*'),(1612,'x5K@>q5X$NhUUEKu. $m6xk.e?yeN6eu#>NmM3~HnL*\'5M?74'),(1613,'xm\n0%OivR< KV-K`BIo@T#C \na]N`\ZW7\r$,2[ %G>(-P,>H4^\'4~UKUESKr,?aX'),(1614,'xMM V+\\ua$m:@\rVax>\"yZv0u l,Q)\ZAC497<8S#4gM<|D;(W*OIy*b}JrG]\ZJz`T\nYJ?#V7=u^2Z^]g'),(1615,'x-\r@{q@BH9d+JNyjveuL Y%H*h1[-&*JC!4[[G*J?('),(1616,'x5Q@lmF,7B?\n]b7bf2OR<_F\'%BYrYxvE#B72$?h,gr7!OSg666'),(1617,'xm\n0%O?4=)E\\`Em7~%M5VWs5R	n.XuR\"{]R7n&TKh\"iYX@,93VE=\Ze&x3\r	]%_pqYl*ZCr,N=@hZa'),(1618,'xMQ D\'(jY+Rh`h5`P$\'znP&Fx[&0P\"HUBA]<fs7-!,FC7a\n+BnR5&+ W\'e&?(hc]Sw!8FJW4W'),(1619,'x=\r0EW<)Ej8rG!MvOmH/!Yf#/Bc,x(6x_GHp\nsZE-3INM#P1lS+=_99]kA='),(1620,'x%K0D(P+DX\"5vqw=~CB8H)7cGBY#y05;uK@vA_2F'),(1621,'xMQ D\'(DkY+\"X?w/h~-fB!P3mEY	BLD0YP\"<ULMF>tk\Z]r2Y=A_9BcA^ufkJ&D;N|JJ~X\r'),(1622,'x=K0DRMEu=2SagUqnH=3^<=[A#Q[-8 c}<A0\"nUan9:QTe~M]M<#\\P1PcWmj%I^Y?\''),(1623,'x%\r0Dw$;BVe\ZT;;qwOwz=~a\'g$^`dxG<JR7hbchn,s%w\nm$vOMa@P2cY,O2>'),(1624,'x]0D_@R6qb^Y,BpX!}BU\'Gq{FB`:Av,T1kp-m%h#OAP$D^$m8@{^Y^D-Kp6|q `O_BDw+=Hr<Yik\\Nmh'),(1625,'x5\r0]2EP(9DJ!v#8z6gIW$J*/g{p&@8KE.+iiv\'z'),(1626,'xmR]O0+\'\0m7($@\'q=VxIV8v:~/H$x6:M4\n-66;VGSuU.iUM9}`GX	=e5HClHOwlAN^**Na1HblRl]xMF?hyOgBklw1ZBC_ww{aBWZR>mq*[}Oo=	BY_,Rm=iHzdwDDi{8@#:#1HEkZ>GskE\02F1n8UVgz#+m^$g*/D?`~'),(1627,'x-\r0DWA+ :m	F|=o\rd{hbr#HL>fG^\ro3\0\n{A*eQfz0Ur,>/*{\0,'),(1628,'xmRN0@qA@DcJR\0=Ap.VL0rD^.IV`\r6^kL=-84 IQ?\\p`)2]wTlkdOOs-[@O#[\nd@]V=!=%rDZ$Fgz$(#}^vMhDn>ce6m?q(KxG`Y\r>A[\\x^TQkR\r0u\ZcTGFwzcCw-l?\"x6cl?eq^\'fEy&/xEH3`'),(1629,'x5\r0]2#wX!R(dGbm\\Eb~9)}_\'6rOt[Yve6?]k\'^'),(1630,'xu\n0%O:4=)E K?$,I<{`ZKRVuu2#VeEFb[ %G>UYB`IrNn;r1i:\r7g[]y]t_d}oIea_Zd'),(1631,'xeQIn0JX*Z@\"ZAc	z)\ZAV 	]S+j\ZDg|\\8-;tyH\'rHz\ZD\\H&wlD	\r#/ %rxqY)6.~f\njldd \\+wxN}8Z&]Us-c?cq/F[d?+zt(|Yug1.:`L;EK\"p={P@C2zVzJw~'),(1632,'x-A0/ CRaM\\8cxA,h.qHAh,S_l|\0	WyF&MM*~5\'5'),(1633,'xu\n0EevR\\AtH$;w33`BHWm\Z\ZNSk*U\0H=> jS+L<4.iMQb [pPb\"M5e8ZwgX'),(1634,'xMn _e	BNma5E%6M{JAJ\r +dh&=^CS&\"w .HA4U41Lp9qMFz!l#;?K~,9dq=#43-\Zs\\R;}B~B0D3(N/hmnxJTxn;KV8v'),(1635,'x-\r0{q	Ma)\"!z ^;F+cy^/SL$^\r57O{(rCRbzM%'),(1636,'xu\n0%O0;q3=)E\\`EE|w\nz%Lf>}hFj5B0GWED-+g$Z@\"huIn;r1h>7g[\\fF?Xcy|`+~ZZ'),(1637,'xM10ER\nq/XE0 qB+b<}[BW$;H`a\'%#C\"bqaH8A$X^?{V5mt-rJ2^#V[,\\;KRl\"%:\\d;RMxrK/% 2iih8'),(1638,'xU\n0_e(v{fIS(Y1g3Wv	.Q\"dG]pp]&lnGyA9Q&0~G8<H|:0LQP+-h\0[+^oSD('),(1639,'x-A@\0A\rTlwwc;:S#EEFG8dkv4K8F_2MjkE[_YTS2y6,'),(1640,'xm\n0%O?\\vR< Kv[Da|0r\rcQ75Sz/U,\0{}C`{V|,4.)cGr#\ntNXj\\8BuxAi?\\i7?mInej^E0>3|X'),(1641,'xm\n0%On4;)E Km;-\'XGPmf?syt-0VE#G3`!%B]=QvW[v	$U !Kg?T*;!I.4_\'4~*l)CrO,]=X'),(1642,'xm\n0%O6q\"}t[`EE|w<yKc`FI}<@X!RZ:D= m)MY)[!%G>d?T[mu>B]$g/aISl6]t?`IeA=;X'),(1643,'xm\n0%O`Wq\"}t6H\"mO/-a&3_\"gn:\rB4>$o.EsrV..Y%\rIIY@ GB~k9\\mPsRaAC$GO:M+<an4.HeruqnX'),(1644,'xm\n0%OVq.;)El`E<yKI463I\Zx=[KR_#l\\4	,jj^Uf+Ub [5rNZB:hDy|@gi?\\%2.Xx`^[0?=\0wX'),(1645,'xm\n0%O?4;)E Kv[Da|0;mZMB_ lXT#%|F|,4.)L1{!>LZH4zyexSN>YF]>&X'),(1646,'xm\n0%O?4;)E Kv[Da|0;mZMB_ Y,\0{	}C`iS#LbJY@YS#9le:\',5l.zGr6.4r$2j5\"W_XX'),(1647,'xMK0D4i\0+,Z;N	R*t1ueu l{Q\na`\n:Fu~(\'Gl8q6n:9hOc7\r)Vl+F <eK:\'ZQn;KCig#>\rkh`kf/FhF^/h'),(1648,'x]A0E2&0P0IiI1 &o|+vh2AS\r>FS-<e3L6$?jc cU}]M02!J\0a2:\Z\")Zf57bZ>_R]'),(1649,'xM\r0DW<@E\nH!i-apRTM7b|mxBP^d }0t;Vr/opnB!T*+O2zYZ6.Po5'),(1650,'xm\n0%O?ivR< Kv[Da|0r\rcY5{:MB_ lX#%B`{V|,4.),bCr#\ntNXj\\8BuxAi?\\i7?mInej^E0>3|X'),(1651,'xm\n0%O?b5;)E Km;-KQG $~ZaU#G3`!R\"xOs-Z	]bR\n2d:gw:Zv\'|kZUfO97xb~\"^X\nX'),(1652,'xm\n0%OVq3;)El`E<yKI463I\Zx=U	n,>:H}P\\4	,jj^Uf+UE\n-\ZU9\'-uw!4@r<>3VufOGo,e<LV/_-_x\0X'),(1653,'xMM H[H/#Fv.ZWax1>#9O[hFl\Zg\n;bPt\Z,Q7tn\r|5Eix\\$Nd#c,([.KH3G[UY__ e?\\=_\"_^6MVz#7-k'),(1654,'x-A0\n  ND\\Sqb)*4$&Ir^MC\0P$-5Scpy(+'),(1655,'xm\n0%OVu\"}t.H\"mO/~|\nVs$L|<{jtZFXThxT}%=$o2!%G>Q*+_mPwQ~C]$\rt3c.){Kr\Zv,57X'),(1656,'xMK0D6^[UD\\jZ;N>+GEQmmDp<Fm#VU@8&!<gM<|D{(W*OIy|-RJ<^\"V*;z&NPQE:_T5\Z!rMSElteivihg$'),(1657,'x5\r0U@T~F`Z	^F\Zz7KFwq1pxTby\'SZ2kimX%TPLo+/0'),(1658,'xmM0FRj!$Eu\"@ifl`\"$qS)<alFpCkNE\n[uZ\"p84R/iPDtYy\niUbp=MI45YLOMat$irua_\r0;zxZb'),(1659,'x]n0O@JN;mh+ jHP&w)TE;9>Bc&h6!wni-JLpvm\na><\ZOt!JE<=Rv1tSEh2IK\"N2\"\'me9M#>U~OP{&\n#>?\'Ers^H]ij4'),(1660,'x-\r0WnR\nC ?>!&Y4	!0Zm\n/Abb=\\\Zf~En-RZ!)7~W.E7y,'),(1661,'xMM0m`oYYP$] I3&T\nU<^,thn5BCiA_eXanW\"OKf`Ce\Zl]MBPYSIX[ccB9$8jbXC[OerS|,d&{miZmXj'),(1662,'x-\r0Dw\r^RGT\'Td,;{^8F/d=I/_&\'|dj>AnHe{(9Mo~\n*'),(1663,'xMM 	\\[)JZCdaMyx 3t9PvCa{Q HU\\!L}Xvz7&hlR`Zy\Z|r2tMVJBe-RJnFLN]y{r6M-m\ZYGfUnzw{.V;K+SKbf;cgp'),(1664,'x-K\n0C2\'ZQ(#NwmMB#n\nIXAtiU+z0}94QG+>DzMyV%'),(1665,'xu\n0%O?4;)E Kv[Da|0;mqZMB_ lXT#%|F|,4.)b G=pP_\"V,4o~^3`|\\g|aEX'),(1666,'xM[ E2+*CdIt|~{F!Pd4D.@c1\naw&0XP\"uy-fC5Tfhg~Lw8t9y/dh@1Z^>HCx$T*+Jh?.T'),(1667,'x-\r0{\np (Y@$8v:p,>	)@18>e%/p 8u:m	owt6Mi+?,'),(1668,'xUQj0`XB	>alI54><3;3Ar.oNH2bOb(].dI<4,!k;{*SLw#\'\Z.\",rSq9^uc}[_M	z1KGtXt{:l|Se@gc[sa.R~__{\\,)\ZG-_\"WERPVy3_\'GHtGb1B>3mEfL\0<='),(1669,'x-\r0{\nPX@86|ts\\c1<A19d!/p 8Ac9Drgw76S&S.\\]CL~?k,S'),(1670,'xUQKn J*CMvMvi!3Q1\0G\n7sJ:p2Fhd!^k1L\\|u/j]e)It_]5x\02BLNTY-@5\ns|H<\rXctl+:Bl4mo{\0}~g+14\rrp[<T{(_5aoiXzL?OS>$fN[*X&EoyD0A(,?}'),(1671,'x-\r0CWA7A\n>NJAlsb?e?)b9d%/pKSGNkq8\"rwv6MiD)Unn+?91'),(1672,'x%\r0DwRX!J[YG.cb6Rx6~IFoBI\n;K[+\\BI%xwBB+Cs<Jf,{Jf2I'),(1673,'xMAr EXM|% L&wpi\"=2aGx.,xR?&4zAK	FY-\ZUn)VC+Sm}\0$J~XRdfh[\\c8K(S\rbN\rL ~/eeoFW\ZghAI/Exf)'),(1674,'x=K0C)(#p\04J\"6m	&2z?$^h=\Z,{\Z4tAxY]+EnHmx\\#I4F'),(1675,'xEQ\n@D\"9wnDH7o->3(MUpIIWn8+]lC\0U2OB{|e4J5O}=/\\'),(1676,'xm\n0%O+k~tk`Ex]OpoFHaFpUguBK&{}A`%&)e\nYr>9.RC=\n|N\\j|<BuxB.\"<6rNpb#W^|X'),(1677,'xm\n0%O\"}t.HCx}%QXG0f7h;eVpT@E2Qrwl#E!&C%?Ty,\Z!>LzH.4_zyexS6X&]>X'),(1678,'xm\n0F%OE KLs\rM0oPscw6<}`NLfwFpsZRL4PV #O!4:lbp\'9cnHr=ji6Zq1fO9:kwd$3;Y'),(1679,'xM] \'(?^f`\0.4>A&3*A`7ytw?Q[8jE5hW=Yp0Qm#\"HrD&Q^w.u\ZAvKt\ZDW>RAAIh\"2q|k*D;_vN/b'),(1680,'x-A\n@u^AR\"4bf!H{?3p?&](+Rr u 1YK@\Z~$PJG.\\$]E7<L('),(1681,'x-1 r/YD?LX.]L\'G;y3\n@b$+flk($%g4Gmnz4-\0\0('),(1682,'xMa PR+14?ewfj)?9C C/#t\ZEyrDejx0krua	hK|42l^lq1K*m*J)R0ol@p> aS<YK8=TZBV}CX'),(1683,'x=10)Y$c;Qjf\"^oH#s>\\\ra\\.n9)&A-$j =zk\''),(1684,'x-A@b?xJVYTUJ%\r>$I[+w4=}d1KEWSi*LVj1\n)'),(1685,'xMPAn XI{S=F(l\"\0lgl#ywwkA1\0aB#H`-Yw`?msAz`v,3	u\">hC\\ic,oE]J\"\rvhRwa#*uqx[Ru5bB0o|t{Y\'R\Zf(+]S{>Nqt{!\ntB^+\"y'),(1686,'x=;0D1q$6ed+XwQG{/|\r$I9aR/nh!?e R=!oNqR$\''),(1687,'x-A0RT6QO_G%#Es|I\"4BmAo\0Y*yivf}/Z=)'),(1688,'xMA E2h,N\Zc 5{3|KB3@|ar)Hp&.m\Z.psy9U-\\AR]-qZKT&KCS9\'6\\c:z>oi!VwrTW7/\'BcDD0ZP'),(1689,'x-;\n0N`4n D@>bk;NANoVkHYQp?6q!@u^	\nsc5n(#'),(1690,'x-;\n0\'p\\A,kE b7O@zs\0\'@	}M[8m\rI\n4OC9<QnZ#'),(1691,'xMAn E2l<@Wvi@QYDU^\n4\r!W$O-Lr#Mw^HT.,]v/y38L&-Y>xtMVtsEoZ+;o%D`9w$IQSk5*c:zA6~q8JyZ~l'),(1692,'x-;\n0N`4J\\A,k@>bk;cNP gVvI[t@sPd:9co.#'),(1693,'x-;\n0\'p/WZbE F1v5\roF^/r`U IQ6A^~ N[$a!Zt@jTo`#'),(1694,'xm\n0%O4;)E\\`EE|w\n%|l%X3Ix2VpLoA+eCs^_l+M)d1u\ZA(d\\wQ~C}$GO<(XT9]t?k`Ie-iY'),(1695,'xm\n0%O4;)E\\`\"MO?-\Z$|<G\\#D;8C\Z6:<oT}%K#e)FA GB,~ijVB1rdz\ZR$9|4WK\06gv-Yy'),(1696,'xm\n0%O4;)E\\`C6<yK>7[&05;e7!RWF&A=\\#8P\'W&R(+#cJ\rPo6.HN4\'7MyeQr\0~>\\9\"kY'),(1697,'xm\n0%O?Ng>-HC<yk>&\nk|BOZizM\\ E|3%|v~N|JY@YRf {ia{pa;-	E^pe(`:z;jtbZnveaY'),(1698,'xm\n0F%OnfW\"\\`\"MK\',.%hfIy2VpmCkF,8]\Zk&jQ_4ZP.wQaC}$k>h\"`08c9,x6\\Yu'),(1699,'xMPAn0_Pg^3aP.l04]rA$%kH_d`?T`nXQ\nfb*V]j4@3p*	PLIQ8^b#JoJ2	\\B*$/mL1|riw]w$[Q=f9>q[A(`\"Y[L\0E\\s'),(1700,'x5Q\n0DK+Hll$w7\r5<3_\"j=~E4:2\rh9$<2LT:6ByMr/1Ilr`b2x|8{'),(1701,'x5\r0EW<)Ew@EMgY$/_{-xDJ3!@QS<\n` ,ye!5%N\"$)V/`uhy}-o|kW;>'),(1702,'xm\n0F%OfW\" Em:s?\Za 	{_s4jy)Q&0>)4[e)eu!l\\\'}B*@r4k2o,?<gw	4X'),(1703,'xm\n0%O?4;)E Kv[Da|0;mq[ZMB_ Y,\0{	}C`iS#LbJY@YbGr#\ntNXj]8JmxAi?\\i7?mIej^E0>3|X'),(1704,'xm\n0%O?4;)E Kv[Da|0;mq[ZMB_ TE,\0{	}C`iS#LbJY@YbGr#\ntNXj]8JmxAi?\\i7?mIej^E0>3|X'),(1705,'xm\n0%On\"}t[`EE|w<yK(l-W[xp<Gh7U+CpYo B	5SrOk#u$deuO1U\"9le:\',5l.{Gr2=.4rv$2kZ`|\\{|X'),(1706,'xm\n0%OivR< Km+x}(l-X3yt=k\"x5]BY5Qv/&h%IJ)+%c6!IN4tze*O\r2X&^_wL+wO/,4X'),(1707,'xm\n0%O])^sAm7m;Dao|\'[MB_ 4m,\0^3%B`{~^,4.)fSAr-\ntNXj\\8hDyz@7i?\\i7?eI.e$X'),(1708,'xMPAn0^Pg^+a.,w0dII-*?@>)t\r<D\"LE5P2	Q6s#J\"u?-TluL(g7+w3F-m\nc`.WP#$gY5Hxj8r'),(1709,'xU10Hd)adsD=\nfgW|\r(f\ZhpF]4\rD{$6T{NGJj~\rq<rQdeR|2'),(1710,'xEQ\n02r8k.u\rDAx/f[|#Bt\'G`Mf@fJ`0u?O./0!\Z*?CNB=sRV&%$WZophBt=Q!nrq \0h?'),(1711,'xm\n0%OhgvR<mAm7m+x}%%X_x<Gh\"x\\aR\"xc\r:	}bRV%c&\rXsRnA}$\'Z~EUS2Xf_-^x\0mX'),(1712,'xMQ D\'Bw\"_,3ogG!c\ZK(VNvC\r,W50wj#Vwl1rkJ525kU%sR2n r#kOK_1T#iN\"l\0U'),(1713,'x5Ak0R\n1;l<[kLS+XJ2\'gIo#F[M<cWPYSXH/P$ Gm;14N@	]=~FCRa1X0|\0cKTGp2	Q +3n2g{Q-\n:D*\rx[Ib<=Z._AS)1oM'),(1714,'xUOJ1![(-UxzlL\"G;c&\"!7o^)$iDmdX$k)bBu{,JNXIP7,:!?@5/T3*sV~d4Bs0A;3<XZC>Z2V\'`2eti5`:8[%K= 1{q.W!m(0qee\r\\}B>bhhj9;/'),(1715,'xm\n0%O?I,\"GNT-Kb`DHxq`zKR_!u;erb@^hJ@ K|~YnhB`ME>\'-u!@r4>i.UgOE?Xg[v;YY'),(1716,'xm\n0%Oo.;)E\\`C6<yK-XF05[a\\`LgAJ*A= S+S&R(+#cV[mpIK]Hu1h<OhobB\"\'-e8<w}b\0Y]'),(1717,'xm\n@D%_V6=)E{A\"<y0/\Z_\Za!	\'-h`zK\\!T:2{LsA`?8R\'WO4EC,9!9f\"h\\\'uw!c 9r4]\n.~$2[tYK'),(1718,'xm\n0%O94;)E K6<yKI6,IXx<Gh\"[|tBh$)5:2BY@jA\n5|NZB:DyC;~?\\*T<.~$2[vKYW'),(1719,'xm\n0%O?.;)E\\`EE6<yK[\\!$akw<@Z!RWe&D=\\#8P\'W&R(+#cV[m.HN47MyeB]yv}%WEP_7O,YO'),(1720,'xm\n0%O?3;)E\\`C6<yK[\\!L$akw<@[-B0Gerj@^hJ@ K|~YA(d9ic>M	MSl^pYPWy]t?i`I.avY]'),(1721,'xMK0D4U[{VlYVQEIX qHlG@U!q`=c[5xEkJqf<M$1k;4uy)^l#Mr8H,Pz#5/\'q)N@</\r79su4ntu\'hP'),(1722,'x-A0mEG<d%	wXkywSwxZd&l<\\}u6LSh7tT+4aEBt?V=hD[WFS0F~KF|;e'),(1723,'x5K0D|Cp6^IqwV3z!mxG(4syI([4Xsa\ZNhP_W;jl\'\\%jlOyD]rGt/%4'),(1724,'xm\n0%O?xsAm\'KT-Kb`DIoqltZB+-erjcONhJ@ K|~YZlB`KE>\'-uw!@r<<i.UgOG[p`yX3eu,YN'),(1725,'xm\n0%O9u\"}t.H\"M%|_$k|K$L|\r<{hFpLgAZ:H=\\#S+S&R(+#?ZlB`K*:b 9tsbBjE2XFk^n>w}YR'),(1726,'xm\n0%O?ivR<mAm7w[Dao|0{my\Z=Sz/,u\0D=>\"E!&C%?lSA9`+,9aa{p;	MX<BYy6&\'I%*_WX?\ZYI'),(1727,'xm\n0%OgxsAm\'KT-Kb`BIo-B0G_ Tu{L}Y!S+S&R(+#cmpIK]Hu1h<OhobB\"\'-e8<w}b\0bYU'),(1728,'xm\n0%O9xsAm7T-Kbpor0r\rntZ~PVZlxc5=;e),9!9fUhQ#lU>\'-uw!@r<<i.EgOG[p`yeuYM'),(1729,'xm\n0%OwNg>:$vciQMO/$,WI\Zx-0nFF bkS_n_m)M)d1B\nA(d\\sR~A]$\'<PaI{Kr,5l7n]?Y['),(1730,'xMN] KO0p?+,d\0{0~$2AF?)	;6xKV~:r2;(?g{T\"keb^.y&p(:.TlrZ{agS	O\ZEWU'),(1731,'x-1 ~`xwQaU`@	dJ[:G8^AzX}.r;H) jOb&'),(1732,'x-\r0D^Aq9x+6(XFo~aix>%q7X9q\r#hv^}}8P(&r-!Y+l[*%7('),(1733,'xm0O@EIhL6nxXGPmF?rw5wP1Y%x@1T`!9LE4^bvZ:%4IJI!*C C_5Fb =G59qew&x+U%iSp!giugvVX'),(1734,'xMQ0D\'\r]`4BC[bn_mNfRfTt)5akF/BT08Q#:l3s\\!t&}K~N\"[Q^d;)%7hq]e%t#CkZAAa,5lx^d#69V%6Mc'),(1735,'x=A0Ml<45(M!*nxv\"&P3,~7@y:WiGku2mX5=]:95\n/3'),(1736,'x-Q0C2dxh;D3!ZJqtF<\Z$YB_usLr\0q3,PVotr-cLM;?r/`'),(1737,'xMN005]5pogB8m\n;9~4\rE9``A!}``0abJs.K+^f?9igQ}l|X^c} Td6nmB9|Ruem_wf\Z\\!}Hvw:kYQS{JIo]sp:5m'),(1738,'x-Q\n D	]btC\rj>BH1o`VF7r|I@+m+!G9Wf8wOWf>>%w\\}IN}y;=	a,O\\@ly-&i;7Q'),(1739,'xMQ\n@DRr]NJ[1 .\n~01\Zod:P16()q-z6\0\nkAG)t|sa^EN[e?3'),(1740,'xMM T@8U]F5LRa@BVF{~<{\ZZ!P_zF;OOQ XS\"Li\\w-!pI2ObT`_ :VdY>6ytiwb8rc~)?BS#vmmMg]d|W{Y=o'),(1741,'x5]0XkJK`w>d/\'\\[cm0<&Y*uc<~W[MI?Wa@Ec_8R4+.)a%hl?_8'),(1742,'x-K0D>\0jE\nqw\';4 DRQEJf|.!D=neH%gM,B*N\'~60'),(1743,'xM1n0EjU6}NY;\ZBD](zRf\"#QkN-Ik8hp@}|	\r5afoy-\"))Cwo{	,tK1Rz8_{ n>Xy%2-C]&wiu`tosnd\rO!rBxSU?\\	ZYc^Tgo'),(1744,'x-A\n D\'i\rw{c&bT,B1o`hV; #`FlG_zOB	w{~\"7?s)&JPGZR(L(#-7A'),(1745,'x5k0b}cxw_3V\\@\Z\\+pfk|_`Av#(@wI;KZZYLIX>O[gh20>_&4,'),(1746,'xmRN0zY.{@q\Z\n8V>>QG!@*lga ,R`i>+j	clZ.\ZNfX?2J?J+U{s*xzO38^Oa22B;Z*1kPeZ |>r\nk$.z(9gyck;MY#&/B70s/d$#T-g(Wx!qGl!Q2m\0;{s6p\0#i7ejQFOsiV~7jqIlcI\Z.Yb|'),(1747,'x-A04@Q/ `I{f1@o.:eG\Z@bRFhufHt\rTHG-.\Z.Znk1(O'),(1748,'xmM@F\0eqmqOiL@LW?\Za 	w*24j@Z	=9j2LY@0KLA(d\\!H.4\\T<SaUI[KrN,56	?YP'),(1749,'x] 8ijfinQFgVs=\0mGHQO`4/\r7r\nOt}Lx5%i9@90167\\KXWwJIr1CeXmyJRK\n(`>MC6C*\n3WgnnuOF{;|;v8&?Y^@xnEOB0|vSH,~'),(1750,'x-\r0[AWv@/\Zb1kG+^\'\n$\"^^aA5pa@TxK5B.rm+h6O~Mj(~'),(1751,'x-\r {\ne[}\'J7tBc(]8$@\n43Xs}OAr{+\'Pp;49F	YZ]n5mrdj?1v'),(1752,'xmQ@DD]~yc\0Y1a15t\ZfbS\'iM!$u`<!HljrAuw6x\'jw@HJO\r[JeBFoI$S>j_iM/f8aF{&Z~I'),(1753,'xMM 4isY*BIh4wCgB7!Xgo\r]?D+[6CAPt^-nWyy`x\\$G/2BPyJ	UKl\Za Sou&M*y_!\\]u>\"W^6m[}86 gk'),(1754,'x-A\n0\"#\n2ga F1$}cEu1\\	+a%$AV4ouTU!jKHY&wN('),(1755,'x-\r0]<A@B?8?Uw\'D1A/a#@b;4_pT8K;kJRW{P|	k+'),(1756,'xm]@\'/` 4f#,vpw[xo2te,38&#g<#HhjRAlp\n>OZW	!n=5[cl)\Z)b**&:zt\"ZB\\|^-px_VkI\r'),(1757,'xM10E\0+c5ZJ!SemP)|FT;rt\'z16fI LX!4:7@d)kS-%!rBPJqH)\n34nbc*\ZW\Z!pu%(uko+fev'),(1758,'x-\r {\n![0 A0?c(\"eF\'P3\\4gT-h,LGK[\0$'),(1759,'x5\r0]<AS%\\v`*%dTb6b@DLQ\0u7<AaxTNSsmlG&Pv\0h(Z'),(1760,'xmQ@DAW_^.@hFXF_o2te,+XKS]k	Hm> \rNI<!ysg-0V H%{LmI$bhiaO3pWF{&Z\ZI'),(1761,'xmQ@DFD_^.@hFXF_o2,86#Vg$t#)OP:*\'mjwB@-[Ja@&J3HLwu[=:t-e!/f8aWF{&ZI\n'),(1762,'xUN0O-\r!$$\\YYI?iIS?;_L(^\n\rOlch56UP!0j:Dhr>woR:5!O7EeT28FmOZ)z/xxL7Vl@,v.\'7@@FdwSV1nI-UTMGx'),(1763,'xURQn0)@4[Sta`k%QI&g|Q$G>Qv%|nak>e;\Z|6tv>N0Ss`U	}q^@X\rQ2|UXEU(r0dK/6D05ck0H99*_j\nPO)-pJMXJ\'(Bq\rRGwTa\r=_,1Jf1-s6^ynD>2n&h|cl#FrRJvXBp6*\'\\}`:=fxw'),(1764,'xmRn0\0CR*uDV$^Pd{wvf<\n%lVlEg(RvvE`I7<`W~?*6htOSUV{t2AVZ9p_i$Fpy!8Ml&S\rcci7`^@XTv\04+q\Zi<Wf1X VBZ[KrNxwjk\rmY{yD\ZaD?i<qy<\\e`::2h:\Z2FA:Vv]Q4E`%L4(N/c'),(1765,'x-A0`DSU>X\n	F<p:&P<HlbqG\Z)fj|\0Y5S/rUVtnp\0=|&M'),(1766,'x]Rn0@ [P+Ri9FVN@uBDg:(\'sYdFxrRIi\'w2Nr\\F!Fx`c)4\'xbB4x/l\\v,}uc:CA++ZBis;5~\'Nj\nz_O\n=I8A&F \n;F*/X?40u	0c EorWYO#M\\\'B0E1-Hk\Z%.#moz3\Z\rTqhx=)8>dY:dyly`d)\'eStv'),(1767,'x-; \'q+{&Dl\nz7cNA.fTU,:a@*o\rv-h/8S\'3%'),(1768,'xu\n0EemuR\\AtH$;w33`BHWm\Z-Sz/u,\0{}^!jS+L<4.iMb [pPb\"M5e8Zw\\X'),(1769,'xUn De`	[UETlmB)icP	(*6|f{=B\na&I/fJ!K+at%ClylMTIJ7kQca _w{`s\\D>Ao:nODia\'\rd~6ii0Wjh1>N4R5H?w'),(1770,'xEMN1(-7;m8F@.) Ehg{k<nvC{kS(=5O<k}:MwDdnkG&I=Ug/)v8}H,$&Y:Ekx@s498 s7r\\2DW/W!kZe,,L\r|3oz}vCH\r#nkWJM!,	1o_t\n\\JYJ\"vaqVw9B7dj#Ehc>l\r'),(1771,'x]RN0{	\n#+6V;Z!u4dggvvfcF~\Z-xEVhhDIz/aBIA)]JUavJJNd3D.m\ZRbf:-h0v}V<\0?vpA{:UvNJ&FM\Z>p#KH\'K3lv;up`N}\rr3S2yG\ZH|Y>.HaLC7|k4\n(Bg3Vtgz3MTCqmyuOK/U\"Ox:dI,8Q'),(1772,'x-\r {\n~\r=.A4b|dg\Z	((3Y&\njP_Re5(veF=&'),(1773,'xmRN0\0\r\n	ce%Kb5;)	dkgvvvl%9{<jX]JV/%KpBJ[xZ\"roDM`RE\0pd+BvNC2N\"nSGC^L{^WWZt7ryukjH4nZ#x=\"fd+m+oYmOeJ;\"O\ru_S#t00J lv7\n9()K@)v<9r	h\'CF\rJYvO?=\Z>}	L\\d$(=)@,DEOh+'),(1774,'x-\r0[@={ttC\'4Dxl&\\bS:CTrA)N\\QZ}tSc/%Wq#\\$\'\n	+<'),(1775,'xu\n0%O\"}t.H\"mo/~>D&>|=hF\Z!R**Hjme&yK,9eMSb K\rtPpLLl-i<>K07#X'),(1776,'xMOK @2+.\"\0];Y\ry?\ryS=;\Z(\"LW\'l.#XSofTD6)BHrB[aT~UD(g\nu<ffJC-ts!p[sM]/~AF\Z#7]g'),(1777,'xMM\n dx6]!B\']t4\nZ(=VB	!\Z{3$j?YHlA~v?ZGn\Z\''),(1778,'x-\r0CwwV@D{Cl&,Gl=?;ZPp#A&S6 YJP{`@\n.2,?X\'eQ=n\''),(1779,'xmQ@DQ_^/@v1a15t\Z#,^4OZxDGr@lp\ngur?:.[JeB&E`I{GOb-	~+=j__I'),(1780,'xMa q2vBS2&P~^_,\nF \'-z52Q4S<4(NSv\"`WBKf9R),_Tr5ew|+L)e\r.m{bOT\"Z]nAZ[);?7hZ'),(1781,'xE\n0F_%MO^.jJS^%|9#LGqg;ao6R&\'Tsp/1!lz^Xh\nEH6xB6&Qdim^.	|)?<'),(1782,'x5K0R\0\0!N\Z=o3.	`hr\rv./3)D@V5bBxW-OlsK&R,*3]'),(1783,'xMo ?!)Om}GV\"\' n=rt\'X!t}jX*rt\ZBB+Cl=l-9eP$@QQy(*#Z-BPf4NGT=BS]-/^7-Zx'),(1784,'x-	0Vd*0}iAX:H &m\Zx7D\Z$NxDjsVv\n|H4p.d/MzC_)X'),(1785,'x-Q@0D\'PAXV|0Z=\"~0HG/0dpl@w)/\'XC*]z&=>/<G&6'),(1786,'xMn PAIq0c\Z7FIT4Gz}-J?@ GWiz\rFl\Zaf\nsSMoH;i	v7$7!Bg}YY-w9%EJ.Ln1u:#6Y4gte:+;_h\roY,szGFTDD-\nVNly'),(1787,'x-	0Vd*0 ^,`u@L&1iW@<j>:@ *P?Oz@sk]2)7)F]/)['),(1788,'x-Q@0D\'PAXV|0Z=\"~0HGn(0dpl@w)/\'XC*]z&=>/=\\&9'),(1789,'xM[ E20EqC@Nb4{G8pr!m	(:_D-}M=Di\nf \'\Z97Msp9X,M*K-VC\r!.s.jJHV0+V()c\\)'),(1790,'x-A\n0E\"sD\Z?n\n2&u?=yOn%Mo]BxBT=}^nAm(.*4qkxYVIh?4\'M'),(1791,'x-\r0D[A[{B${XDtN1f8csxLN`/UX:#jr||aAv(StXG[hB7fSe=\Z.'),(1792,'xMOKn  <Bm\n{T# fzyP\nI!O`drL8 <l<\rG*)N7yF;jvL#6\ZgQl)-F k%`7;\'ammmfRV.u]Q6%e'),(1793,'x-A\n0E\"sG?n\ne)b\"Mp#]{O`x>v\"c6\\>]<|W(NA5[[taY&.O7\'G'),(1794,'x-\r0[A[P\02V\'\\l\'4o&wS&w|8rt0.7n_8PGP{\0=Dj-y7jLMi/d6V)@/V'),(1795,'xM] RtC`nb4{QYzXkPAAM&C:yBQBl%;u4o\nNNMO(%	f	qc@k^#ATJ5!$f|y3NQ*%J^A\\+'),(1796,'x-\r0^	)\rhX6 zno~[DrHVaF$Nf){D	jktgvr<K\nZq3(qX/('),(1797,'x-K0Ex\rQ7X\nIQ#[]Fa~Ku%p}\r \\|OrmA7T7]Xt(\"'),(1798,'xMOIn0hqBk16QU$P{enz\"19gF)(72>EQ\"S\Z\Z2Wir#?_Ha!?8WUF 8W/,S)J7?i2vl*neF]K<No;>kak/e'),(1799,'x-\r0]n\nX:$N\n	\"UwBl=Q9u\"0ue#$N){Dj??PqyL%6p3IzSo1('),(1800,'x-\r0]<tBpzBd{?0%LW$*1W7Gw=cA@WT\']Xt(%'),(1801,'xm\n0%O?xsAm7w[Dao|0oG\0-c\rSz/u,\0{\n}^!i?P\'LbJY@YSslVXsRvAw$g/zyHlIoMr,VKU0#>~\0Y_'),(1802,'xMA04U\0\'1\"(Iw@OvEPUN!welt <l\'Qa`6Fhty_fM!sXTr6)bG8GPeX9\\V(S.La3d!N\rGz{6o_]mMmRg'),(1803,'x-1 r/Ki\0\Z3]0V;wvc##P6	1B]n=B(|8N%g#Yw%T'),(1804,'x-; \'W0([l`xwXq\'hU\ZIP\r=\'0>/H@\\q\0;/_rfb%T'),(1805,'xm\n@%O\"lm4H\nM/\n\na\"	_\ZhtZyTTxc\r=;DS4,#2c\ZA(D\\:cPmP`A{Kr,5L7n]?CYU'),(1806,'xm\n0%Oo\"}t.HC6<yK-XF0-pf!R/-{J}A`FbL4PV %G>d?T+-B!\'2:jc 9xPw4\nEgO:DYkd]}b\0[YU'),(1807,'xMAn0DWz5GC*}(=69Q]@)&q\nZI3 Ly~O>L-e+<0$TvyDij	8o9TCS :u+py5X!W:m0f/k+h;4J#0\'C]J\0i'),(1808,'x-10b.+N2s`jW33@9.?(s\nwqvn@og:pq<h.J&uo)'),(1809,'x-Q\n0D\"{F,;xY]1xw=1[0?$u\0$Y\\\'9@\0=/ ,}jV>63/;i*e[*'),(1810,'xmQ@D\0_^.@hL#,vpw_o2t,+<(/<cSy~.jg{<\"p4R\'7&R+h=64Bo3B}R+??\\M	n/I'),(1811,'xM10E4Qi{&V*\"-Jw)vrJ+mnO<v#S5B+<;i7rln>?rM<O#lH\\b[q/A*S\ZG\" T+1-&NXjb(\')d\r;btrM%mgb(6iZmhg'),(1812,'x-\r0D[A[h-V8-wiF=	sq}V%Rr !tl?cQ_$Ht.ae&{|$('),(1813,'x-\r {\n-{\\h<~k\'q)FP+E\"9S7-Odjv7X/E9gJd\rELnv@&b'),(1814,'xm]@?,v!^,\ZmNt\Z< ,^8X=	AB7RwGgS~.+1r\n\Zi$q\r5HL7u[=:t-e!nhO/px_VkI'),(1815,'xMO |Z$O;L[FBcOIv7&DD[~K1$eIL:-#x!\r$,\rQ{{Zf\"x\"(i]Np.5oYkS2nk h\\HU^`1H%Tj)T\rWX'),(1816,'x-90C(4wxlQh@bGd.MA,O/(@Z?0YP\n a~f\'Y\''),(1817,'x5	0]n+J5=ZlDM\\)K,Jl]+P9HoP dvn[c!O~dd\Z_Q('),(1818,'xm\n0%O?fvR< Kv[Da|0r\rciNuZ\r@VGJ9]Z]dS2d*B}[a	K\ru\\h/h5-b\"M5m8Z}/X'),(1819,'xm\n0%OYNg>-HdIQ\'o	?E/j0Za\\Am\rCIyR_8.J22l@<-~1%f lrNZ9l5E%9t\Z^4.=}mX'),(1820,'xMA E	*KCdIE`G\n hqF;2%6+^Y\'\0%IYAb0i5H6I)#-[MWHOfLEX\n&#1Vs.1Zs#us.H7}vCjgoRRTg&}\0&f'),(1821,'x-M@0NB. [?wX73E39;d%#P5	c!{B\r]b%Pjx,_SrZv@f0\r	%'),(1822,'x-\r {\n[0{ 1.7c&o%APz08pT_Xazl_(\\,%;Q|Ndfs?%!'),(1823,'xm\n0%O?xn,-*v[Dao|xZSz/u,\0^3%B`;h?R\'LbJY@YS7hc{2\Z{#9rkZEfO9x;jtdzG0>=X'),(1824,'xMQ D\'Z;\nV7E4MS}3F!Qdh&:elTQ!!LL=JFC2JlaX-%uv3M^8B4nokB`;g}\r=C>&v-xI**U7R~JX'),(1825,'x-Q\n0RX/g+Y__13%y$<c\\s{PU\Z$QvSE)\''),(1826,'x-	0D{\n(IbuMD<c1=nrXd\'\'0u\n8pt}\rcyL|r*Qu;$\'r{^@&K'),(1827,'xmQ@DQ_^/@v1\Zt\ZG#,$^]\Z\'ll4:C88\\ms!q?:XJeB&b[kmhT;)G\'-bV-	~=n/I'),(1828,'xMA0E2\'W0	2-c-hp7*@`ZhjON%BSAGFZ%$3matlzH^	GQ=@Kr\\7+;`{ajrOJ]\\:%}\0+`R'),(1829,'x-\r {\nh[0\'\"k\'WE%NW~$J|~}Ar[(`Afg+,R[&?=a&8'),(1830,'xmQN0|5\Zu2F*I6XO}KsygW5[*YB\\\ZzKVf\nv*[#b0|!Ym~ AP{$9w.Y>TGmyA%P{I67Dx_ywy.L`Fw`n|Nv}_lw{L\n9#OM\\;M	i|71\"/?Ww:21>~C.(f~A%6IYl& L>'),(1831,'x-	0{\n(M #O	bocWNK\"t N=O\0R\"%&u!fE&'),(1832,'xmQj0@eu]lkqR6cOtZ}ZpaoJ4ZfZjxLW(V\"0bA\r[v&%` td<i1~t4!l	T^4\rp-I\"\"/}OKn]9GU><SAcR X\\15ApE4R0x^R%5uUOkT*|.?fp9S7B(>SyTL'),(1833,'x-Q@0\'B\\AhVz7J0 ul&pMB\ZdA\\IQ_{1\0&'),(1834,'xMP0@Fsz#JZ, $7dkf<PJ	(h]l,L\0*RFjoCg^Xf4te%E\\C&R\\DSby@3@Mx=nz/ncS[<S]<;\'GG>8`~5!OrT[\Z})R+Su>1bR*\0s|'),(1835,'x-\r0{\nbHZ.pA?(J7tBc+\"$upwI$4o@~QkIl[.[:uZbK9Ss)'),(1836,'xm\n@%O5=)E{AE[7(%of7sx-0u#CpZo B\n`(iOal{jwIt#H!>Fr-N5l.#9|5_p+tIejXqe\rX'),(1837,'x]An0DX\nhQ%CbEcjh+E$#{;Tt/xT!Le!-{V9=tk!/x+Z^mL+r}UX%N\n\n\rM_=O>CL18v0|WJw;#?a)s+1ih'),(1838,'x-M\n Ne`Z	j1$(7\Zt@[f*|?P_U9GZ9]@zd&'),(1839,'x-Q\n0\'h;xIuF~wW_13	_HQb6^!)?d)sCMbe^JW8rW)F	5('),(1840,'xm\n0%OM-;)E\\`EE6<yKIn-Xf05;eVA BUhM5Qv/76I\nzE [\r9ic>MSlp|Uqv}%WEP?7?,P,Y%'),(1841,'xMM pntAtzU2{I2@0<im%\nEC&UOm5A]Vow _7\" JJF&p@*}0F:N&Q|,rYb^Zdi\\nS \Z\\'),(1842,'x-10Y!mJd8B=JIifd(pGAq.Pk/I/hxij3)}Omv+rQd\''),(1843,'x-;\n0N`7WZb|E 1v5jp\'H,U@sPdah_-XgwNec 5q#'),(1844,'xm\n0%O3;)E\\`EE6<yK[\\\"L$akC-\Z-B0GBM{L}F`VbL4EC,9!9^iQ#l|NZB:Dyx@?\\*_Ty]t?g}oI.efI>Y'),(1845,'x]Pn ~?AI48/#*vwl]{2|1-h6wE83b^f4W6}WMS:(^RN9.%B\r32uLX{d*/G$Doqr!<0^uoYWkUEHn9k@}Dgmlk]c\\\0p('),(1846,'x-\r0{q	hRH\rAvvwzaN^nn@TPaz( R8\0a.=D~?u%'),(1847,'xm\n0%OMq.;)E\\`EE6<yKI,3I\Zx26e+ [|t\n*xMc\ru{e),9!9fb [\r9ic>MSlp|Uqv}%WEP?7?,JY '),(1848,'x]A0E4U6FFbYYAIX;NfoBcpIh*|9>ER*a{:aah+|!\"0Jyetj:u 2uKzXe>%I_64}?t0#YV%l\">o|4Mij][vg'),(1849,'x-A0B[n!>XrBUq09\"xh1&GAbRn;P<efKpTHC7Z9fyKN$#('),(1850,'x-\r0{\nbY8al/J7h,hQXP#Afrc{08\rvK&d}y,ft3=K^4)'),(1851,'xm\n0%OMq3;)E\\`E6<yKI,3I\Zx2nVpLoA+N`(W$DS\neYrCsLSk l|NZB:Dy|@;|?\\*_Uy]t?g`I.efrL@Y\"'),(1852,'xMA0E2\'.K&V0m]\"\n6yR\nt)ueh6(FBOG,Un(k\rBaLq	|yM<O#lHh82T~eszH,RJ<\rB=g.ZQud%#VRN/y~f/FR24>ae'),(1853,'x-A D`J#NOZxwKj&Xh|\n8I;=KUb=xA6a[|\'eU}\ri\rGmJ\"at.BYJ,\'?tb;'),(1854,'x-\r1{\n)+.~,K^nH\"^2xH\nWFnr L\r{L/KHz 9l)OYH[zZ5\\:jUK?D0Z'),(1855,'xm\n0%O6fvR< EE|w\n%|_$|	K$|<GU\'Ff %Bh$Qv/V6K,-#cVA(d9ic	!MSlpYI<.~$irvuYi'),(1856,'xMM 2\'Rm.NDj.\no]-hA\nfG<dElf0#JA?X*0q2_#=]d8#whqksi _smrv#4m*F4kO|S#oA?#vNaW#|I]/.^f'),(1857,'x5A\n E\"s*\r \Z]<<	3FmRP_H(R/hf>{\'4\Z{EH.R6y*t-	T_MMBP~d3;THmUL:'),(1858,'xE\r0]<A\n\"/t<8U47IC@<qPwp 	6zO%Cf]@PX>f0'),(1859,'xm\n0%Os.;)E\\`EE|w\n%|_$k|	+$|	<hU+ [|txNC5u{e)eMA(d\\sR~A}$GO<,<~.=dS}Yk'),(1860,'xUOI0_DeN\\9VQR$8%l\'[yP)\'T\r:;`Mc\Zop/Z!LU\')~T0]m_e\ZC!@[0KW!D9tL`?L8H\"D7^~hKB_V7\'B_eP'),(1861,'x-K\n Eo6oid{(:U3h\rl\0Q\n$2~Q*mrj-h8250i\Z4^;~-{^*'),(1862,'x-Q\n!5r<B[u5}MWq`(>8f0sgisW!n]C@J9l|~trH]R-s~)%?,H'),(1863,'xm\n0%Os.;)E Em+x}(-Xn&?ytkhl\ru.X\nSQG0?([v	:	}bR\n2dHA{vh+\\sRnA}$g.ZMKX2*O\r:YF_wL+wO/,X'),(1864,'xMO0~#(\Z4i\rcw;.Ss)Rvm(LAr\Za WA1AToX5>p;>i2/(`z[(4	\ZxWoyCN}${o|MOSG]z}{L8S7aCD%ZzLe`7'),(1865,'x-A0DAE&wzaN;!b7zw$3%ECrH,b\n7bEG\0uWywk,7}W]>_\r(W'),(1866,'xu\n0%O?\\vR<mAm7w/\n?a&q3G\0\rcok:MB_ Y,\0{	}G`k?P+LbJY@YS8 9le:\',5l.yGr6.4rv$2il*W_X]X'),(1867,'x]N0O-kef%SL+v[BA`n\Z+xE=#cN.F}j\ni0~.}m]G){$eH2lzl\"-Oj&~\r=%A*=7/?d&?\rB$?-	D{]iivV~\0D}s3'),(1868,'x=\r0]n8;t%N\\B\r;?x(A3\\//h 9?A-$3NU&7,OU,<\''),(1869,'xUQKn J\"OZJMe4F!`E{\Z1R9TxFRZ+jHtay<\nH+9O~{A2 4}$p/>VE e`kHkP)f{<\\o)z~K\\f+#(Y]`v	MZR]M/W~P#~9oX?Y	shj#K!r/)t \\H/2K=F9Vl	eBq.XbEY`tl'),(1870,'x-\r {\nG\"K`/#{_;	OvcNFlTb\'\nYP Uw{r$|di%'),(1871,'xUPn > U^z-dobT-R^+	43;;\nFm(uM\n\r[@H	 FWn<U]#lC3SAwIDi[?9\0aSFi$BE>br~c~W88	Q^4[0D7&lKT>~vnGsQy\\;QSg7x	Kg<\Zun\rg&A\nN)eYr5&&'),(1872,'x-Q b	DD;xCaezw)k731d0R`u\r\naf7 v:}\r>/;At\rHp0-TU?+(S'),(1873,'xu\n0%O\\zx-\"nl^y|$XSX!L$~\ZA1n\r5.X}RQEa)y\\qA`S#MEd?[]b =k5.Uqe6xM%Y?2E2XFLkwuT7oZs'),(1874,'xUOA0D-uVvQCR%!N<=M>\"\r[KhF\nU#\\CL]p~8Hzs;wS1R)\"\"YO.NENI%BC#w~z[9p\";xFn_f\\ia*m*iI/j '),(1875,'x-A0$HCPIP\r\'\"NF1b))#h3Ll@WieS_,>tdJ\0('),(1876,'xu\n0%O07JZDl^y|$b0/r`uguBKH&\n2u/.&J\")HZ@,95TBFZc-wui:\rwP\'-Ofg~~Y0\rAoZl'),(1877,'x]Pn0~?)v8M\ZCdMx%/M~\'T@oQw}BP|d9	j^Ac0]EB9R$6%B\"e2M.Ufvy^u,	zmFs: a$\',{52wJzc{dum%l\"^$+nuon?r'),(1878,'x-\r0DW<ASHL4bY4NwxFtx\0^pWt=G^8Yy!=nle.e{J2=e3yUSV_I0f'),(1879,'xu\n0EeJq-\"KjLIPIwf8gWc/r0/r\rRB3`!u:H=]L%&iKX@,9FU y\ZmN<jm}|HiCc|~EfOg~~Y0\"oY'),(1880,'xMAo0K0V;M#\"!(qh_^>A\Z~##(hG1`@-vt\nish#-\'\\E<EiA~\n=u@UWc$%\\R^qO?!z,papJecJ7)qc^Tpg,|~1_+uejigz'),(1881,'xK2.RILJLQ220.24RJIM+[Y)Y@9P	C+%Cmb\n*>DP]JjqrQfAIf~u-\0()B'),(1882,'xu\n0EevR\\&i$hIw237wV73w<h,kk:M\\ lX&J9m@.2I1euO1u#9le>5l.4#|+%^pYm6&\'Ire3Y\"'),(1883,'xMPK0KN`\nL\"diqg|$4;tYZau\"\\gEad:a``L.),\rW}uan3R+<F*K$sT|axey&,lk<]H_\"eaK{\n{\'b8'),(1884,'x-\r@{q\0\"IrCy D7@ikW38e@o:RT!\ZB$dn?E\0}TtM~?-E%S+'),(1885,'xu0O\0lN4qnQbxwiyk}SXK0_#L$nh[a4\naS`Sl{jwIZY@YbQ!9\ZlE\'5lw.|yGr<>0kX=bxS2XZw5MY$'),(1886,'xMAn0Dzl&/hNvG\\n G8gC$A	Pvw\"X\"iy?caOL0AGICm~o:Wz:6ZX5LJ=]>s@_BPXI\"ex~:Wal}Q9(t;{lI'),(1887,'x-	0D{\n(I Yp1br{a83:PQ*$Y3joMW=-jwcE{(\'A'),(1888,'xu\n0EevR\\AtH$;w33`BHWm1FFpZo E<R7l\"&4.iM]b [pQb\"M5e8Zw6Y&'),(1889,'xM0Ee__0>N\Z(07cw;Ssoo!h\r\0,={C0U>z0vop%-=-Ldm;]a\rv6K.gQeBe9n-RJQ59K4O7;OT@7w!G_YY,Li0$}c'),(1890,'x=A0mQH}pN ~OIUq_Gw16U	M*\r^h#u&%OTj xG.1jIW!=YxXc-uDg<x7]I8EFqG_'),(1891,'xu\n0%O9u\"}t.Hdi!{w	%|_,V,I\Z\rwP3<~24kW:j$Dey\nqK6B1ref.IN4\'wb<>Os$pvFq9YF'),(1892,'xMA EZF2\0.:Am*~\'A(NA>L(fDFKoX\"#DqDu	7OW [rNv\\x\\.,kVxmR~4npso+aLX!Y8#7V!LBVn\nYs`'),(1893,'xK2.RILJLQ220.24RJIM+[[)\ZX@\r9PC6RKM*),>$6<%k?Z\0(,'),(1894,'xm\n0%Ot\"}t[`EE|w	%|$+|	a\"wp5)Zpm	C+Es9|Y#p\\*\nr)9/D0 6=(ov1Hr<:u/i\"zGr,-pmYC'),(1895,'xm\n@%O\"lm4HMM&?f0oPs)!Q</2wOgApsZRL4PV #O!N~%)-Pn3BR\"K?l4{1mOg9:kwd}QnCsYJ'),(1896,'xMP\r0RZ.-J$-s\Zf@4H:VZt b/OFPGyu=MXpw%\'aLhC.R\'<}ZNme+p5RY\"N	:=*>2#>e{%.\rlkI_\"uekm4\rb'),(1897,'x-Q D\'w\nf-wfb%~Jzh5Tx$dn:Iwsyz5kTbA2J]>6-=?0)\\'),(1898,'xu\n0%OM4;)E\\`EE|w	%|_,,Iy-0j7v<DXZ<GC\nZI25FA GB}BaJB1rff6I4;4wb<>Kw$a2:oAnM3?u)YK'),(1899,'xUN0Ode[BH\\1YVIz&\'t*l}oEP5J!c!.Am|w!	ad_{LNm09L/\\MR6%\"HR\"[Qn3@ 0bI3s.h0LD-|:kzgz4{{	[hYWY1?HMkmn'),(1900,'x-A0$|rnCpz;!]JHAqsc0x$a\0y7e$ye^UXjmM%S~\0O('),(1901,'xmRn0HE4R46Wd*]C5;>\"=@AIe6:yY+\"_r{K{C.txmBXIfMCROaL5gyu)l`AHt-%q{i@vi\Z.J7PNw12Qo!\Zm&0zY	z.\r]+a|^UU\Zu(d/q/\'#]Q\0oJKNBuR?_	>=IMHV~+&YGOn	(YIs_ 8za|3SpE33p,.u0f2cyN'),(1902,'x-\r {\n8\"b8DNh`]&=g\\@Z\r7($=;oPK-3hyNF7;\0@/x'),(1903,'xmRn0PHv:[u`6YJEym0Gqj{|<(i%KJ\n\\6H!VA	%UL\"d!mB.Y{=\'S\0^OL]l*LSqYsx5!}\"# Ft\re*bCN$3QVeY]&	Cj,}l8Hrl`an8fg_B?Mo^95|EI-Ip:\"U mV10qEj^aQr;N|H[836>\n0)|7R~|[mj]Rw?~JV*s!,8?ltv'),(1904,'x-\r0[AWmhG+t#^;XWP\nON\Zgg5C[mMgR$oU8z\"*%,'),(1905,'xu\n0%O:u\"}t.Hdi!{w	%|_,V4K$|;MQ[h[GMHr@X-1fRGVBY@<8%)J6B1ref.IN4\'wb<>Os$pvFqYG'),(1906,'xu\n0%Om4;)E\\`EE|w	%|_,,Iy-0fn!y}3x4+zj%uDey\nq+TZbp@W=m/u)i:\rwh:W<>Kw$a2:oAnM3?wYN'),(1907,'xUPMO0/M(B\\YY#4NGlBc&h\Z|Xz?Bua`?1>!h\ZL9E#iTb\nZAeR:s(eR|<	tn`\r@{dy,xgz2n`U)~r26i*uuz(%kz'),(1908,'x-!C,\Z-aqD6z1@<k1A\Z+y@eTGn8ty(\Zz%^tbKjN#j7VLj.!'),(1909,'xmn0%kZw4*m-Q0\rM{9tEDp}3PPCcrYTRf\"O8W?^drFCfl8+0m^+[ *C76-%qlz1cdS!KW<]\\aBM*>fV&3=BFeq}+z6V0aQ9{44J4G!{yD3kA\n<[rwAd,~I/]\\3$vJ3s+f^\n)wbMk%3P\' \';m0>??CX$2Yo(L8FbL%2YQB01\n'),(1910,'x-\r0D[A[Al@uLqAf;bGi;\Z(yhu\r@\"^@cyCH>@JKQJTQ*Rl.'),(1911,'xmRN0@vJAA;mWT\'uDwOqfggvVs7Hd\Zq:[#!bJf#\ZBf-2v6#cTzwoJQ=x)3.1UDg7@34!}`|ZV![+)\rZpeGF}`,ESu`X\'r\\]tr\0\n4FCF.V{w20#W@_s: JM)`*?i#?\nN@u3Cka`=2iGv\rl0?{}60lm+@:}I:U8nBbW[&%\\9c/(0_'),(1912,'x-M@0N~wpyxR(60*5 7i\\:@e ;(@*oT4_ $:v$avHy\"(7'),(1913,'xmRn0PXJ\'[u`16QYDymPGqj{|<hi%z%%r\\<nOjN	%R7&\n58o[d\r?;)Uf|\'6-5W(.44FV\\a)U1wB$C.XX7q>e=\\pt_}-,<C-$0_}\Z(~zQI-Ip:T\"vA: uV|`|Lw@y\'+wfFXl1B{a\" gm`fS]<T8m[uYls)D!fM,re\0em%'),(1914,'x-\r0{\npB!49\'6CtC\'4ncJ$/\\bSipnPy0qCO%KuE\"9*'),(1915,'xu\n0%O?xsAm7mxK/i\Za$##cY\Z!Q\\WZCcI\\CDpvFRBY@<!R\nA(F6ESl\'S)tXg%?`AZ'),(1916,'xMQ0D4{[iSRy1+h\ZtGa`A\"]*peJ]?USiZ\\f~\Z\'9NTH\0/NP,{u\"08U/OS\"SFHha*w.5J:m'),(1917,'x-Q\n0D\'p[W(YbLJn#c53<xp441ww!-o;{PM)fiM\r[,Er/w^L6('),(1918,'xuM\n1g4])EqLZTK5>a I,1+BHVQqLY p<Q#UD4M<;6E(kT-Rx.+UT.ks\"po`OV4~&-}	\\7#Z'),(1919,'xMOAn0^PYZ+HT: $D2s-N<A^#!!\rr3]5e\"G__e|qK\Z9q5:svYgkR4p!XrtEi#R&YHh	FsVTCm|K-n'),(1920,'x-Q\n0D\'Z-vr []d!A7~|634r	\0UC<	bap1w VdqhiZr~)'),(1921,'xu\n1E%_`hR\\	n3;w=\'!$iS>6e4XBr&\0]!k\ru+]45[UDMMSeS2FA(%t2<p\\YC})vxZr);Or,W%pvg_o8Z'),(1922,'xMOA0_@J{^Y\ZBS%_Rl=33!p/:=JiC\rq_p\Z3l{5qy)%\nai8\ZM<}v$of:,=n:K?q*EJ5x2\\=+ck4-Oi_;rD6}m'),(1923,'x-\r0DwPXRj{;w\'+x\\>o)5j\\A\'qn(IFD[m:k6[D)y'),(1924,'xu\n0%O6u\"}t.HdiQo~XK#$qs>4a,m5!yaQk3xhrX\"p8Q#UELy\n[V!1VB1rdf{&I4;N}U9UOlS}~QP/`o:1Z'),(1925,'xMOKn O0d8wj\nn<k2D}y@ef+~\nZ}S lLy//xEPG}/jI!Pfr\'z2_3(QWrkc?6u!k))WP6%SM+J`)+smKS^\ZyDv;;h/#o\n'),(1926,'x-Q0bYak-\r?Mq7c\0:Wtn FrotA\Z0P \r[en\ZOKz8pUMVqh-'),(1927,'xu\n0%O6u\"}t.H\"o~XS#$qs>4a,m5!yaQk3x4w9P,8]\"ml@<-M+9\\n3pafm$\Z\rLi\'S)tXg%\nfo^o;Z'),(1928,'xMn0E_.wdG#2R%4@dk_hNWnAJ9:Q:\Z<Fcb%q2 KiUwfL:Rozb<\"eI~[iD\rtzpev_R]f*$? q\r%=m'),(1929,'x-Q\n0D\'Z:9BW(.bn~B2DpR\\y/8p1g VTEq3i-r/v)'),(1930,'xu\n0%Ot\"}t.H\"o~XSF89r\Z0Ee<w5<4Kg:j$v)!#O!~yP.Y^yy6ESl\'S)tXg%\nfo^o=?Z'),(1931,'xMAn0DTzl6!/hOfW\\nD[(ey_rw#`*~VML;4D9nN2=5*/y|T;7)Zp~%#|BC4n<?S_\r&VhIo\"et0%W*\'r<5MCm'),(1932,'x-A0(R/T.`oz.c>RT}3BM41B6j|7if.<SFrNq{)L'),(1933,'x-\r0EwM\r;BH\r>#~a\'$^abaBICt[~q?#RJI\nm$;!3.Jf,Z?ey\0T4'),(1934,'xUPAR0^P^9f4Nvf`ZNwfr/tKQ\"lO2nu.UQOI\'y%IDUt@ZTe\Z}!4W)J2K3:TUyIp8g	imdcMvl+etbm-a)L?v2XnuK'),(1935,'x-[\n1	vd$w7Y6\\@Q\Za%{@\Z5inn8aE(Kn5M[R_Nj=|-'),(1936,'x-\r0[AW6Z@Gr#mq\rvkG;\Z	/.>$QIu\rsCKQ5JHG?F.&I;GZagVMbSK(\\1.'),(1937,'xmK0D4|\ZpV\\\0!.P\"\0l?n0:ISnR!su`<\"HljrAaMxzW#\rKk2V!@#eY[7u@`I6H)D\'E/4_\'Wg8aF{\'ZUIg'),(1938,'xMn bq/YU\nhc!*w\0f`{M\'+&yn&,\0d`+R$v\'w@\'*hT\'``]\ZVnZ+pq,@kgX-E-)xiwp0*\Z.m!n{JW78Ju-m\nN@#NbFw	m^#U\\bO^XCOT6Sz@}I1}+zT=88=);imz:40}d9Jgq4\0Kp'),(1939,'xr _	&}&Jh:Na?`mh+9@\'EE6\'6eusw|oAs%nrvTg#@}vw!^Lbf[I	XTl_;BXKzUu#b6v\Z2bG+7w#(pVK-iM3u7%	6A_H`$T\\=$Wcff,sI;co|}	[?xB^:{Shh]o9\r&]\'%Ej4+b\ru\"KWI1y\'S(N!t~\"\"4&JXg7HO--SZ}\rTXs\ZDu2qpT yP;DJX_;;{(\\A(jhD\"\nXyJya\"Q4Ja7T1qL}Si{T\nX|$@YCi 6Tf)bCMiAhwk*qcm_?.'),(1940,'xmr _}g$U/\0\"t M&XAjE=VD\'REH\"+MEN<cG\'6}`q q@\Z~W88>lTj|\r8k1U`enSt?VT	s	@EBXZQ,mJC7u2Q0$wx-\Z*-d)sENU,<RKS6_4nxAe\'Wke):hk\Zu`^7y@}pH|Q\0cXNTOY/T=rFjg*yGx`GtttTwuc'),(1941,'xeAN0Ej]qv#+1UD8Q7#^mX2,A2X9=&e2w\Z	4!d(M\\z0/\raq|(ae9\ZHqk5q[ItikIb%c{N=\0,nIo)%Vu\rj6'),(1942,'x]Q00+w4t_B#	aftfHoJ{>?`lB\">lJcBx!Mc_q-7W;,0KY+V\rtH'),(1943,'xeM0Fb\0V^ VL1l\\}7SE&,kaQlfY!j2	QO4e)tV@P=@1-lBe@f?M_,zkW9B=B\0Vk3YycJ)2H(tA<JH//	Z'),(1944,'xK2.24R*JI,LQ2.RJ//-\0UY)hsT!6&e+YY\0\Z5'),(1945,'xK2.24R*JI,LQ2.RJ//-\0UY)hsT4Qhb^u-\0:\Z7'),(1946,'xK2.24R*JI,LQ2.RJ//-\0UY)hsT16&e+YY\0\Z9'),(1947,'xK2.24R*JI,LQ2.RJ//-\0UY)hsT	6&e+YY\0\Z;'),(1948,'xEPr bt.K,1Q@ssBRAkxd GJ\'/KcX\rRod/_!ScvV`z@a)!g{fOI:\'0:](B=D~a\\mA2@5uD?7nA{)rR5l6QY(:Y(te '),(1949,'xK2.24R*JI,LQ2.RJ//-\0UY)hsT6&e+YY\0\Z;'),(1950,'xeN0JN\ZB@-*Zco+;\rc\"XKI%A{MJC WG	A+\ZjN&&~0t+_8%Q.7w]rs[bnMx(~TN|xg>/m`)A3-%VtP0e_xg\0E{=cZ\rr-\rM+~8WuC:-i+$\'Ag^!6&f+J-$[8Q(1eh'),(1951,'xe]\n 87;\nA4m2v{[_?p	IU!p&a=b!5e_zC#>;z/DZ~{\'D=|!|4g'),(1952,'xM[!EC[ :N#qZ\n*2Q4A3\n=n- <@}J1f.nPuBv)NhS6_Ec~o\"W%v];Z'),(1953,'xE	0U$T4YA\\AbCUO~UHP?A0v7y94lEc\0+-{S-u$v'),(1954,'xEM\n ~+DWIg1`\Zj>gx%mV[)\'T|VrYN&%xK!}?$x'),(1955,'xK2.RILJLQ2.+fVVJ J)/17,dfYZZPPtxU	X6%8($3?O(h	4>?91\'au-\0v&'),(1956,'x-	0Wl(h6HViII\\twGXF4,MR=a?Y\"ENF?WFYVNa_Ws&'),(1957,'x]A E2hp@R;te@y?9wF]>@M>2rR\"lM!lx5U)v[Kk\Z;.},Y\\zYm:_jq;KTlP\'!A'),(1958,'xK2.RILJLQ2.R*N.JM[Z)h+TSbqfBf^Z>X*%/$3?ObRN~rbN*I\0%'),(1959,'xK2.RILJLQ2.R*N.JM[Z)h+TSbqfBf^Z>X*%/$3?ObRN~rbN*$c%Z\0\Zd%'),(1960,'xEA0~p%K!iq9v\ZF<)jgA6\"%\0^$*m?MOpO^\0*j'),(1961,'x-\r@E[![7[0#;IY\'<w2]4RP!cy2ZPorKE9/.{FU(%&p>f6\';P;Pl*1'),(1962,'xKN0bmxB !!n16-\\9GC0YDyjS8i*hPXj:h-BD~?umW\nR7/gMZ9m&3c=^eL2BG\r>=/<8#E+?Xk/~e99K8	+ts+D0djL0l~/zn_dKxgGFV`=~sCZ?5\rR)6gqlf(heqorRuX.\nRE~\nWAm!`\r(2XsHz@:2iwZ<N|k1:oe7	\nPy:q\Z:+<+WF,i'),(1963,'xuQN0|A.8_pj#NB8@hO_	z	b)\n@ 0a*d=/Xt8`Xsv4\'4p{yD-\'yF61$9~,{ykij\'T\n=6R4YzXn{r>u9PgCo/rtj/_yt5T0'),(1964,'x}Tn0cM#?m\r\n(.Ebbd4d;S\ZOCC*Rq@{*EHR7,I)8RTmB)|%UHKWFYtG\'Er,0ZFC2G@RX3\"*n\\Be$sJ7b^\ZZS!G2H\nO2%<@P8	RsPNEP}\\v9.FI!Z8%R|<N\Z$,w9}\n)Rrhk\nx:@sGxzK/b:io4Xzm]Y>@=kg.8\0\n1!x[Mb[%m56\Z7X&D$!jYub<uW8+Q;,^=D,oE9'),(1965,'xuRMO0/hm	\rvZ#`wI.u<?^$hc/EmDU[TC-$\rwBvUZNMR\r1zUz 99*@]rXq>qZ5\'&_P)kH10l`RQvOj-6f=k2Ri#ma</`oJhxy@a*dNOKHlq\Z_Y\"m4I.uBBD'),(1966,'xuRN0\0j\'zn9p\nYffc+7-gS\Z$a\0VtO8(PKVy|EiTd9,kJ).\'m4RL(Wj&E0g=}&P;2ab~F,8\\es){jG%{tHJ>\07	r0qsNW\\s	Y27zk)-ND=KFfT\nx?>'),(1967,'xuRN0|\0ZAzBaX[DT3\'eRK]l??I6s)\Z{6G)bb^#tCs	\r|UPefY *\r $Z\Z:L@s#	Dk4d=79#\\{L]0Uok,N!\Z#b#j!orM{.,2Ae(=Un#wDXmv6wL*dh/C'),(1968,'xuRAN09!HwkccGPKkff_I6zRUZ#hkKq<XV\n\r*\"f1\r3c oIt y~fRbmO{#	Egxrz	\\^2Y;L5kjgSM3h#jt@!&Toluw8p9r*t.rtm/;w_h&xmTYwG{N'),(1969,'xuRN0\0jC/ j-;Bw.\"l43YE4	W\"\nb~E`HJ\r*tAJ9wEF0%v	MW\\sv4:N)LiQo@Y#8M>1<ud{:KMCUSkwM@w55g+Mr@N8Lk)\nM}8P+U.2S`\'|^o{\Z#-zQ%Z;eM18\rOp'),(1970,'xuRn0|HOM\Z4 ZTq&}NBR7=s\\J)\r`lJ\n\0:)Mh4:P5Byhl%7bM2YBU;~hMgDRqqn\0e<AFNrI{8z\\*,\\m3JS|%\r@dyrb}sK9larW}VfS\"8dhFtU]Wz]\\D=\ZK6P~HT	\nD^~ o'),(1971,'xuRN!>*L&w%aucMVM/;37(_\rgS\Z:IZ@+HBZ8^uP.(w+}H#vTi^m_gBJ	UZ{c8+e&Ln`rgAum`/bf^bml$i8mnro\"82te	:U)stSry8)	]v1s?H;q\"Zo^l`D3\ZNTWq'),(1972,'xuRn!>qW-/mRv()/;07(pQ\ZM#?s}\0p$!gm%-HPKPC1c!E=XZTt)m{q;dBS,5,q=>VP;;1b~F4YVl*VF]g$F%{3h a/+M~\00T6\n-E)i5KSY2[SB8Nh>Tt^FX{mI]$S	\'(8:'),(1973,'x]Q\n Xf;\nEZOcw`O!_>;@hxIL>7H:B\rIh|{4	\ZX4-v5sp!N\r?dc\'g^WZN^~MhQGX'),(1974,'xE	@^?<D\robz4FQ^\'\n*8\ZHL@%(\"\nP\'g<S:;ud,po\'X'),(1975,'xUM@P\'HDzD&23bNUp4 w7PEN]y83u\nwf&\'Z'),(1976,'xEA@0\r)wp:&kYXhq:,:@>yCIog@ux(g$ y>*#?c%'),(1977,'x-M@@~:wpyxI!NgdCj<qUC( &^M<Y^\'[\'1\n\"X&='),(1978,'x}Tn0cM<m\r(.Ybd4(d;S\ZOCCG&):8=XH-qSMB*I5_4C^-2RWQ\r)R]`F<nI,0Z %*9bTHi$jz	\Z.#VrOh	IGRxgi_ 8hg2	Hp $V$z:AqR%c[/Gngl3RZjHm}?j?zhp)KH}\ZDH;PC^zynL{<~lObu(>X4-{uQ}vNw	qBg\Z$(/Lgu|`7!ZE$fwQ6,C]>-I9V/i~.\'xA{e\Zwz0o_h~-?\"'),(1979,'x}Tn0/i(O[KgAX,4\r(l<6##UM^1hO(T)\0:H&\rZ(u08X@z	.fyYn-RHqP\"hA[0FcP3-T);LD?[50k6M{\rFV{HQL:v<Lpt,\'\098G{#u>N\0G\\mb@ST]Qy3c}v<U3VXDo\08VcuC.OX2_UJ]mmZsXYh!zH1OyyL!1tRWks8;+\"\nmPci~&[C>)K\r0 W!5]?IPf\\cqSnB8K.XP+S|e{U9bF?ey0f <f~+?8'),(1980,'x}Tn0|ABh)iRjg/PT;v\'\'3s{H5!ERI9)\0:H:	Z(BX3}RlFD> x/_()|%)qOYs-0a:AJMP|tLdUugQf 1OPmn29o%jA1/v?vzt$\'lyv\rYO spvF|(S\0\nDO\">tkluy-N?p>I6w_dIna	\n<gAth#L<=g17\Z5[WV+9Du(1X4-{uQ}v_N-H8gUg3]mOpYPcqcnB8K6nQ,C]GVzvs=yJL_?l'),(1981,'xUQ\n \r!C jSiotV|\"4`e1JQAEcQQx]4!XVVa17R~Q>_+26('),(1982,'x=\r EwTB4VT^iOw(&e%PT{h\raN<B 8h.43P>nN@KNZFmk*\\`zn(R`/t;^'),(1983,'xU	0D[@1\Z$z{w0ogP]pBf\'t\'^G	K(P9)7,WGf>*z8=Y{^A&@'),(1984,'xE\r0[AS\0-@%wL>V;\Z=	G7+PJ\n}9\"9j(ZNbZPA}&B'),(1985,'xE=0	h\nu\\J7<)?I de[Pod uJ6izysqTz{.no>Ev6\r('),(1986,'x-M[\n0\r,^Af-1MZ^-~ax5)gcjC7@q=MV\ZgU3:myN6.,FP(3*'),(1987,'xEQ ,lJW 5.`=.782|g&&P^&P:8\"a?Zrr!dLx5U)kg}w5iwlP,^\\`bK\r8nv\'c)?r\rA'),(1988,'xEA\n0\"se#D7C\n<ILN18\02\rJA5hdS_i\\R!5KtkO)$ARK\0\r%'),(1989,'xK2.RILJLQ24.R*N.JM[Z)h+TSbqfBf^Z>X*%/$3?ObRN~rbN*$c%Z\04%'),(1990,'xEA0RA\\,;	=pj\rvC\n<HxD^7t 7xjJZsjNH4r[$8k*'),(1991,'x-\r0[ADu:#:8^(\Z1V\rc2]4QT.@eZD\0\ZPu}yfOrPvU=I\r)Mjsp*c'),(1992,'xSN0(_/pNm9GNv;%Bw)Egvgl>,rvr,QE,.W T(\r\ZPJ^c\Zn(!:\'>y0F,\0YzYENW6.$sBDoVb@<,#qc*v;x\0O\nb8*Z\0$gCxIqx8D^k7(`|}Z\0{rC%*qt5vX\0oq[isJtCgy(F|fTK[5O;\\uF!k\'UK~Q!UgzK	^'),(1993,'xuQN0|A[]p{&Vu<(@{r<L|Eh;S\ZHiFH #<: RT+LHAXCN/e1%KsRg8IK7 J@,h%0\ZPOn@PasUd9F?\\NXO%rk*YOc9G3\Z|\rlm_1F<<Il5O\'|H#ouA/\r_h'),(1994,'x}Tn0|AiRjgXuRT;v\'\'3s;HUSCS)Fj8 @ I1K\'>l\nf-!(^Ki^qx4;|edREQ3R(I;RA>a&VP1-T)9LD?73k629o%jA1/v{Q G2H\nO2%<@P8	RsP6EP}v9,FIT>Z8%RX?\Z(O,w1}	)Rok7%(3xu3th*/A+*{2\"}|=kwe.:Yj_oLs6^u:x(A	7|e:s5	*,	wZeA]OZ &V8o\'%O@O1/{1[jN\0'),(1995,'xuRn!>U8UmR;b65Vr2A%i98K\07k#gQDWAr}v`Q:5`3J|!)+A*lf%}VUJ9I/5G&o~t(R!M0\r;{bQ9 1^:Zb,v~+u:=m4np8/Sw\r&N;(\\v|exU)sm;_[mpDL,f&u\'oT'),(1996,'xuRn >W!VjrGV1*QB\ZJYfvAIi90Gi\r7# 	9[J.{@z5@%gZ!-!Fa4f2m{h!1x3/\Z`Y)+z\'FP&xwbY=*o(sjL .Wu\Zm_=5S{4HJ!oI\"{7M*=]YJeexoO#|@li\"^l`;$&2:}T7q]g'),(1997,'xuRMO0/h =!Hl*m5\"M;N{%b5FjV|\02B)V9N[h\Z AjUj_e2SFL w@QTm8M}Ha-ESqn\0LsU>G4VQllmk_,FgWx@wOWr%\n.{7kieWw1mQMyO49M|(w?-6D[a[bo_7~p'),(1998,'xuRn!>J6=UmR;btUkH#9k|p6Z`\058C\0\\IDzti2sTK]I[}u1.Ed!FZg\'c3rXs9(\niZg%Q:M.#8JM,`q+uC{6T4y{=]i*6P9w))\Z^mN{(DYrJy2)=%4@CE7iw@Lh%:e]\"1=>X!'),(1999,'xuRn >JW!Vjr0TI*jawE5A>o8TL4g+ 	9[J.9mu5kl{*]a:/)1.Eho=	2!slt<f\\+;;2,$=Hr@hO2kux[J&1rb&{hj	6B_9;))z6HY{\\sXrJ9Cg)yDsMfZ~Rc%ZlNaH4Nwq'),(2000,'xEQ aW0Dq6#`\0}&{_@$\Z/02ce	\"8d*j	u&si=hg1.sxx9p\ZO6qrv\njAa^BcDD\n?G_'),(2001,'xEA0=dKTsC84]Fbf&D\0)\r*J4K^,f9^N?%}R<~\''),(2002,'xEM@P\'HDzD,&23bNY\r]$&tdyD9Cn)NLu{B:Sn\n\''),(2003,'xE\r@]_,8)!v>%)/yT3 [/KCjSP!(I4?SGn,HU%'),(2004,'x-\r0]<A\ZD8tC!\' [\'B_@Lj]\n_DwO\"[Mi7uYLO<qsl&o'),(2005,'x}Tn0|Ay-RB2@:vK);	k9gfN|:2H*BjpdN\n-NAbN|-P\ZHQy]L+[$+#*J!^\n_G\0fcJ\ZYs-0a:AJU\r>Zr*ZgQf 1WK629o%jA1/vl?L:#6<;Oy{t,\'\098G[#u>	N\0G\\Mb@CTw]+Uy5a}v<qZJ}-)~XM;cd)U~	\n<gAthL<=g17\ZGH` Fh[H;SgW}EMjlj-\r^2tV\Zk\\\n{vUIlqw,a:[1:43ALXo>Xb~\rr]\r4\\0]=t]-oiq\''),(2006,'x}Tn0Ay-TiguRw$\'\'3s)\\@&0%BztN )6H\rrhBn^@mC evxQrP2$SJvP0#YHZaFr#Wkz`o\\`o6\Z2s=\Zz\\%2B2ecY>WYGVxgi7HrIo	BCp$Q#t|dVdz6AiUZ|`[\ZGno]3\Zwr)Qmp=*SwdW)u4C(:@HvGx(KRyo,:]QfUl?[Y	o Fh[sH+SW=}I]nG%^ljQB|\Zk\\\n{vUYliwo,aX1&63AJU(NH=u\\D7dsqw'),(2007,'x}Tn0\ZikP@u,(%C% }MfdN:RTb%I=[9$@ I1O\'>\nf-!(^Ki^q4|edREQ3RM\rCZ`hu*V>:*:QnzzzzRF2zC-(|T//@>\\#0	D9qHe.5WA\0uaX1Xmbtmm9O5CkiaS\"h\0O:rp,/&.9A4=w\"FUyyZ7V+9^Du(1X4?-{uQ}vR\'+HdUg3]mOpYjX`9\".`{e\r{._bbUOvrYdqs;yNL?\0'),(2008,'xUA1E\r;xT1]LwRWW^d0RBkbEQ6w F[dira|hC\04L'),(2009,'x=\r EwIJav\nXEP9Emop(MDAMPZaFG9AdC5gh5/u}L1tSrUp\"s+DLRy;b'),(2010,'xEM\n ?\nt*{&DYG\'o6+;JKq8~w@fJfG&>2\0z)J9ZOu$'),(2011,'xK2.RILJLQ24.J(fAR^bn*X(Y\\Y_JI-N.,(S\nZONIE1\0:$'),(2012,'xE;\n0 ^Ab!~pc%aJaOV`T!/((\0-n*P%g \Z?O[:EY}6dq&~'),(2013,'x-Q\n@\"j\nWXlK{Sc-vyku4	yU)\\.$6;/#gs5(zn&'),(2014,'xEQ ,\r7A\\_F;@&X- 	gYKReT#gC#vOYj>TZp:vZN9N~d0r\nA'),(2015,'xEA\n0E\"s-\n2&#tIn\Z><{aE^$\Z)^ _T}4o4\nR<v*9]z8%'),(2016,'xEA\n1E\"9xt\"b;wZ><{3rRZ$PGJ|qN9%'),(2017,'xEA0*y~9`$K!=!zj-NC\n%LS3 x\Zl@7)1)Z.H4s#w}<*'),(2018,'x-	@E[oLcJVO!>x[F2\Z)(c8x\r	HEG{=AU(%&p%-MlO\0 \n*e'),(2019,'x}P[N0KN8wM&U\nq\"*!r<{f0g9xe%-N*M7Pnc,+7h_9F&pd\Z~= l,-J+@RPv^	HCi@\r=s%6JX#&_S}]~L6-	Tj^6xS;$$r*%@|DoJ?)'),(2020,'xuan 4QrQbXMLJ2 `\"s;0dXnjO=%6\r^us>|SW-}aWiVTOu\\&>]\\aVX5StZB7\ZFKCSe	F_iyB=i<~\0|x'),(2021,'xukn1s^!n\\6\"8<h+qLx@3Xa4C\"}a[wbsL[A\\CCVo#,Kyb41(AJ44Z33?[i\n6^8*>)<\\3[\"96#\rr'),(2022,'x}qnB1	9w\Z^Klc/mxe=TNK\"fq:G\nBV!jCB(\r{^%>9n-7U~FBoz#&%}Q4IZHMJijJOg,v-VQ3s\0Et8'),(2023,'x}mn0	:|^\"1j[53C_<im&Gc\0euta4*yZKmSx=cso={y\rB\r-4ZBRXi(gEh2ex]\'ljvVMR/#1_fem3\0qs'),(2024,'x}O[n1O\0[\nCy\ZU\nqwTx<3&vBX#9>T</[S\r,T\"qTm&>:b/\"=k\rr*`;+5=\'LO3OUFIJ9FZB<G.}vb>\ZO{AU$`qv/'),(2025,'xU	0]]A[>k5o\reMl@yhZ@E[,z\\~CNL 1<Ah<{1HZ^8(I|46T'),(2026,'x=\r Ew!0;ti\"^iO(&TehfTgo)=ZrCSA )4\Zd_OC=pR?Kq@+	B%9+;e'),(2027,'xE	0Vd;NZ[h$na,Z~GFPFSAdP3uQ4y+Igu)G?Wy^v&'),(2028,'xE	0V:_b||-.VxX]R@QuQ4UxKg)G2?.}^w&'),(2029,'xE@CZP[_@W!9&7t\'vTGLIdh+0DP{j$Ao*\ZqK(j+,6z_~A('),(2030,'x-Q\n0D\"sH+:xYEbSKzwc{8D%Dc8Eo3obnB\\R&{jW=OSYo<IG\"9(W'),(2031,'xEQ ,r@1xw_-$GP\\jmD+)xX?Lb{h}d%]a	qw>fvQ/nPvxfs\"?#7}g!/HfB)'),(2032,'x-	0D[	S%pF7Z\"ln17(2jyd!9j=3JTy#qv@LVg,EmQ%'),(2033,'x-\r0D[ASAl7\n8i%c#Jw{zy?@yjyd19j3[BTy#nOV@V{,E9#R/%'),(2034,'x-K0|\n/\'`\ZR>PMJwO3O5\\@(() gAcgP$s[~9%a`GIW$&)XFW[W*'),(2035,'xK2.RILJLQ22.R*N.JM[Y)\Z&VJy !P{Qi^J%y)\nyi`)C+T	%yJ~3ssR4U\0>*'),(2036,'xuMn!	MZsnHyaP2rIM]>BUAiWPlQXkzi[Pc	Dk(a22h0vo?RGV\Z%_AS7+75&B_e`%{yMWqw8joSr1U6RYot \'zKe2fJ?p '),(2037,'x}QAn /0vz!Q	X,H0;3\ZC [rPN 0O6 %t%	?0%z~_3+b.| 	l*QO)0Mm~BS\rOu	/T3M=]e%#ZcJhJ\r/|Jcri/g[hGNHb;TQ7NtM~V'),(2038,'xun \'mn	v=\"`%hDES})h8<X6xEJB98	H-Pt L@5pB{?_cM,.m\n4z\'3iN\\y\ZQ@~BW\n~.l^sz\0){jY6\\\Zr;Y\03[	K!B~6-xAN;_Jt5ne'),(2039,'xuN \'(W\'p0i\ZP61]gs\r$GuV(\"xA&!U$`lFJ]	cp]mM;N]I(t1;ZuCh|51E(Med4t<:5=itv1%\rdB8/GrLPz]&!LA)_,.s4NI7'),(2040,'xuN0%Ot	p\0XkDVu6;N%Jg~lfNBpIlS/\nD=T&JOCX?YU(g15TKO`1y.at7.@S=5A%SYTVS=<V0R\'6^M>3%:W(C?hC@=._/\"'),(2041,'xuN0%Ovc	p+71kDTuLhS	)?mfJ\rpqrmS/mf,#\rWZL;Wmu\n\"jWyy-	D2OozhGF31,4|b,Hsr[\r}rn9$7^Mn3I\\d=],^5#\Z{P/3O'),(2042,'xun \'H{QaX[M}AIhSO?F@?Z=\Z:YZH(PA3[O4[ul`Rr|iT}r%5Z\Z	m`SBW]3t]m=BM=TI(Gt_RLk`r}e~q[$Eg*\'\r;<^l=T^P6'),(2043,'xuAn E	L&pnH0lT2XZR0\rh8A@^\"YMDVd(> LcOb@$cJFJF/AL)mjjDmU(]*83kzfGn#e9`rC\'oXdnYG.voxAN?O:ug(QP'),(2044,'xuMN04s6,}&4\"TFhN	*NF3Kp\ZtGd\"t1a\",t&Mix}9g\'jZM#|:Vs@XdhXFb,iK</}]/0G%UMm0AK;/{/rtqioAOb|Z\\+]}~HY_\0'),(2045,'xuMn!	4i	\"y3\'iT\"QUY?rz4t\"YLR%xL$MLP99 f<Q^*K9;>3Mt3{zqq6/?hBNW,-a5VOqMof<NQhYKLi}e/y]@)Gg\Z:izc2IuKP3F/m\r'),(2046,'xuN0E%_0xZ#2	q**M{}o3Gtt\"C;+\nFB(\\GH]D-53KyD8Ozhj2\rD3Wq\Za1j(GtO`MuI^l#],>#	hw{:Z'),(2047,'xuN0%Ote	Z#28Hst\".wxv&l=5UvF^?l#\"G(R<:{W@sd4%@tYKC]}-4Z\"]-Gk\n,}BKqyW:SNn-dL_/'),(2048,'xEa Vez]I`4k_WMaL4TAh`g(^M:/Qq6\\.MxNx0%j\nXVkkR+hZ%&\\$EDE6'),(2049,'x-	0[	B\\d/X;N^eF.);GM:DvxXJ[~@RgIL?8S(+'),(2050,'x-\r0[`pK8&F#lqJbbE@K:\"\n\"[+Zt =i+i_YLssG8(-'),(2051,'x-[\n@\"}\rj]x<(Kx\'x#\\]w\"E2)p&cC$t)OjA~AGl('),(2052,'xMA\n0 z^Adc,&)n{|~FO2^fM~]$XA]5\0zZ=svJ5zE6\'@('),(2053,'xAN0E4{6,`U6\"u8ThSiJh8A-8#Y:h$pZLcGf=%0Z\"~`h;oz!\ZDSr4GPi*@	8CNz#\ZoPCV7ce|m&}qW({qoZP\\v6rZ]u}{rn(S\0=A/4l=I*\\>j]4U#'),(2054,'xE\r Dw\0P+DA\rRl\"g8#TW<\\!mX#}*=\\S\"r_5Bh4;xZ[b1N.8*lim#`ZMw&8WBFwp%<TZI+!nL\n\rNyD'),(2055,'x-K0DR@;4g;ia48@\\U)<E#dH; MWF:EsI!gI-+f?_)>'),(2056,'x-K0DR	&w`ifaMqwi>Oq;p>w+\r!._dIGH~nk\\bol?:$U)7'),(2057,'x-\r0[\' >\']%_Hchv5#^d|DI8||&(v?82\\=n\Z+{isIjEELwmf+'),(2058,'xM106D(\0[$4ti>3tKTpq4u	qM;g<X}a{iUw6:HZzr*'),(2059,'x}Tr0m 	If:m\nGXD<]%O{p(Y+@RddIe\0:C\\Q`*h\ZKx\\z9e[)|Keti}\\\\Y%XNT!zUwB$0%_Cy+_{S[PK]+{!#3O/@_\"p )7\r8WFt)c\0W.bW\'Qcogl\\Z8-d\\O:r\'p42Zf;h!n_c&SJo2VNE{0w_ \nCzZl3r`G?>p_A6o\\s6^z\Zt$A,gyDi8S{25Bb<upWJ,659,Y6\\=Xu`Zq~>u/T\Z?>v	exs\\ej'),(2060,'xU\r0]APQ]!B-(Aq8\'ny_E%HA\n@lAHZu-ccwf1At ]4Wn?G8'),(2061,'x=\r Ew!%0;tXEP9EmoPxdT&(no(>j2!(@)*$^\Z8/Vrj`CZ1Z\n-?KA;'),(2062,'xEA!BnaI6fSwj@O`6\"(NsB/z\"9P#5\ZKK04guEr_\Zln;0'),(2063,'xEA\n E\"s]ev8fJ^u.U\\=9<Vm]PHu\"9P-#\Z&nKMe\"/`o\r6EH73n0'),(2064,'xEA\n0ERd+Le &%,Dp?+o	Sd\0a $z/A*2|N<Z*9uP_k/c/rfS	1'),(2065,'x-Q0Cr:(an/[M	AzQ,ozDfg++Rrm,!b?fdd#\'dj)C2C-0'),(2066,'x5Q ,cr@1d/kI(yM(BUo\r&\\pPAh&8\ZuXc-mC<z\\[s+i|bk)o6\'srrz&BZ'),(2067,'x-K\n@D|@kv WqF	G~\"nJxzS:;\"DZ&n	^8R&OT0&'),(2068,'x-Q\n0D\"sFh\'+na!&\'m1~Qn9uqHTyL\\-m7t=c\"=RGZ~T&'),(2069,'xQR0qCL [IB+6Ie:jo7atN?-JZJh@\\p	3K)Ph)rqS\\BX4[0x.Yz:\r/59*|e4y[J+P@MH_ ZZ\nYGayi%+CdFz.<f1d0*N~LpdK5dos`NEJ7SK\"\'<:@x/=</A\r4V\'>Z8i{KThK:}_NqSV\\V3rc?\\Xz488}n0NUv'),(2070,'xuQN0DlPsFdN(tTr<{	hH#Xl:rg0a(#;Gz	sI\ra>a0\';XWs!5 FZrD\ry\"qJ*?OciPI\\YT\Z}brZPw}oey'),(2071,'xukn!j,cV*w/PT0|&<wF)-r+!2g|F.bC|nj.2BLkw|\"D;g\rrDX%r]xCglhqT-Kx\'#cJL]k9-_C%&u?km\'{?\"jpi'),(2072,'x}aN0,WS5	0M;NAh_I^GkAM|f!E	/xD(X|nQ8(yfncK~\\kSO_x)aiwEWU.#:aB\Zm-Izq.[U_ng;QMYC[Vhux'),(2073,'xOAN1_ABML7uVPN\'3c&Z\\`#&!YcA)yp\rv.qve[+Kz`+-v~Br<k;SH*o+~HCs-{%#}fYH5jKm1*1dflvO	0y'),(2074,'x}}n04P+DncSc;I\Zzy=&T;glpt4Ef(07i2|YD7//SsN{og;6VF\\Ag%giMlah%sV	\rSi( D`&\"\'\0.vY'),(2075,'xkn!hE%fQCJxfG*=F<YP/ UBb\'t51O5:xZL?+|<v.%I-t}#_YnL!K\r]\rWSUR3u`Mr-}og{cz'),(2076,'xu} ^aFX~L/k{5>5KlmqefJB8n.\\\na$9j{9F+\0[5/Byj-L{6*T!ps%Vk|JKFazz}k#'),(2077,'xOYn!\'d3wB`Qv|v#0=%fW&a2P*QG|5\'4NgP!R2?;Z7V$oA(y]OK+/9=.)#$9W,K5[k+Cv/nI]kaE_\nt'),(2078,'xU\r0wE;B%Ve`\'\n;I83>+DqGMLM|mlg\n?GGtAMqi.?4\n'),(2079,'x=Q 	jcH+SJftAC5;AEF5-\rP,\r+n)Bj=T5p6wrjXSH_5Il\\\'\\~Ghoo|;'),(2080,'xEA\n ?AEEwh/>*{a4z#*mT]R \r_v .TNI>+qr&q~d$N'),(2081,'xEM@0;wq\0)}J]uc571hq gvXtH]!u_6lM%,#I	WI?/$P'),(2082,'xE@@EEQ{3[k,;$kwBus_+<[o\'#;0yaD\r~Dviw|PRZ&9v$k\03(as\0\'R'),(2083,'x-Q\n0D\"{V\0yY,4lxw_33KS3%ERwA#{oktv51$\"v2KMGJpu\"h3)'),(2084,'x5N[ KPA]	w*+Ziw}q;9OD@\']	R#\\\".E0vs9Q>r`Ye\\gU-pSV8,=\\(F%53@`G+TlP7!lC'),(2085,'x-\r D[1=x\0& f]Po3y@q>;Fhjr@nc>kU):=@%\''),(2086,'x-\r D[1~=x\0& f]Po3yTDt8#J9 o71q5hD~Jdl%)'),(2087,'x}N0_kSs $)7q\"/-&3\'\'f|?OF5ZP,U|2IDq%SH`\n4$V`-\\++_Ad7,:Hdz1?V6[^-00/`Tyv{\"i\"\"}L.l.e/*_!sM@ZwSo\rw4!k[J>NF|+tg4\ZMujA*_S.6y`?R9<v	>:t8oUIY\\t93=R	Y(<FfYaXo\"C'),(2088,'xun \']n	v=\"`%hDFS}S\'?g6xFJB98HP| LcGUz.^L	vM~1B2@hA1mr5\"(Nlyu}EeIm07,\0fya7/ZB_c3o\Z<^l=TLn?jM'),(2089,'xuRN!>t[*zE;aaY01w&D!c#Ni\'i\r/#g#IVu*L+ivL6ok`.*R)E%Q(#<DIBqV!59FP&x71a$5*osjDGr.mR}&2XS%b#k?{>_az8#Mq^vRwc~CHv0PHU)st-Ns	i)M#|\0fulH-k\rlsf\\dM\0w'),(2090,'xuN0E%_rkN	q**M{}o@#:!xcVWQ@3Um7D-5WyD<Ozhj2\rD3Wq\Z>1Pc>R?9$7YN$y	rvxz+c7&c_N;g'),(2091,'xuN0%Ocprk*?8Hs0OZZ;e<&TbZ*@#Zi`y?gTH)A+swfflj2]pUAI ^KC]}-4Z=Ehk[<6YNKqy=A/lCuV\".[?y5_g'),(2092,'xuAN0Ees6,}&4\"TqR%U_#-`e\n\0cgDc=41Y`NU(F=]A*J	|R*5=v`\n<}	}x1CK;h(ZWc&[y\rQN^O`	.0nI5Nv.VOu.Z^4cF~7^\0*'),(2093,'x}MN!F	vn\\{R\rn\"ubL+\0	DhDjgr0IUD1(la\'R[tmA\neRGha%rj >k_@a[xk&1P0Xn=B}]=m_4[Ft~2y;\'zR3+;xz\n7KmR_R3wu'),(2094,'xEa b`$s\0Zv	W>I<0)ZG7vLDseDb1v%GIlo)8\ZqKRQC+]Sr+c=)lH-\0D6'),(2095,'x-M@0D27`zW[4XRDp/ec!QYP&SVlHR~-_$lGzI$1'),(2096,'x-A@0D27LO`\nRE*)v/ylGCm-.QYP/\"Cl1kH\\\'<wz$3'),(2097,'x-\r {PT=H&(72h#HQT_EsE\r2RY)EG)HH#S\Z{$8'),(2098,'xMM@0D2\'P;G[*Q;qw$<+^\\gGh,5]g`J2BFxHhI#Qn]=tU:\'J}$'),(2099,'xR \'HhM+y/;C`E	dXP;N3\'l69a5={PG\0_(k7m7W#]j%Bkl=/JnI	R~GJNk\0`,F	XoDS?7roapP75zVl(E :my,,y*uNpPgax%Ezt)uu,_13]-=5on)K2G79L=}C^l9nRM!*\rp2 '),(2100,'xUQ\n0x[	;\nB[GL	#~g.$EVZi#7q4.Lbdy;_nnOx!%6'),(2101,'x=\r Ew!I1;tXEP9EmoPxdT&(o(>jrCQF0S\"TH&:T5p^fa6pcJ\\.Q[$~nQI5@l;'),(2102,'xEA\n0REMH9[OxZYGp%gpIa+R?q1Rx3b)GO+EsK&\''),(2103,'xEK BzZ.V6^22;lWv^\'pq	+a7\nPV)(rY\\%{9g5\\yK&)'),(2104,'xU;@CMxkZ-#\'brtTe;W1RX8%t\rh8MQv>G|rQKb^%kEu.\r!m\"3*#'),(2105,'x-M\r0]yDTg\0n!pPhI0M0 \\v<#TzNwn*u6=,G&x/*}V!]W;\",'),(2106,'x5Q ,c;x\'Om~_MO$$&X^A1	Tu.Ui si$\r\nW#v/PYj7}S!dnq@u~</DPBf'),(2107,'x-Q\n0DRXW(BL_c	o:D>D@xZUK=Qdx[Xj3u;ZG*$YUQ&'),(2108,'x}RN0_	*#\'h\rc7MQ$RNg&|?j-\n,U|:Ns\n`Zqsc`X 3-r\'E%UbG^Z!@O+cB^Ungfq7ll<`frlQJKGSQ1lbu~b+:QwPoIta8!+J>h0FkQ;BCkh&7884N4Q*\">$V|8TwY=6I.njXVTD5)t\nG(C\n1'),(2109,'xuRAn1KP,=Um\\ZpQ*NhQ!8\'\nKANi\'i,,\Zky$M8^\rXJ-ZIBpk&-1ASm]L`.R	Mwa=L=NA IB)%,AiRXY.gTH(hUCTL!^mDl5!oDyy}bC)L\\Z2G7+N#~\"6=k\rnskf;?'),(2110,'xuRMo /i&#@]4PEBz2{|WKF#;k4;\06\'GUqF+H:i~	DA;kW[\"nc\0qWX$B_sv*@]Rp>Q5k_$?d~Fi0F,Mb\Zl}uO|N#[M{]P:3=.dSW\Zi\nJT)ifM\"eB}Ntpi/@M>\"mgCl!~xiY\\\04q'),(2111,'xU\r0]SP+XURK8=T7?~}L#}&n\"$pIG!%/^>x0)7jlUzF	z;<`V1?sFk/5'),(2112,'x=A!E\0Q!80+e`t}Byl	N*r1%AbsBWUj-c.r9MbbXYE~J*(;'),(2113,'xEA0 \0d,1$pFKxP.0Gor\0Pi^dCs7Dk,69\'w_ ^&*? ~-f'),(2114,'xEA0T?p$.XJcd\'IzY	]\n$xHdGi	pc\n!k-pUmw\\{,^f??D-_'),(2115,'xEA1E2NW02Ji\rwf|x| pF|A8ftAav=!ZpMq!kY6RuD_V{%nQn/CZ74@'),(2116,'x-\r0DWA P$P TNUu,Fu{;?	OOq` $4CB}[)fa9+%df%=L8NR	GiL{\0w1'),(2117,'x5Q ,CGWX1d/k3$TFLhBuo\r&F\"!Gjh&8\Z}.+Rc5\r{S|J(V\nLRA]F@yBY'),(2118,'x-	0D[	SA$GZ^,ln!17~=Qd	oKg$b#,awqsM &]XH#UZgjDS&\0'),(2119,'x}Mn0$uV*Eic#@p.!U7=iIJ7L\nRIZ$:\"yNIP4 I%XX 5(exc]vn|)IO2}.qfl\rFmi=L(.![\'(.`rxgzIK\\BLHWnx6:HvmR\'#ByDI<p+_hFTb4~\\R|m\naU[wr 7vh\Z#Lp/f#?E7'),(2120,'xuQn D,m;\n7A%&4*Ee<=;TW5lQ=B\n@B1W&P\'mo8OwynV:4VGY9^\Z_!U|P!C 9NrjX-6pbQmm.Xw\rGy'),(2121,'xuq +w\n#L]^G_	U4[1RKv\rvEmM#;uhaEvC?R99+Xzn7hz>\'XW>#Jq^Um#6S7]($nCLH.`O)o'),(2122,'xan 	Jp4b\" [wRUi_`=#\n\ZB\\mTq{>Z6,B}-b;K_S\\\Z,%>||=#y/=fB8^kqNA_rhGMS<K9R5$[O{?0F|'),(2123,'xuk \'r@D\\B}xwFSc~3P5} \'lq	w2	zQ\n6B\'C|>Kf~Uhp.wu@\ZcL+E	7k\'q%33qJmx\nn*OXCG1>]	zO|o'),(2124,'xan 	Jp4b\"LUS^JSi/~=|1L|%8Z\'\nFB%m(`c&8S=2\Z&*u$RaBw?wW(Qxb^Cq\03Q:OaJqv9*Ft1=K%!~*i7w'),(2125,'xuQn!DUE%fMTTEj3<~)	aMR]`#\'0f*dIH.<\'nN_.kr0/1ew8 ,K}ARxowTiePY\\+wo\rfn|'),(2126,'x}in!i;\n*1#.rD]*AKF5 ,,YmbU|RcyLb]{F{li\\tG!|xW> g0GkE	_n:kChl)1\Z<l[%>rhk~XD7*s'),(2127,'xUM \r;xRI4,pnY1#*;0nP\\Rv[td\'>Y6]O~}?+!!	bqacS-&f]6l'),(2128,'x=\r EwTBi\"^iOw(&eD(evTP s*1.PO4K\n)xIq@+\rB%%];'),(2129,'xEA0Z/ d$U*IziW\Z-!	\00 d#XsJMJv]Nl2~X\")g?-w'),(2130,'xEA\n0b\ZsPT[\rs(KO2,)	v9a9!dZyTbXs,{&%;NJ=.\'XeGs?,-y'),(2131,'xE CT\Z)z-Nx*>9l\njG!5pf*bA\\=r{-\n'),(2132,'x-0Ce1`305L;ev\"=9o*G`gD\"H&-;L\"9r(2FR4rBp+/'),(2133,'x5Q ,r@1d/kp\ZP\"$PlV\rMt>7!0VpP#C_?L\"q4^HI/n5kt6!Nc?F.4Z\n9sQ~\0|B^'),(2134,'x-K\n@D$<@ L\'Y6!\Z>:oj93?` z`wqKW=MGLmY5IjT&'),(2135,'xKN0@bM\ZZpV:rijpvZ\"p.M \n]9<1g3X2U/d,wQWY\0!NG0ZZ((4o f\ZQ(^r1WFK_cE^\Z%wh$B$I%:d:BKO4D\0Q<bv~48).Fj8D\\Rt)`Iig]/{)&Fn@?,pah.7-:(v\\QcJY*M6a}AHoP4lT\r{itZ5|T_=,o4_oL'),(2136,'xuan m:s]J(DES^H)_/-8ddHaJ!%g7I!K;85svauFX\\&vwZR~MxhfxogaslQ]C{tm\r?-{lv1EU\"udr9C&%>AP{'),(2137,'xum 8?;xYYVGwfbL_@)awj0jgI;0Q#h;2\\TrU.UL[zz?v9SrT0 \\K]/Q#t]#n`._@r`4(3i	*oT?OBG.<m$994o'),(2138,'xu}0\0*hw@\nkdqvm~xw7LFk}o5=hKhei\'fEV(K.\n8KrF~&^a6B~ja-NLXt)_Gs{&g&:qFj\nI\'M$GP{xn'),(2139,'xan09w\"7hTIQ!]4M{{Vz0SBOgb06h+*V_KfTjUkDPm%3uz\0l(\'A#l/=`Fh2ZC`]& 1R4qo+<C6D-~* \ZaowmU>'),(2140,'xu}!8k^tqbP.&D/x{(#<A]fTlq/0UVkb%*r)ANMwe\rB?3\\43$MkP#-b]x\"9*OP	IlrUl2\'s.n'),(2141,'x}i08w\nXmDp,0#Ifp]0{2|bYP+!,VtPzB\'^5!]G=P6k\Zd-=6g+l&viu52 WDIlL,\0?~lS( DrKXE#s'),(2142,'xEN] K6;x0\'6S;\"&Y&7c_:50\'.`w\'TCl>7d]fo\rL}L:&o-RN+m_xe;)8\"Fk'),(2143,'x-A0 sP%7D5{m41b/]()bL	W$_@!6iWP/{gz\"e5Sz1[g6&P:\''),(2144,'x-K0R m\\%7j6n4zo6du]t ~\"(Wl|a\Z,e(W&wn;R\'\r'),(2145,'x-\r0{qp9- Z@R7<X0D^\'x+!lD;\Zs\"w8\"Y,Vm9InE]}!?yy$3'),(2146,'xEA@bKg`F$B.w*T	;g~1,uh\rSK\\-f-Ve\"F66Uqi-u(/\''),(2147,'xOmj0NP;\nFEc!vWvG)~zz_\"wA3 ,<Xl_7cIHNwO\r=lKA>+R(G^3:={qOJW%]D_I)R)mk;maMZo1r-n+w{3'),(2148,'xU\r0]<IAwV K)As*v	\'n~3,:@D`#CHc\ZCT5?C\rw#Ei;kR8'),(2149,'x=\r EwH*]@\Z* _Uv/>9wAP}4@Eeu,\'\r*(8D hm|Nhnbj)RH@[ZA>uW4G%R(P+$;'),(2150,'x-\r0CW14A\n%Ar\n{7dv@G)/k^;@hzqfE	jAYcZgJOwiwJN*'),(2151,'xE\r Dw\0Q!-fQ * _Qw/$Ttg=DH&:\'|*F*>C\'2\rG_e)e@ink;&!c?B.NsMcaRtr-Dz.GnBB|sB'),(2152,'x-K\n@D\"u3<W\rI\',MV-t\"tDEl]\\OG{}/k	W&'),(2153,'x}R0E\0\'?}Q@\"t,i8uWG}jM\r{(JPGj\rpw&*^TX2X9I4q15[6>WD2CO\"|#)gA34B\')@:#~ USb-XCi1dj<ZmFK=7h&m\rOru-uteh!V%l8,$i/`{Q_UI+,1'),(2154,'xaN0e+DnlS%\0$HhBWb=|F0{D@<`ngPd\'qM`<	F4e\\|w\Zd%~#?ykY9,53Ra,Ut~Q\"{awxtv<GT_C\rI@Q^}/m}{'),(2155,'xuPn /ST=5Q	X<P*R0;,\0jhGjvMD7L5lQ{PMrW6\"Kq(J{PBtWnszw9HdnOOD}vLVv\\q2)f]T\rI+qleY<zW\Z-H0,.S\"-axS|vu'),(2156,'x}MN1RQ;\0<5&#PY%~~~>t=#-a?&LdML ~5O#7i.c(k?&?9[?KR\n] 8O\rG(Jm.iDF4_-61ZK	gd\Z	g~[5MkNJ\nl%oaY'),(2157,'xaN 	uW Sltn17aHi#-L],qna\0TFMN`<\n:L2K~COy7D\"_4\n! k`VU4}	jlSR8H	B\rS\Z$k#jN?]ngZ{8B'),(2158,'xu}j0%KZBPbr0z._#;\"lf~\ZoxGs`&F,k_,(*u7Tyz2^NA\ra&AO]th`2^RHLmOr\Z*49-@*?*_\\cP^Ey?M>-n \0?t'),(2159,'xUQ\n0Cdm)wBIa\'Bz:R,3m6*$rk55RGw\r\ZV#c`;_82$w_p?2'),(2160,'x=\r EwDB@\Z* _Uv/>}@MeuN\ZT#0@.y @E;3]lZA>uW4G%K!&;'),(2161,'x5;\n0\"{}dh$Jh7{A+y4NyS^P*6rA@S8cN8(!a#=f9v\0%'),(2162,'x5I\n0\"vD3h$IQVT7eA,fc(+\"jRlRP,5\"q!}&%'),(2163,'x5A@0E\"s;XK,&VZVJ\Z	$.u\n5T\n4#leWe%xC}n8Zn%\0'),(2164,'xMA\n@E\"ACW%dtUzu<AOA2k,Q0J\rt_<@\'Ez\"Wo\\/%mgCQvm_&X'),(2165,'xE\r Dw\0Q	fQB\Z* _Uw/$TtgwBL\":KGr>V!vCh:i8ju+K)JbW\\i7xzj	\\8;u,ZLBB|B'),(2166,'x-K\n@Dq05+Hgla2$wwG>:;\"Kh\'<}U)-Q6w)nfeiI}qrMJ\0X&'),(2167,'x}R[N0\n	P|!\rp1CHr23Y$SjWJ`Y[~\rK$U^RFhAEnR\n|Xn_uF9,*2?}+8+Zont*>I;M_g^H\00d.^hnHtADs[\r0AV=B~vB,{|VG:+:xA5	I}8dKogBt*};z4\\wBC;.D/Vp+G\r>;,2'),(2168,'xuMn 	&pnh0lTu*w**+p/6x{gr\"RJ/(~9h\\_U0gFJsqA,8SjBmcPX9`yz&?/SEr/\rZrj)u]}I~\".+e/T{{u3x8=2dPF]	?.~'),(2169,'xuRn!>n<SK+5#*^C	#HJ(fY|\0J9u4\rg}rpr=r>|@b3F],*lSd2`A\']N5;0,%gG0cr\r wvb(&AM*w[:MdTMkP~({\'pC<`Zym9aF*A\\S`kt\0m>\0i5:ViM\Zv`LRd[w'),(2170,'xuKN09rk\Zq<;I$\n4M:|fI5,{u`&F,pA#YIU\Z/p(}9%+JZL<#\\IKw!,lOKhk`2^\r*f29Z#O_rFqlQ\\dL9am7)X].~s*X{;T ?'),(2171,'xuMn 	l7pnH0lT2XZR0P;CxA5BZ8uu@ZdX6mbHd.XJ w>Ty\r<99c4*7W}&NEo@ebB;NqSW*B\Zh\nWf*jCA\\G=[rhNe>ai3`b\\V::9KoL]2.C~_'),(2172,'xuKn0DNunh7h*!JM\"w/e ;qa?mfL\rpX#qQ@Pmf(#g:G\"K&t7%jA^\\c7`fF\n14M~x3CSi ^bYX}\r;nn+#}Iq/y$*\'+hGv^w}_Qi'),(2173,'xuKn0DunH7h*OK-` NC>jDO^ZZ;e<*Dk1p}jjKkhG\"g(R<h\"tU]K&{Av.Ouh5=ty)lhB\'%y:zSNn-dL/8'),(2174,'xEQ Dz^)4ovefroB,Z?FBf&ZP CAydP%ELF{_Bi9\\px25p<l]s(,JN^h	OEzo78p\0x_)G'),(2175,'x-A@/E?`I0EoJw	{WeRlwr`\"PByj#n8eK,z|my|_;6	n\''),(2176,'x-A\n@?X!80Y%[.ao\'\\F.@V-6D3TE^Z1C]>XlC&bk[$Wm?\''),(2177,'x-\r0{qD\0{\0Z`%LF!uiU7t\"t%|,?j%{UEz0#2{t9\rq%f%'),(2178,'xE10/I,| :\nKt\"h\'Lfw\\\"3DYvdaGtCsGzqaW1G8N&'),(2179,'xU\r0]A\nQ$K9TnyV9qM6i)K&{-;jZ]@IvS=B^}<y\0[4'),(2180,'x=[!E0c({p\040|M<\\D(6{59PF2:{K\r*@.y @E;#eSbSH@6	q\'u[uW4{%K!+\";'),(2181,'x-A\n0?{qcN,T(evkxjp}K$c2/h\"(35/|ptou.]<\nd+tBw\0&'),(2182,'xE\r w\0QHB[]QB\ZT@^~R;kd=B4ZhI82Y[R/#l(bBv/2f}K5Srwm/dJ\Zc x\'.<@5B'),(2183,'x-K\n@D<W\r$wQ+e	8y#<}T!q	;DZ.n2bh8S&OmqYU&'),(2184,'x}Kn0|^Y*U]\0]GNf\Z\Z;\ZU7:vF*3#:JEK	|>)sj8q,^*hPXj$M)7TB>\'\r\"z/uCO	g(UD	vi^z\n\"-+WgH$$\Z:&	8C\0]=]=5\r!h/o\"4,nP6:V\0L\ZhJJa*8R\\p9\Z=SK`Ugl:HGqK^4OkZ\\V1A5I*\0B)cwVwVV'),(2185,'xun \'m	va=\"`%hDFU}iS\'A@^ Y;p&\"d( LcO5pVm~&)9\ZY(]\'iD=:qJ\\y\ZQ@~BS\n^gM^yzR\n\\m0w,\0fee#ZB:lc\r9EgG2>[|C*?SWuw'),(2186,'xuRAn0PB8K+cG54{FTQ\'[;Yk?(IY#\Z+Z\n\"/E|*)uT?JiE!E|*d/y]0@E&u>XYG\r5tMj66Q4F#6u8u.Elm`1pdLKFYpyrqoG~<o`y; .uRtSsJi{|nt=w.f{s2'),(2187,'xuRn0@Ee*V*-U**dk[0`]F3n`V\n#miuiSR$*~`@*\rIU)F	S2n#/HfH}Pjq\rR !8J:R&rekeld=mW}x9$GUM&>O;H8F)*M)r#|:4;FZ~Gvqqf%Bbs&\\>_o'),(2188,'xuMN02Ca+70BswHHhV&<w~@i\ZPIE;5{%q<]J#^ZuK_N9;V550/\n`W]329\"rzFqlQ\\d9au)X]{h\r%JW*zV'),(2189,'xuAn E	&pnh0lT2XZR0\rh8A \r^Pd)l\"\"*C1dH	bd=/XKO L!6O49K2hbtitml	nVF6P9?&[y[+8z6J[\r&9trEnmBRmw8^l#(\\?S75}	n82'),(2190,'xuN0E%_tcxxZ#2`Bw\nJc#G`eN	WU@mkCLM:AId+}R\"D-5i*MG9]d\Zgn),4|bDqE9!>%f6Y^I}dgzcw*^'),(2191,'xuMN1Ls6,XP3i<sS@PKDGg:l\0=[	Tqjw?55F3A~EEPO\"Q$y\0|{\073S8uSLL-F\\\n{a)jl({k}!rd1^\\Ab*O?k?}_I'),(2192,'xEQ D0;\n(M	4_M^Afg_f@f	#00)94c$*4)d7CR(-C^\ryb7_j#S1L\rb8}.-UkLdm\\za3Z\"P G'),(2193,'x-A0D7*C,aTVM(hw2^))bLH#`\0af1~Q|/S5;V6kuSc\''),(2194,'x-A@?\08R.aO\'\\F7\"j9d%R[Byi&lx\ZlY#/k&!\''),(2195,'x-AE@DR7/\\@\ZvvU/JXsw6!n#|:KSPI~dK53#2{t9\rq%%'),(2196,'xE10/Kd\n>pp\"hp$LW\"\nDYdaO}]Gj9#6W0VW1G8/&'),(2197,'x}Tn0/iO[bKgAD,4\r(9l<6#&ER$UH):>T)VATR$g.E&y]nRonHo#\03qK-g1j_Q$jiJ}c*$iZ)H5tSF2zC-(n+{=$IGRxi_ 8ho2	Hp JHt,Jtl9OpS\":rgOX2EJ]m-f7 B:b&Ctc\rVlNB:wE_>O\noR\';H8eUo7}m>6RO5\Z7MV\'I^A25lxal1*G=|0<>$/h^=];T=$#Z_g{'),(2198,'x}Tn0ABh)nQJnv-c`#_JCXSD93sN_O	%:0)IZEjz:`rS6P\Z!PAiYXXy<2[|;JJ]T.1u5@ZI$F\"~z`LB7U\")XAYwgCUeKD9p!{[eLq8:J`>3+2=|`:Gno]S7Chj(z\rcI9tEt)JJTC[/@C14T=w`g,eyw|=Fg./x\0Jq)x;mS[-*s\'vUYl6iw,`X1&v+BJq/7iNHnf@1W\'_\"c7h\0q&j'),(2199,'x}Tn0}/i(OkKgAX,4	(9fl<6WgReq3wtFk,NQGXW,)Y-0; ,q	26Fu[|JvR6\nJqKIr,0Z\\\"\nD]7BF\Z5TufAq/v?]&I0LywtmO :Lp8nT\\X\'V$z6AqiJ:6v_BZ8)Qm0nj?{C8L**V-@}\ZDH:0C^z\ZUyytv\'2{4\"@h[H3rPgW}AMjr!x[Mb[%O\"\nW	*,	67ZA]O:o!&8I\rW8)n_0WEh?wLK=<|u1YrJ?e'),(2200,'x}Tn0AB(iRgXuRw\05E33\'tByZ(5	LI*ZW%^8\0\"d 90)[Xy{ e6iS\'qw(I-61:\Z\'U\ZFb]ysiZh|\r5;tSb>8%9<(kV,{Q:6=@_\"=p\'	$%gU\'#\Z*W@.NIP}zu\\V>ucmo]Yn\\98)Qcp=*Sw_)eWQ54C(:@Hv{L<.brdN2bJqQm={/\nr\'\ZxRx;mS[GZ%U>GK\\?%\"`N{ek4._N~OO;L=\r\\}9<d9nH=A'),(2201,'x}Tn0AhSnQJ.>[cGc\'PST93sN?O^s$sE{:`rSNP\ZZ\Z~V> _9I%{%.*JqOv:\Z} sI$5{DYA\Z2s3\ZzR%2hCY>WYGVxKD9p!{[eLq8:J`>3+2=;AiZ|`:Gno]SOB9k(z<oj9@WOT2\ZZ~\Z|!AhL<.brdN2bJ~Qm={!lA]R_\\\'wxRw>NO\n>8J|6\Z+\\?6&$l iYG}b<MXWQ??|<i=\\D7ds~Z'),(2202,'x}Tn0Ay+Tk2V;o\0g$OZAhfd|6(r9[E+[!gE/0spTn\r^%Ig;6*qfzYg3$G\'\"Zcd Y8_d\Zj-Jdn <|R@=/AN.7 E-2	Hh1QTW\ZAoen\'m3Mh?j)@[Nw_ ),RUrvs0g42P&&CMY<j(/nwvVBo5ICh~g[/_$M5M*uC:]?j0898XjT`zdw1YE%zvI2icK]\r:\r!?-	7^!{Kffql'),(2203,'xEQ D0H!hM4{AM}YC7SO\\I}/\\0V$r%6*;}1|]	G1e|nuc\\c:Z5p]\ZV7myd1\\=\rJX$`-*?(E'),(2204,'x-[\n DrwCq	A[!7V3cp	:73Y$Kb(AMSB\nf37ydYv\'j\0%'),(2205,'x-	0D{\n[hz=\Z9=!edJd;\n\nPYP^8|a3jG\ry\\?Qs?%'),(2206,'x-Q\n0D7Q[g xIdTfy/04,3\r&Rp\0y?TCFU>(Ik!<ZcP{g\"`%'),(2207,'xE\r0]AHCV@i^*@8fYU&g*_DHneeGX{GphY1J7pI&&'),(2208,'x}Tr0}IS&tg,yt	0+P<	Vgw92rBIxh e1S\ZSQVUQ\nPEIkx\\\nNCx/rZM#JvR6\nJqKIr,0ZH-h\"C\\l7B\"0kdz\r3tUf[x\rFVzHK.3.@]\"p|s\0o\ZpF|)S\0W0+R{v*(lecljBZk(z8Y\0j?Y|N*eRcZ[l4]w`,7!\Z2Uyyx\'2S]Y_ JCzZl3r`gW}M\Zr!x[MXG	J\"sJNcwUl6Q7\\A]HNMSOltlf8[{}t~x?)~RiF#/egE1lm~%'),(2209,'xU	0]Pe - B^rm8\"Baq6T-43`Ree/KN^z]Cj?$[|@,4'),(2210,'x=[!E-H\0e<\\lWAPl>jrWF4:[K.\'\r*@.y @E;3]lZA>uW4G%K!+&K;'),(2211,'x-A\n0D\"s-xk>Cjxwtx3o2Dxc\\vp	=1OOtwb,_m4XI4Y(Q&'),(2212,'xE\r Dw\0QCW@jTtg-B.y	;|Ca&$Jxfr\'N6@Rd\"v]\\b:<-p,|2JKcAJvr9Iw@UB'),(2213,'x-A@bB!d57VtI6!&8[5YM{-^,41~j%#T$M}VQ&'),(2214,'xuon f+DN4j\"w/d_\"Uy~0\Z;z4`?tHqn1}s8DQ^G/ L):\\u8fWBY{P([}`N8[%6P}c1(/eS&%o_Iv'),(2215,'xu]n \'4zkmV6*Y,~ZU^ /V<7g>G#XRo\rhJ),MXS(0d1{W+!67\r%S2EJqBXy8#l950/nmP\n,$r\\n[/tV{Vik\rJK#[6\'\r$u!'),(2216,'xumn 	J;\n[	\Z5eRM4?\nf8%w`)!1*m\"ZsQxx!\\)O\0-0q>M%eBM6UGCi`sJ\n;[_RJJ(}/6{l'),(2217,'xO[n!OWc+ /Xl(\"EUl3cF4fkOfb%n1aX%$vBg\nyr\ZFVG\'K2*XNGLmAh0q)dIW7?V|IBHfeAi9aH=*/c~mQY,w}/%y'),(2218,'xu} SA,i?\nadZgA;TLq)YVEjq&_.gsJN<dpq6\re_!ov|:1 bU2_G1r{&?/uUkhG( <#bNHl'),(2219,'xum0wQ\Z\'-CW0h(F+/>w:>^+9#,Fy1Xt6B\Zn\Z|`PJi+]5DN{r|tW$9;$5auvBha7(A*|.\\%IA<^wTiS%PvATd[I	kS$}ox'),(2220,'xUM\n0 +fi$rx|$pp+cW,U`jIZdT=9K##[o,G7l'),(2221,'x=[!E!40|M<\\lB(k>\Zr	/Reu\\\ZT#0@.y @8#]dM!)Nh;ljW_Xdz7$(8;'),(2222,'x-\r WRC2B(D?L;$5r!<BJGcK-\'s569a5\Z)23+'),(2223,'x-\r W\ZC3B(D?OL;MA?5rCxBOSZ&Nkklrbg5R{2+'),(2224,'xEQ D0eC@(b@ezkgNf kqO(yM(~T||>`!Up|^8\Zu/K)Jzr\\ia\rrQn51Ia,	6B|B'),(2225,'x-A@b({|L\ZR.?H4`ty#<~T&-q+tDVl]l!&]Z?J{jWS&'),(2226,'x5\r0{ \":{+;w~6\Z7E#Y\0R_)P:%7F.VOUj]k&'),(2227,'x}QAn /mv	nJ 45VTmO3\Z\Z!5gF(R6\r(Om9H	8q\ZcD9?~fEL\ZdU>XIS!T J	8	mBaa]=%C;_&\\76)d	C.uw9Oy%~3n]-xAJeH.|}E?zS_1'),(2228,'xn \'ilC{DQaXM}H\"MN3oc?5{3)uMH[ACSZ3Y+n))cDyt,QtUl>ZMS*P%@M)r@~U=\"/f)M>E)<nYG.x02I.P2u,{Y/xpW/gP^thA4l=I*\\~jo2]4v\\'),(2229,'xun \'it	v=rjbhWU}AIpnA-MNZ;(U\Zh\rjUo;cL)y>2X_KcP9\Zn8hb~gdWP]:d]ar|Ehs%lo3HmdW}!E(e>Af'),(2230,'xuN0E%_tcerkN	q**M{}opz>\"X{tG0\"^Uw]}Xf(zO\"k]p<n9YKR<!)tt!qL-%OLejaH\Z{G2L`eI,mL\'D_9@>@oez4a'),(2231,'xuN0%Ofc	Z#28Hpt\".wx:TW7=T\ZOKk}Fw<R<EHI][3?eIk\"tU-@tYLL7Zi\n{#m,>XSd)m\rW:SJn-dL_/'),(2232,'xuRAn b;[8UiR;fbXHjU{*KVvgg\"jFzEi4J \0\nM?.9mA:5@^I}Ae1\0R?w@]\ZWz9P1;\"*7!],Xq).0z@i<Q9MU#<+6/upvv+uCN#R\")q45naX8)-\rR*,O|]SBLh.1\'iO@JQ\\o}\"1prLi'),(2233,'xRAN0_$C/ #^y*YF3H_J#!8C\0\\AlHN[p+e)BwEv3h\nzlt<exF.LhV>\'4[+\',m*9ya%[j,RPy{?]iz3]J/Q7S46H[\\0RPJ{~eS5O{Jf^Mz2; ]DJmovNaHg%.e9A&^Tz6'),(2234,'xEQ D0 ;\n(VR\rWW5L=C~t31\\AvE(&EnH\"}&F0<K.fru\n[\'Sdu6]r8XZFR\n;Wo{7 VI?riG%'),(2235,'x5\r0{qh#RpvQ04<ZM>&A	R^$a:f~M\\B879&'),(2236,'x5A0\n&>DJ;h;a\0e~I^R$?aY%\r\r*<@ohR-+U>V.Zo&'),(2237,'xSn\Z1$S)R>[^>y]:AX;q[ln(6#q*\0ENih[iJ\0Hd4	>nQNh~%7-g{.4.V1;{`s<k/&\ZAH\nIV^[(G7VMh`T*;^C~LQfa2ZWfQH\0QZ\r\"Gl 0T\n8M7uZQl|dEzN;Bseu^4]&`|U)![7y5`!c\rtF[O2\\lvO~KhHS4G1.R\\t?QRR2z,~0`8k9Xj`vSP&2ldVLK|[9_x<q0x,H?v'),(2238,'xE] 0HzCSW/3c3f#``BifF U(nU4X%y[(U	vybw_j#;sc:\Z8p\\\Z[J8X{\'+ruZ	!Y/4)G'),(2239,'x-\r@{^y%,PzGvGvK}	xR\'b|Kk,\Z.9f1x(>_r\''),(2240,'x5K0j^z6^X5	TUNx`6 =[c4@:zINqT)*%S!*u(,d&'),(2241,'x}Sn\Z1; !6(jM!}}!q	O>3A[Y3bUglZUsMU(=UdGj2h!jVI72)ySWpw!hdU{.#BQ^B9k\\:$o	H!7abV&<\\BnI2x8ta#!>\"(I)wNr	BR4QT| ooERpBF/a>?h1@[Nw2EZ~|!FS\'Jij1J$<zSSL[m`-tnHB \Z=%/.>9zQW:b\Zk~`T2V9V\Zf\'uSTl6iwo,`#b:mlig}q\\ONr6=\Z/a0^=]s<3m'),(2242,'x}Tn0A[TReXuRT;vk9gfNQi.d06]x:`rS)D#50[B3,Cy evNMT	Espi>Uq#Tky`\\L?K73&PcoU\")XAYp G*\n2%w@[=2P&8	n%07\rEP}wuZV>u-#}hj(~cQ9Et%J3JU}[!B\ZD*;03@YzELv{c<UfUl[Y	?Ah[sH;WW=}E47qQ7.9:bjk~TeQRstnc<K6%ly+|;Hu5A?-Soc,~-\0t'),(2243,'x}Tn0}M<\r.bbd$(d;SOCwG	%5=,$n)q)(y|(KJ6ALH9Ku\\LEa^rZU\r%{)|%k|\\\\d!h	\"/8t\\7B=7wL|y+kahc~IePeKn\\7\Z%t3RLQk06+R{6AqN%g[c[OY0B(~\Z(,w>})_L~ucKP>xM3:D/`U^J^/%!`-l?&\rQ_A\\s6^u:8x(ASH\\cqchqmD.K.V-Nwb\"8x`Ge5{69IQtQ_Nqf{3e-dcq'),(2244,'x}Tn0ABhSnQJ.>[cGc\'PST93sN?O	%:0)I\nc%^8\0\"d 90)[Xy eiS\'qw(I=%;P](bu5@VI,juu\nC\ZjWJ|pJ,syPY8zudGl@>\\\"=p\'	$%gU\'#\Z:W@.NIP}z5V+S7ChpJ|[=muO+S82V;_\0cEh<g2u\"&Gt]),_-75+rPW=}I]nG%^g6^zIGI9\nWO	fcuUYl6iwo,`X1&vB\"iia\'_+`A1{qJ?'),(2245,'xU\r0]iHd,R*CVkSopCLaBeqmT+D4J=Kq3>V uK&/zM5A}h|E2'),(2246,'x=\r EwH*]@\Z* _Uv/>9wAP}4@JG:{K|D hm|Nhnbj)RH@[ZA>uW4G%R(P+%O;'),(2247,'x-1\n0b2vHVmj\\++HraI,;(Kbjv@rsh\\QCq9r9P\Z~$|M?k)-'),(2248,'xEQ ,0aJWX1d_AP!$#M	\rMt>7Ga?&$@KSqr\\]n\Zbiiw78nuyyWS$8&s\'I:uR\0QHD'),(2249,'x-K\n@Dy\\A:\Z\'q^,-+ZN>Ez`h&G{VK$?o:T&'),(2250,'xuP[N0KNY_Wnm4Thx	3[R\nv3	A12&bk5xr{\\AcdR1no\"9[?6S>,Oj4&w2jX|D9\\Jpqy>iKmOv\'&C(lKtZM)+/R2M	GD6'),(2251,'xuQn *kWs]!rQaXM }4	LxEsFX|gw`}e7xC11Nk3mcP\nu\'5^8g/%67<B[.3iV&&%l`fUhQ(!u_M=86e/)\\L,~&v>z(D	>~I{R'),(2252,'xuk0sPE#Rj}qu*!~9|	xKhKg{_i\\	L}0q{f\ZPtct2\rUS=8g/?@-GeMGW&%uX5.$N-C%qM4S\r=yjtwk((}Y3=n[I`ho'),(2253,'x}}N0,+Dnl[N!4	_q&39\"l,<}	c)-<E\n1r|	RT6o+c,=$?\".s3\"s5kU,lr,bym|~KuKmW_p5kH_Y'),(2254,'xum S,i@#FG=Ybk\rhj]{OR	U(bBg.c(D=@4Kgp&BG0=+K\r^HbBh^e6wWJO9{,\'_o\Z'),(2255,'xUA0T\Z_#Z8Pc\'n>+@x5 k4MR#kC;c[9E?sUp3A	c0'),(2256,'x=[!E[ )qPzOZ\nj8dF6rHu[#F*(@>9agL1\\N361E_h0#Jj\'<;'),(2257,'x-K0DRor6\0F!AIX![7a82&\r)vtp*9\r.M>4IFm\r$SZ(^^&L-)\''),(2258,'x-\r0{L\0P:0fW#Il &xcJbEOt^:\"%1i\Z7{WgmQq,%'),(2259,'xE\r Dw\0QH -fQ * _Uw/$TtgwBLtdAQ	>E lG Cu\"p	VD)Ju\\i7a)+8on5.e@<<k}\'G.$B'),(2260,'x-\r0D[ASB8-JvW\"S`#y#<}U.\r^6h\"o0WM F]Y-*$YiU&'),(2261,'x5\r0{L\":@Iq;&h;=6iHN0tN14\'>N|1VX\"|Lo|6~\0&'),(2262,'x}SK0 L+~l:@`,NXINks$+%OfI>=y+y254	5\"e[!dWevQ\Zk&Rf\rvw&Rj^jB	!8\rgLo8@f\nd~LuOu0=\Zt+-?PiMrzd(d&yJ*\n&rZ\"\"T,\0F.g,m!*NT<\0`x	@<eB~5/^0U<eztT	v-Y3-pA7%cs_#Ka#pyi3!(kUJ.cxZCfCB8u4\0o]bt9^4A/n}<Yf\n$R	</s]$q!g>w\nZF\n7.aLUE<'),(2263,'x}Qn ~ Is`#BaiTgU4u\'\r\\	giFM)\"%``Ag,Y\"~bhGtT#=+bJE\rnA-\0|9Nh$i~LQz8gx7l9=bf\'aa><CKLd5CM$?Q0og=}!TVW[X>Rf\'\r~1+Q/;'),(2264,'xSKn0]7nVE?7-Pg/=M\Z\ZP69C.u@\Z @qku]tXU?imrSZ5flU5Se/y,*7oQ:XUUnX	+rkYm/6z|J]<A7\0E\0d6&@u%<Z{y\Z\\u{\n\0\\q.O\\.W=G\0K,}\"8\\|3OiV{>LrbL`%/}g^kXl:]XXT_c}EqJ=eIKa;<L:OXdST2i iS\\|<PYF.b\ZiZ\rncHf\\_|\"6'),(2265,'xmQN0;pi5Qiw_^)?#p`l8Z702Du`!c<S\r`&tII1%b&c5~b-k*S!\'1a+\0>#iYaP;}gP$R,.R>4/M+v0us'),(2266,'x}Tn0BKkvV>[&\Z/|E+?vIhhE9sbvyXVkQLJfSb2et\0&Y=qAyU4R7b)TPi\'.lO<2OKiMQk@AKBLX`EzB6R<h?A^\r5M=SuPPceGUaB`:>d@x\n=V@Hk[6lH:Q\nH+e4nWbHI}p<X@*WZ49}y}\ZA	e	*o8o+Sjl1q!I\ZY#&InEhmW+,7Ec)-vemZ7WEm{>2OQ;ee_f!B\\<^7H<\'/#47rV!bcZdxfQx\"\"e(6:IemR-=7`zM-}.;eN8DUnrU;m=We.lcsM+F#yTxTAfQOXx3cvk.&.mD:a6tKM'),(2267,'xuRn0PuNUV*m\\;U{\"*Nf;>?%g(jjQ{~dsNt)\nh@\"(]#	\rA9 9CR,CPfY\rLC:!@?Vjv`Do$Ej^YSqvau/%.)&jPmwaQ$ GVK>I},#5iNm^S[w g=aO5	$a8Ten<m9soR^RTVt\\cGyhK1-ge9wDhiW\r&i!gk}'),(2268,'xuRN0@MS(uNH&ymJ]*E@Off=y-HS)z-vhC,EEr!f$geM`mP@`:M!Rz]rll:u,.s1uo8DJ\r\\IaAVp.E6\rE6O~\\&RoyVaK[ma#(g *%\'Y	~`wj;F4)\'ZwNbr>EkJq;hQ2oWxh+v|J6]B7c	A#z:=$~N#Q9?\'ZDf(}I:|-i|'),(2269,'xuRN0\0O8=rUkpB]U@=53#`?dmb\\CU<X4\0	6\Z2[1bV2;wK.MQRWz SQC`\\@,A~Gc\\`G53\nr$\"sc?	Ju1CZwKM|q\'=kOKf9F#MW:=4\".YJLy\"{4cla!jD[+MRKC$&+?Q3t'),(2270,'xuRN0\0Ih>!HWcG~\"glfv7mw`	kEf<F\0mRFd	\n>@pc`	Nm!Z{J!E.1\0DphbVq\r#lAXaA(gBbkVac?J.4BZwM|qGZjbBDqK9E {S/+p&,jS)\'S^}!KPhgI\nilL=/?>'),(2271,'xn \'in{DQaXM}h\"MNc\05{3)un,Z3Y3))cDylIbJF\ZUuq6Mk&t ZU.:{33v_U{RxDk/2u)P-\rC.MrF#,g9Yj]|Zf|CN\roBs[ O5'),(2272,'xun \'Mn	v=\"`%hDFS}iS\'p/y\01{mzgr V1`i2a@JC&\'}@8Kav{C_s,.m\n4zGqJ\\y\ZQ@~BS\nfM^Uu=Ua\0)GjY6\\s;Y\03[K!B~6xFN;HJgyHK\Zu5}\nS'),(2273,'xEQ D0W0Dn$j5~i]e&B\"dC*=\r|;G1e(M]MvGbW\\S/Sm\\(%5bp\\X`\0EI'),(2274,'xMM\n n`uWL#EwOv0F#y=%*%1[&T )HP4p>ej|^>\Z}\"u^,&'),(2275,'x-\r0[As\rI,-tBcmh7\ZPwZPf;\Zd<HQ|\\K)7dg3NGq\r]*='),(2276,'xuRj1(>^@\n-TTScb+$*,Z9g&PAt\Z[	RPeoUL,t)\nM4RSmpChhi5eMkA62&/wBPfEPi!+_fV%q\"eRRs]LV2a\0\"+RU#$R<nI?\ZSEsi\Zbhy%kl&{Qst=)+=paxadf6=)u<8T7[@}]ISL=tOe<9{=hz43	3i!Y'),(2277,'xuRAN04masBhcG^B;kW\"uff=(X7AUq@5P5MUKN[N\rX%^I}b^jWJS3>c0](d	a}jc/@,#|J{gO0F4Vl*yVyX[j-RA7OW/nq$R7S<6<mqqr*LN4;dh%Z&Ef(.\\E\0i]'),(2278,'x}RN0|\0Z{Ba-&U&dIpr_\\%|$zZ\ZUl\\J:&8j=T8!5{!Gh\"3t0\'M]4m72g+OjE{	\Z\\dw{`&xwTY\'}@os8$jtsuw\nOJ];%|Ld|=\ZsNI&I^\n]eczYcM|(I[>|Q\\j[{FCcaRafg?UCFvK'),(2279,'xuTN@>XJ(ORV-UnMS2z7Zog:R\'of	S;.6jlqE(IgetemX.P5T~!bZf822VL.%I*u\r\n&0y\rIT}J~xU\ruk`\0+\n$UISR3\rd8^rQmp-HQkKRKTsln0S}dzUmD?bmw[ZWn;sC9@~TT4\r&6h{+:<4</@k\0=4{HzyF|[\'UaWX!xuw;;ZgmMJ3wK!pysHj]<ugV-\'$e Om4I\\pUP_tOjVSIt?nbN720q:>{6\ZKKHi_2\\S7<'),(2280,'xuRN0\0j29!Hh\ZS*g(4[<oFX1ii$Z%EwD&XXP hHckGD=MoVeT2kN@!(A(;}*$XHe	b c#h$,R7M_\ZS{DsU4/5 \\oDY@OW/Hfh%O/7)R<Ty%T1S6:=nDy9-:J.0GY4<Csks'),(2281,'xuRn!>qVIaaT6h7cCx\ZcyUs6\Z!a\0:XyZ+Pz\0Q$lt*h27L >,oJc;D^1@S\'!mZ\n$ T@PEQXE#Bw&(79X_j=5NU+=\rC;@M;z	022_4 T,RN4b<M\"yB}tp4 -%GB4_m4Q6L_h^pG?'),(2282,'xuRN0\0C/ #^gQPJffc+?QF)\r#`a\n\\(:\0`E a\rkmL|M*`-,@JI%x[/&`!X)tfP;1iD!=)495Ef]\ZzKR8P^k{mH}t/GMq<IKF%+K>7p)-Dhe<$bb)yL/'),(2283,'xuRN!>U8Ml&-jc45MOC{{3R|\'Nicg\rVI<tMm[got^\rP`ZuE:`.MPY}bR	>Ca)K``AI#f\"\01CkU\Z/)N=HJ!>oI{5/EhT,2AbU<O;^Ymv6HL*d&u/'),(2284,'xuRAn0PuNUV*#^#\r*Eix7//l4B\06tZVjQ_8Cl\"\'bCUqGtV9gRt?t #fESHEc^L	 mw)-Dg>flzErLU|(7*`01Y7\\7=bdQ:hgSzL;q0F2=DW\Zi*JR)\'c\ZH]iN<>O;P:8_u}[v\ZcAV`@h^pG~?'),(2285,'xEQ D0R;\n(VR+j[GR7SK{>va\0Hi>}\nkKFyA!\Z\rrIv\r\r~t\\+q4\'>jS<J[]TF7Rj4-.P#\ZoBfEZ'),(2286,'x-A0Ap\0{X)$UKUwHml5D_i77i8^%Uw-ykRYbt	%&'),(2287,'xK2.RILJLQ27.R*N.JM[Y)&VJy`1+%K*KJoSJT,./L\ZZ),(S\n5P\0j+Y'),(2288,'x}RMO!/\0~){2MlucXl4z\Z2oW3RA1Z8*\0|*d[q;(7G9 z\rXHz\nO\"&12-q{@x`@j\ZgY\\G/&ukeAMGE<F\Z-~;Rcx>\\a\rB7yAK^	QDJsAGa1r2kRy6rwCi3z<b)4lSf;|U@'),(2289,'x}RN0\0j>9!H#{;kJNkx|?/J#$`egAz\0rEY2XC*h\\M\'FD7u\"3sDZd@DvK!ZVxLMeq=Y\"IeUn4\'abQys^NA|vARE{B&wW.wv^~BSAdLHMfS^1y<@it~uqWl=|2/5D\"!!}E}xa;V?/1e'),(2290,'x}RN0~<\0Zv. +71[XTI:\'\n\'GO\n(9\rHF+&4/Z~Yf4pVu:g`B#HBw1a>BWvL*q\Zcv\0^,S!	!0zP|qI=XE>`s3H7-?9*r]N4l	>\\iMn(!(h;*:C3/vch9[\\d+p;B=#\r/'),(2291,'x}Tn\Z1_r	yj\"E4$Y+_HP\'Xg\'g93^no+j-*	\\bX9zv\n_9\0P0p4d\"\ZG\nr&,G[,!(\rGm\n-	\0yw%.@^/x>u$sPVx8z1zRzQ -TuPP#MokU%(%$RL~W2(s@GWV!NBZwT>E9Q#qZ\n`FpceTJ<j\n<2m\"o#=WF<@TxkLl+SitHUHyGalR&\n;uaMb}>Y1&k.`L7O|eg!BTc&r	W^k\ZN7<gCOi(B|\\(q{=ai;u>z\'\n)X.-pZ>Uu.Z6&V98qqR#kH#O\nO*H\"i~o@esaz=.%\'=6{:oO+Y\ZX'),(2292,'xE] 0uW0nj|jzmvv=O!}iC(M>$B!7{]D%DhEBb_<A</~^kHZ\\NORiiQJAr?(f?}F '),(2293,'x-; D7o(Ab#v+b7f,Z\\(\"M`h@+A3KW\n^\\\rNC~\0%%'),(2294,'x-M@0D27$ hR(+qwdx&jQfFH&1 :CIHJ<[wLE|?|u$F'),(2295,'xuRN1|\0		D{_e\rdU\nqRPO<xKLANiRkJFu@D8lIX	ZNF{26YO>+ho.:R\n	_3)YG!4but(+e	vHT;	i`R1~8Q\\6]0V_TL>Tuhj]z6pp~bHyy=i=c]sIX67K|WoqD6]6]b$/2}P&<*|'),(2296,'xuRn >gj{-.I*(i,3ZBYRNiSkh#/(J.VPURtW=n%VmAU\0KbmJ\"K,A *_Rc#472Q4F%Ay)SB{R.<sWz[jc-RWF\r>=o4_	${)1?)~s!UlStS#x\0c)	]\0y3%:ND.7KNTC4/'),(2297,'xuRn!>j{W,X	\r+IWU(Jgl$__J=\Zb-9C\0\\\"\'|MY:Cf)Tw(*Z1.Ehe\0b4nL|&x	g,9;b#m\0#OA:MB{60%?Gl\",Rg	4]nRezbO6*yH> rAO%BR*UCM8)!G4qD*x:u7Hk)\"VHlM]$?KNM'),(2298,'xEQ D0@Y!Jj2{AM73;y;8#QGh#g6|U !WUH7Pe[h9DA,fr}.N%_Xf\\itZ!6Jh\r7E/xEK'),(2299,'x-K\n0C(J5 cP[	k\rd0	6%T[fDe(>h~Oo*\nb}5=/%'),(2300,'x-Q@0D\'P!jz? X\'dc\",(~.	Q&\nx\ZN,->&{;%m'),(2301,'xTn0|AyUTul{ V;*}Nv3s)p\ZUCS)$\\82\'@[G8UEMB+IuXg^\Z|3p#q;xb/#\0s1%E\rrWs-0a:Ab##iJ}g*$f 1&PmBHSo5QcI~E>dp oH|Qo`s5RCp$_U@]$VHt(~J:O6_\ZwWKiS\":r}u,UJPlk]xgAth#L<=g17\ZWV+\rB:wE>q\'7$cB1ZhMb[CA#E\ZWhqm;D-K.V\rv6&V0Q;klc|Ta}\\sg_:{w=e-oeq'),(2302,'xuRn0|Dm.4Wib!M8U>\'hRSg=J.7bJC.hDZV\r+YL\\3ZzR\nZAGzhq-cL*DtP1Rn:XnOQ\'{y&2a&E\0?Ik(Ec,{cK5(gXYT@e\rTL><*q~bew_vOc7Hq=SUS^3=%Hx`00qO >RN|uq&EF(bZ;\0^=d'),(2303,'xuRN0|\0Z{BaQX[ MLh1T1~|\'jS\Z{$jQ	A$}&`|Uq(1V2t)*LtA+R;g\\EAf $~TM\ZewabvIk#*;,a5(oXsjH(E2[:Eu=pb#SF^/~<8=a?QTWcCl<l@8EY	z.ctg|%5kn4;b$3k}TC/`/'),(2304,'xE] 0B;\nM-4OM^~YCO 9?>gH,BEWes\'{6y8M-2V|[)=sVvq6Y%J{rks\nS?SD!'),(2305,'x-A\n0?(29D\ZV4]%DUb]+;\rz\"\rbh9\"\'&I~tl$'),(2306,'x-K CQ;d}E,F\"PuU{>dg=;1%}5#*OHJDpO\nRz\';Gd9f*<T>:)%'),(2307,'xSn0Axq\'?M  KLM]E}\'}MG#yAA1=hOjIv3\0:EA`y?dmBtdQzK])mKC{e\"eL:HX,+u 0FcV9LB\"SVA\\Cy+qo?M) \'ZsP@JS .#&#g||9~1vi:sXkFCy*O}^\ZWmntD C	M	_a_/Fk	==|1X ;\"g/e_7nA6jFq_}2z:Yz2;\\\Z]Snn?63JnZV@)\'9V~)h&'),(2308,'xuRAN04>!HnPU%SF;H?F	U#?p&}Tg]@kk8eO9mi?x*Su!x\0:Q6dBv@&dz<sv*aY*+C(z4A*gH{V	c:u-DF:IT./g)ljRqta_`y:Jhy0R	PJ>el7%N9E4tpz<; &[\\GDB0Jqxix_8,'),(2309,'xEQ D0 !\Zw/IfNf	3;0L6\'|~L=Wx{qp	VL=_S%fi6\']?\"Iz-VJF!$*`?FC'),(2310,'x-A\n@\Z{B	,jr+b<uF\nMdM~EQx)NKa?\0)'),(2311,'x-A0RAAj7i|0pB{hv53~#.vLI1T1]V@q _6StxP),mC\0e}7-NzlO+'),(2312,'xuRN0\0juN8=rUkpnPJuf;(?(Zp\Z-\Z#A\02M:T]tB\0ZIw>8O_{VDtMqT:G\\Jq6I0\";9n\0hG4{[Fl)]g{j-\\W.=o47nK02_\r=\\JSi4]<l\"yBs\rPu}[~\Zc!Q.v?g\\pr_yk.iy'),(2313,'xuRN0\0jRC/ jQPJvf<mbBmE[t\'z?>Ye0b\Z$t@\0S&(D:uE1zRVgE=&WMN|VqgC=zP|\r)8~O`e0	L*i6y7JuDwJm.gi%\n\"${S/D+hG*(RNe]fpyw-,HigI\nLrL/'),(2314,'xuRN0\0j	^@GjM;[\"gR\0gv7J.7j*E<5jQ@|d|?J6y-	\'h:D		T4*{,2EmE0=Z85C&Le)@k#(Dm$[rx79cvuYtT!^*uvk&7~Co,6t\\(2Ag==%<X\nqO>\02%:H=klSK`&,\'*[}\'5'),(2315,'xuRAn0P@8K+c[64{FHV+Nw#xW5gFWEEN6}Tg}@gZs&EO>3*K^d>\ru6d!h{\"\r\nCPo*\rg^B9kf*HV\'a#&$L9!}o gWSdQb/\Z	$i|i\'\0c<!sJJ#mq>H%@R*dL<)\"gJo<|\0Ert,D=Jc,K^o'),(2316,'x}Rmn0Jqkmh%CCobpWl$?IW+FVW]Mzu(iIj7=lUMhctdCX0G&FfjAYVZt9zo5}QA;|	tv`|iXtS8xf/O%aqY0tJk+7juB{<,&sFUm2#\0W@Z%<.nq:1@!N*zQW!-wOM`_%x<s&R\n=e${h,8LGx;IHY_I{dZ/^?'),(2317,'xENA >a?(\ZS=Mffgg	0zB66e[#3\0	v\\V b8T\rOoUg[cG]v)zxu7)DS\n?.\ZFUH'),(2318,'x-A0DBTi#xm\n-e	-#ah]sQ<a <uGs&&CC\ZbSj!_kw\'\''),(2319,'xuRj0}@W:\\Zhr78jd6{W\nifv%kP7F#$hc\ZM\0#\r@Uu\rKVl`K`RF^DNHsMU.EIL}`\\@aW~L m.k`G1z(<LCwV1bI%&u4=Gl\";Y.n7i~;tg,y~}*uJsR)\'Smf7f_h%[G&).\'L=1H'),(2320,'xuRN0\0C/ j\\;P;kW\"vf<kX(L]jf2\nv )[Vl%wT)?\0	SEw_uR0]N$JG&AyB#X)GG\'&h%=5LucMKuNlxW{>]a#MaK\rDiSRir36;gN#clqBo6NqDH,:}\0<\0pG'),(2321,'xuRN0\0J	^@GJ\rB]!\"POkxfhF@]4@D]F`%-NX\r%[xd4)Gy}-N%r$2P/s5	\\?R{g\'hQ:1b{6$<SY%?kl&G;[./Gx#}x:E\n_&\\(^a=a\Z#/d3r{s&#19tyn@D'),(2322,'xuRn >2q->UiRUL6]H\"YrZ43.X Lmlb|U7A<	G\r*8KVl-X8Kh]w@k\0K|j%\n1zHw^3H0Fm5 x#/*YP	Rz=rXDu\"{c`d:ZwOM|q\'^j}^hg3Hv}b_h7I&{W/E+hT\"NYJLy=n/;v^^m4I6uJ\'k/Z'),(2323,'xuRN0\0>hcZcG~\"gRigvVnFHN+5G\r@eu\rOV@+`Rt@/KMQSL=)10.ns%/)*`	g(fb\\A3STUdnvgaRmP[ZwOM|q\'=kOCfF\"y	{S/E+h*,RN<^=oh%[=JS	oTR~2/Ubu'),(2324,'xUA\n0! _0AFR!zMVx*>v\\!1C@&-j36&;*L#3kCqfg~\"/iaqA/1\"'),(2325,'x=\r EwDB@\Z* _Uw/>}@Liu\r*@.y @E;+]lZI>uW4g%K!\r\';'),(2326,'x-A0 P^\0b,	JUz[v	G5|\"$H!*Sl.`4\nB(3U$	zXRu5-7e$Y)P'),(2327,'x-10/DC*zt#6F*cHj5\'wVY6\"$Ls%MEQNcO\ZbtiXu4,__{~+	%'),(2328,'xE\r Dw\0QHCS]Q * _Qw/$Ttg=@H&:Y|||>`*8F*F>C\'2\rG_ e)e@IY7mvOO1Kya!\\C;qyx\"=#7.N\\F.@~WB'),(2329,'x-A\n0E\"s\rx)D:w7=?F0\"$.WOoA>\"](&4ih4m:*9GX&'),(2330,'x5	0{\"DObo8T\r( 2G*\nPUPFc@=fa<_OYH{[!M.6q&'),(2331,'x}QAn /fv	nJ 45VTmO3\ZC kSgPd(4DDLlrDqy=yKMtvt>/1%GjU1XIS!T J	8	mBaa]=%C;_&\\76)d	C.uw9Oy%~3n]-xAJeHO#\\6*Y\nn7'),(2332,'xn \'Yl	v=\"k0LJj\'nANxAwx}g^@i2oAkPc!p {5%0E~`J`Gv[)\ZEstT{PW\r\Z:Pgs7u=[r\"/jcUE)>(u99mygrj|\\f< \noJS(GscOez^'),(2333,'xuAn E	Bt1>\"`%04{!R0h8lA,^\"YWO DDExjk %18bMu W	bJ&J6bu6n!WF6T&[zyCw+8z}=,WLc\r9,q\rm^Stz\'z&<R%KzQo'),(2334,'xuRn >\nj{-#mTFZhf]6Zp@Z0XTU4	M9pN[lr3`JtIZ9*_L^;dJt9a;m5d!2!K%OS_dW\nX	F0Q:M1b{6 2LY5{jG;YZWTxW@v7.np$/OQwR46x@%T\\,gMs{y-ND=)5rN;2&.?'),(2335,'xuRn0@EB9Um\\Zp6\n,;U{FHvfvfAX_14V]5 =-\0L\\i@*C\nBb#tLB}\"y]SW0Fex :f#/@h0:bc\'T!\'	?I%*o5m{uLwhJ_{`?Nd7*y~})uJyG#H5)_g<7>|*|$E4DFBUflE]'),(2336,'xuRN0\0\'*z9pBM+E#a	xlR.uF3aXTU4	m9pN[B$V+L20LSumhym Q0}N];\\3;D&$Y	\0it:A%#1M0\r(w_tc$mAVek$>Tw~gP%]	{mn4]	60I^^roZhxm\"J)KW,X.;^i5[f{S6k>K>H\0x'),(2337,'xuRj1Ay{*mx-xKWvY0d4#i4oT8jw\rE<- nsd`g[	d\'cO;@cU=E9(UK#SH)V^{-MC<gB6QQG	\ZjbTbvWiR0H2FwQfP6+}RS/G5JMO)m\n6ttfq\ZHi}F[e!s~?Z_'),(2338,'xEQ Lcb`If`|0>%||jBOD%u`*X$b_5k#&w%G q2}Ke |87{w>*0m6.JF\r];HK^{T(\0vlG'),(2339,'x-A\n0E\"smW(8@xwc1F2(WGg\n|a&3	2^WtjKjRMF8q&'),(2340,'x-K\n07`^1\r6D(+E@N[ k.hA/|roZC.3*k\rO,G~cuc\';\'r'),(2341,'xuRMo /I4u;IkE#ahM3DM=l?HJ\n\0IGUq&-4NvP\rgJ6TD82i}n^L\"4	T	!FNrxg98;9\0R{g&4edz45VETz mkRI>*q>b/&|i*>B7qPwR46HKQtg*INySBh	>L8H)q\"NH3 \'od'),(2342,'xuRN0\0jpN8=rUcw;k\0inORzpT-*#]Y\022}MtBTcU50d\0,w,Vsk2(`HP9wBQ4.	Rshqo\0\\|A9>+6=i,`/uCvg\"=\0-><	Ytjk=9ocJuv\"8hC>tE\0o|gr{Kw\Z!f0B{Ku3J'),(2343,'xRj1A6KM^,;R]KKIff$$+XA318GZkl+J<Dqzc jUJv9a2i}?z&SHB&W .S@qB{<		B\Z?\rvN\rY\\]l]|RYL!q=:Fs_w	r%xC)LlWmn2e${hl\nqBS:MD=k\rswfZU^b~'),(2344,'xuRn >\n!Vjr0bTi**E3Zr6X0GP\0WP$\\PUi=h\r0\0>`7W^_\"1M#C2!yU|e\\zFwH|RLldVS}(dQZ_@E]	{:<O45n%PwR46HS0g)*9/3>\0i%DhM\Z`q)>x_>'),(2345,'xUA0?9>X5C;N8ffgxER*cJ\\0A^4Gf1xo	Yyu3Bj2h'),(2346,'x=[!E-H\0e<\\lWAPl>jrWF4:[KV@.y @E;3]lZA>uW4G%K!*f;'),(2347,'x-\r0WAPe*u|&(SM7LR>)*\r(L\'<A5y]*=$PR|=~\0y\''),(2348,'x-I\n02?(hh&F;.(F3|Tz!/(@~F	Z8g\Z:^y!E?l@qum6O#1d&'),(2349,'xEa qtr]0u~}yDK[\"Elt<fB;||a\0eH\nIaG_e)eid%\"qmXB<<5,]7&6z+9QHT?_}B'),(2350,'x-	0D[	Sm\"GZ^\"on!1_gOd4?mF4MtU!p\'t!nVzu;c g*$YV&\n'),(2351,'x5	0{\"f17\r( 5NtZ#jP3hu\"rU)Kuo+GZ;Nu&'),(2352,'x}QAn /&5/v	nJ 45VTmO3\ZZ!5gF(*g4DDLlrDqy=%sGG;~:n}aEL\ZdU6 VkTRx|B;NlDmwPb}aeB}iw/G?u]T2!:<?vKCO{|CJeHOG?l=;TR7NU~7'),(2353,'xuAn E	4L	>\"`%04{!R0h8<X6xEJB9^1<`i2a@Jc&q }jA8KaGC_bJ&J6:Zo@bF7+O#joBYh*UE-}t=>@_JZ\r&1trEnmBRP\rm LCODgyLK\Zu5n'),(2354,'xn \'Yv	va=\"K0LJj\'{GHkAA\r\\iN)0Zmk8.iTw\\T\r{Pg9orHaQASm[-9\reqCUE)>(u]TX6H}IaS<e9EBMm>-3!\no#P!K6 %K/d'),(2355,'xRj1A6KM^H{e$iF%_9g\n{v\'qG%8Wh\Zd`ke[rd+cK[@CejK0FmO	g7\r	3rXsvF}:*G%8kF&AZ !`{&/<SGuDuhJ\\G5CSchyH>!\ZtMG)DQrNc5MRm<!|Y_*zH3*\0f^0!z'),(2356,'xuRMk0/IV4z`=8h9Xv2\'JO2zIO\\_U-0j3kHn \0dI2qKh(Z^zSw-7W(Uv)B{1Z<hRkb	3)rB=C\'9P;<V4*495GRqu*TL&JwnQ8l\0sayK>C))oYm\nnz_@&i%EF(Ys)\\\04'),(2357,'xEQ D0!uS+j$><%3&lrf&I*S*:CRy[8\rY	<<n/).N1\\eeFrVZF\nKZChl(Z.H'),(2358,'x-A@?`\08R.aO#\\F>`OV-&UE^Zlx\ZlY#/k&!\''),(2359,'x5\r0{qlZ@a Dhwr]Ji2G*P^Fc@Q6*_\r|=e2s<kc\'&'),(2360,'x}Tn0\ZikP@uI,(h%CA% }MfdJ>jRtqhA{*EHR9)\0:EAd\ZY)T3j{\".7Y{&KwbrYs-0a: ecZ Rs@\n}u\ns=js=*#VrOh|#)<b/wH|Qo`s3RCp$KU@]X\'V$z:AqiJ:O7_\ZpS\":rOX2UJ]mvf\0 B:b&Ctc\rVlB:wE_>O\n\'$eB.	J)t\Z+\\\nO&D$l jYub<uhgXXo	>Xb~r]4\\0=]W=&#Z_gs'),(2361,'x}Tn0}k<m\r\n(.Ebbd48S\ZOCC_O%Z0)I%^8\0\"p:KuM6\Za	!(WNu5dh$3J\ZP&1u5HVI&2GDRys3<)nu<BWD`2eoT,#+<a/HrIo	BCp$M#t|fVdz6Aiy1Zv<rpSq0\0\'|xp*/&eTmm\Z{X\0cEh<z0\0eyJ11EVuU\nnmg%Qm={!l^]R_\\\'\0Jq)/x9lS[-*K\rgvUEviw`Z1&+CJa/7iNH{cnE7odcyHw'),(2362,'x}Tn0AB[Tj/h	\'\'sf)i=\\@&0%Bz,<S09)\'Pl\Z-\":F?G?r+`\Z_9m$nBAOtL)CC.GJbQ#wH5<7cV0K7Wo~nTD`2ecY>WYGVxg;kD9p#Cp$S#t|9	O[jZp>u-!NoI9w>}\n9PFUzoK{\0\r\"G2P%yo,:]Gp+{8+!D(1;%_~_~R8\rp+Ag:_?)(9Xj9|ncH6\r%lyW+|;H:A?>r3\ns=ys?('),(2363,'x}Tn0}k<m\r\n.Ebbd4U\Z4OCC?O%Z0)I%^8\0\"p:KuM6\ZBM(	5GmaAqM)9((I	Espi>U\ZFf\"y`o\\`o\Z2hr5+Jd>8%9<7cY>WYGVxiwHrIo	BCp$S#t|fVdzv)jkymu%O=C+\\Dm{R\0m8}\n9Mc+{\0\r\"Gf,=O\"&GtY]*._apVB;\ZmQcti~e[G>)8NwTK9dU]Lm]hpT\r56\Z)8\"IAjxb/|).O;\"y<\nsse/=y%A'),(2364,'xEQ D`!hW0qmWt9P\\>N4!TfiJ66zL7!h!$g+xo01}@ebP[.LCv;^_RYV]Jn^uZ	bRh0?$E'),(2365,'x-\r Cw@ JYA#}U1[9-10VPs~an7XrB7+6d%r'),(2366,'x-Q@0D7h0UR%O]ZPI39Eg]BJPlSB\rJtajhL~\'l1%t'),(2367,'x}Tn0A-Zva2@:vKU5e\'\'3sh9UgR|ptN,NQG8dP4otT%$Z_-2R8\nRPPJjg1HQ C@Fxs,jlT<\\C\n=.\"VVy,(-~#)<fi o/	D9W8BZ#u>	N\0G{\nD\">nlkluyqZJ}-%?q>H&wd?Q~	\n< B:4a&^7WV+\rD:wE>O\nd8gUk5mm\r>5Jt5\Z7&D$n!jYub<uhWX(G	6zTV\\Yw`W\\__?`E{fK~=W2-W]dYY,N<'),(2368,'xuRN0\0jGC/ #^R(DUwf2ko6\Z!q@[Pm7<Xn\0\"QUd\0uR&J=:XNEI.uRVH)0FmjC[x\\6cHQ(gE3\n(1bIsuPS&rpEU{e&W~	.0Ko`JB4V9pqR*dKMa\Zd3GYi}\"!!??_E'),(2369,'xuRN0\0	^@Gj-;P;kJgf3kXw\0\08V]`\r,Hh\Z.plLVp-0)\'epGP:k&c8-1j\0K`ZC,v@?\n^B9kNWYXE9p& ]g/N=k2jg3HJ9D6\n_W:\ZO;DYJLy\"{oN3cl-Jn	,sF'),(2370,'xUA\n08l/` H`9P736<@$)\n\ZB\0q5e-L^-3[q	$qP2NY?>_0'),(2371,'x=[!E-H\0e<\\lWAPl>jr\Zdo-YN\ZT#0@.y @E;3]lZA>uW4G%K!-;'),(2372,'x-K\n02\r\r6EC4bt5m=~(\"o}.*:s z:Ry#?-\'yciot%C'),(2373,'x-I\n02?(hdlb$qM1\Z-((YAS\ndjP4*9s2o^e<spL?u%'),(2374,'xEa qz]0e}}yDK{$$:X&602IVtH\"	6Ce	8_YW{x\"Ymk*EkpzJmV;&Alzj	\\/}%B'),(2375,'x-K\n@DI0r\0 \r`\'q,O\ZR-tE=kQRceIoK$?ozZ&'),(2376,'x5\r0{\"^\0|qo4\0]0q\Z%+H9RYw/44iUJZmc\'&'),(2377,'xMN0s6,}&VI8*4wQ7U\"=	BUA5CM\"\n[A^X4k@&3Rpf&\'hu%rvabQ@\0<Xq	9jbM6*mbpq\rTGO|zgw[,9<\'So)u\r|(@HoB/99Su==2fpF_3ax&'),(2378,'x}Qn  hCA%ah\ZU5VTmO3\ZNC [\'wV(ALBJcWRJ\'oI)MYsvW\r gX	\rZx|DwW,40Yl50x_j!\\VrzErLwQTMuv1%Oy#~n3uHOG`|^K:|\nn'),(2379,'xuMN0e~lX\0*6\"TqB*1p/5{cJzJ;F\\@DexA\Z2j\0!zRr<)GP4z\'PqJ\\y\Z``*P)Ca,7Pa|+0xm){\\1\\0s;\0fe#K!Bu?z[gz!I!;=[^JE4-1\Z~WYL'),(2380,'xuKn0Dn>\runH7h*!JI\"w/e ;qa?mfL\r58xQm}LUAHdo+WM9>iZj-kyH4Oozhj2\rD3Wq/a!bmQ~r~s/)t%>o3Ir\nr^7vx(C7.'),(2381,'xuKn0Dj>\runH7h*OK-` NC>jDO^Z:;e<NP&\"^A]L`yo_WTH)I;P3TV5M.r)k$}NB9pP};cyD9>{.#5U/yH$oW6TGu,g	KwsK'),(2382,'xRj0AVil{kc/OBaO2:G:G%H=j`BZmN>?.Y0Zc)RjdTQUD0Fm	\rgx]P/qZ5,G{1r^I.uj#6E$WWQP2+C~<_`\0\r:&\".QrNc5=8tt~7|4\'J`IEBBGxix_ed'),(2383,'xEQ D0zC+)4ovef1o&EdmI6ffBV!vwLU psU Yo!n?tgg}L\'S:Fo*q)E\'UA\r>N\ng.2H'),(2384,'x-A@/\0T8R.`G6\".{\"je!2iB<ks-uR<<Y6\r\''),(2385,'x5\r0{\n(xd{plPzF`SA:iX)OP8\Z$ORI*J+_}c}&'),(2386,'xAn E	ti	>rJP0t&5QgMzfh;PGC\'\nypVi]s$UD7!^jv0y06a`$+\"Z^&5.+.1TXrxN.|FSRPt>srx\'z8%z	Ke+2fJ?g'),(2387,'x}Tn0\ZikP@uI,(h%CA% }MfdJ>jRtqhA{*EHR9)\0:EAUEuB*I5Kq^qw,[|edTGQRxLI,0ZF2Dm1-S)9oL>k_Cy+PyiCI~E>deKfy>709q8*.+=R%c[GnglSBZ8)~?ifp,O*.V;_Yh!Z@1OyYL!1VeUviggE{Qm\"d^]T]q\'\02!xYLb[%Ykp5n(0?\"`{e.bbUzb%`aZx2Yt=%^tshvwu2o_h~-$'),(2388,'x}Tn0Ay-Tma2@:vK);5E33\'tJ?=Gth$Y(:Ox\0LziM4R3!$8*(94)+oBPf$ItL)i@P0YHZ%\07Iu|=hr\r5z\\%2h5Q|T.A_\"=p\'	$%*Se6QqY1P}WhZp>r{JzN\08V)@[Ow_d?Qn~	\Z!AL<g)]d7.[eVVD(!:4-{uI}q_8N5*<gU]Lm\r\n6Jostnc<K6%ly+|;Hu5A?-Soc,~-\0n'),(2389,'xuRN0|\0jsB. 41[DTq2\'R5+*XA;1:q@:k0kVk|->{j1UW=\ZR}N]8\0dTK^}Y(e	vHk#*;	i)~G\rGpNQ\\VewH5?[l&S-Z\r4]p/G$y9HxxcWy%T&\\gFN##k6[.>1B?iNUDM'),(2390,'xuRN0\0esBhc(Ti:n-^I)hmd	U:5!\Z7|m	FnDU_XM</P/!(3\'M9}*$6\ZP`t!$T^p#^kx\\dF}qnVR[`#]H\"soRhx<tJTg.>;zyQ%}1>Uw;n>X\09'),(2391,'xEa `2aW0q6# ZvY\\pD|	!M4%K+!fnB#trd#2!f*^`pm]$s93|8X))2MY%{A()2-W^AmV&ze~#E'),(2392,'x-\r Cw\0Qe\nHx3.=aBgLlO\Zd\r(k,|J	r\\,4P6Q\r%'),(2393,'x-A0P>\0QH&7n82 Vr~@U@#bb2V}HuyBO?%'),(2394,'xAn E	t	b}5Ae 653\n#|3<9;j#(6(*^\\4P+=Z%Lf&\rfCSME`3+!O>K;P%O]M7-tuDk`er\'!Ux)\'^RJ;a=8\'gw_`|V,\nA0VW}Tx'),(2395,'xEQ D0W DRh\0&7Ds6hr(:I6#HG-!69!_y|]	/PjE9NU1~9kim}e!wBs1rz.vH@$qE'),(2396,'x-A0A*\rIh;?R~Rz3]$A`\0eHC7-g.5kv(%mT(]'),(2397,'x-\r0[Lu\r2O2m4[dExtUk#k\"p(~Dp\\h2Y	:I!F9$l<8/o\0{&l'),(2398,'xAN0E4:\r}&VI8FhS1nD	\0tXF0<bVe\Z]1^j1,?c)nGL82( \0X1Rv5fBb8+b!@|Ld15Mm]v^H\\M;/s:zS_A036se'),(2399,'xAN0E4e{6,`U6\"u8ThSiJhhAoRjZxglr\ZTz@KmM(0_bJF\ZUju6M@S:7ZU-n{1dE{0v_Lwpb 3uMTj&@]S<e,!Z_StCyBsG EC}miU'),(2400,'xUA0Z_P%8P7\'nxa%\"T-1if	Jmno4.}rjE;3p?.rI{f2['),(2401,'x=Q @D^@bA(!E3XF}]|X7sESA xil4>>6pq3-~F$-W6Z>X(i7i4&;'),(2402,'x-A!D0#3INum@&6\n\Zf82`sn%/*KD[\rqU\"\'OQa\r*'),(2403,'x-A@E8D9W0hPxw{y1Z|*:(\Z/*\ZPs\nZ)x\n^@K}|G\'69sI?V1&_'),(2404,'xE\r Dw\0QH -fQ * _Uw/$TtgwBLtdAN\\	iB C_G Cu\"p	VRfon9&s)/%4 E\'K2O*d	 B'),(2405,'x-\r0D[ASA7\nqi%Xnq^\"MH_2#nOV0t;VTiYSGo&6'),(2406,'x5A\n02/0v @@L\'uVTfxSV3*jP[Fc@#fa_y.OHvx[!-.U6v\'!'),(2407,'x}QAn /4=\"MPY04{M\"Ua<~x3CJ<1!%`b >P[~`Jh{oq\'V]j@6#<WBMs>`<&\Zf`Y{_fjRC[	1D%SmK\rl/|Jclgpx*u{RNn[@z8#epd'),(2408,'xRn It&G@]4g\"Jv2{{?J#m8C\0\\\"\'blHN[`e)BjwdS(UH FMg)Vqvs<*GLhr\'49VNYTlL`gT>uhJ\\^M\0CScvyH>hxm69`F*`k.3|mYtb+z{s&\r4DB0x_^'),(2409,'xuAn E	BfZsnhX	*c\"D{!R0h [HipV(36,C]\r1fgjw44<_LBP<XMs7 Ms:PJU`hza{SGRju\\!G`03u/Tm7|0x8{SpF%FMB7P'),(2410,'xn \'Yn	v=\"k0,LJj\'nAMxEwxh01!eB.`OkJ`4%x-ct5<.,W6f\r\Z:PK7u=Yr\"/jP\'rR|Dk1P]TX6H}IaS<e9UBMm>-sc}7Jc(GscOeu['),(2411,'xEQ D0zC+)4ovef1o O0^fn&P\nIX!VAC^2U	<<v1/)NN1eu6.U,JN\r{	Wn{7d\n;%9\"2@)G'),(2412,'x-A@/pQ0#L$BoJ-+TlL.oDo`CtmQdLcs-D~mk>zMS\''),(2413,'x5A E2\'(FZ\\\n\r,&P0xwis^$ar+HVqv3w4tmIUGZVg{\0\'\''),(2414,'x}Tn0\ZikP@uI,(h%CA% }MfdJ>jRtqhA{*EHRW9)\0:EAtY)T3j{\".7Y{&KwbrYs-0a: ecZ Rs@\n}u\ns=js=*#VrOh|#)<b/wH|Qo`s3RCp$KU@]X\'V$z:AqiJ:O7_\ZpS\":rOX2UJ]mvf\0 B:b&Ctc\rVlB:wE_>O\n\'$eB.	J)t\Z+\\\nO&D$l jYub<uhgXXo	>Xb~r]4\\0=]W=&#Z_gs7'),(2415,'x}Tn0}k<m\r\n(.Ebbd48S\ZOCC_O%Z0)I%^8\0\"p6MuM6\Za	!(WNu5dh$3J\ZP&1u5HVI&2GDRys3<)nu<BWD`2eoT,#+<a/HrIo	BCp$M#t|fVdz6Aiy1Zv<rpSq0\0\'|xp*/&eTmm\Z{X\0cEh<z0\0eyJ11EVuU\nnmg%Qm={!l^]R_\\\'\0Jq)/x9lS[-*K\rgvUEviw`Z1&+CJa/7iNH{cnE7odcy=u'),(2416,'x}Tn\Z1B&(JM}z`x/{jB\'9gfp:%5=,$9%\0:EE.~(KJ6ALH9K}\\Ez_9;JR&\nJ3k|Z\\d!h.8t\\dTwW!qOFgQfAq/v?v]&I	0.9F:7\0^\nR\\	Q*`.l+=;7ApN%g[c[oGnglSRZz(~8_j?{h-S;)~ucKP>xM+:D/`UJ^/%`-LEYC/?(Kp W.\ZSt!uN?JPQRXi|`7!ZE\\$voQ<CS8\"8x`Ge5{66tc*p}_NiM?=>_6g>%Z_$'),(2417,'x}Tn0}\ZikPu,(%C%;yMCtJyZ7th$Y(sJp\0&G=EtM4R3\ZS\"8BDGnaV+:PrP2$SJvPKk,$X7j;F-*)XAYcAU5\Z;QN -\\=2P8	%07*ryvNaZ<uezDeV[;>So(M4C(:@HvGL<g.brdN2b.J~Qm={-{uI}qNr\';*s.O\n?8J|6k\\?\'mLVIA-jxb/|XWQ??|A=\\E7dsq'),(2418,'x}Tn0}\ZikPu,(%C%\'yMtJyZ7th$Y(49%^8\0\"p:IuM&\ZB)	5GmaAQM(9(	PQ)%{P}(bKk,$M72{:f-*,X@^u,;Q:6=N|FzNHzK\0gU\'#\Z&b KT^Wlk]m+yQZ*Z8%Jm[mr><hS8&{{X\0cEh<0\0eYJ192EVUUneAh[sH+WW=}I$7q\\!:bjr@g3Xjnc$vvI<ib]A?>+soS,~.N'),(2419,'xEQ D0zCF\rW$}3yL\'0L]gcfBQ\"QTu|2v[\'>F1vinj,,V)PJTZF+hQDh'),(2420,'x-\r0{\n0PZ	FF	yG\"ESWxkFoo|\nK*y\\-C*$c'),(2421,'x-[@0E2+PA-H1VTdlBJ^P\n,*:9_e%89?7u\''),(2422,'xuRj1@GiKMkk/~	%^K`iIF3$7@\08\\+kh,HhK6\0.?\Z2`O2jg\"z+7~RI:5WvR\":j0Fm6~U<dB,jt@?Ej=\n9^A=&aU+(L*nya0-{l\":I%sMy-9In\".T?D+h\".QrLy\"kov	0-HicI\ni]R\"3'),(2423,'x]A0_ `\nwp^AZSZ)hXlEG7]{Kk&:!(N8C9g\rmF/2W'),(2424,'x=\r EwQ\"]! U?k\\lwEP]	!	g%6{OnM8@ Plz.nj|8nKr@.PLGj0+h.\n=KWB+	);'),(2425,'x-\r1D[A\"\n@]qy!\\3PizWuB[8 4z79au#(]_ _\'++T?=R*'),(2426,'x-A@0E27hC\\A]LT+J>2:) k\nT/h;CZy>OlHWj>MU&]'),(2427,'xEQ D0beC`(b@ezkgNfV#k(	fPbT\'|`]:aAEpcE4;_T{%iTe7~VaJ\Zc}\'y#lyB'),(2428,'x-K\n@DHy\\AI\r\'qDrZgG\\zK-qXybhjA~\\dM\0o&7'),(2429,'x5\r0{q>	6= :@9 ^~x\r(A93;CqIk(I.dVTB.\nr>u.n<(O0\0~\'\"'),(2430,'x}RKn0\n	:JU#dD\0Qm	79<c<JI1VX[\00KdTPj@b`,X1>gZ=\'Epg\'\"lPO_DMhGo|]<`BQg`UrG\ZUaj	v[PzQ,8th>Mc#5v1I![<\r\Z;%,{lMkap>C57l%L-_AC,c;$SV@])/a264xJ\Z2;)>'),(2431,'x}TYn0JX_M6o6dA&Xg(6_yP?\rz-Zd5WisX[`OYFjFt0B(Y)Z9bC)&b`):bk4@+1;Bw (KFHu|:foojDaG	@v\np 5K6xXC\'0ok>*b:>8,wEPyxRQAaGb.LlkF Uiu}\\|Aqr;f?uez:@ aX}u1#r>\\|&_O!Mjg!yK\"\'1\0	^GNP:enkp7q]O_0j\\].sgZ/n=EvH\0\\QG5AoHUKZVM5V8)?\ne36`xabXO?[7H&_9a_x'),(2432,'xuMN0&)iqVXtrQkpc*3v VMJ(fup*\0\"\']ON[NP<RhZUy)%u]Re)d#$5goFCrv\0?FX\"}NSAMObiouo\';EJu*Q\\{h54UIM6#May=iAi\'wEW)Y\";zig@Z}\rgP8em#9_;t{7\\'),(2433,'xuRn!>neOUC.XZV`{\rQ$*@{l#DV*0u+Gp\'-\'(3%?AByuU,:LDj2aC&\0CdY3F1fXH@j:gYQ:MUcq63V[?{l\"GrV7k\Z.){-P9K)!j^H0PJ{e)R5NsJS4\0> ZX{S6i	+KNuoo'),(2434,'xENQ ;;\n(N2}m\rR\n!MZCFL>72!CCawh77P!8F4;h{I&=[}Hb<QQovQ&%Dp8+/z*I\'9+/?_H'),(2435,'x5\r0{==dlM:Icm4z<^=(Q9sU$,2R+*!G.Es\"b|nw`\''),(2436,'xuR[N0\nP)u? [NuKznXE w,y/Jz#[eU,f4pVQ5*275/0u!g	S2WHDODm+y1OVx~Zi/A9d1+Z.)j:*pXR9kV+>9^ZE}\0&K,\"LRS88\"v=Q;@745vnv3o.t\rtt Yr\\S821O{CaJ#:xz\'gF?&*X	MR^Oa>~*\Z'),(2437,'xuRN0~<\0Z2. 4X4g0;NI\'D#T5J:n+QDW,\\@iLjOvR^_MqJ`DYwG$2#VB5A|\ZM,e	bcGDa;r|\ZZ9FX-Kfq2+{6c c+rD&&MMe8p!J{e`\'|]_o{\Z#od%Z;eM=t\n'),(2438,'xEOA0KB)?UeTCiG;6rv+qhnO\nX0*A&2$Qsp{<IOv6<a\r1[,sg^,4JV\n\")TgDEw_.T\n+%/1H'),(2439,'x-A0t[P[zGa4!<=q<ZB0IU-y%#tDoLSV\"D}ff vG\r@@&'),(2440,'x}SN0|AvIqjjricpJMh|9sa[$%kI)H/JKnIbbi2^q	T/4\ZG\r,1\'1g>-h>EsBm|4c\r$D-m&15Vr J)\Zdj`%D+TkY\ZYg\Zq\ZE+z=DyQGTxisTVpDh4:`06d!PO!N*UwK;w&\\X:`^w7ruB\'+0k;\r( (a+4bGia]Q.l6+,Q6WkBbBNlX\rB>xm{zyQv3,ktop\nAN\rg8On?Jv@ORVfrS/I<|\0{x'),(2441,'xU	0wiICW06AFrt7E*gO\n@%s\ZBfHs	XV\rlz^}AAwm}v=~In$kXh4'),(2442,'x=\r \0wDB@\Z* _Uv/>%B\"\Zeu{37@ hM|Nhmj.3bSH@6	|oh2=3K!\';'),(2443,'x-Q\n0D\"{Cfrx5KYHKoxoa\rOPfJ!&sA!Bh\'<nutNi{PV]rEaq*\"'),(2444,'x-A0E2\'\Zs6[W3OEJ2@_@o\n+(\ZOtEsTVY~BK%&{IRV~&d'),(2445,'xE\r Dw\0Q)fQ * _Qw/Ttg=DH&:\'G\Z||n0!GYa?G_e)e@ink;&!c?B.NsMcaRt:gfDz.GnBB|B'),(2446,'x-[\n0ERf(?dL0&tpatPE^ H>-(GtO]N@QQL~RNr;o&6'),(2447,'x5\r0{qF v_z@tK!A8YFGE8h `nqI5T%?^JUAEs\"[1>:7Ln?\0\'!'),(2448,'xAN0Es6,}&4\"TqThS1nD	z\rj	hL)Aa8bVeAM5@c3m)c*SGIR|<2( \02Xq	Os	]aUAJ_F\'!@|Lzcjw[%<goSm\r|9@>q6Dw_hCuZ\"n`flw'),(2449,'x}QAn /0$naQ	X,H0;3NC r/ hHaC	zD_s\r:=mq}_3+b.|5 j	l*QO)0Mhl~B\r\'~&XVe}qSVBuDrLwQTRbJ;XG(\\2JxF\ruH5X|/}l%>~_'),(2450,'xuAn E	B&t1>\"`%04{!R0h8lA,^\"Y\'@gok %18bMu W	bJ&J6lkQ34C<m 	eT?M^/yWq\0){jY6\\\ZrY\03[	K!B?z L\'z&<R%KzQo\''),(2451,'xuN0%Ofc	Z#28Hspt\".wx;m26Z AM]Dt`y_gTH)I@+swfflj2]pUAI ,NB%C;MVcG9>{.#5M/y]rI6.oze:v2H'),(2452,'xRn Iv&G@]4g\"Jv2{{|7-g\nFp7	8C\0\\\"\'lHN[`ke)Bjwd](UH FMg)VxUjH|7|Oir`x.nc}($^M\0CScvyH>hxm69`F*`k.3|mYtb+RG9e}\Z\"!J\\rt_L/a3'),(2453,'xuRn >`jive+E#ahMJLHJ#(fu?s*\0ENON[NS#gJ\n>JF>!8iTnKc0} nh@2!{2:2aY`C\\6u\"M?tLX+\'q6;mE^R&2PI*L\0Sv\nSc|}jAZB%JW)C`8)!f4y\0mvG|au\\iM\Zv`V,\'HO'),(2454,'xEQ D0z@b@5ovv\ZGlsAO1r;M<h	I5b67LsjP[Kb\'Fi(n\\xrQ{;8p:%c!mE'),(2455,'x-\r D{#mehtFYRB*a%s2&H,P rGEKyIyd%'),(2456,'x-A0(?p\r>JU;Ijg;(Cj\ZzPXbXM+eG=SGIS\\C%'),(2457,'xMn 	tv9`MP05QgM=3 v^@IDa2qmAM%XOc3mgPb}?~rvJ@yzG;yWh\"1UiM#Q,uiw\Zo7srU6RW.N3;S?ez\rKepF3axRz'),(2458,'xuRN0\0j\n^@[QPQvf3MlR.	Yg.#D\\h\Z`}vpr\"&z%.\r~`@*YqR0}N(dY\':\r}\0V\npH;{bE\r{NkQUk]{Z[:MCU\'V{6U	ia^	ri}\rDJ9JW\\!r3m/&|HWoqF[S6k>/u \'^/U'),(2459,'xEa  r]If`5jY\nfx&ec03#&4o	J&C-vJ\'q[Lg*wiR\ZM,JEJG.z5H#>B+NE'),(2460,'x-A ?hrHp1.76qp)Pt+%ldb?]\rokhAvSVc@*9$!;{!{?%'),(2461,'xK2.RILJLQ24.R*N.JM[Y)&VJyJ5\ZZ)ed)YA\'\'B\r1T\02\'U'),(2462,'xAn E	tt+Ae 65QgMNv.C@IDa2?K\ZKz\rQdUnb}_$S.L4\np>t6/zdiXJ[hjXk`%{\\xoq]Ln%}m4.%Hm]L3U;K/^W\Z}eE_\0y4'),(2463,'x}Tr0}mH\0436Y#G&JT!OWg=6\\@&0%\\f4{:`rSN)YG#50[]|+)@lQDPW2\03qKv:\Z} sI$[DNyr3$^5df|	5\ZzT%2h5~:d5}WYGV\rO@N\0Yg)2	HpF(l(Jmkylu%O=CXDu-rgOT2EJSmvv\0\r Rya&.brcN2b	OJFzwC_O\nor\';*<eU]Lm\r\n?6J|6\Z+\\\n6&$l^!iYG}b<Ml\'XWTo	!:lrg4|0\\=]WFt?'),(2464,'xEQ D0W DRh\0&7dmnPrul(G\"	;-!69\"_y|]	/PjE9NU1~9kim}e!wbbs!9\\s		H&@ E'),(2465,'x-\r0[A[H/\Zt$t8(h;s Lj2#xiUuF:\\*/qknuw+KEzLb\0UP(a'),(2466,'x-\r0D[,\ZB=d)wY\Z6i&D]POzWIe8mp\n>c#p|O&p'),(2467,'xAn E	Lg1\'+Ae 65QgMNv.Y3AIDa2?K\ZKz\rQdUnbGI]Xi<t6/zdiXJ[hjXk`%{\\xoq]Ln%}m4.%Hm]8\'gwC)_,1K4 	+\0~ '),(2468,'xRN0_>9-h]Z:;kxvvwf+tUk5XD[1^\n\'-2TV]b2@Bfw\r.({)F{B(2ZFA({arH!,kKq\0xw Gs`<d\\|:\0Q5snC0[ka~M:Guz)y<	Mt*>!\Zmv3G&C;:iR^)Do<%LH{gmB.J%_h3w\rl'),(2469,'xUA\n0v[6uVC({$v2(b\0m$\"4!if\'?*KMX^qc\\9[f?B%K);po8W'),(2470,'x=[ \0\'hiXj70@w_%B\"\Ziu[3Wd\\LsA61v~7gM!\'Y^V ?RlL\nP+;'),(2471,'x-A0~\0S	:HKx-=$vW\\56N]^HYzm!M@z|a]yM;\0C-'),(2472,'x-A0~\0S	:HKx-=&vW\\56N]^HYzm!M@z|a]yM;\0-'),(2473,'xEQ D0\"eC@(b@ezkgNf kqO(yM(B!&:Cca?*|^8\Zu/K)Jzr\\ia\rrQn51(q6\nB'),(2474,'x-Q\n0D\"sdM&xw1W=Qa#17ZDp!c8wq\'S;L FU*-KjDq&:'),(2475,'x5A0R6@\0BpwhwyDAS0\\AH9ay?*URdk-nVZQ>\'%'),(2476,'x}PAn /Xt?;rboJ 4k\"T\'32qCqdx4><3U$qJLc>x{>D,\\({9*S_@\"q*\'LV#we.dBW#CiSC]=m\\[TX\\vMSKrYdYJ=Hy5'),(2477,'xan 	,k6s]9`5h  wIRU~\nt=B\\wJ{^xUl&M- qlCVvBMzE)e*#dc1QFv?HsI,IPxu] 8zL\"oZ)B_	I02ghl=)v]nEnY?_ZF'),(2478,'xu}0\0\"hw@~xw74o\r>H%vXp,\Z06?8}Zv)crL#IWkf`{JK,m$19\ZwrfwWU?wF?Bz}YSDruPl'),(2479,'xu}0\0A^vh	_PV&=FiU]\0GPxq4QQ8RF),z}fDP\"dfM\0du&4CiEn&>!Is@]Zr\\-UEK)IXmR'),(2480,'xEQ D0EqC`bBez7329=hiM+}_GP ]a;m}R!t]obP\Zg)OVM|Km\\(%5bp\\z=WQR0xA\'E'),(2481,'x-\r0[A-dJi].&C=7\ZpWHS(a Vu/Rk/Uw~g\"H/W(h'),(2482,'x-\r0[kcIDPzFgZ\"Q\'8i:&rXEi3ehg9<~#,4[tIpKQT~&w'),(2483,'xMn0LgU`D\rJB)uZ!UUW>	lf[GqP&L#j5^oa-n\nNKj sz}T@-4sv2h*(e~SnAHAf\ZSVXQH9q~)WoV\rL.jJ_]virIe{IK3rD74/'),(2484,'xU	0Dwi\rYPQ\'*Jw~t{\\DoB@6eC([H1FR{#>c]JIKA?SWn?:\0O;>_3'),(2485,'x=\r \0wDB@\Z* _Uv/>%B\"\Zeu{37\\@ hM|Nhmj.3bSH@6	|oh2=3K!-;'),(2486,'x-K@CL)?Xq,\"\"U;=O]f#`GtzbIE$x5==A\\%\''),(2487,'x-Q0CP(3whu=Iy.\Zn@%N[\n>I}	NgUpWP?rp=%}h4@J*+-1?|1'),(2488,'xEOQ K`*z]If`Zvjj$A1NFK|`\\d$Fn$p;;_`WxNvOeYlo:\"<ywVk,hd}XBb#o\\>_L]F'),(2489,'x5	0{\nK a!&075vE\nn0\'+0ecH9>VQ\n7\ZZx4z%E\nir1dq\'B'),(2490,'xuQAn /H4Cah\ZUT+EZh<\r)iFHMI#Q&kcw-?1F4S#:]uiXS~iuU>XIs!T Ja4	mB\Zc6?S\\M%8:6=G7uM3AX%;9WxmmH)Z]?\"z<&PJ^	8]TK7y'),(2491,'x}Tn\Z1B` TM}z\0+^{g3s+=xYq\Z	lZ^>,4vh8+,9%+O0BBG\ry>J	 QJ>gFR^zMe[vVH3:9;>c0R9k.lxA*ilgiRG&EU}=)hX^7QD\'<[/-AF?HDY_W&\r2(sv@&OT4h>(WovTblC{Ok738)\'=FlF:_i:)Zvw*zM;/@)>\ZC3B&q=z&~o\ZC#YOax	h_I7ORjZ&5W\Z%g[06]\"7J=qY^&suxtB\0TX*o4K!+%{WnS$_;yi=z'),(2492,'x}Tn0}M<m\rb\ZdHC<2s\'v&Eo#k#g:)b]A$bq:P$@:q@dXvhiG`ou2@LZ0Nf4Rq.!U;,Z6\Z&BQ=ElGyb\nK*yB2Uz1AoWH<zK[aBW:Qz&\Z\0M:5w*xH3.#t?u\ZCpLDr2+bNxb/70,Wx2kA	?*dm\"yYQ$	K2L`qF\r[*f-Y6^,9cHcFYi\0l?Aht}euJLq)Xg~=YtH]r`L~?L#hAKX\0w//Zb'),(2493,'xuRj0}Si{&w#kDDIMw`hfw-y^7ZHNkog^:Dq[4vF%gRt\"$\Z&KP^V2\'Z^$)D8Kei\nFO^%?\n0@*ta6ib[u}(r^3L[yE8I2\r<r:@%`R*2%EK=&n	A\niYrt_W:bG{^'),(2494,'x}T[n0JH+FmjMm)(|:AEa9;;;#S&ERsII9w[\0 UEMB*I5Kq!7+,K<FFjB\n6b[IwWK:x)u1?%~q)SRA>aQL\\neZZX>1YxQz|VrOh-\\L:B]}D:`zs\0:\'#Ah\0&U@*OT}RUy5anEOgl^\ZuHu};gjRZ<4Yu&)SK</@}&!C)f!th*GHVV^>ATYnXGd.~9|%7\n\'n$?0!xZhMb[R%E3\ZW	\',	\'ZeA]O\Z &V\'7\\[\ZeF@wus;S2ePO8'),(2495,'xK2.24R*JI,LQ2.2R*L@s`qjTDY)%&\'Ck%M-'),(2496,'xU	0]4AmjB0\nIT,JwzP	?1qY9R\\\r%R-+j<vSkqJzatEQR/$h?W4'),(2497,'x=[ \0\'(VYj70@w}@^\Ziu[3+I\nr@ hM|Lhmj.3bSH@6	|oh23K!)T;'),(2498,'x-	0E[Y.z-,Q8k;vhA1?2kf.p \\PRXJ9,%NXM\"9M\"!3iG,;('),(2499,'xENA >\0!@xj\nJAJP\")ZA9LUe	pICXFE\'7.fr#g}D uZy{<:f&y\'kntHF'),(2500,'x-Q\n 7Py,F=-qg`Wx21;fh+thwn(qKy.Hf!95Gy^n$'),(2501,'xmON0|\0Z:B4fv_Ow;\\px#B\r(}_W*<eQ]\\1\ZItxD=7~tUH\Z \"@N^L(&}t!6PA9),v>To fowx'),(2502,'xUQ\n0x !qLhkCioFt\'haVdV8Y=k[#YXq1:RN9@*zK8D%:l52'),(2503,'x=[ E*Bfdwy97I	_5B(`a>MPzxN%[8&*$86sc/a@3VZ z#}/DI|\0+A;'),(2504,'xK2.RILJLQ23.J(f@+T\0)|RJjqrQfAIf~P*?91\'jPu-\0%'),(2505,'xENA >\0!@xj\njEJQ!19@{n&J#32@ lO2YGSRclxWl&7m-c\\cv@\\c]2}<?r1PS=\nMYF'),(2506,'x-Q\n 7Pyf,F=-pXPYVr+A%[4%mR!%9FGQo$'),(2507,'xmPmn (i;s]95hD`NU^W\0jhi#y>Ae*<e@-] Q(JxDkKJ\r%WW]WO]E_y?<P$F[w#e&B9)kfL4rYmzrR\'yU'),(2508,'xUA0`\n/D(4TT<+xW1inR0RwrLTWCcWYZUzSK!U9?M\0q!	U2'),(2509,'x=\r \0wB4VT@^m}hd^%B6ExU/\\(]N#=Fs@m]4\"&dbP<4C`\rAQ~Fp)rz\0-.;'),(2510,'xK2.RILJLQ23.J(fA+TJ)S5%$74RJI-N.,(S(ONI\ZTcd]\0N0#'),(2511,'xE\r Dw\0Q!CW@jT|zg\n!}04&M>hB l7D@SMJK	Vgu\Zi(/~.B0\'s$z,H.B|~*Ck'),(2512,'x-\r0{BBt18Q`oa9Y_ \ZC7FHxkuvl \'&qKC =lV|GrM9?$H'),(2513,'x}P[N0KN-eq[{4ThN%P%_cL:JJCd;@>T_<96gNDqLa.x}/*(Z-Oj8&wWlD9\\te\\#]=/-ul[*mDwHId{YJ=~\r'),(2514,'xuan 	J`%hD1,}Sj0gZgPSz1wPDxk5.dgGK?x+9AAV4zFZY	]*T)kJ@8	/yV$[?.W\\`mE,u;PO4#*as^{3'),(2515,'xuan 	J9`%hD1,}8\"U=Yzz!\"\\	|1hGkCI:zF6S)\'1Mb(0z`f\\Nu%n\\r5YCK	S=b:p{rm3d_yk:X]Obz\nhI+qWPv'),(2516,'xm0w8)CWh*AK@C$w#5Ku\r0&[LY6\ZOS	EvGjWo+kHR-\'Zo@u}]	\'MG3#%7c	v=F#F\\+{yrZR\'Z?,-f_'),(2517,'x}18+LbM~,\",_m{A70ZZ^g86qfaja\05Wvl!KLzt.lt!S)R3weisg?/\'D\"l\ZI\rC1y; A%\'}\0x'),(2518,'xuan0P8w\"hd!N	i==\Zh%YxxFic*G!Y\\`+p&^lM;oJ`uD.uCG_n`*gJJh*\n*8vU\'wWZ\\?b|2\'\\r'),(2519,'xuan 4QrjP0l}ISu=?>\'RF5K	8F.3*ia@V:!8U9?/u\n5\\JKCs@,}Cp,kO3O?xuiU|y+KMj\nYm[&y3on'),(2520,'x}k0\n\n8w\nXm`!NRib/v=%kgA9JxDH&2&CXZE0K&7CML\'<=nF&_AYl}EXiI/\noy\r^`JeDX	Ht('),(2521,'xukn1-,WF\r*h;RUHb/#2a	dRw=?M0B)lJLL*n_O[-Krj-=vW3\\^\\6@^H\\K\rB?MU;jQQLM]K$_\0s1'),(2522,'xU10E	4i*2fPe3 qe!z\Z{<xpIEpx,#p2[ICfs7 ZM+iw@H.wUn5'),(2523,'x=\r \0w$B4VT@^m}hd^%B6E.N..N#=Fs@m]4\"&dbP<4C`\rAQ~Fp)p9z\0/;'),(2524,'x-10CRJibF!%eBb{zl?SCr<=O;DrhF~nn	rxCk`M {?:K&d'),(2525,'xE\r Dw\0QCW@jT|zgwF]>@Jwee73r96!6\\61 bn39lxe3nki] td\Zp,|2K10p%:ug=sP}.P?_fCq'),(2526,'x-A!/Y$.*aLDUbN^:DJDNUb|E(?D$B'),(2527,'x}PAn /Xm:w@iT T\'3B_	tju8>KMT\Z#h!v]yh\rj<96P+W\"8F&p`*~=_Ds~OvKy.Rd{f;jdzK+6sEO\"Zx.qn>.~LL6-JaJ^6xEw%$r\"%@|D'),(2528,'xu]N0l-B6Vul$T 7=~ETWw4Zqj8\\\Z6e/de	oa&AO]th`2^RHLm*49-@*?*_\\cP^Ey?M>@=[@]?\'u+'),(2529,'xuQ D	JMSsBah6ZT<ozcWPk@KeN3wPl3Q<8r\ZT4F|@R>&f*A	G7\"=}.+\"\\\r~W+PNS >*tstV8N,Vmg39_@ZRyYv'),(2530,'xu}j042Q\"1s`=d=?D8pD\"-r>0lE8M1sQB0J%.\"98e:#|k:q+|n\\#cS,=as[5=rv\r=\r\0u/p'),(2531,'xkn 	b\'uZ,<\"UU|t=K6vNp\0ldUMP.]j*Bh\\g\'ma9lvA:{_i\"6E4XKqN5\n_.kH;P3:\Z))MiH\n\ZQNtmO\n4BlDE/?	V'),(2532,'xO[n0Nd]w\Zc}v6}ER$a\"Zg0d2>!dDtG36<0 ,U9UH/1wH)^mo?*;IG\r`K )!R{S,A7U_]prgsdA'),(2533,'xu}n 4QerjP0CS>R=?~N8[$bpf.3*<0 ,U|d+tnlU\'K]BM*$ |_>? cBX9r\'`<:]iS%^<&}rJHbk,W-/On'),(2534,'x}m0w6CWh*G /#]{2|fYPqV	gd\"jjVtRzBg>.^c({To`N5svlOO6vhu52 VDIl|9\0x>U_6~D%/[z-zQ;t3'),(2535,'xu}n0h+DnbLw_M~;a#_Xv~Df8:.ItIu&O`[9;kKdyiB{yOZ]L6e+X_-h_`JeDY	HruRs3'),(2536,'xUA0jp,H|0jj\nwp]m Baai>\Z}[:7&1\Ze;_C%\'s$=|V3('),(2537,'x=[ \0\'(,w\n\0	_wgAPl>jroR\r2:A\nr.C in4&>\'6Pow)? N>74{1;'),(2538,'x-K@@7Axs YtG+qw{)F3yd&+uC^Q9N)9]6YwIlx?C%'),(2539,'xEa z]ek[^5`Sv2XKR@eCQa`g?;1(<A\'j6w:\"<ykZ=Y P\r	K\'/SF'),(2540,'x5A0$(%>XJnt=(I#y?U$	-(\ZeXU*j+9$Z_\''),(2541,'xuRn vSK+5[]%,I*hgE\r\r8T8&4|YPjD5\rL^\"SvQ6))0!+DW\r	\rgpvF}:FZ53Gg(1r\n_I%675uDw(=eT{9.0=>X%+)\'hG:\"(R}iN)u:ttnqDi}D[e!\r?R#ne8^o&>'),(2542,'xK2.24R*JI,LQ2.2R*,As`qjTDY)%&\'Ck&{3'),(2543,'xE]0\0ISe4\Z(EK`w_6)67AHK\0\':-,C)B[AkV#ftOKL5SSC+$`qAP6nXg~qlxBgwC'),(2544,'x}A\n1EX^i#4UN]p/	x_):`U4;_7B:\"T~U*=8W4mk \n^tGeGZf#\\hRF'),(2545,'xEQ\n@\0\n%{D7dR{?Jx3_#Vyc\"`BsiBn<SrQ0SqaySs^Ng@0v}\Z1 o?{\0.'),(2546,'x-\n0EmXa^6%$)tLz+AXM9U\';/EA GfEn&rzApg4r(JZt$4-|@8\r\'m(`C]]X?vMT-Sz?\Z]*F'),(2547,'x-\n0% ns(\Zg-v`tWcFIVnT	B]\Zg)3Ym\"&SH\\2<Mv{i	!G\Z\'TM4|C'),(2548,'xmQj0MGRXO[,O/Y!d:sa(	 $:Ai9*nhgALvEIPLZ![!.Um Vt=&.d[\"B)Kj7Lz}j?W:'),(2549,'xmQ\n0S^UlxwG\Z/)l:NK\0\':k {F:gJ\\;AT8J&#BaU}G-B+\nu0N\'-7u&}\nL:f%iJ>ru\0n4<.j-klV'),(2550,'x-Q\n@\0J+%{^ank*!Wa6-\\hFIDHb 4_4J UY,sYH2V |\'la?\0-'),(2551,'x-Q\n@\0e^a(m~xwo`\0<&VJ1@E=WP2ielI#hZUS~>\\jU:S`[w#eF*'),(2552,'x5Q\n0XJlFk+6>^!`\rskC`Z:Z=~%|tOuO$IG[r?w{7Q\'v}bY]5npQLSO^{wEu1za?QvN'),(2553,'x5Q @	m,Kv\n*abP^z76Q,AmWZ*>^	5]#8x75=<@edSF@E`,@M:d~\"^iUvp\nxrF4x/\'domtWvU}\Zk\0OO'),(2554,'x]PN1\\`} @&.fWP;NK{=?\nfh\">E`\0aEjqXJ~\naJ n;&T~EX55\rWg0\'Dq:4F5{+I8^QnXj\ne2J\n<_%Wa?Ih[wQ^bm6?xY'),(2555,'x\r0Dw\0TuVLc!A@UwbkHSyE\Z)QAE[tR_+U\"\Zns(UIe5.b}V8/%'),(2556,'x-\r0DwIA\\w`(m\"dBU\'U_g1+hRv^@3;%E@Q16plxX? \ryM5D\'ucX\ng-|~\0`3T'),(2557,'x-\r Dw&	JiGTub/uHR*H-5\'_w gTL{\Z#\nk@e#c^A\\bV=m1 Iry\'3T'),(2558,'x-Q 4nW laY@|jkz8\n\';43.RrySh08G;:X \ryM%D\'ei&DU|~f3S'),(2559,'x-\r0Dw	B;t(){cl(+;41Ip?r\rCV5\'\ryI5D\'ue+$\r?>Z>_E3U'),(2560,'xK2.24R*JI,LQ2\nX)d$VE\"VJ J8MJ)199*hd]\0;'),(2561,'xE]0l{\nk*u?SvwS\"Klm\"$\\XtdLItL<%zlfZW&hIJ\r7pp$bC\0gD'),(2562,'xA1E	lw\na\"Im,vn y/k\"8BVi#gDhBYZ9J%krDfkmQ)Urp1/w}e.-H[bsQX.?iH'),(2563,'xMA\n1E3: ^pJHCYMW\'|	?a\r8rV<Qf8\"x);V0%&I#rnrX3/@3bJz$}&w)=U_T>a'),(2564,'xEK0D \Z>BBdYn;n7fh/q2$V)8\"TpAH{FyVG)Fl(]&*MmKjO|pFhdtS.'),(2565,'x5K0DMp[! l5VhPO /M;\Z(iy&dzWvI}pu,IvR\"w2uq~(L3w\Zt3ET|x\nN$gC~3KeLpi1QK'),(2566,'x5]@\'`IH)6V@w|jMf:\r||	nNHY#.0&PXL[l\\yL[O#Q\"XdG-8!U;Y.aGiwQ\"*%~@e5]S\\(su&9\n^6lf}-MW'),(2567,'xMA0ERy5li5E,QiVIXT#nM8Q%Xy~5&;\ZE\ZrHp*R7g,)%i5WbHd(FvX]5-\\XOY#H>2;h7c\nnp~<]{2*~m{\"qck/G!^|'),(2568,'x-Q 4\".+<,? y%7Y41nnhZcGVk,kt4huqZbJ3;HB^=+hn\03'),(2569,'xK2.24R*JI,LQ2\nX)d$VE\"VJF J8!jSJk='),(2570,'xEk\n04{9	^b4-uF>!oA!(sb\0`E-X]Q{EJ%vy#w`?@si)%6 X6L70sIieun\ZDo_v\0|Cr'),(2571,'x}\r0Fw\"P!p6BOV (\r!HFA~@H\rn*)]k;Rc(: n 6Uy{jF\r'),(2572,'x-]\n1]%W(	b\"7L~LbDp.{N[z)NIL+5QT-a&#-e%3B:+ ~.'),(2573,'x-\n0% q0{_dk6m\'mcWIs9~\rC6baA\nJRc%>u`@jMdS6n<sl]*!q=	RC\r\\%pF~VOo70XYQHyl4FGz'),(2574,'xEK0D Z>\\!JRn7fh^SMF\\ 0vPX}w#R4+BN\r/k3=<dd[X\n0\'yv .'),(2575,'xeAN0ERMjBHH\04)(B5$CRl{xP`F\r3-CmUqUfL39hEZ`adG%^\Z-(KNDp4R^CqT;}ogJ~2yC\Z+3\n\rj(R\r;ezh#iy<T'),(2576,'xK2.24R*JI,LQ2\nX)d$VE\"VJ J8!jSFJ\0?'),(2577,'xEk0l1HS6J{TuN;[7m|@d	|4(-aj2X:VgeYnic:Qf;;0)Ir^e #%*_VWazn>3s\n5d/B;'),(2578,'xuM!FB4A -.@+7m|k/:EsB5 [43IEZ^g\"*\\6\'SYC+ky)WDh<ngC'),(2579,'x-Q\n0drd)V!fx1ckKR)\n}8o.uyN7.NRu?2nMt1WzNQ*?'),(2580,'x-Q\n1D$W(6Hbxw_37V\Zb#kB	zeA=Mq\ra|24Q7j7t\r0KB,f'),(2581,'x-Q0C @B05}gg)\\)C[qDE\\9M!wAHan|8Jn+rEoFF?t/-'),(2582,'xEQ\n0D(6 ,v[R{W5{0_CXDPX62lR&*JNq^\ni^yi<i{XFl5}n5N$c{B(:C=~VB8'),(2583,'x}A0E\rrH\\m<I%Mb#V-6n:Q\"VFq JN8<gT^KqlbsE\r]7p,	y&;VfSCW?a<W#x[?y8jUsB~A#>-i\0'),(2584,'x-Q\n@D.H^aIwv4Cfxo3~O	PE\Zd4G& QR\rW*yE|scwAV9B\0B,d'),(2585,'x-Q\n@DV,J^aA(M!\r_3WxaX2M\\<rQw{N^:~8>lP6+2)A#J+'),(2586,'x-a\n0\0cBMJQ]a 3~OPb=JUo.c>PNLinMR@P62+ ?,\r'),(2587,'xe]NB1BfBs.njq>6N\\+Oms(83/zYu*L#V0W_l#FH.\r-\n*qGV@f6b\"wOz*BsM3~Cp+sHol7>r(WUK]^IG7B}dOwZ).jt'),(2588,'xeKN0D	Y!$$=?F[p+\\U\Zwq^6)&M?#Xm\\5XG*hO\rmV&:GpyJ,Oo\npdbnZ]H3/yjfJ:6$D)|,hpt>8\\~\'NYj%B|G4r'),(2589,'xeN0<X!pWIxHq!@|bqwF}YIaJ(kB@)L@\r~;9&*qgy\"ll\rLfDf#UA$>Yz	tHw)m>]}qWtYTRhP<(8N0 5)4@CI )R$'),(2590,'x5Q!D	D0MbdIhWc] u23\'\nL`$u\nN,e|}}x<? \nS!Li~2.k`S[`UrVv71hpp+9m'),(2591,'x}A\n1E\"AEMnBmfH*w\n%/6 e\"*fe\'6S#Bp*H%<f7?i#i}@<B3(B'),(2592,'xuQ\n x]Al5%OcwO$H~\n6dehL\Z\'B;u~;V:e)\"VEQ\"g,\\<pB@\"6@0'),(2593,'xEQ\n0D\'0z(fBMD}0kjGb\\OAhHRlD77)XW\"mQq=sSUvr\"S?\n\'?	$\'4FiT='),(2594,'x5@D`FM<Mb*N^!X9o/s!T42%^3R%Dj8X^KVdo,F\\+p;^SJ]n#\'F,I/a<?/B'),(2595,'xe\n@E% }Xt/4-]yV5Bq)<XFh*sV:	VLzj\\]D\\6O}{:-gJb0<?G~'),(2596,'x]0`r7l</\Z%ww[8OmoZ\n[yd\'hh\rm0c&1P\Zeh=q/a#u)\"]U: Xv|J[YM\Z:\'r]SeQW5L>\\G&G-'),(2597,'xMQ\n02r\0a(I5\nCvoE/Bup\r82\Z0K,D-L][wkj}?GE8]2X4-6Ej~TfzV2sn[=BigE'),(2598,'xmM\n0F2*Z\\j4?IQob&W37B4\rLIh6BFIL!yELVjbJ\"t9q.0(ia<CJ5/ ol\'CK(^~gP2\\lY3x}}PW'),(2599,'x}A06.xk3\rv(S{#\Zk|,+iC#ITlel\rB1+B(LKuDxDl!P,\0j\n$vRb\'7jEC-Y/OlcE1q@/M(eQc'),(2600,'xA\n0E2(^p-4M5I &7LC\\CBx&;h$=B?:d!yL3EFNlh{f|0~j\'!{;EP@v9/j0!1%On/d);[eQWRq$Xw2\\'),(2601,'xe\n0% pYv.iRQL<%RQ#7bU+i	]y!i;6B#GTdruCjIIGGPY&,Q|2O{_<g[]JI'),(2602,'x-[!E(!U|=9<!=\'p\r	A\r2sqMokbTI|H//j|4(5$_<vAH]2{sLxpL^9'),(2603,'xuQ0pN+,cmm&>O wRxP\ZyxY4bo5(1$kLU+_[jDH,*ehiY:l4*;{@<'),(2604,'x}A\n1E\"A5]\n,t! wSr&/?x)&	aaY;Q4&r~PJJ%R<(y	NYH\Z$m5q{P)-8!$uB\"7B'),(2605,'x]\n0% pg\\-`W\Z!]A<%H+|G4%Bp^tPEQZC(sMMci-+/BdU5a95~{{>\rNS2Ib?)^-S\Za$[>6}G'),(2606,'xEK0D &w\ni]d51vjFo>+6GwQX:QR7Zz\rH6x\\.g5Swpl*'),(2607,'xU\n0E% [u(\\bWR!iO97	a/Z!Lz;3:a-acFbCPx6!CIKE{q,[G,lcttA_`>S@tr?LA]U363ky|-tJS'),(2608,'xmA\n@EH;(^p-M5t:-)\nM.D\\%\nQhJ0W8IRIUzciU2BCV%\n8I-$=8F\0YSKG5o^RDy\'t67se3n&oO}\00N'),(2609,'xm0O\0M< D-<xj}j4xhv#{Qh1U[}Xy=rB\'\ZV7IXGVJW\Z_^ygmHQ?ezy(-\Zho~Gf'),(2610,'x-a 8-i*T%]@~c<WqB)R`l#JjD :]V/7pr\rJ,?|-iA%<,R=m>K_8'),(2611,'x}A\n1E\"AG5]\nCmS,t! K\r^-u@4KpZ3*ck5~|jyBHffPrBsl6cEGb9l%>m}|pBlLWB'),(2612,'x}M\n1F\"A7]\nCmS,t! wSr&<^dw<\06*\"Ayi\"{U\n%\'16WcRG31zIKM\\T~ogKIE(|;B'),(2613,'x}M!Fbz-wpPI+k7|x(@3/*]sl#\rEP]Gk~mF\n>nb$sZHfk	9(smN>X3~\0F'),(2614,'x5Q0D %Bj\Zxwk_3y3yoAdB>\r07e-Kh$!$vao\\@P:/y*'),(2615,'x-[\n0>Rw\Z4|.0+60D\\ps	%u4o;U\"^9IGG?Lj6rUX?Gl$\0i(d'),(2616,'xE]\n0CWnK\rAiok,Q4g@\Z-tWRP6gtnrmFIJA_FAY)'),(2617,'x-Y0DTT;p.h/1?<qIhyp43e\\3(ql\'qrA&f{:@;7Q|V)2'),(2618,'x-Q@D\0\"2{PF\ZZww53/14-$Yc)$4c0\r,JTR4q;W{G/J)f'),(2619,'x-[!E-!X$4I{n-.\\n)hG=H*eQr	ID5gb{a1H>\ZaY{sF.-}v3]iJm?<;\''),(2620,'x}A\n!ERr)uXP!0Pzu[\\-u@&x-xAX3o*H?>3(<e0TI@bW58!1;J+B'),(2621,'x}A\n1E\"NvJmS,t! K\r^-u@4:8P%xAN\'RlM?Y3U(9r!96%sM#ruPM>xD7&OOB'),(2622,'x}M!Fbz1_;cLZfebM5_-)u@7&xV\\lwj!Vp-H!mSd.<U<0Kv9ZL#1yF'),(2623,'xM\n0E% l(g%LIfE\\$!9W3K\ri	!!mZW2wHaq-%r4rpFP5C?`	.XM6<_t?:'),(2624,'x-Q!D,Yw\nK5~.fd\"xzmx	tL4fu(]&Ac. 2!\'?uat?_U*'),(2625,'x-\r0w\0EuxBr?N8c8k,U2S,!\Z|\Z{u^$)WheNW#hc}?)-'),(2626,'xE\r@D{q |2DN	wpc\rU\r-<Ig\Z\"`A\n7PS2qy4q(ov=;g\rhe\\)a'),(2627,'x-k!	(!6PVc]@~3i|D^g*ty+(M@rNb,V>R)v{ol4(Z9=Dl>7?;\"'),(2628,'x}A\n1E\"A5]\n):Tn;K-%m@wJ&z\'PxB{^YMS#BhFn\'cF\n?j=X2RB2bos\0qB'),(2629,'x}A\n1E\"AG5]\n):Twn|\'|ItD5i#B(lHP!=,&}BmhF<+eO~\'df74.zqd<9\'(fe\nLB'),(2630,'x}KB!Eb[1A(Gm7&;MNOskOiR26Z\nO	*fg\rFP}Ev.[9]#?O2O85<CG13S f=__F'),(2631,'x5Q\n0\Z\Z;xMW	n6/E0nW\nn\rgnP#c,/[Uqr8*jQymp5=Q16w\0u\','),(2632,'x-Q\n!\Zt%]_{IO3|0	o5en#J p>[Bs+gT\Z/tsN 1DF2%}X(*'),(2633,'x-Q\n0D^!t`)Cw7~y%&,D>^q=R7ga^o\nuC!R8Yn e,O%Zv+'),(2634,'x-Q0C Qm\ZrTh)_M|~qUXWato[=Cm-($s3?{&N?+W'),(2635,'xEQ0C Q11yw\nUTM}!Nl?[f.z3MawmD}\ZN\\$*W9P(qLI}A&Y@\0+'),(2636,'x-a 	%s+i*I2FB;10{%+p%aEIvr:w<\'5{7A\n/,\nGSt_=54f#\ZE\Z]Ae='),(2637,'x}M\n!FRr_\\w+HGB]7|O6 %=jGPxB8<783BmhpyVNn)\\h]$ZcJykos(NQLB'),(2638,'x}M\n1F\"A\']\n):Twn%,%m@7J&z\"Apynfq6ziEY){!>6apv8K%(Eb@mB'),(2639,'x}A!Ebz;sM!20iZ^	#k7k~)m@vW60	6XyZB=Oe\Z|}!7jy]HmvJZY %<\\b\'3S$f=o^_F'),(2640,'x5\r0]<\0R+XnjAqP>/aDx*Gb!x\rg{y>C8mBY-#IwdCu8 T}\0/g'),(2641,'x-\r0Dw\0\nIM8U~ UU<99Sb!^lk<3+rwHA68\ZR=g}e$tpAh$.T'),(2642,'x-Q\n!D	*B	[aU0nK){Wc&W	,D^\0d.hP\\<xpQ{M5W*^OV1=vZcz5U	NF8'),(2643,'x}A\n1E\"J5]\n):Tn;K-%m@wJ&z\'B(HpBP=/,&!vtBn\'cF\n?.zqd<9g(fe\nL\'B'),(2644,'x}M\n1F\"Aat+XCRAn;8KdoL#YN!A0<78=.Y){;!>6apv8k%(GbV@mrB'),(2645,'x}A!Ebz:N;\"vfebM_g|JtD5j!6$c5:#c[N\'y?I6Hj\'q%]mtX)3/F'),(2646,'x5]\n0;xmW	nO\r>}0.8Rn6\r=[$\"]A3\']$] Z=3hc{O*d'),(2647,'x-Q\n0D(4U&w\naLVqG){Cka5\\hK<I-!#nzksCU-ky:\'	Y\Zz&ieKlrNI)QF~yE)Q'),(2648,'x-Q\n0\n\Z2Wkd#%45cze^\"au/4%(@\\YmJQ7IkIFY#@	('),(2649,'x-a Ff:a\ZU1c$k1fw_M_ (G&6\"hL9pw\'{9/v($QNUmL43-[jGa+3s(\0V; '),(2650,'xu	0Dwu(4w\nFubArJvct\"u@7G&U| Y\rx:?n.#$aThk4K1%%C|-Ls]xfn?{~A5'),(2651,'x}A\n!ERrW*8:$\nw]7xI$wdc\0Q+#xFXo	*D?{hU)\n!17apv1x{%M(kP#D;J4+#B'),(2652,'x-Q\n0D27Uj\'wB&bVwo~0B|R%\\u7b~/TuFgVVx\rYu\'d{Yg{TK\0&'),(2653,'xeK020PEq6R1o\0%,Ly(,0U:r,MeQ ~&mcQ\\cI:QBb4K9,b;+Dl)@PU5_@Ni`LO\ZkI11	+AO'),(2654,'x=0FBH9r[\"P%) !nbO	+|YIQ#k\'drX!73&5:M#W$l!,/`-NPb7)xy~>xGub<g\n6u}!W#'),(2655,'xmA\n0EH[[Z{I3h:)Mx3	\\F@/yl4sXa_j`BXfXL \'1`DE	vN+YF\0sc\"Vh~?N6{C+y$mB7P'),(2656,'xm0`\0%r7l</\r)A[H<xj_04C-7.(P2>\"XN[fAYPqTwl7GoB`wPf!8ulw,!PGau:?1I2bp@7ra_\0]O'),(2657,'x-a QaJf%k]@~_q\08F6A`\\5~AHDO[X|D)>gC\rw!U9FTT6'),(2658,'xu_\n X[vqmVKb>aO{/||oQte&xGY\rrf^|7-oQ#m#N1Y}+\"|	s@,h\ny	BDmB'),(2659,'x-Q0D0e{fiW557?mEr8<^n*\ZXU>@.8`Wy.!KME]\nGo\r+#a54'),(2660,'x-Q0C=LUhmLLBt+-4W)K5Ak-h:Vcf_C&wX${#+#<\Z\rO~?k.'),(2661,'x5\r0DwB;B(N>bw{w0gP\"Oq<0%?nItux=C6P2myNX6wiHe)^@Z 1'),(2662,'xK2.24R*JI,LQ2.2RJ/\0Y)Y*ADKS J)199*hd]\0V1'),(2663,'xmPAn J/-)?MJb!UCV*30\n}`Vx\'GQ ,*+B^hG3;_Q>DsT-nU2<!w-t^-_\\tT	AiMa@*&.h&KBgr5+ez:YV/}r)i[s,KE}\0L'),(2664,'xeQO FvEcdsM/\r+TRja]kuK|\"p!u\Z+\\Ki\';Y\r\0<Z9Gy:jq0-?=p2[ynMHw2R@o\0/KUKwc\';}Fmrekw{w\rm\'Yc\nT!=fxT#*I/:YK\0eU_0e.c$C%x$2\ZAh$cYFO|\0');
/*!40000 ALTER TABLE `ca_change_log_snapshots` ENABLE KEYS */;
UNLOCK TABLES;

--
-- Table structure for table `ca_change_log_subjects`
--

DROP TABLE IF EXISTS `ca_change_log_subjects`;
/*!40101 SET @saved_cs_client     = @@character_set_client */;
/*!40101 SET character_set_client = utf8 */;
CREATE TABLE `ca_change_log_subjects` (
  `log_id` bigint(20) NOT NULL,
  `subject_table_num` tinyint(3) unsigned NOT NULL,
  `subject_row_id` int(10) unsigned NOT NULL,
  KEY `i_log_id` (`log_id`),
  KEY `i_subject` (`subject_row_id`,`subject_table_num`),
  KEY `i_log_plus` (`log_id`,`subject_table_num`,`subject_row_id`),
  CONSTRAINT `fk_ca_change_log_subjects_log_id` FOREIGN KEY (`log_id`) REFERENCES `ca_change_log` (`log_id`)
) ENGINE=InnoDB DEFAULT CHARSET=utf8;
/*!40101 SET character_set_client = @saved_cs_client */;

--
-- Dumping data for table `ca_change_log_subjects`
--

LOCK TABLES `ca_change_log_subjects` WRITE;
/*!40000 ALTER TABLE `ca_change_log_subjects` DISABLE KEYS */;
INSERT INTO `ca_change_log_subjects` VALUES (1,37,1),(2,37,2),(3,37,3),(4,37,4),(5,37,5),(6,37,6),(7,37,7),(8,37,8),(9,37,9),(10,37,10),(11,37,11),(12,37,12),(13,37,13),(14,37,14),(15,37,15),(16,36,1),(17,33,1),(17,36,1),(18,33,1),(19,36,1),(20,36,1),(21,36,1),(22,36,1),(23,33,2),(23,36,1),(24,33,2),(25,33,2),(26,33,2),(27,33,2),(28,33,3),(28,36,1),(29,33,3),(30,33,3),(31,33,3),(32,33,3),(33,33,4),(33,36,1),(34,33,4),(35,33,4),(36,33,4),(37,33,4),(38,33,5),(38,36,1),(39,33,5),(40,33,5),(41,33,5),(42,33,5),(43,36,2),(44,33,6),(44,36,2),(45,33,6),(46,36,2),(47,36,2),(48,33,7),(48,36,2),(49,33,7),(50,36,3),(51,33,8),(51,36,3),(52,33,8),(53,36,3),(54,36,3),(55,36,3),(56,36,3),(57,33,9),(57,36,3),(58,33,9),(59,33,9),(60,33,9),(61,33,9),(62,33,10),(62,36,3),(63,33,10),(64,33,10),(65,33,10),(66,33,10),(67,36,4),(68,33,11),(68,36,4),(69,33,11),(70,36,4),(71,36,4),(72,36,4),(73,36,4),(74,33,12),(74,36,4),(75,33,12),(76,33,12),(77,33,12),(78,33,12),(79,33,13),(79,36,4),(80,33,13),(81,33,13),(82,33,13),(83,33,13),(84,36,5),(85,33,14),(85,36,5),(86,33,14),(87,36,5),(88,36,5),(89,36,5),(90,36,5),(91,33,15),(91,36,5),(92,33,15),(93,33,15),(94,33,15),(95,33,15),(96,33,16),(96,36,5),(97,33,16),(98,33,16),(99,33,16),(100,33,16),(101,33,17),(101,36,5),(102,33,17),(103,33,17),(104,33,17),(105,33,17),(106,33,18),(106,36,5),(107,33,18),(108,33,18),(109,33,18),(110,33,18),(111,36,6),(112,33,19),(112,36,6),(113,33,19),(114,36,6),(115,36,6),(116,36,6),(117,36,6),(118,33,20),(118,36,6),(119,33,20),(120,33,20),(121,33,20),(122,33,20),(123,33,21),(123,36,6),(124,33,21),(125,33,21),(126,33,21),(127,33,21),(128,36,7),(129,33,22),(129,36,7),(130,33,22),(131,36,7),(132,36,7),(133,33,23),(133,36,7),(134,33,23),(134,36,7),(135,33,23),(136,33,23),(137,33,24),(137,36,7),(138,33,24),(138,36,7),(139,33,24),(140,33,24),(141,33,25),(141,36,7),(142,33,25),(142,36,7),(143,33,25),(144,33,25),(145,33,26),(145,36,7),(146,33,26),(146,36,7),(147,33,26),(148,33,26),(149,33,27),(149,36,7),(150,33,27),(150,36,7),(151,33,27),(152,33,27),(153,33,28),(153,36,7),(154,33,28),(154,36,7),(155,33,28),(156,33,28),(157,36,8),(158,33,29),(158,36,8),(159,33,29),(160,36,8),(161,36,8),(162,36,8),(163,36,8),(164,36,9),(165,33,30),(165,36,9),(166,33,30),(167,36,9),(168,36,9),(169,33,31),(169,36,9),(170,33,31),(171,33,31),(172,33,32),(172,36,9),(173,33,32),(174,33,32),(175,36,10),(176,33,33),(176,36,10),(177,33,33),(178,36,10),(179,33,34),(179,36,10),(180,33,34),(181,36,11),(182,33,35),(182,36,11),(183,33,35),(184,36,11),(185,36,11),(186,36,11),(187,36,11),(188,33,36),(188,36,11),(189,33,36),(190,33,36),(191,33,36),(192,33,36),(193,33,37),(193,36,11),(194,33,37),(195,33,37),(196,33,37),(197,33,37),(198,33,38),(198,36,11),(199,33,38),(200,33,38),(201,33,38),(202,33,38),(203,33,39),(203,36,11),(204,33,39),(205,33,39),(206,33,39),(207,33,39),(208,33,40),(208,36,11),(209,33,40),(210,33,40),(211,33,40),(212,33,40),(213,36,12),(214,33,41),(214,36,12),(215,33,41),(216,36,12),(217,36,12),(218,36,12),(219,36,12),(220,33,42),(220,36,12),(221,33,42),(222,33,42),(223,33,42),(224,33,42),(225,33,43),(225,36,12),(226,33,43),(227,33,43),(228,33,43),(229,33,43),(230,36,13),(231,33,44),(231,36,13),(232,33,44),(233,36,13),(234,33,45),(234,36,13),(235,33,45),(236,33,45),(237,33,46),(237,36,13),(238,33,46),(239,33,46),(240,33,47),(240,36,13),(241,33,47),(242,33,47),(243,36,14),(244,33,48),(244,36,14),(245,33,48),(246,36,14),(247,36,14),(248,33,49),(248,36,14),(249,33,49),(250,33,49),(251,33,50),(251,36,14),(252,33,50),(253,33,50),(254,33,51),(254,36,14),(255,33,51),(256,33,51),(257,36,15),(258,33,52),(258,36,15),(259,33,52),(260,36,15),(261,33,53),(261,36,15),(262,33,53),(263,33,54),(263,36,15),(264,33,54),(265,33,55),(265,36,15),(266,33,55),(267,36,16),(268,33,56),(268,36,16),(269,33,56),(270,36,16),(271,36,16),(272,33,57),(272,36,16),(273,33,57),(274,33,57),(275,33,58),(275,36,16),(276,33,58),(277,33,58),(278,33,59),(278,36,16),(279,33,59),(280,33,59),(281,33,60),(281,36,16),(282,33,60),(283,33,60),(284,33,61),(284,36,16),(285,33,61),(286,33,61),(287,33,62),(287,36,16),(288,33,62),(289,33,62),(290,33,63),(290,36,16),(291,33,63),(292,33,63),(293,36,17),(294,33,64),(294,36,17),(295,33,64),(296,36,17),(297,36,17),(298,36,18),(299,33,65),(299,36,18),(300,33,65),(301,36,18),(302,33,66),(302,36,18),(303,33,66),(304,33,67),(304,36,18),(305,33,67),(306,33,68),(306,36,18),(307,33,68),(308,36,19),(309,33,69),(309,36,19),(310,33,69),(311,36,19),(312,36,19),(313,36,19),(314,36,19),(315,33,70),(315,36,19),(316,33,70),(317,33,70),(318,33,70),(319,33,70),(320,33,71),(320,36,19),(321,33,71),(322,33,71),(323,33,71),(324,33,71),(325,36,20),(326,33,72),(326,36,20),(327,33,72),(328,36,20),(329,36,20),(330,33,73),(330,36,20),(331,33,73),(332,33,73),(333,33,73),(334,33,73),(335,33,74),(335,36,20),(336,33,74),(337,33,74),(338,33,74),(339,33,74),(340,36,21),(341,33,75),(341,36,21),(342,33,75),(343,36,21),(344,36,21),(345,36,22),(346,33,76),(346,36,22),(347,33,76),(348,36,22),(349,36,22),(350,36,22),(351,36,22),(352,33,77),(352,36,22),(353,33,77),(354,33,77),(355,33,77),(356,33,77),(357,36,23),(358,33,78),(358,36,23),(359,33,78),(360,36,23),(361,36,23),(362,36,24),(363,33,79),(363,36,24),(364,33,79),(365,36,24),(366,36,24),(367,33,80),(367,36,24),(368,33,80),(369,33,81),(369,36,24),(370,33,81),(371,33,82),(371,36,24),(372,33,82),(373,33,83),(373,36,24),(374,33,83),(375,36,25),(376,33,84),(376,36,25),(377,33,84),(378,36,25),(379,36,25),(380,36,25),(381,36,25),(382,36,26),(383,33,85),(383,36,26),(384,33,85),(385,36,26),(386,36,26),(387,36,26),(388,36,26),(389,33,86),(389,36,26),(390,33,86),(391,33,86),(392,33,86),(393,33,86),(394,33,87),(394,36,26),(395,33,87),(396,33,87),(397,33,87),(398,33,87),(399,36,27),(400,33,88),(400,36,27),(401,33,88),(402,36,27),(403,36,27),(404,36,27),(405,36,27),(406,33,89),(406,36,27),(407,33,89),(408,33,89),(409,33,89),(410,33,89),(411,33,90),(411,36,27),(412,33,90),(413,33,90),(414,33,90),(415,33,90),(416,33,91),(416,36,27),(417,33,91),(418,33,91),(419,33,91),(420,33,91),(421,33,92),(421,36,27),(422,33,92),(423,33,92),(424,33,92),(425,33,92),(426,33,93),(426,36,27),(427,33,93),(428,33,93),(429,33,94),(429,36,27),(430,33,94),(431,33,94),(432,33,94),(433,33,94),(434,33,95),(434,36,27),(435,33,95),(436,33,95),(437,33,95),(438,33,95),(439,33,96),(439,36,27),(440,33,96),(441,33,96),(442,33,96),(443,33,96),(444,33,97),(444,36,27),(445,33,97),(446,33,97),(447,33,97),(448,33,98),(448,36,27),(449,33,98),(450,33,98),(451,33,98),(452,33,98),(453,36,28),(454,33,99),(454,36,28),(455,33,99),(456,36,28),(457,36,28),(458,36,28),(459,36,28),(460,33,100),(460,36,28),(461,33,100),(462,33,100),(463,33,100),(464,33,101),(464,36,28),(465,33,101),(466,33,101),(467,33,101),(468,33,101),(469,36,29),(470,33,102),(470,36,29),(471,33,102),(472,36,29),(473,36,29),(474,36,29),(475,36,29),(476,36,30),(477,33,103),(477,36,30),(478,33,103),(479,36,30),(480,36,30),(481,33,104),(481,36,30),(482,33,104),(483,33,104),(484,33,105),(484,36,30),(485,33,105),(486,33,105),(487,33,106),(487,36,30),(488,33,106),(489,33,106),(490,33,107),(490,36,30),(491,33,107),(492,33,107),(493,33,108),(493,36,30),(494,33,108),(495,33,108),(496,33,109),(496,36,30),(497,33,109),(498,33,109),(499,33,110),(499,36,30),(500,33,110),(501,33,110),(502,33,111),(502,36,30),(503,33,111),(504,33,111),(505,33,112),(505,36,30),(506,33,112),(507,33,112),(508,36,31),(509,33,113),(509,36,31),(510,33,113),(511,36,31),(512,36,31),(513,36,31),(514,36,31),(515,33,114),(515,36,31),(516,33,114),(517,33,114),(518,33,114),(519,33,114),(520,33,115),(520,36,31),(521,33,115),(522,33,115),(523,33,115),(524,33,115),(525,36,32),(526,33,116),(526,36,32),(527,33,116),(528,36,32),(529,36,32),(530,36,32),(531,36,32),(532,36,33),(533,33,117),(533,36,33),(534,33,117),(535,36,33),(536,36,33),(537,33,118),(537,36,33),(538,33,118),(539,33,118),(540,33,119),(540,36,33),(541,33,119),(542,33,119),(543,33,120),(543,36,33),(544,33,120),(545,33,120),(546,33,121),(546,36,33),(547,33,121),(548,33,121),(549,36,34),(550,33,122),(550,36,34),(551,33,122),(552,36,34),(553,36,34),(554,36,34),(555,36,34),(556,36,35),(557,33,123),(557,36,35),(558,33,123),(559,36,35),(560,36,35),(561,36,35),(562,36,35),(563,33,124),(563,36,35),(564,33,124),(565,33,124),(566,33,124),(567,33,124),(568,33,125),(568,36,35),(569,33,125),(570,33,125),(571,33,125),(572,33,125),(573,36,36),(574,33,126),(574,36,36),(575,33,126),(576,36,36),(577,36,36),(578,33,127),(578,36,36),(579,33,127),(580,33,127),(581,33,128),(581,36,36),(582,33,128),(583,33,128),(584,36,37),(585,33,129),(585,36,37),(586,33,129),(587,36,37),(588,36,37),(589,36,38),(590,33,130),(590,36,38),(591,33,130),(592,36,38),(593,36,38),(594,36,38),(595,36,38),(596,33,131),(596,36,38),(597,33,131),(598,33,131),(599,33,131),(600,33,131),(601,33,132),(601,36,38),(602,33,132),(603,33,132),(604,33,132),(605,33,132),(606,36,39),(607,33,133),(607,36,39),(608,33,133),(609,36,39),(610,36,39),(611,36,39),(612,36,39),(613,33,134),(613,36,39),(614,33,134),(615,33,134),(616,33,134),(617,33,134),(618,33,135),(618,36,39),(619,33,135),(620,33,135),(621,33,135),(622,33,135),(623,36,40),(624,33,136),(624,36,40),(625,33,136),(626,36,40),(627,36,40),(628,36,41),(629,33,137),(629,36,41),(630,33,137),(631,36,41),(632,36,41),(633,36,41),(634,36,41),(635,33,138),(635,36,41),(636,33,138),(637,33,138),(638,33,138),(639,33,138),(640,33,139),(640,36,41),(641,33,139),(642,33,139),(643,33,139),(644,33,139),(645,36,42),(646,33,140),(646,36,42),(647,33,140),(648,36,42),(649,36,42),(650,36,43),(651,33,141),(651,36,43),(652,33,141),(653,36,43),(654,36,43),(655,36,43),(656,36,43),(657,33,142),(657,36,43),(658,33,142),(659,33,142),(660,33,142),(661,33,142),(662,33,143),(662,36,43),(663,33,143),(664,33,143),(665,33,143),(666,33,143),(667,36,44),(668,33,144),(668,36,44),(669,33,144),(670,36,44),(671,36,45),(672,33,145),(672,36,45),(673,33,145),(674,36,45),(675,36,46),(676,33,146),(676,36,46),(677,33,146),(678,36,46),(679,36,47),(680,33,147),(680,36,47),(681,33,147),(682,36,47),(683,36,48),(684,33,148),(684,36,48),(685,33,148),(686,36,48),(687,36,49),(688,33,149),(688,36,49),(689,33,149),(690,36,49),(691,36,50),(692,33,150),(692,36,50),(693,33,150),(694,36,50),(695,36,50),(696,36,51),(697,33,151),(697,36,51),(698,33,151),(699,36,51),(700,36,52),(701,33,152),(701,36,52),(702,33,152),(703,36,52),(704,36,53),(705,33,153),(705,36,53),(706,33,153),(707,36,53),(708,33,154),(708,36,53),(709,33,154),(710,33,155),(710,36,53),(711,33,155),(712,33,156),(712,36,53),(713,33,156),(714,33,157),(714,36,53),(715,33,157),(716,33,158),(716,36,53),(717,33,158),(718,33,159),(718,36,53),(719,33,159),(720,36,54),(721,33,160),(721,36,54),(722,33,160),(723,36,54),(724,36,55),(725,33,161),(725,36,55),(726,33,161),(727,36,55),(728,36,55),(729,33,162),(729,36,55),(730,33,162),(731,33,162),(732,33,163),(732,36,55),(733,33,163),(734,33,163),(735,33,164),(735,36,55),(736,33,164),(737,33,164),(738,33,165),(738,36,55),(739,33,165),(740,33,165),(741,33,166),(741,36,55),(742,33,166),(743,33,166),(744,36,56),(745,33,167),(745,36,56),(746,33,167),(747,36,56),(748,36,56),(749,33,168),(749,36,56),(750,33,168),(751,33,168),(752,33,169),(752,36,56),(753,33,169),(754,33,169),(755,36,57),(756,33,170),(756,36,57),(757,33,170),(758,36,57),(759,36,57),(760,33,171),(760,36,57),(761,72,1),(762,72,1),(763,33,171),(764,33,171),(765,36,58),(766,33,172),(766,36,58),(767,33,172),(768,36,58),(769,36,58),(770,33,173),(770,36,58),(771,33,173),(772,33,173),(773,33,174),(773,36,58),(774,33,174),(775,33,174),(776,36,59),(777,33,175),(777,36,59),(778,33,175),(779,36,59),(780,36,59),(781,33,176),(781,36,59),(782,33,176),(783,33,176),(784,33,177),(784,36,59),(785,33,177),(786,33,177),(787,33,178),(787,36,59),(788,33,178),(789,33,178),(790,33,179),(790,36,59),(791,33,179),(792,33,179),(793,36,60),(794,33,180),(794,36,60),(795,33,180),(796,36,60),(797,36,60),(798,33,181),(798,36,60),(799,33,181),(800,33,181),(801,33,182),(801,36,60),(802,33,182),(803,33,182),(804,33,183),(804,36,60),(805,33,183),(806,33,183),(807,36,61),(808,33,184),(808,36,61),(809,33,184),(810,36,61),(811,36,61),(812,33,185),(812,36,61),(813,33,185),(814,33,185),(815,33,186),(815,36,61),(816,33,186),(817,33,186),(818,33,187),(818,36,61),(819,33,187),(820,33,187),(821,36,62),(822,33,188),(822,36,62),(823,33,188),(824,36,62),(825,36,62),(826,33,189),(826,36,62),(827,33,189),(828,33,189),(829,33,190),(829,36,62),(830,33,190),(831,33,190),(832,33,191),(832,36,62),(833,33,191),(834,33,191),(835,36,63),(836,33,192),(836,36,63),(837,33,192),(838,36,63),(839,36,64),(840,33,193),(840,36,64),(841,33,193),(842,36,64),(843,33,194),(843,36,64),(844,33,194),(845,33,195),(845,36,64),(846,33,195),(847,33,196),(847,36,64),(848,33,196),(849,33,197),(849,36,64),(850,33,197),(851,79,1),(852,79,2),(853,79,2),(854,79,2),(855,79,2),(856,79,2),(857,79,3),(858,79,3),(859,79,3),(860,79,3),(861,79,3),(862,79,4),(863,79,4),(864,79,4),(865,79,4),(866,79,4),(867,79,5),(868,79,6),(869,79,6),(870,79,6),(871,79,6),(872,79,6),(873,79,7),(874,79,8),(875,79,8),(876,79,8),(877,79,8),(878,79,8),(879,79,9),(880,79,10),(881,79,10),(882,79,10),(883,79,10),(884,79,10),(885,79,11),(886,79,11),(887,79,11),(888,79,11),(889,79,11),(890,79,12),(891,79,13),(892,79,13),(893,79,13),(894,79,13),(895,79,13),(896,79,14),(897,79,15),(898,79,15),(899,79,15),(900,79,15),(901,79,15),(902,79,16),(903,79,17),(904,79,17),(905,79,17),(906,79,18),(907,79,19),(908,79,19),(909,79,19),(910,79,19),(911,79,19),(912,79,20),(913,79,21),(914,79,21),(915,79,21),(916,79,21),(917,79,21),(918,79,22),(919,79,23),(920,79,23),(921,79,23),(922,79,23),(923,79,23),(924,79,24),(925,79,24),(926,79,24),(927,79,24),(928,79,24),(929,79,25),(930,79,26),(931,79,26),(932,79,26),(933,79,26),(934,79,26),(935,79,27),(936,79,28),(937,79,28),(938,79,28),(939,79,28),(940,79,28),(941,79,29),(942,79,30),(943,79,30),(944,79,30),(945,79,30),(946,79,30),(947,79,31),(948,79,32),(949,79,32),(950,79,32),(951,79,32),(952,79,32),(953,79,33),(954,79,34),(955,79,34),(956,79,34),(957,79,34),(958,79,34),(959,79,35),(960,79,36),(961,79,36),(962,79,36),(963,79,36),(964,79,37),(965,79,38),(966,79,38),(967,79,38),(968,79,38),(969,79,39),(970,79,40),(971,79,40),(972,79,40),(973,79,40),(974,79,41),(975,79,42),(976,79,42),(977,79,42),(978,79,42),(979,79,42),(980,79,43),(981,79,44),(982,79,44),(983,79,44),(984,79,44),(985,79,44),(986,79,45),(987,79,46),(988,79,46),(989,79,46),(990,79,46),(991,79,46),(992,79,47),(993,79,48),(994,79,48),(995,79,48),(996,79,48),(997,79,48),(998,79,49),(999,79,50),(1000,79,50),(1001,79,50),(1002,79,50),(1003,79,50),(1004,79,51),(1005,79,52),(1006,79,52),(1007,79,52),(1008,79,52),(1009,79,52),(1010,79,53),(1011,79,54),(1012,79,54),(1013,79,54),(1014,79,54),(1015,79,54),(1016,79,55),(1017,79,56),(1018,79,56),(1019,79,56),(1020,79,56),(1021,79,56),(1022,79,57),(1023,79,58),(1024,79,58),(1025,79,58),(1026,79,58),(1027,79,58),(1028,79,59),(1029,79,60),(1030,79,60),(1031,79,60),(1032,79,60),(1033,79,60),(1034,79,61),(1035,79,62),(1036,79,62),(1037,79,62),(1038,79,62),(1039,79,62),(1040,79,63),(1041,79,64),(1042,79,64),(1043,79,64),(1044,79,64),(1045,79,64),(1046,79,65),(1047,79,66),(1048,79,66),(1049,79,66),(1050,79,66),(1051,79,66),(1052,79,67),(1053,79,68),(1054,79,68),(1055,79,68),(1056,79,68),(1057,79,68),(1058,79,69),(1059,79,70),(1060,79,70),(1061,79,70),(1062,79,70),(1063,79,70),(1064,79,71),(1065,79,72),(1066,79,72),(1067,79,72),(1068,79,72),(1069,79,72),(1070,79,73),(1071,79,74),(1072,79,74),(1073,79,74),(1074,79,74),(1075,79,74),(1076,79,75),(1077,79,76),(1078,79,76),(1079,79,76),(1080,79,76),(1081,79,76),(1082,79,77),(1083,79,78),(1084,79,78),(1085,79,78),(1086,79,78),(1087,79,78),(1088,79,79),(1089,79,80),(1090,79,80),(1091,79,80),(1092,79,80),(1093,79,80),(1094,79,81),(1095,79,82),(1096,79,82),(1097,79,82),(1098,79,82),(1099,79,82),(1100,79,83),(1101,79,84),(1102,79,84),(1103,79,84),(1104,79,84),(1105,79,84),(1106,79,85),(1107,79,86),(1108,79,86),(1109,79,86),(1110,79,86),(1111,79,86),(1112,79,87),(1113,79,88),(1114,79,88),(1115,79,88),(1116,79,88),(1117,79,88),(1118,79,89),(1119,79,90),(1120,79,90),(1121,79,90),(1122,79,90),(1123,79,90),(1124,79,91),(1125,79,92),(1126,79,92),(1127,79,92),(1128,79,92),(1129,79,92),(1130,79,93),(1131,79,94),(1132,79,94),(1133,79,94),(1134,79,94),(1135,79,94),(1136,79,95),(1137,79,96),(1138,79,96),(1139,79,96),(1140,79,96),(1141,79,96),(1142,79,97),(1143,79,98),(1144,79,98),(1145,79,98),(1146,79,98),(1147,79,98),(1148,79,99),(1149,79,100),(1150,79,100),(1151,79,101),(1152,79,101),(1153,79,102),(1154,79,102),(1155,79,103),(1156,79,103),(1157,79,104),(1158,79,104),(1159,79,105),(1160,79,105),(1161,79,106),(1162,79,106),(1163,79,107),(1164,79,107),(1165,79,108),(1166,79,108),(1167,79,109),(1168,79,109),(1169,79,110),(1170,79,110),(1171,79,111),(1172,79,111),(1173,79,112),(1174,79,112),(1175,79,113),(1176,79,113),(1177,79,114),(1178,79,114),(1179,79,115),(1180,79,115),(1181,79,116),(1182,79,116),(1183,79,117),(1184,79,117),(1185,79,118),(1186,79,118),(1187,79,119),(1188,79,119),(1189,79,120),(1190,79,120),(1191,79,121),(1192,79,121),(1193,79,122),(1194,79,122),(1195,79,123),(1196,79,123),(1197,79,124),(1198,79,124),(1199,79,125),(1200,79,125),(1201,79,126),(1202,79,126),(1203,79,127),(1204,79,127),(1205,79,128),(1206,79,128),(1207,79,129),(1208,79,129),(1209,79,130),(1210,79,130),(1211,79,131),(1212,79,131),(1213,79,132),(1214,79,132),(1215,79,133),(1216,79,133),(1217,79,134),(1218,79,134),(1219,79,135),(1220,79,135),(1221,79,136),(1222,79,136),(1223,79,137),(1224,79,137),(1225,79,138),(1226,79,138),(1227,79,139),(1228,79,139),(1229,79,140),(1230,79,140),(1231,79,141),(1232,79,141),(1233,79,142),(1234,79,142),(1235,79,143),(1236,79,143),(1237,79,144),(1238,79,144),(1239,79,145),(1240,79,145),(1241,79,146),(1242,79,146),(1243,79,147),(1244,79,147),(1245,79,148),(1246,79,148),(1247,79,149),(1248,79,149),(1249,79,150),(1250,79,150),(1251,79,151),(1252,79,151),(1253,79,152),(1254,79,152),(1255,79,153),(1256,79,153),(1257,79,154),(1258,79,154),(1259,79,155),(1260,79,155),(1261,79,156),(1262,79,156),(1263,79,157),(1264,79,157),(1265,79,158),(1266,79,158),(1267,79,159),(1268,79,159),(1269,79,160),(1270,79,160),(1271,79,161),(1272,79,161),(1273,79,162),(1274,79,162),(1275,79,163),(1276,79,163),(1277,79,164),(1278,79,164),(1279,79,165),(1280,79,165),(1281,79,166),(1282,79,166),(1283,79,167),(1284,79,167),(1285,79,168),(1286,79,168),(1287,79,169),(1288,79,169),(1289,79,170),(1290,79,170),(1291,79,171),(1292,79,171),(1293,79,172),(1294,79,172),(1295,79,173),(1296,79,173),(1297,79,174),(1298,79,174),(1299,79,175),(1300,79,175),(1301,79,176),(1302,79,176),(1303,79,177),(1304,79,177),(1305,79,178),(1306,79,178),(1307,79,179),(1308,79,179),(1309,79,180),(1310,79,180),(1311,79,181),(1312,79,181),(1313,79,182),(1314,79,182),(1315,79,183),(1316,79,183),(1317,79,183),(1318,79,184),(1319,79,184),(1320,79,184),(1321,79,185),(1322,79,185),(1323,79,185),(1324,79,186),(1325,79,186),(1326,79,186),(1327,79,187),(1328,79,187),(1329,79,187),(1330,79,188),(1331,79,188),(1332,79,188),(1333,79,189),(1334,79,190),(1335,79,190),(1336,79,191),(1337,79,192),(1338,79,192),(1339,79,193),(1340,79,193),(1341,79,193),(1342,79,194),(1343,79,194),(1344,79,194),(1345,79,195),(1346,79,195),(1347,79,195),(1348,79,196),(1349,79,197),(1350,79,197),(1351,79,198),(1352,79,198),(1353,79,199),(1354,79,199),(1355,79,200),(1356,79,201),(1357,79,201),(1358,79,202),(1359,79,202),(1360,79,203),(1361,79,203),(1362,79,204),(1363,79,204),(1364,79,205),(1365,79,206),(1366,79,206),(1367,79,207),(1368,79,207),(1369,79,208),(1370,79,209),(1371,79,209),(1372,79,210),(1373,79,210),(1374,79,210),(1375,79,210),(1376,79,211),(1377,79,211),(1378,79,211),(1379,79,211),(1380,79,211),(1381,79,212),(1382,79,213),(1383,79,213),(1384,79,213),(1385,79,214),(1386,79,214),(1387,79,214),(1388,79,215),(1389,79,215),(1390,79,215),(1391,79,216),(1392,79,217),(1393,79,217),(1394,79,218),(1395,79,218),(1396,79,219),(1397,79,219),(1398,79,220),(1399,79,220),(1400,79,221),(1401,79,221),(1402,79,222),(1403,79,222),(1404,79,223),(1405,79,223),(1406,79,224),(1407,79,225),(1408,79,225),(1409,79,226),(1410,79,226),(1411,79,227),(1412,79,228),(1413,79,228),(1414,79,228),(1415,79,229),(1416,79,230),(1417,79,230),(1418,79,231),(1419,79,232),(1420,79,232),(1421,79,233),(1422,79,234),(1423,79,234),(1424,79,235),(1425,79,236),(1426,79,236),(1427,79,237),(1428,79,238),(1429,79,238),(1430,79,239),(1431,79,240),(1432,79,240),(1433,79,240),(1434,79,241),(1435,79,242),(1436,79,242),(1437,79,242),(1438,79,243),(1439,79,244),(1440,79,244),(1441,79,244),(1442,79,245),(1443,79,246),(1444,79,246),(1445,79,246),(1446,79,247),(1447,79,248),(1448,79,248),(1449,79,248),(1450,79,249),(1451,79,250),(1452,79,250),(1453,79,250),(1454,79,251),(1455,79,252),(1456,79,252),(1457,79,253),(1458,79,253),(1459,79,254),(1460,79,255),(1461,79,255),(1462,79,255),(1463,79,256),(1464,79,256),(1465,79,256),(1466,79,257),(1467,79,258),(1468,79,258),(1469,79,258),(1470,79,259),(1471,79,259),(1472,79,259),(1473,79,260),(1474,79,261),(1475,79,261),(1476,79,261),(1477,79,262),(1478,79,262),(1479,79,262),(1480,79,263),(1481,79,264),(1482,79,264),(1483,79,264),(1484,42,1),(1485,42,1),(1486,42,1),(1487,42,1),(1488,42,1),(1489,42,1),(1489,43,1),(1490,42,2),(1491,42,2),(1492,42,2),(1493,42,2),(1494,42,2),(1495,42,2),(1495,43,2),(1496,42,3),(1497,42,3),(1498,42,3),(1499,42,3),(1500,42,3),(1501,42,3),(1501,43,3),(1502,42,4),(1503,42,4),(1504,42,4),(1505,42,4),(1506,42,4),(1507,42,4),(1507,43,4),(1508,42,5),(1509,42,5),(1510,42,5),(1511,42,5),(1512,42,5),(1513,42,5),(1513,43,5),(1514,42,6),(1515,42,6),(1516,42,6),(1517,42,6),(1518,42,6),(1519,42,6),(1519,43,6),(1520,42,7),(1521,42,7),(1522,42,7),(1523,42,7),(1524,42,7),(1525,42,7),(1525,43,7),(1526,42,8),(1527,42,8),(1528,42,8),(1529,42,8),(1530,42,8),(1531,42,8),(1531,43,8),(1532,42,9),(1533,42,9),(1534,42,9),(1535,42,9),(1536,42,9),(1537,42,9),(1537,43,9),(1538,42,10),(1539,42,10),(1540,42,10),(1541,42,10),(1542,42,10),(1543,42,10),(1543,43,10),(1544,42,11),(1545,42,11),(1546,42,11),(1547,42,11),(1548,42,11),(1549,42,11),(1549,43,11),(1550,42,12),(1551,42,12),(1552,42,12),(1553,42,12),(1554,42,12),(1555,42,12),(1555,43,12),(1556,42,13),(1557,42,13),(1558,42,13),(1559,42,13),(1560,42,13),(1561,42,13),(1561,43,13),(1562,42,14),(1563,42,14),(1564,42,14),(1565,42,14),(1566,42,14),(1567,42,14),(1567,43,14),(1568,42,15),(1569,42,15),(1570,42,15),(1571,42,15),(1572,42,15),(1573,42,15),(1573,43,15),(1574,42,16),(1575,42,16),(1576,42,16),(1577,42,16),(1578,42,16),(1579,42,16),(1579,43,16),(1580,42,17),(1581,42,17),(1582,42,17),(1583,42,17),(1584,42,17),(1585,42,17),(1585,43,17),(1586,42,18),(1587,42,18),(1588,42,18),(1589,42,18),(1590,42,18),(1591,42,18),(1591,43,18),(1592,42,19),(1593,42,19),(1594,42,19),(1595,42,19),(1596,42,19),(1597,42,19),(1597,43,19),(1598,42,20),(1599,42,20),(1600,42,20),(1601,42,20),(1602,42,20),(1603,42,20),(1603,43,20),(1604,42,21),(1605,42,21),(1606,42,21),(1607,42,21),(1608,42,21),(1609,42,21),(1609,43,21),(1610,42,22),(1611,42,22),(1612,42,22),(1613,42,22),(1613,43,22),(1614,42,23),(1615,42,23),(1616,42,23),(1617,42,23),(1617,43,23),(1618,42,24),(1619,42,24),(1620,42,24),(1620,43,24),(1621,42,25),(1622,42,25),(1623,42,25),(1623,43,25),(1624,42,26),(1625,42,26),(1626,42,27),(1627,42,27),(1628,42,28),(1629,42,28),(1630,42,26),(1630,43,26),(1631,42,29),(1632,42,29),(1633,42,29),(1633,43,27),(1634,42,30),(1635,42,30),(1636,42,30),(1636,43,28),(1637,42,31),(1638,42,31),(1639,42,31),(1640,42,31),(1640,43,29),(1641,42,31),(1641,43,30),(1642,42,31),(1642,43,31),(1643,42,31),(1643,43,32),(1644,42,31),(1644,43,33),(1645,42,31),(1645,43,34),(1646,42,31),(1646,43,35),(1647,42,32),(1648,42,32),(1649,42,32),(1650,42,32),(1650,43,36),(1651,42,32),(1651,43,37),(1652,42,32),(1652,43,38),(1653,42,33),(1654,42,33),(1655,42,33),(1655,43,39),(1656,42,34),(1657,42,34),(1658,42,34),(1658,43,40),(1659,42,35),(1660,42,35),(1661,42,36),(1662,42,36),(1663,42,37),(1664,42,37),(1665,42,35),(1665,43,41),(1666,42,38),(1667,42,38),(1668,42,39),(1669,42,39),(1670,42,40),(1671,42,40),(1672,42,38),(1672,43,42),(1673,42,41),(1674,42,41),(1675,42,41),(1676,42,41),(1676,43,43),(1677,42,41),(1677,43,44),(1678,42,41),(1678,43,45),(1679,42,42),(1680,42,42),(1681,42,42),(1682,42,43),(1683,42,43),(1684,42,43),(1685,42,44),(1686,42,44),(1687,42,44),(1688,42,45),(1689,42,45),(1690,42,45),(1691,42,46),(1692,42,46),(1693,42,46),(1694,42,42),(1694,43,46),(1695,42,42),(1695,43,47),(1696,42,42),(1696,43,48),(1697,42,42),(1697,43,49),(1698,42,42),(1698,43,50),(1699,42,47),(1700,42,47),(1701,42,47),(1702,42,47),(1702,43,51),(1703,42,47),(1703,43,52),(1704,42,47),(1704,43,53),(1705,42,47),(1705,43,54),(1706,42,47),(1706,43,55),(1707,42,47),(1707,43,56),(1708,42,48),(1709,42,48),(1710,42,48),(1711,42,48),(1711,43,57),(1712,42,49),(1713,42,49),(1714,42,49),(1715,42,49),(1715,43,58),(1716,42,49),(1716,43,59),(1717,42,49),(1717,43,60),(1718,42,49),(1718,43,61),(1719,42,49),(1719,43,62),(1720,42,49),(1720,43,63),(1721,42,50),(1722,42,50),(1723,42,50),(1724,42,50),(1724,43,64),(1725,42,50),(1725,43,65),(1726,42,50),(1726,43,66),(1727,42,50),(1727,43,67),(1728,42,50),(1728,43,68),(1729,42,50),(1729,43,69),(1730,42,51),(1731,42,51),(1732,42,51),(1733,42,51),(1733,43,70),(1734,42,52),(1735,42,52),(1736,42,52),(1737,42,53),(1738,42,53),(1739,42,53),(1740,42,54),(1741,42,54),(1742,42,54),(1743,42,55),(1744,42,55),(1745,42,55),(1746,42,56),(1747,42,56),(1748,42,52),(1748,43,71),(1749,42,57),(1750,42,57),(1751,42,57),(1752,42,57),(1752,43,72),(1753,42,58),(1754,42,58),(1755,42,58),(1756,42,58),(1756,43,73),(1757,42,59),(1758,42,59),(1759,42,59),(1760,42,59),(1760,43,74),(1761,42,59),(1761,43,75),(1762,42,60),(1763,42,60),(1764,42,61),(1765,42,61),(1766,42,62),(1767,42,62),(1768,42,60),(1768,43,76),(1769,42,63),(1770,42,63),(1771,42,64),(1772,42,64),(1773,42,65),(1774,42,65),(1775,42,63),(1775,43,77),(1776,42,66),(1777,42,66),(1778,42,66),(1779,42,66),(1779,43,78),(1780,42,67),(1781,42,67),(1782,42,67),(1783,42,68),(1784,42,68),(1785,42,68),(1786,42,69),(1787,42,69),(1788,42,69),(1789,42,70),(1790,42,70),(1791,42,70),(1792,42,71),(1793,42,71),(1794,42,71),(1795,42,72),(1796,42,72),(1797,42,72),(1798,42,73),(1799,42,73),(1800,42,73),(1801,42,67),(1801,43,79),(1802,42,74),(1803,42,74),(1804,42,74),(1805,42,74),(1805,43,80),(1806,42,74),(1806,43,81),(1807,42,75),(1808,42,75),(1809,42,75),(1810,42,75),(1810,43,82),(1811,42,76),(1812,42,76),(1813,42,76),(1814,42,76),(1814,43,83),(1815,42,77),(1816,42,77),(1817,42,77),(1818,42,77),(1818,43,84),(1819,42,77),(1819,43,85),(1820,42,78),(1821,42,78),(1822,42,78),(1823,42,78),(1823,43,86),(1824,42,79),(1825,42,79),(1826,42,79),(1827,42,79),(1827,43,87),(1828,42,80),(1829,42,80),(1830,42,81),(1831,42,81),(1832,42,82),(1833,42,82),(1834,42,83),(1835,42,83),(1836,42,80),(1836,43,88),(1837,42,84),(1838,42,84),(1839,42,84),(1840,42,84),(1840,43,89),(1841,42,85),(1842,42,85),(1843,42,85),(1844,42,85),(1844,43,90),(1845,42,86),(1846,42,86),(1847,42,86),(1847,43,91),(1848,42,87),(1849,42,87),(1850,42,87),(1851,42,87),(1851,43,92),(1852,42,88),(1853,42,88),(1854,42,88),(1855,42,88),(1855,43,93),(1856,42,89),(1857,42,89),(1858,42,89),(1859,42,89),(1859,43,94),(1860,42,90),(1861,42,90),(1862,42,90),(1863,42,90),(1863,43,95),(1864,42,91),(1865,42,91),(1866,42,91),(1866,43,96),(1867,42,92),(1868,42,92),(1869,42,93),(1870,42,93),(1871,42,94),(1872,42,94),(1873,42,92),(1873,43,97),(1874,42,95),(1875,42,95),(1876,42,95),(1876,43,98),(1877,42,96),(1878,42,96),(1879,42,96),(1879,43,99),(1880,42,97),(1881,42,97),(1882,42,97),(1882,43,100),(1883,42,98),(1884,42,98),(1885,42,98),(1885,43,101),(1886,42,99),(1887,42,99),(1888,42,99),(1888,43,102),(1889,42,100),(1890,42,100),(1891,42,100),(1891,43,103),(1892,42,101),(1893,42,101),(1894,42,101),(1894,43,104),(1895,42,101),(1895,43,105),(1896,42,102),(1897,42,102),(1898,42,102),(1898,43,106),(1899,42,103),(1900,42,103),(1901,42,104),(1902,42,104),(1903,42,105),(1904,42,105),(1905,42,103),(1905,43,107),(1906,42,103),(1906,43,108),(1907,42,106),(1908,42,106),(1909,42,107),(1910,42,107),(1911,42,108),(1912,42,108),(1913,42,109),(1914,42,109),(1915,42,106),(1915,43,109),(1916,42,110),(1917,42,110),(1918,42,110),(1918,43,110),(1919,42,111),(1920,42,111),(1921,42,111),(1921,43,111),(1922,42,112),(1923,42,112),(1924,42,112),(1924,43,112),(1925,42,113),(1926,42,113),(1927,42,113),(1927,43,113),(1928,42,114),(1929,42,114),(1930,42,114),(1930,43,114),(1931,42,115),(1932,42,115),(1933,42,115),(1933,43,115),(1934,42,116),(1935,42,116),(1936,42,116),(1937,42,116),(1937,43,116),(1938,92,1),(1939,92,2),(1940,92,3),(1941,92,4),(1942,91,1),(1943,91,2),(1944,91,2),(1944,92,1),(1945,91,2),(1945,92,2),(1946,91,2),(1946,92,3),(1947,91,2),(1947,92,4),(1948,91,3),(1949,91,3),(1949,92,2),(1950,94,1),(1951,101,1),(1952,100,1),(1953,101,1),(1954,101,1),(1955,101,1),(1956,101,1),(1957,100,2),(1958,100,2),(1959,100,2),(1960,100,2),(1961,100,2),(1962,97,1),(1962,100,2),(1963,97,2),(1963,100,2),(1964,97,3),(1964,100,2),(1965,97,4),(1965,100,2),(1966,97,5),(1966,100,2),(1967,97,6),(1967,100,2),(1968,97,7),(1968,100,2),(1969,97,8),(1969,100,2),(1970,97,9),(1970,100,2),(1971,97,10),(1971,100,2),(1972,97,11),(1972,100,2),(1973,100,3),(1974,100,3),(1975,100,3),(1976,100,3),(1977,100,3),(1978,97,12),(1978,100,3),(1979,97,13),(1979,100,3),(1980,97,14),(1980,100,3),(1981,101,2),(1982,100,4),(1983,101,2),(1984,101,2),(1985,101,2),(1986,101,2),(1987,100,5),(1988,100,5),(1989,100,5),(1990,100,5),(1991,100,5),(1992,97,15),(1992,100,5),(1993,97,16),(1993,100,5),(1994,97,17),(1994,100,5),(1995,97,18),(1995,100,5),(1996,97,19),(1996,100,5),(1997,97,20),(1997,100,5),(1998,97,21),(1998,100,5),(1999,97,22),(1999,100,5),(2000,100,6),(2001,100,6),(2002,100,6),(2003,100,6),(2004,100,6),(2005,97,23),(2005,100,6),(2006,97,24),(2006,100,6),(2007,97,25),(2007,100,6),(2008,101,3),(2009,100,7),(2010,101,3),(2011,101,3),(2012,101,3),(2013,101,3),(2014,100,8),(2015,100,8),(2016,100,8),(2017,100,8),(2018,100,8),(2019,97,26),(2019,100,8),(2020,97,27),(2020,100,8),(2021,97,28),(2021,100,8),(2022,97,29),(2022,100,8),(2023,97,30),(2023,100,8),(2024,97,31),(2024,100,8),(2025,101,4),(2026,100,9),(2027,101,4),(2028,101,4),(2029,101,4),(2030,101,4),(2031,100,10),(2032,100,10),(2033,100,10),(2034,100,10),(2035,100,10),(2036,97,32),(2036,100,10),(2037,97,33),(2037,100,10),(2038,97,34),(2038,100,10),(2039,97,35),(2039,100,10),(2040,97,36),(2040,100,10),(2041,97,37),(2041,100,10),(2042,97,38),(2042,100,10),(2043,97,39),(2043,100,10),(2044,97,40),(2044,100,10),(2045,97,41),(2045,100,10),(2046,97,42),(2046,100,10),(2047,97,43),(2047,100,10),(2048,100,11),(2049,100,11),(2050,100,11),(2051,100,11),(2052,100,11),(2053,97,44),(2053,100,11),(2054,100,12),(2055,100,12),(2056,100,12),(2057,100,12),(2058,100,12),(2059,97,45),(2059,100,12),(2060,101,5),(2061,100,13),(2062,101,5),(2063,101,5),(2064,101,5),(2065,101,5),(2066,100,14),(2067,100,14),(2068,100,14),(2069,97,46),(2069,100,14),(2070,97,47),(2070,100,14),(2071,97,48),(2071,100,14),(2072,97,49),(2072,100,14),(2073,97,50),(2073,100,14),(2074,97,51),(2074,100,14),(2075,97,52),(2075,100,14),(2076,97,53),(2076,100,14),(2077,97,54),(2077,100,14),(2078,101,6),(2079,100,15),(2080,101,6),(2081,101,6),(2082,101,6),(2083,101,6),(2084,100,16),(2085,100,16),(2086,100,16),(2087,97,55),(2087,100,16),(2088,97,56),(2088,100,16),(2089,97,57),(2089,100,16),(2090,97,58),(2090,100,16),(2091,97,59),(2091,100,16),(2092,97,60),(2092,100,16),(2093,97,61),(2093,100,16),(2094,100,17),(2095,100,17),(2096,100,17),(2097,100,17),(2098,100,17),(2099,97,62),(2099,100,17),(2100,101,7),(2101,100,18),(2102,101,7),(2103,101,7),(2104,101,7),(2105,101,7),(2106,100,19),(2107,100,19),(2108,97,63),(2108,100,19),(2109,97,64),(2109,100,19),(2110,97,65),(2110,100,19),(2111,101,8),(2112,100,20),(2113,101,8),(2114,101,8),(2115,101,8),(2116,101,8),(2117,100,21),(2118,100,21),(2119,97,66),(2119,100,21),(2120,97,67),(2120,100,21),(2121,97,68),(2121,100,21),(2122,97,69),(2122,100,21),(2123,97,70),(2123,100,21),(2124,97,71),(2124,100,21),(2125,97,72),(2125,100,21),(2126,97,73),(2126,100,21),(2127,101,9),(2128,100,22),(2129,101,9),(2130,101,9),(2131,101,9),(2132,101,9),(2133,100,23),(2134,100,23),(2135,97,74),(2135,100,23),(2136,97,75),(2136,100,23),(2137,97,76),(2137,100,23),(2138,97,77),(2138,100,23),(2139,97,78),(2139,100,23),(2140,97,79),(2140,100,23),(2141,97,80),(2141,100,23),(2142,100,24),(2143,100,24),(2144,100,24),(2145,100,24),(2146,100,24),(2147,97,81),(2147,100,24),(2148,101,10),(2149,100,25),(2150,101,10),(2151,100,26),(2152,100,26),(2153,97,82),(2153,100,26),(2154,97,83),(2154,100,26),(2155,97,84),(2155,100,26),(2156,97,85),(2156,100,26),(2157,97,86),(2157,100,26),(2158,97,87),(2158,100,26),(2159,101,11),(2160,100,27),(2161,101,11),(2162,101,11),(2163,101,11),(2164,101,11),(2165,100,28),(2166,100,28),(2167,97,88),(2167,100,28),(2168,97,89),(2168,100,28),(2169,97,90),(2169,100,28),(2170,97,91),(2170,100,28),(2171,97,92),(2171,100,28),(2172,97,93),(2172,100,28),(2173,97,94),(2173,100,28),(2174,100,29),(2175,100,29),(2176,100,29),(2177,100,29),(2178,100,29),(2179,101,12),(2180,100,30),(2181,101,12),(2182,100,31),(2183,100,31),(2184,97,95),(2184,100,31),(2185,97,96),(2185,100,31),(2186,97,97),(2186,100,31),(2187,97,98),(2187,100,31),(2188,97,99),(2188,100,31),(2189,97,100),(2189,100,31),(2190,97,101),(2190,100,31),(2191,97,102),(2191,100,31),(2192,100,32),(2193,100,32),(2194,100,32),(2195,100,32),(2196,100,32),(2197,97,103),(2197,100,32),(2198,97,104),(2198,100,32),(2199,97,105),(2199,100,32),(2200,97,106),(2200,100,32),(2201,97,107),(2201,100,32),(2202,97,108),(2202,100,32),(2203,100,33),(2204,100,33),(2205,100,33),(2206,100,33),(2207,100,33),(2208,97,109),(2208,100,33),(2209,101,13),(2210,100,34),(2211,101,13),(2212,100,35),(2213,100,35),(2214,97,110),(2214,100,35),(2215,97,111),(2215,100,35),(2216,97,112),(2216,100,35),(2217,97,113),(2217,100,35),(2218,97,114),(2218,100,35),(2219,97,115),(2219,100,35),(2220,101,14),(2221,100,36),(2222,101,14),(2223,101,14),(2224,100,37),(2225,100,37),(2226,100,37),(2227,97,116),(2227,100,37),(2228,97,117),(2228,100,37),(2229,97,118),(2229,100,37),(2230,97,119),(2230,100,37),(2231,97,120),(2231,100,37),(2232,97,121),(2232,100,37),(2233,97,122),(2233,100,37),(2234,100,38),(2235,100,38),(2236,100,38),(2237,97,123),(2237,100,38),(2238,100,39),(2239,100,39),(2240,100,39),(2241,97,124),(2241,100,39),(2242,97,125),(2242,100,39),(2243,97,126),(2243,100,39),(2244,97,127),(2244,100,39),(2245,101,15),(2246,100,40),(2247,101,15),(2248,100,41),(2249,100,41),(2250,97,128),(2250,100,41),(2251,97,129),(2251,100,41),(2252,97,130),(2252,100,41),(2253,97,131),(2253,100,41),(2254,97,132),(2254,100,41),(2255,101,16),(2256,100,42),(2257,101,16),(2258,101,16),(2259,100,43),(2260,100,43),(2261,100,43),(2262,97,133),(2262,100,43),(2263,97,134),(2263,100,43),(2264,97,135),(2264,100,43),(2265,97,136),(2265,100,43),(2266,97,137),(2266,100,43),(2267,97,138),(2267,100,43),(2268,97,139),(2268,100,43),(2269,97,140),(2269,100,43),(2270,97,141),(2270,100,43),(2271,97,142),(2271,100,43),(2272,97,143),(2272,100,43),(2273,100,44),(2274,100,44),(2275,100,44),(2276,97,144),(2276,100,44),(2277,97,145),(2277,100,44),(2278,97,146),(2278,100,44),(2279,97,147),(2279,100,44),(2280,97,148),(2280,100,44),(2281,97,149),(2281,100,44),(2282,97,150),(2282,100,44),(2283,97,151),(2283,100,44),(2284,97,152),(2284,100,44),(2285,100,45),(2286,100,45),(2287,100,45),(2288,97,153),(2288,100,45),(2289,97,154),(2289,100,45),(2290,97,155),(2290,100,45),(2291,97,156),(2291,100,45),(2292,100,46),(2293,100,46),(2294,100,46),(2295,97,157),(2295,100,46),(2296,97,158),(2296,100,46),(2297,97,159),(2297,100,46),(2298,100,47),(2299,100,47),(2300,100,47),(2301,97,160),(2301,100,47),(2302,97,161),(2302,100,47),(2303,97,162),(2303,100,47),(2304,100,48),(2305,100,48),(2306,100,48),(2307,97,163),(2307,100,48),(2308,97,164),(2308,100,48),(2309,100,49),(2310,100,49),(2311,100,49),(2312,97,165),(2312,100,49),(2313,97,166),(2313,100,49),(2314,97,167),(2314,100,49),(2315,97,168),(2315,100,49),(2316,97,169),(2316,100,49),(2317,100,50),(2318,100,50),(2319,97,170),(2319,100,50),(2320,97,171),(2320,100,50),(2321,97,172),(2321,100,50),(2322,97,173),(2322,100,50),(2323,97,174),(2323,100,50),(2324,101,17),(2325,100,51),(2326,101,17),(2327,101,17),(2328,100,52),(2329,100,52),(2330,100,52),(2331,97,175),(2331,100,52),(2332,97,176),(2332,100,52),(2333,97,177),(2333,100,52),(2334,97,178),(2334,100,52),(2335,97,179),(2335,100,52),(2336,97,180),(2336,100,52),(2337,97,181),(2337,100,52),(2338,100,53),(2339,100,53),(2340,100,53),(2341,97,182),(2341,100,53),(2342,97,183),(2342,100,53),(2343,97,184),(2343,100,53),(2344,97,185),(2344,100,53),(2345,101,18),(2346,100,54),(2347,101,18),(2348,101,18),(2349,100,55),(2350,100,55),(2351,100,55),(2352,97,186),(2352,100,55),(2353,97,187),(2353,100,55),(2354,97,188),(2354,100,55),(2355,97,189),(2355,100,55),(2356,97,190),(2356,100,55),(2357,100,56),(2358,100,56),(2359,100,56),(2360,97,191),(2360,100,56),(2361,97,192),(2361,100,56),(2362,97,193),(2362,100,56),(2363,97,194),(2363,100,56),(2364,100,57),(2365,100,57),(2366,100,57),(2367,97,195),(2367,100,57),(2368,97,196),(2368,100,57),(2369,97,197),(2369,100,57),(2370,101,19),(2371,100,58),(2372,101,19),(2373,101,19),(2374,100,59),(2375,100,59),(2376,100,59),(2377,97,198),(2377,100,59),(2378,97,199),(2378,100,59),(2379,97,200),(2379,100,59),(2380,97,201),(2380,100,59),(2381,97,202),(2381,100,59),(2382,97,203),(2382,100,59),(2383,100,60),(2384,100,60),(2385,100,60),(2386,97,204),(2386,100,60),(2387,97,205),(2387,100,60),(2388,97,206),(2388,100,60),(2389,97,207),(2389,100,60),(2390,97,208),(2390,100,60),(2391,100,61),(2392,100,61),(2393,100,61),(2394,97,209),(2394,100,61),(2395,100,62),(2396,100,62),(2397,100,62),(2398,97,210),(2398,100,62),(2399,97,211),(2399,100,62),(2400,101,20),(2401,100,63),(2402,101,20),(2403,101,20),(2404,100,64),(2405,100,64),(2406,100,64),(2407,97,212),(2407,100,64),(2408,97,213),(2408,100,64),(2409,97,214),(2409,100,64),(2410,97,215),(2410,100,64),(2411,100,65),(2412,100,65),(2413,100,65),(2414,97,216),(2414,100,65),(2415,97,217),(2415,100,65),(2416,97,218),(2416,100,65),(2417,97,219),(2417,100,65),(2418,97,220),(2418,100,65),(2419,100,66),(2420,100,66),(2421,100,66),(2422,97,221),(2422,100,66),(2423,101,21),(2424,100,67),(2425,101,21),(2426,101,21),(2427,100,68),(2428,100,68),(2429,100,68),(2430,97,222),(2430,100,68),(2431,97,223),(2431,100,68),(2432,97,224),(2432,100,68),(2433,97,225),(2433,100,68),(2434,100,69),(2435,100,69),(2436,97,226),(2436,100,69),(2437,97,227),(2437,100,69),(2438,100,70),(2439,100,70),(2440,97,228),(2440,100,70),(2441,101,22),(2442,100,71),(2443,101,22),(2444,101,22),(2445,100,72),(2446,100,72),(2447,100,72),(2448,97,229),(2448,100,72),(2449,97,230),(2449,100,72),(2450,97,231),(2450,100,72),(2451,97,232),(2451,100,72),(2452,97,233),(2452,100,72),(2453,97,234),(2453,100,72),(2454,100,73),(2455,100,73),(2456,100,73),(2457,97,235),(2457,100,73),(2458,97,236),(2458,100,73),(2459,100,74),(2460,100,74),(2461,100,74),(2462,97,237),(2462,100,74),(2463,97,238),(2463,100,74),(2464,100,75),(2465,100,75),(2466,100,75),(2467,97,239),(2467,100,75),(2468,97,240),(2468,100,75),(2469,101,23),(2470,100,76),(2471,101,23),(2472,101,23),(2473,100,77),(2474,100,77),(2475,100,77),(2476,97,241),(2476,100,77),(2477,97,242),(2477,100,77),(2478,97,243),(2478,100,77),(2479,97,244),(2479,100,77),(2480,100,78),(2481,100,78),(2482,100,78),(2483,97,245),(2483,100,78),(2484,101,24),(2485,100,79),(2486,101,24),(2487,101,24),(2487,198,1),(2488,100,80),(2489,100,80),(2490,97,246),(2490,100,80),(2491,97,247),(2491,100,80),(2492,97,248),(2492,100,80),(2493,97,249),(2493,100,80),(2494,97,250),(2494,100,80),(2495,94,1),(2495,101,24),(2496,101,25),(2497,100,81),(2498,101,25),(2499,100,82),(2500,100,82),(2501,97,251),(2501,100,82),(2502,101,26),(2503,100,83),(2504,101,26),(2505,100,84),(2506,100,84),(2507,97,252),(2507,100,84),(2508,101,27),(2509,100,85),(2510,101,27),(2511,100,86),(2512,100,86),(2513,97,253),(2513,100,86),(2514,97,254),(2514,100,86),(2515,97,255),(2515,100,86),(2516,97,256),(2516,100,86),(2517,97,257),(2517,100,86),(2518,97,258),(2518,100,86),(2519,97,259),(2519,100,86),(2520,97,260),(2520,100,86),(2521,97,261),(2521,100,86),(2522,101,28),(2523,100,87),(2524,101,28),(2525,100,88),(2526,100,88),(2527,97,262),(2527,100,88),(2528,97,263),(2528,100,88),(2529,97,264),(2529,100,88),(2530,97,265),(2530,100,88),(2531,97,266),(2531,100,88),(2532,97,267),(2532,100,88),(2533,97,268),(2533,100,88),(2534,97,269),(2534,100,88),(2535,97,270),(2535,100,88),(2536,101,29),(2537,100,89),(2538,101,29),(2539,100,90),(2540,100,90),(2541,97,271),(2541,100,90),(2542,94,1),(2542,101,29),(2543,124,1),(2544,124,1),(2545,124,1),(2545,125,1),(2546,124,1),(2546,125,2),(2547,124,1),(2547,125,3),(2548,124,1),(2548,125,4),(2549,124,1),(2549,125,5),(2550,124,1),(2550,125,6),(2551,124,1),(2551,125,7),(2552,124,1),(2552,125,8),(2553,124,1),(2553,125,9),(2554,124,1),(2554,125,10),(2555,124,1),(2555,125,11),(2556,124,1),(2556,212,1),(2557,124,1),(2557,212,2),(2558,124,1),(2558,212,3),(2559,124,1),(2559,212,4),(2560,94,1),(2560,124,1),(2561,124,2),(2562,124,2),(2563,124,2),(2563,125,12),(2564,124,2),(2564,125,13),(2565,124,2),(2565,125,14),(2566,124,2),(2566,125,15),(2567,124,2),(2567,125,16),(2568,124,2),(2568,212,5),(2569,94,1),(2569,124,2),(2570,124,3),(2571,124,3),(2572,124,3),(2572,125,17),(2573,124,3),(2573,125,18),(2574,124,3),(2574,125,19),(2575,124,3),(2575,125,20),(2576,94,1),(2576,124,3),(2577,124,4),(2578,124,4),(2579,124,4),(2579,125,21),(2580,124,4),(2580,125,22),(2581,124,4),(2581,125,23),(2582,124,4),(2582,125,24),(2583,124,4),(2583,125,25),(2584,124,4),(2584,125,26),(2585,124,4),(2585,125,27),(2586,124,4),(2586,125,28),(2587,124,4),(2587,125,29),(2588,124,4),(2588,125,30),(2589,124,4),(2589,125,31),(2590,121,1),(2591,121,1),(2592,121,1),(2593,121,1),(2593,152,1),(2594,121,1),(2594,152,2),(2595,121,1),(2595,152,3),(2596,121,1),(2596,152,4),(2597,121,1),(2597,152,5),(2598,121,1),(2598,152,6),(2599,121,1),(2599,152,7),(2600,121,1),(2600,152,8),(2601,121,1),(2601,152,9),(2602,121,2),(2603,121,2),(2604,121,2),(2605,121,2),(2605,152,10),(2606,121,2),(2606,152,11),(2607,121,2),(2607,152,12),(2608,121,2),(2608,152,13),(2609,121,2),(2609,152,14),(2610,121,3),(2611,121,3),(2612,121,3),(2613,121,3),(2614,121,3),(2614,152,15),(2615,121,3),(2615,152,16),(2616,121,3),(2616,152,17),(2617,121,3),(2617,152,18),(2618,121,3),(2618,152,19),(2619,121,4),(2620,121,4),(2621,121,4),(2622,121,4),(2623,121,4),(2623,152,20),(2624,121,4),(2624,152,21),(2625,121,4),(2625,152,22),(2626,121,4),(2626,152,23),(2627,121,5),(2628,121,5),(2629,121,5),(2630,121,5),(2631,121,5),(2631,152,24),(2632,121,5),(2632,152,25),(2633,121,5),(2633,152,26),(2634,121,5),(2634,152,27),(2635,121,5),(2635,152,28),(2636,121,6),(2637,121,6),(2638,121,6),(2639,121,6),(2640,121,6),(2640,152,29),(2641,121,6),(2641,152,30),(2642,121,7),(2643,121,7),(2644,121,7),(2645,121,7),(2646,121,7),(2646,152,31),(2647,121,7),(2647,152,32),(2648,121,7),(2648,152,33),(2649,121,8),(2650,121,8),(2651,121,8),(2652,121,8),(2652,152,34),(2653,121,8),(2653,152,35),(2654,121,8),(2654,152,36),(2655,121,8),(2655,152,37),(2656,121,8),(2656,152,38),(2657,121,9),(2658,121,9),(2659,121,9),(2659,152,39),(2660,121,9),(2660,152,40),(2661,16,1),(2661,121,9),(2662,94,1),(2662,121,9),(2663,89,1),(2664,94,2);
/*!40000 ALTER TABLE `ca_change_log_subjects` ENABLE KEYS */;
UNLOCK TABLES;

--
-- Table structure for table `ca_collection_labels`
--

DROP TABLE IF EXISTS `ca_collection_labels`;
/*!40101 SET @saved_cs_client     = @@character_set_client */;
/*!40101 SET character_set_client = utf8 */;
CREATE TABLE `ca_collection_labels` (
  `label_id` int(10) unsigned NOT NULL AUTO_INCREMENT,
  `collection_id` int(10) unsigned NOT NULL,
  `locale_id` smallint(5) unsigned NOT NULL,
  `type_id` int(10) unsigned DEFAULT NULL,
  `name` varchar(255) NOT NULL,
  `name_sort` varchar(255) NOT NULL,
  `source_info` longtext NOT NULL,
  `is_preferred` tinyint(3) unsigned NOT NULL,
  PRIMARY KEY (`label_id`),
  UNIQUE KEY `u_all` (`collection_id`,`name`,`type_id`,`locale_id`),
  KEY `i_collection_id` (`collection_id`),
  KEY `i_name` (`name`(128)),
  KEY `i_locale_id` (`locale_id`),
  KEY `i_type_id` (`type_id`),
  KEY `i_name_sort` (`name_sort`(128)),
  CONSTRAINT `fk_ca_collection_labels_collection_id` FOREIGN KEY (`collection_id`) REFERENCES `ca_collections` (`collection_id`),
  CONSTRAINT `fk_ca_collection_labels_locale_id` FOREIGN KEY (`locale_id`) REFERENCES `ca_locales` (`locale_id`),
  CONSTRAINT `fk_ca_collection_labels_type_id` FOREIGN KEY (`type_id`) REFERENCES `ca_list_items` (`item_id`)
) ENGINE=InnoDB DEFAULT CHARSET=utf8;
/*!40101 SET character_set_client = @saved_cs_client */;

--
-- Dumping data for table `ca_collection_labels`
--

LOCK TABLES `ca_collection_labels` WRITE;
/*!40000 ALTER TABLE `ca_collection_labels` DISABLE KEYS */;
/*!40000 ALTER TABLE `ca_collection_labels` ENABLE KEYS */;
UNLOCK TABLES;

--
-- Table structure for table `ca_collections`
--

DROP TABLE IF EXISTS `ca_collections`;
/*!40101 SET @saved_cs_client     = @@character_set_client */;
/*!40101 SET character_set_client = utf8 */;
CREATE TABLE `ca_collections` (
  `collection_id` int(10) unsigned NOT NULL AUTO_INCREMENT,
  `parent_id` int(10) unsigned DEFAULT NULL,
  `locale_id` smallint(5) unsigned DEFAULT NULL,
  `type_id` int(10) unsigned NOT NULL,
  `idno` varchar(255) NOT NULL,
  `idno_sort` varchar(255) NOT NULL,
  `is_template` tinyint(3) unsigned NOT NULL DEFAULT 0,
  `commenting_status` tinyint(3) unsigned NOT NULL DEFAULT 0,
  `tagging_status` tinyint(3) unsigned NOT NULL DEFAULT 0,
  `rating_status` tinyint(3) unsigned NOT NULL DEFAULT 0,
  `view_count` int(10) unsigned NOT NULL DEFAULT 0,
  `source_id` int(10) unsigned DEFAULT NULL,
  `source_info` longtext NOT NULL,
  `hier_collection_id` int(10) unsigned NOT NULL,
  `hier_left` decimal(30,20) NOT NULL,
  `hier_right` decimal(30,20) NOT NULL,
  `access` tinyint(3) unsigned NOT NULL DEFAULT 0,
  `status` tinyint(3) unsigned NOT NULL DEFAULT 0,
  `deleted` tinyint(3) unsigned NOT NULL DEFAULT 0,
  `rank` int(10) unsigned NOT NULL DEFAULT 0,
  `acl_inherit_from_parent` tinyint(3) unsigned NOT NULL DEFAULT 0,
  `submission_user_id` int(10) unsigned DEFAULT NULL,
  `submission_group_id` int(10) unsigned DEFAULT NULL,
  `submission_status_id` int(10) unsigned DEFAULT NULL,
  `submission_via_form` varchar(100) DEFAULT NULL,
  PRIMARY KEY (`collection_id`),
  KEY `i_parent_id` (`parent_id`),
  KEY `i_type_id` (`type_id`),
  KEY `i_idno` (`idno`),
  KEY `i_idno_sort` (`idno_sort`),
  KEY `i_locale_id` (`locale_id`),
  KEY `i_source_id` (`source_id`),
  KEY `i_hier_collection_id` (`hier_collection_id`),
  KEY `i_hier_left` (`hier_left`),
  KEY `i_hier_right` (`hier_right`),
  KEY `i_acl_inherit_from_parent` (`acl_inherit_from_parent`),
  KEY `i_view_count` (`view_count`),
  KEY `i_collection_filter` (`collection_id`,`deleted`,`access`),
  KEY `i_submission_user_id` (`submission_user_id`),
  KEY `i_submission_group_id` (`submission_group_id`),
  KEY `i_submission_status_id` (`submission_status_id`),
  KEY `i_submission_via_form` (`submission_via_form`),
  CONSTRAINT `fk_ca_collections_locale_id` FOREIGN KEY (`locale_id`) REFERENCES `ca_locales` (`locale_id`),
  CONSTRAINT `fk_ca_collections_parent_id` FOREIGN KEY (`parent_id`) REFERENCES `ca_collections` (`collection_id`),
  CONSTRAINT `fk_ca_collections_source_id` FOREIGN KEY (`source_id`) REFERENCES `ca_list_items` (`item_id`),
  CONSTRAINT `fk_ca_collections_submission_group_id` FOREIGN KEY (`submission_group_id`) REFERENCES `ca_user_groups` (`group_id`),
  CONSTRAINT `fk_ca_collections_submission_status_id` FOREIGN KEY (`submission_status_id`) REFERENCES `ca_list_items` (`item_id`),
  CONSTRAINT `fk_ca_collections_submission_user_id` FOREIGN KEY (`submission_user_id`) REFERENCES `ca_users` (`user_id`),
  CONSTRAINT `fk_ca_collections_type_id` FOREIGN KEY (`type_id`) REFERENCES `ca_list_items` (`item_id`)
) ENGINE=InnoDB DEFAULT CHARSET=utf8;
/*!40101 SET character_set_client = @saved_cs_client */;

--
-- Dumping data for table `ca_collections`
--

LOCK TABLES `ca_collections` WRITE;
/*!40000 ALTER TABLE `ca_collections` DISABLE KEYS */;
/*!40000 ALTER TABLE `ca_collections` ENABLE KEYS */;
UNLOCK TABLES;

--
-- Table structure for table `ca_collections_x_collections`
--

DROP TABLE IF EXISTS `ca_collections_x_collections`;
/*!40101 SET @saved_cs_client     = @@character_set_client */;
/*!40101 SET character_set_client = utf8 */;
CREATE TABLE `ca_collections_x_collections` (
  `relation_id` int(10) unsigned NOT NULL AUTO_INCREMENT,
  `collection_left_id` int(10) unsigned NOT NULL,
  `collection_right_id` int(10) unsigned NOT NULL,
  `type_id` smallint(5) unsigned NOT NULL,
  `source_info` longtext NOT NULL,
  `sdatetime` decimal(30,20) DEFAULT NULL,
  `edatetime` decimal(30,20) DEFAULT NULL,
  `label_left_id` int(10) unsigned DEFAULT NULL,
  `label_right_id` int(10) unsigned DEFAULT NULL,
  `rank` int(10) unsigned NOT NULL DEFAULT 0,
  PRIMARY KEY (`relation_id`),
  UNIQUE KEY `u_all` (`collection_left_id`,`collection_right_id`,`type_id`,`sdatetime`,`edatetime`),
  KEY `i_collection_left_id` (`collection_left_id`),
  KEY `i_collection_right_id` (`collection_right_id`),
  KEY `i_type_id` (`type_id`),
  KEY `i_label_left_id` (`label_left_id`),
  KEY `i_label_right_id` (`label_right_id`),
  CONSTRAINT `fk_ca_collections_x_collections_collection_left_id` FOREIGN KEY (`collection_left_id`) REFERENCES `ca_collections` (`collection_id`),
  CONSTRAINT `fk_ca_collections_x_collections_collection_right_id` FOREIGN KEY (`collection_right_id`) REFERENCES `ca_collections` (`collection_id`),
  CONSTRAINT `fk_ca_collections_x_collections_label_left_id` FOREIGN KEY (`label_left_id`) REFERENCES `ca_collection_labels` (`label_id`),
  CONSTRAINT `fk_ca_collections_x_collections_label_right_id` FOREIGN KEY (`label_right_id`) REFERENCES `ca_collection_labels` (`label_id`),
  CONSTRAINT `fk_ca_collections_x_collections_type_id` FOREIGN KEY (`type_id`) REFERENCES `ca_relationship_types` (`type_id`)
) ENGINE=InnoDB DEFAULT CHARSET=utf8;
/*!40101 SET character_set_client = @saved_cs_client */;

--
-- Dumping data for table `ca_collections_x_collections`
--

LOCK TABLES `ca_collections_x_collections` WRITE;
/*!40000 ALTER TABLE `ca_collections_x_collections` DISABLE KEYS */;
/*!40000 ALTER TABLE `ca_collections_x_collections` ENABLE KEYS */;
UNLOCK TABLES;

--
-- Table structure for table `ca_collections_x_storage_locations`
--

DROP TABLE IF EXISTS `ca_collections_x_storage_locations`;
/*!40101 SET @saved_cs_client     = @@character_set_client */;
/*!40101 SET character_set_client = utf8 */;
CREATE TABLE `ca_collections_x_storage_locations` (
  `relation_id` int(10) unsigned NOT NULL AUTO_INCREMENT,
  `collection_id` int(10) unsigned NOT NULL,
  `type_id` smallint(5) unsigned NOT NULL,
  `location_id` int(10) unsigned NOT NULL,
  `source_info` longtext NOT NULL,
  `sdatetime` decimal(30,20) DEFAULT NULL,
  `edatetime` decimal(30,20) DEFAULT NULL,
  `label_left_id` int(10) unsigned DEFAULT NULL,
  `label_right_id` int(10) unsigned DEFAULT NULL,
  `rank` int(10) unsigned NOT NULL DEFAULT 0,
  PRIMARY KEY (`relation_id`),
  UNIQUE KEY `u_all` (`collection_id`,`location_id`,`type_id`,`sdatetime`,`edatetime`),
  KEY `i_collection_id` (`collection_id`),
  KEY `i_location_id` (`location_id`),
  KEY `i_type_id` (`type_id`),
  KEY `i_label_left_id` (`label_left_id`),
  KEY `i_label_right_id` (`label_right_id`),
  CONSTRAINT `ca_collections_x_storage_locations_collection_id` FOREIGN KEY (`collection_id`) REFERENCES `ca_collections` (`collection_id`),
  CONSTRAINT `ca_collections_x_storage_locations_label_left_id` FOREIGN KEY (`label_left_id`) REFERENCES `ca_collection_labels` (`label_id`),
  CONSTRAINT `ca_collections_x_storage_locations_label_right_id` FOREIGN KEY (`label_right_id`) REFERENCES `ca_storage_location_labels` (`label_id`),
  CONSTRAINT `ca_collections_x_storage_locations_type_id` FOREIGN KEY (`type_id`) REFERENCES `ca_relationship_types` (`type_id`),
  CONSTRAINT `fk_ca_collections_x_storage_locations_label_left_id` FOREIGN KEY (`label_left_id`) REFERENCES `ca_collection_labels` (`label_id`),
  CONSTRAINT `fk_ca_collections_x_storage_locations_label_right_id` FOREIGN KEY (`label_right_id`) REFERENCES `ca_storage_location_labels` (`label_id`),
  CONSTRAINT `fk_ca_collections_x_storage_locations_location_id` FOREIGN KEY (`location_id`) REFERENCES `ca_storage_locations` (`location_id`)
) ENGINE=InnoDB DEFAULT CHARSET=utf8;
/*!40101 SET character_set_client = @saved_cs_client */;

--
-- Dumping data for table `ca_collections_x_storage_locations`
--

LOCK TABLES `ca_collections_x_storage_locations` WRITE;
/*!40000 ALTER TABLE `ca_collections_x_storage_locations` DISABLE KEYS */;
/*!40000 ALTER TABLE `ca_collections_x_storage_locations` ENABLE KEYS */;
UNLOCK TABLES;

--
-- Table structure for table `ca_collections_x_vocabulary_terms`
--

DROP TABLE IF EXISTS `ca_collections_x_vocabulary_terms`;
/*!40101 SET @saved_cs_client     = @@character_set_client */;
/*!40101 SET character_set_client = utf8 */;
CREATE TABLE `ca_collections_x_vocabulary_terms` (
  `relation_id` int(10) unsigned NOT NULL AUTO_INCREMENT,
  `collection_id` int(10) unsigned NOT NULL,
  `type_id` smallint(5) unsigned NOT NULL,
  `item_id` int(10) unsigned NOT NULL,
  `source_info` longtext NOT NULL,
  `sdatetime` decimal(30,20) DEFAULT NULL,
  `edatetime` decimal(30,20) DEFAULT NULL,
  `label_left_id` int(10) unsigned DEFAULT NULL,
  `label_right_id` int(10) unsigned DEFAULT NULL,
  `rank` int(10) unsigned NOT NULL DEFAULT 0,
  PRIMARY KEY (`relation_id`),
  UNIQUE KEY `u_all` (`collection_id`,`type_id`,`sdatetime`,`edatetime`,`item_id`),
  KEY `i_item_id` (`item_id`),
  KEY `i_collection_id` (`collection_id`),
  KEY `i_type_id` (`type_id`),
  KEY `i_label_left_id` (`label_left_id`),
  KEY `i_label_right_id` (`label_right_id`),
  CONSTRAINT `fk_ca_collections_x_vocabulary_terms_collection_id` FOREIGN KEY (`collection_id`) REFERENCES `ca_collections` (`collection_id`),
  CONSTRAINT `fk_ca_collections_x_vocabulary_terms_item_id` FOREIGN KEY (`item_id`) REFERENCES `ca_list_items` (`item_id`),
  CONSTRAINT `fk_ca_collections_x_vocabulary_terms_label_left_id` FOREIGN KEY (`label_left_id`) REFERENCES `ca_collection_labels` (`label_id`),
  CONSTRAINT `fk_ca_collections_x_vocabulary_terms_label_right_id` FOREIGN KEY (`label_right_id`) REFERENCES `ca_list_item_labels` (`label_id`),
  CONSTRAINT `fk_ca_collections_x_vocabulary_terms_type_id` FOREIGN KEY (`type_id`) REFERENCES `ca_relationship_types` (`type_id`)
) ENGINE=InnoDB DEFAULT CHARSET=utf8;
/*!40101 SET character_set_client = @saved_cs_client */;

--
-- Dumping data for table `ca_collections_x_vocabulary_terms`
--

LOCK TABLES `ca_collections_x_vocabulary_terms` WRITE;
/*!40000 ALTER TABLE `ca_collections_x_vocabulary_terms` DISABLE KEYS */;
/*!40000 ALTER TABLE `ca_collections_x_vocabulary_terms` ENABLE KEYS */;
UNLOCK TABLES;

--
-- Table structure for table `ca_data_exporter_items`
--

DROP TABLE IF EXISTS `ca_data_exporter_items`;
/*!40101 SET @saved_cs_client     = @@character_set_client */;
/*!40101 SET character_set_client = utf8 */;
CREATE TABLE `ca_data_exporter_items` (
  `item_id` int(10) unsigned NOT NULL AUTO_INCREMENT,
  `parent_id` int(10) unsigned DEFAULT NULL,
  `exporter_id` int(10) unsigned NOT NULL,
  `element` varchar(1024) NOT NULL,
  `context` varchar(1024) DEFAULT NULL,
  `source` varchar(1024) DEFAULT NULL,
  `settings` longtext NOT NULL,
  `hier_item_id` int(10) unsigned NOT NULL,
  `hier_left` decimal(30,20) unsigned NOT NULL,
  `hier_right` decimal(30,20) unsigned NOT NULL,
  `rank` int(10) unsigned NOT NULL DEFAULT 0,
  PRIMARY KEY (`item_id`),
  KEY `i_parent_id` (`parent_id`),
  KEY `i_exporter_id` (`exporter_id`),
  KEY `i_hier_left` (`hier_left`),
  KEY `i_hier_right` (`hier_right`),
  KEY `i_hier_item_id` (`hier_item_id`),
  CONSTRAINT `fk_ca_data_exporter_items_exporter_id` FOREIGN KEY (`exporter_id`) REFERENCES `ca_data_exporters` (`exporter_id`),
  CONSTRAINT `fk_ca_data_exporter_items_parent_id` FOREIGN KEY (`parent_id`) REFERENCES `ca_data_exporter_items` (`item_id`)
) ENGINE=InnoDB DEFAULT CHARSET=utf8;
/*!40101 SET character_set_client = @saved_cs_client */;

--
-- Dumping data for table `ca_data_exporter_items`
--

LOCK TABLES `ca_data_exporter_items` WRITE;
/*!40000 ALTER TABLE `ca_data_exporter_items` DISABLE KEYS */;
/*!40000 ALTER TABLE `ca_data_exporter_items` ENABLE KEYS */;
UNLOCK TABLES;

--
-- Table structure for table `ca_data_exporter_labels`
--

DROP TABLE IF EXISTS `ca_data_exporter_labels`;
/*!40101 SET @saved_cs_client     = @@character_set_client */;
/*!40101 SET character_set_client = utf8 */;
CREATE TABLE `ca_data_exporter_labels` (
  `label_id` int(10) unsigned NOT NULL AUTO_INCREMENT,
  `exporter_id` int(10) unsigned NOT NULL,
  `locale_id` smallint(5) unsigned NOT NULL,
  `name` varchar(255) NOT NULL,
  `name_sort` varchar(255) NOT NULL,
  `description` text NOT NULL,
  `source_info` longtext NOT NULL,
  `is_preferred` tinyint(3) unsigned NOT NULL,
  PRIMARY KEY (`label_id`),
  UNIQUE KEY `u_all` (`exporter_id`,`locale_id`,`name`,`is_preferred`),
  KEY `i_exporter_id` (`exporter_id`),
  KEY `i_locale_id` (`locale_id`),
  KEY `i_name_sort` (`name_sort`(128)),
  CONSTRAINT `fk_ca_data_exporter_labels_exporter_id` FOREIGN KEY (`exporter_id`) REFERENCES `ca_data_exporters` (`exporter_id`),
  CONSTRAINT `fk_ca_data_exporter_labels_locale_id` FOREIGN KEY (`locale_id`) REFERENCES `ca_locales` (`locale_id`)
) ENGINE=InnoDB DEFAULT CHARSET=utf8;
/*!40101 SET character_set_client = @saved_cs_client */;

--
-- Dumping data for table `ca_data_exporter_labels`
--

LOCK TABLES `ca_data_exporter_labels` WRITE;
/*!40000 ALTER TABLE `ca_data_exporter_labels` DISABLE KEYS */;
/*!40000 ALTER TABLE `ca_data_exporter_labels` ENABLE KEYS */;
UNLOCK TABLES;

--
-- Table structure for table `ca_data_exporters`
--

DROP TABLE IF EXISTS `ca_data_exporters`;
/*!40101 SET @saved_cs_client     = @@character_set_client */;
/*!40101 SET character_set_client = utf8 */;
CREATE TABLE `ca_data_exporters` (
  `exporter_id` int(10) unsigned NOT NULL AUTO_INCREMENT,
  `exporter_code` varchar(100) NOT NULL,
  `table_num` tinyint(3) unsigned NOT NULL,
  `settings` longtext NOT NULL,
  PRIMARY KEY (`exporter_id`),
  UNIQUE KEY `u_exporter_code` (`exporter_code`),
  KEY `i_table_num` (`table_num`)
) ENGINE=InnoDB DEFAULT CHARSET=utf8;
/*!40101 SET character_set_client = @saved_cs_client */;

--
-- Dumping data for table `ca_data_exporters`
--

LOCK TABLES `ca_data_exporters` WRITE;
/*!40000 ALTER TABLE `ca_data_exporters` DISABLE KEYS */;
/*!40000 ALTER TABLE `ca_data_exporters` ENABLE KEYS */;
UNLOCK TABLES;

--
-- Table structure for table `ca_data_import_event_log`
--

DROP TABLE IF EXISTS `ca_data_import_event_log`;
/*!40101 SET @saved_cs_client     = @@character_set_client */;
/*!40101 SET character_set_client = utf8 */;
CREATE TABLE `ca_data_import_event_log` (
  `log_id` int(10) unsigned NOT NULL AUTO_INCREMENT,
  `event_id` int(10) unsigned NOT NULL,
  `item_id` int(10) unsigned DEFAULT NULL,
  `type_code` char(10) NOT NULL,
  `date_time` int(10) unsigned NOT NULL,
  `message` text NOT NULL,
  `source` varchar(255) NOT NULL,
  PRIMARY KEY (`log_id`),
  KEY `i_event_id` (`event_id`),
  KEY `i_item_id` (`item_id`),
  CONSTRAINT `fk_ca_data_import_events_event_id` FOREIGN KEY (`event_id`) REFERENCES `ca_data_import_events` (`event_id`),
  CONSTRAINT `fk_ca_data_import_events_item_id` FOREIGN KEY (`item_id`) REFERENCES `ca_data_import_items` (`item_id`)
) ENGINE=InnoDB DEFAULT CHARSET=utf8;
/*!40101 SET character_set_client = @saved_cs_client */;

--
-- Dumping data for table `ca_data_import_event_log`
--

LOCK TABLES `ca_data_import_event_log` WRITE;
/*!40000 ALTER TABLE `ca_data_import_event_log` DISABLE KEYS */;
/*!40000 ALTER TABLE `ca_data_import_event_log` ENABLE KEYS */;
UNLOCK TABLES;

--
-- Table structure for table `ca_data_import_events`
--

DROP TABLE IF EXISTS `ca_data_import_events`;
/*!40101 SET @saved_cs_client     = @@character_set_client */;
/*!40101 SET character_set_client = utf8 */;
CREATE TABLE `ca_data_import_events` (
  `event_id` int(10) unsigned NOT NULL AUTO_INCREMENT,
  `occurred_on` int(10) unsigned NOT NULL,
  `user_id` int(10) unsigned DEFAULT NULL,
  `description` text NOT NULL,
  `type_code` char(50) NOT NULL,
  `source` text NOT NULL,
  PRIMARY KEY (`event_id`),
  KEY `i_user_id` (`user_id`),
  CONSTRAINT `fk_ca_data_import_events_user_id` FOREIGN KEY (`user_id`) REFERENCES `ca_users` (`user_id`)
) ENGINE=InnoDB DEFAULT CHARSET=utf8;
/*!40101 SET character_set_client = @saved_cs_client */;

--
-- Dumping data for table `ca_data_import_events`
--

LOCK TABLES `ca_data_import_events` WRITE;
/*!40000 ALTER TABLE `ca_data_import_events` DISABLE KEYS */;
/*!40000 ALTER TABLE `ca_data_import_events` ENABLE KEYS */;
UNLOCK TABLES;

--
-- Table structure for table `ca_data_import_items`
--

DROP TABLE IF EXISTS `ca_data_import_items`;
/*!40101 SET @saved_cs_client     = @@character_set_client */;
/*!40101 SET character_set_client = utf8 */;
CREATE TABLE `ca_data_import_items` (
  `item_id` int(10) unsigned NOT NULL AUTO_INCREMENT,
  `event_id` int(10) unsigned NOT NULL,
  `source_ref` varchar(255) NOT NULL,
  `table_num` tinyint(3) unsigned DEFAULT NULL,
  `row_id` int(10) unsigned DEFAULT NULL,
  `type_code` char(1) DEFAULT NULL,
  `started_on` int(10) unsigned NOT NULL,
  `completed_on` int(10) unsigned DEFAULT NULL,
  `elapsed_time` decimal(8,4) DEFAULT NULL,
  `success` tinyint(3) unsigned DEFAULT NULL,
  `message` text NOT NULL,
  PRIMARY KEY (`item_id`),
  KEY `i_event_id` (`event_id`),
  KEY `i_row_id` (`table_num`,`row_id`),
  CONSTRAINT `fk_ca_data_import_items_event_id` FOREIGN KEY (`event_id`) REFERENCES `ca_data_import_events` (`event_id`)
) ENGINE=InnoDB DEFAULT CHARSET=utf8;
/*!40101 SET character_set_client = @saved_cs_client */;

--
-- Dumping data for table `ca_data_import_items`
--

LOCK TABLES `ca_data_import_items` WRITE;
/*!40000 ALTER TABLE `ca_data_import_items` DISABLE KEYS */;
/*!40000 ALTER TABLE `ca_data_import_items` ENABLE KEYS */;
UNLOCK TABLES;

--
-- Table structure for table `ca_data_importer_groups`
--

DROP TABLE IF EXISTS `ca_data_importer_groups`;
/*!40101 SET @saved_cs_client     = @@character_set_client */;
/*!40101 SET character_set_client = utf8 */;
CREATE TABLE `ca_data_importer_groups` (
  `group_id` int(10) unsigned NOT NULL AUTO_INCREMENT,
  `importer_id` int(10) unsigned NOT NULL,
  `group_code` varchar(100) NOT NULL,
  `destination` varchar(1024) NOT NULL,
  `settings` longtext NOT NULL,
  PRIMARY KEY (`group_id`),
  UNIQUE KEY `u_group_code` (`importer_id`,`group_code`),
  KEY `i_importer_id` (`importer_id`),
  CONSTRAINT `fk_ca_data_importer_groups_importer_id` FOREIGN KEY (`importer_id`) REFERENCES `ca_data_importers` (`importer_id`)
) ENGINE=InnoDB DEFAULT CHARSET=utf8;
/*!40101 SET character_set_client = @saved_cs_client */;

--
-- Dumping data for table `ca_data_importer_groups`
--

LOCK TABLES `ca_data_importer_groups` WRITE;
/*!40000 ALTER TABLE `ca_data_importer_groups` DISABLE KEYS */;
/*!40000 ALTER TABLE `ca_data_importer_groups` ENABLE KEYS */;
UNLOCK TABLES;

--
-- Table structure for table `ca_data_importer_items`
--

DROP TABLE IF EXISTS `ca_data_importer_items`;
/*!40101 SET @saved_cs_client     = @@character_set_client */;
/*!40101 SET character_set_client = utf8 */;
CREATE TABLE `ca_data_importer_items` (
  `item_id` int(10) unsigned NOT NULL AUTO_INCREMENT,
  `importer_id` int(10) unsigned NOT NULL,
  `group_id` int(10) unsigned NOT NULL,
  `source` varchar(1024) NOT NULL,
  `destination` varchar(1024) NOT NULL,
  `settings` longtext NOT NULL,
  PRIMARY KEY (`item_id`),
  KEY `i_importer_id` (`importer_id`),
  KEY `i_group_id` (`group_id`),
  CONSTRAINT `fk_ca_data_importer_items_group_id` FOREIGN KEY (`group_id`) REFERENCES `ca_data_importer_groups` (`group_id`),
  CONSTRAINT `fk_ca_data_importer_items_importer_id` FOREIGN KEY (`importer_id`) REFERENCES `ca_data_importers` (`importer_id`)
) ENGINE=InnoDB DEFAULT CHARSET=utf8;
/*!40101 SET character_set_client = @saved_cs_client */;

--
-- Dumping data for table `ca_data_importer_items`
--

LOCK TABLES `ca_data_importer_items` WRITE;
/*!40000 ALTER TABLE `ca_data_importer_items` DISABLE KEYS */;
/*!40000 ALTER TABLE `ca_data_importer_items` ENABLE KEYS */;
UNLOCK TABLES;

--
-- Table structure for table `ca_data_importer_labels`
--

DROP TABLE IF EXISTS `ca_data_importer_labels`;
/*!40101 SET @saved_cs_client     = @@character_set_client */;
/*!40101 SET character_set_client = utf8 */;
CREATE TABLE `ca_data_importer_labels` (
  `label_id` int(10) unsigned NOT NULL AUTO_INCREMENT,
  `importer_id` int(10) unsigned NOT NULL,
  `locale_id` smallint(5) unsigned NOT NULL,
  `name` varchar(255) NOT NULL,
  `name_sort` varchar(255) NOT NULL,
  `description` text NOT NULL,
  `source_info` longtext NOT NULL,
  `is_preferred` tinyint(3) unsigned NOT NULL,
  PRIMARY KEY (`label_id`),
  UNIQUE KEY `u_all` (`importer_id`,`locale_id`,`name`,`is_preferred`),
  KEY `i_importer_id` (`importer_id`),
  KEY `i_locale_id` (`locale_id`),
  KEY `i_name_sort` (`name_sort`(128)),
  CONSTRAINT `fk_ca_data_importer_labels_importer_id` FOREIGN KEY (`importer_id`) REFERENCES `ca_data_importers` (`importer_id`),
  CONSTRAINT `fk_ca_data_importer_labels_locale_id` FOREIGN KEY (`locale_id`) REFERENCES `ca_locales` (`locale_id`)
) ENGINE=InnoDB DEFAULT CHARSET=utf8;
/*!40101 SET character_set_client = @saved_cs_client */;

--
-- Dumping data for table `ca_data_importer_labels`
--

LOCK TABLES `ca_data_importer_labels` WRITE;
/*!40000 ALTER TABLE `ca_data_importer_labels` DISABLE KEYS */;
/*!40000 ALTER TABLE `ca_data_importer_labels` ENABLE KEYS */;
UNLOCK TABLES;

--
-- Table structure for table `ca_data_importer_log`
--

DROP TABLE IF EXISTS `ca_data_importer_log`;
/*!40101 SET @saved_cs_client     = @@character_set_client */;
/*!40101 SET character_set_client = utf8 */;
CREATE TABLE `ca_data_importer_log` (
  `log_id` int(10) unsigned NOT NULL AUTO_INCREMENT,
  `importer_id` int(10) unsigned NOT NULL,
  `user_id` int(10) unsigned DEFAULT NULL,
  `log_datetime` int(10) unsigned NOT NULL,
  `notes` text NOT NULL,
  `table_num` tinyint(3) unsigned NOT NULL,
  `datafile` longblob NOT NULL,
  PRIMARY KEY (`log_id`),
  KEY `i_user_id` (`user_id`),
  KEY `i_importer_id` (`importer_id`),
  KEY `i_log_datetime` (`log_datetime`),
  CONSTRAINT `fk_ca_data_importer_log_user_id` FOREIGN KEY (`user_id`) REFERENCES `ca_users` (`user_id`),
  CONSTRAINT `fk_ca_data_importers_log_importer_id` FOREIGN KEY (`importer_id`) REFERENCES `ca_data_importers` (`importer_id`)
) ENGINE=InnoDB DEFAULT CHARSET=utf8;
/*!40101 SET character_set_client = @saved_cs_client */;

--
-- Dumping data for table `ca_data_importer_log`
--

LOCK TABLES `ca_data_importer_log` WRITE;
/*!40000 ALTER TABLE `ca_data_importer_log` DISABLE KEYS */;
/*!40000 ALTER TABLE `ca_data_importer_log` ENABLE KEYS */;
UNLOCK TABLES;

--
-- Table structure for table `ca_data_importer_log_items`
--

DROP TABLE IF EXISTS `ca_data_importer_log_items`;
/*!40101 SET @saved_cs_client     = @@character_set_client */;
/*!40101 SET character_set_client = utf8 */;
CREATE TABLE `ca_data_importer_log_items` (
  `log_item_id` int(10) unsigned NOT NULL AUTO_INCREMENT,
  `log_id` int(10) unsigned NOT NULL,
  `log_datetime` int(10) unsigned NOT NULL,
  `table_num` tinyint(3) unsigned NOT NULL,
  `row_id` int(10) unsigned NOT NULL,
  `type_code` char(10) NOT NULL,
  `notes` text NOT NULL,
  PRIMARY KEY (`log_item_id`),
  KEY `i_log_id` (`log_id`),
  KEY `i_row_id` (`row_id`),
  KEY `i_log_datetime` (`log_datetime`),
  CONSTRAINT `fk_ca_data_importer_log_items_log_id` FOREIGN KEY (`log_id`) REFERENCES `ca_data_importer_log` (`log_id`)
) ENGINE=InnoDB DEFAULT CHARSET=utf8;
/*!40101 SET character_set_client = @saved_cs_client */;

--
-- Dumping data for table `ca_data_importer_log_items`
--

LOCK TABLES `ca_data_importer_log_items` WRITE;
/*!40000 ALTER TABLE `ca_data_importer_log_items` DISABLE KEYS */;
/*!40000 ALTER TABLE `ca_data_importer_log_items` ENABLE KEYS */;
UNLOCK TABLES;

--
-- Table structure for table `ca_data_importers`
--

DROP TABLE IF EXISTS `ca_data_importers`;
/*!40101 SET @saved_cs_client     = @@character_set_client */;
/*!40101 SET character_set_client = utf8 */;
CREATE TABLE `ca_data_importers` (
  `importer_id` int(10) unsigned NOT NULL AUTO_INCREMENT,
  `importer_code` varchar(100) NOT NULL,
  `table_num` tinyint(3) unsigned NOT NULL,
  `settings` longtext NOT NULL,
  `rules` longtext NOT NULL,
  `worksheet` longblob NOT NULL,
  `deleted` tinyint(3) unsigned NOT NULL,
  PRIMARY KEY (`importer_id`),
  UNIQUE KEY `u_importer_code` (`importer_code`),
  KEY `i_table_num` (`table_num`)
) ENGINE=InnoDB DEFAULT CHARSET=utf8;
/*!40101 SET character_set_client = @saved_cs_client */;

--
-- Dumping data for table `ca_data_importers`
--

LOCK TABLES `ca_data_importers` WRITE;
/*!40000 ALTER TABLE `ca_data_importers` DISABLE KEYS */;
/*!40000 ALTER TABLE `ca_data_importers` ENABLE KEYS */;
UNLOCK TABLES;

--
-- Table structure for table `ca_download_log`
--

DROP TABLE IF EXISTS `ca_download_log`;
/*!40101 SET @saved_cs_client     = @@character_set_client */;
/*!40101 SET character_set_client = utf8 */;
CREATE TABLE `ca_download_log` (
  `log_id` int(10) unsigned NOT NULL AUTO_INCREMENT,
  `log_datetime` int(10) unsigned NOT NULL,
  `user_id` int(10) unsigned DEFAULT NULL,
  `ip_addr` varchar(39) DEFAULT NULL,
  `table_num` tinyint(3) unsigned NOT NULL,
  `row_id` int(10) unsigned NOT NULL,
  `representation_id` int(10) unsigned DEFAULT NULL,
  `download_source` varchar(40) DEFAULT NULL,
  PRIMARY KEY (`log_id`),
  KEY `fk_ca_download_log_user_id` (`user_id`),
  KEY `fk_ca_download_log_representation_id` (`representation_id`),
  KEY `i_table_num_row_id` (`table_num`,`row_id`),
  KEY `i_log_datetime` (`log_datetime`),
  CONSTRAINT `fk_ca_download_log_representation_id` FOREIGN KEY (`representation_id`) REFERENCES `ca_object_representations` (`representation_id`),
  CONSTRAINT `fk_ca_download_log_user_id` FOREIGN KEY (`user_id`) REFERENCES `ca_users` (`user_id`)
) ENGINE=InnoDB DEFAULT CHARSET=utf8;
/*!40101 SET character_set_client = @saved_cs_client */;

--
-- Dumping data for table `ca_download_log`
--

LOCK TABLES `ca_download_log` WRITE;
/*!40000 ALTER TABLE `ca_download_log` DISABLE KEYS */;
/*!40000 ALTER TABLE `ca_download_log` ENABLE KEYS */;
UNLOCK TABLES;

--
-- Table structure for table `ca_editor_ui_bundle_placements`
--

DROP TABLE IF EXISTS `ca_editor_ui_bundle_placements`;
/*!40101 SET @saved_cs_client     = @@character_set_client */;
/*!40101 SET character_set_client = utf8 */;
CREATE TABLE `ca_editor_ui_bundle_placements` (
  `placement_id` int(10) unsigned NOT NULL AUTO_INCREMENT,
  `screen_id` int(10) unsigned NOT NULL,
  `placement_code` varchar(255) NOT NULL,
  `bundle_name` varchar(255) NOT NULL,
  `rank` smallint(5) unsigned NOT NULL DEFAULT 0,
  `settings` longtext NOT NULL,
  PRIMARY KEY (`placement_id`),
  UNIQUE KEY `u_bundle_name` (`bundle_name`,`screen_id`,`placement_code`),
  KEY `i_screen_id` (`screen_id`)
) ENGINE=InnoDB AUTO_INCREMENT=272 DEFAULT CHARSET=utf8;
/*!40101 SET character_set_client = @saved_cs_client */;

--
-- Dumping data for table `ca_editor_ui_bundle_placements`
--

LOCK TABLES `ca_editor_ui_bundle_placements` WRITE;
/*!40000 ALTER TABLE `ca_editor_ui_bundle_placements` DISABLE KEYS */;
INSERT INTO `ca_editor_ui_bundle_placements` VALUES (1,2,'preferred_labels','preferred_labels',1,'YToxMjp7czo1OiJsYWJlbCI7YTo0OntzOjU6ImVuX1VTIjtzOjI1OiJTaG9ydCBkZXNjcmlwdGlvbiBvZiBsb2FuIjtzOjU6ImVuX0NBIjtzOjI1OiJTaG9ydCBkZXNjcmlwdGlvbiBvZiBsb2FuIjtzOjU6ImZyX0ZSIjtzOjI3OiJSYXBpZGUgZGVzY3JpcHRpb24gZHUgcHLDqnQiO3M6NToic3ZfU0UiO3M6MjQ6IktvcnQgYmVza3Jpdm5pbmcgYXYgbMOlbiI7fXM6OToiYWRkX2xhYmVsIjthOjQ6e3M6NToiZW5fVVMiO3M6MjE6IkFkZCBzaG9ydCBkZXNjcmlwdGlvbiI7czo1OiJlbl9DQSI7czoyMToiQWRkIHNob3J0IGRlc2NyaXB0aW9uIjtzOjU6ImZyX0ZSIjtzOjMwOiJBam91dGVyIHVuZSBjb3VydGUgZGVzY3JpcHRpb24iO3M6NToic3ZfU0UiO3M6Mjc6IkzDpGdnIHRpbGwga29ydCBiZXNrcml2bmluZyI7fXM6NToid2lkdGgiO3M6MDoiIjtzOjY6ImhlaWdodCI7czowOiIiO3M6ODoicmVhZG9ubHkiO2Q6MDtzOjIxOiJleHBhbmRfY29sbGFwc2VfdmFsdWUiO3M6NzoiYnViYmxlcyI7czoyNDoiZXhwYW5kX2NvbGxhcHNlX25vX3ZhbHVlIjtzOjc6ImJ1YmJsZXMiO3M6MTY6InVzZXd5c2l3eWdlZGl0b3IiO2Q6MDtzOjE3OiJkb2N1bWVudGF0aW9uX3VybCI7czowOiIiO3M6MTU6ImRpc3BsYXlUZW1wbGF0ZSI7czowOiIiO3M6MjI6ImJ1bmRsZVR5cGVSZXN0cmljdGlvbnMiO3M6MDoiIjtzOjM3OiJidW5kbGVUeXBlUmVzdHJpY3Rpb25zSW5jbHVkZVN1YnR5cGVzIjtpOjA7fQ=='),(2,2,'idno','idno',2,'YTo5OntzOjU6IndpZHRoIjtzOjA6IiI7czo2OiJoZWlnaHQiO3M6MDoiIjtzOjg6InJlYWRvbmx5IjtkOjA7czoyMToiZXhwYW5kX2NvbGxhcHNlX3ZhbHVlIjtzOjc6ImJ1YmJsZXMiO3M6MjQ6ImV4cGFuZF9jb2xsYXBzZV9ub192YWx1ZSI7czo3OiJidWJibGVzIjtzOjE3OiJkb2N1bWVudGF0aW9uX3VybCI7czowOiIiO3M6MTY6InVzZXd5c2l3eWdlZGl0b3IiO2Q6MDtzOjIyOiJidW5kbGVUeXBlUmVzdHJpY3Rpb25zIjtzOjA6IiI7czozNzoiYnVuZGxlVHlwZVJlc3RyaWN0aW9uc0luY2x1ZGVTdWJ0eXBlcyI7aTowO30='),(3,2,'ca_entities','ca_entities',3,'YTozMTp7czo1OiJ3aWR0aCI7czowOiIiO3M6NjoiaGVpZ2h0IjtzOjA6IiI7czo4OiJyZWFkb25seSI7ZDowO3M6MjE6ImV4cGFuZF9jb2xsYXBzZV92YWx1ZSI7czo3OiJidWJibGVzIjtzOjI0OiJleHBhbmRfY29sbGFwc2Vfbm9fdmFsdWUiO3M6NzoiYnViYmxlcyI7czozMDoicmVzdHJpY3RfdG9fcmVsYXRpb25zaGlwX3R5cGVzIjthOjE6e2k6MDtzOjA6IiI7fXM6MTc6InJlc3RyaWN0X3RvX3R5cGVzIjthOjE6e2k6MDtzOjA6IiI7fXM6MTg6InJlc3RyaWN0X3RvX3NlYXJjaCI7czowOiIiO3M6MjQ6InJlc3RyaWN0X3RvX2FjY2Vzc19wb2ludCI7czowOiIiO3M6NDE6ImRvbnRfaW5jbHVkZV9zdWJ0eXBlc19pbl90eXBlX3Jlc3RyaWN0aW9uIjtpOjA7czoxMToibGlzdF9mb3JtYXQiO3M6NzoiYnViYmxlcyI7czo0OiJzb3J0IjtzOjA6IiI7czoxMzoic29ydERpcmVjdGlvbiI7czozOiJBU0MiO3M6MTQ6ImNvbG9yRmlyc3RJdGVtIjtzOjA6IiI7czo5OiJjb2xvckl0ZW0iO3M6MDoiIjtzOjEzOiJjb2xvckxhc3RJdGVtIjtzOjA6IiI7czoyMDoiZG9udFNob3dEZWxldGVCdXR0b24iO2k6MDtzOjE2OiJkaXNwbGF5X3RlbXBsYXRlIjtzOjA6IiI7czoxNzoiZG9jdW1lbnRhdGlvbl91cmwiO3M6MDoiIjtzOjIyOiJtaW5SZWxhdGlvbnNoaXBzUGVyUm93IjtkOjA7czoyMjoibWF4UmVsYXRpb25zaGlwc1BlclJvdyI7ZDowO3M6MTU6InNob3dDdXJyZW50T25seSI7aTowO3M6MjA6InNob3dDdXJyZW50VXNpbmdEYXRlIjtzOjA6IiI7czoxNToiZGlzYWJsZVF1aWNrYWRkIjtpOjA7czoyNToicHJlcG9wdWxhdGVRdWlja2FkZEZpZWxkcyI7czoxOiIwIjtzOjEyOiJkaXNhYmxlU29ydHMiO2k6MDtzOjk6InNob3dDb3VudCI7ZDowO3M6MjA6ImVmZmVjdGl2ZURhdGVEZWZhdWx0IjtzOjA6IiI7czoxMDoibnVtUGVyUGFnZSI7ZDoxMDA7czoyMjoiYnVuZGxlVHlwZVJlc3RyaWN0aW9ucyI7czowOiIiO3M6Mzc6ImJ1bmRsZVR5cGVSZXN0cmljdGlvbnNJbmNsdWRlU3VidHlwZXMiO2k6MDt9'),(4,2,'ca_attribute_loan_authorizatio','ca_loans.loan_authorization_date',4,'YToxMzp7czo1OiJ3aWR0aCI7czowOiIiO3M6NjoiaGVpZ2h0IjtzOjA6IiI7czo4OiJyZWFkb25seSI7ZDowO3M6MjE6ImV4cGFuZF9jb2xsYXBzZV92YWx1ZSI7czo3OiJidWJibGVzIjtzOjI0OiJleHBhbmRfY29sbGFwc2Vfbm9fdmFsdWUiO3M6NzoiYnViYmxlcyI7czo0OiJzb3J0IjtzOjE6IjEiO3M6MTM6InNvcnREaXJlY3Rpb24iO3M6MzoiQVNDIjtzOjEzOiJjb2xvckV2ZW5JdGVtIjtzOjA6IiI7czoxMjoiY29sb3JPZGRJdGVtIjtzOjA6IiI7czoxNToiZGlzcGxheVRlbXBsYXRlIjtzOjA6IiI7czoxNzoiZG9jdW1lbnRhdGlvbl91cmwiO3M6MDoiIjtzOjIyOiJidW5kbGVUeXBlUmVzdHJpY3Rpb25zIjtzOjA6IiI7czozNzoiYnVuZGxlVHlwZVJlc3RyaWN0aW9uc0luY2x1ZGVTdWJ0eXBlcyI7aTowO30='),(5,2,'ca_attribute_loan_in_date','ca_loans.loan_in_date',5,'YToxMzp7czo1OiJ3aWR0aCI7czowOiIiO3M6NjoiaGVpZ2h0IjtzOjA6IiI7czo4OiJyZWFkb25seSI7ZDowO3M6MjE6ImV4cGFuZF9jb2xsYXBzZV92YWx1ZSI7czo3OiJidWJibGVzIjtzOjI0OiJleHBhbmRfY29sbGFwc2Vfbm9fdmFsdWUiO3M6NzoiYnViYmxlcyI7czo0OiJzb3J0IjtzOjE6IjEiO3M6MTM6InNvcnREaXJlY3Rpb24iO3M6MzoiQVNDIjtzOjEzOiJjb2xvckV2ZW5JdGVtIjtzOjA6IiI7czoxMjoiY29sb3JPZGRJdGVtIjtzOjA6IiI7czoxNToiZGlzcGxheVRlbXBsYXRlIjtzOjA6IiI7czoxNzoiZG9jdW1lbnRhdGlvbl91cmwiO3M6MDoiIjtzOjIyOiJidW5kbGVUeXBlUmVzdHJpY3Rpb25zIjtzOjA6IiI7czozNzoiYnVuZGxlVHlwZVJlc3RyaWN0aW9uc0luY2x1ZGVTdWJ0eXBlcyI7aTowO30='),(6,2,'ca_attribute_loan_out_date','ca_loans.loan_out_date',6,'YToxMzp7czo1OiJ3aWR0aCI7czowOiIiO3M6NjoiaGVpZ2h0IjtzOjA6IiI7czo4OiJyZWFkb25seSI7ZDowO3M6MjE6ImV4cGFuZF9jb2xsYXBzZV92YWx1ZSI7czo3OiJidWJibGVzIjtzOjI0OiJleHBhbmRfY29sbGFwc2Vfbm9fdmFsdWUiO3M6NzoiYnViYmxlcyI7czo0OiJzb3J0IjtzOjE6IjEiO3M6MTM6InNvcnREaXJlY3Rpb24iO3M6MzoiQVNDIjtzOjEzOiJjb2xvckV2ZW5JdGVtIjtzOjA6IiI7czoxMjoiY29sb3JPZGRJdGVtIjtzOjA6IiI7czoxNToiZGlzcGxheVRlbXBsYXRlIjtzOjA6IiI7czoxNzoiZG9jdW1lbnRhdGlvbl91cmwiO3M6MDoiIjtzOjIyOiJidW5kbGVUeXBlUmVzdHJpY3Rpb25zIjtzOjA6IiI7czozNzoiYnVuZGxlVHlwZVJlc3RyaWN0aW9uc0luY2x1ZGVTdWJ0eXBlcyI7aTowO30='),(7,2,'ca_attribute_loan_return_date','ca_loans.loan_return_date',7,'YToxMzp7czo1OiJ3aWR0aCI7czowOiIiO3M6NjoiaGVpZ2h0IjtzOjA6IiI7czo4OiJyZWFkb25seSI7ZDowO3M6MjE6ImV4cGFuZF9jb2xsYXBzZV92YWx1ZSI7czo3OiJidWJibGVzIjtzOjI0OiJleHBhbmRfY29sbGFwc2Vfbm9fdmFsdWUiO3M6NzoiYnViYmxlcyI7czo0OiJzb3J0IjtzOjE6IjEiO3M6MTM6InNvcnREaXJlY3Rpb24iO3M6MzoiQVNDIjtzOjEzOiJjb2xvckV2ZW5JdGVtIjtzOjA6IiI7czoxMjoiY29sb3JPZGRJdGVtIjtzOjA6IiI7czoxNToiZGlzcGxheVRlbXBsYXRlIjtzOjA6IiI7czoxNzoiZG9jdW1lbnRhdGlvbl91cmwiO3M6MDoiIjtzOjIyOiJidW5kbGVUeXBlUmVzdHJpY3Rpb25zIjtzOjA6IiI7czozNzoiYnVuZGxlVHlwZVJlc3RyaWN0aW9uc0luY2x1ZGVTdWJ0eXBlcyI7aTowO30='),(8,2,'ca_attribute_loan_renewal_date','ca_loans.loan_renewal_date',8,'YToxMzp7czo1OiJ3aWR0aCI7czowOiIiO3M6NjoiaGVpZ2h0IjtzOjA6IiI7czo4OiJyZWFkb25seSI7ZDowO3M6MjE6ImV4cGFuZF9jb2xsYXBzZV92YWx1ZSI7czo3OiJidWJibGVzIjtzOjI0OiJleHBhbmRfY29sbGFwc2Vfbm9fdmFsdWUiO3M6NzoiYnViYmxlcyI7czo0OiJzb3J0IjtzOjE6IjEiO3M6MTM6InNvcnREaXJlY3Rpb24iO3M6MzoiQVNDIjtzOjEzOiJjb2xvckV2ZW5JdGVtIjtzOjA6IiI7czoxMjoiY29sb3JPZGRJdGVtIjtzOjA6IiI7czoxNToiZGlzcGxheVRlbXBsYXRlIjtzOjA6IiI7czoxNzoiZG9jdW1lbnRhdGlvbl91cmwiO3M6MDoiIjtzOjIyOiJidW5kbGVUeXBlUmVzdHJpY3Rpb25zIjtzOjA6IiI7czozNzoiYnVuZGxlVHlwZVJlc3RyaWN0aW9uc0luY2x1ZGVTdWJ0eXBlcyI7aTowO30='),(9,2,'ca_attribute_loan_conditions','ca_loans.loan_conditions',9,'YToxNDp7czo1OiJ3aWR0aCI7czowOiIiO3M6NjoiaGVpZ2h0IjtzOjA6IiI7czo4OiJyZWFkb25seSI7ZDowO3M6MjE6ImV4cGFuZF9jb2xsYXBzZV92YWx1ZSI7czo3OiJidWJibGVzIjtzOjI0OiJleHBhbmRfY29sbGFwc2Vfbm9fdmFsdWUiO3M6NzoiYnViYmxlcyI7czo0OiJzb3J0IjtzOjE6IjEiO3M6MTM6InNvcnREaXJlY3Rpb24iO3M6MzoiQVNDIjtzOjEzOiJjb2xvckV2ZW5JdGVtIjtzOjA6IiI7czoxMjoiY29sb3JPZGRJdGVtIjtzOjA6IiI7czoxNToiZGlzcGxheVRlbXBsYXRlIjtzOjA6IiI7czoxNzoiZG9jdW1lbnRhdGlvbl91cmwiO3M6MDoiIjtzOjE2OiJ1c2V3eXNpd3lnZWRpdG9yIjtzOjA6IiI7czoyMjoiYnVuZGxlVHlwZVJlc3RyaWN0aW9ucyI7czowOiIiO3M6Mzc6ImJ1bmRsZVR5cGVSZXN0cmljdGlvbnNJbmNsdWRlU3VidHlwZXMiO2k6MDt9'),(10,2,'ca_attribute_loan_note','ca_loans.loan_note',10,'YToxNDp7czo1OiJ3aWR0aCI7czowOiIiO3M6NjoiaGVpZ2h0IjtzOjA6IiI7czo4OiJyZWFkb25seSI7ZDowO3M6MjE6ImV4cGFuZF9jb2xsYXBzZV92YWx1ZSI7czo3OiJidWJibGVzIjtzOjI0OiJleHBhbmRfY29sbGFwc2Vfbm9fdmFsdWUiO3M6NzoiYnViYmxlcyI7czo0OiJzb3J0IjtzOjE6IjEiO3M6MTM6InNvcnREaXJlY3Rpb24iO3M6MzoiQVNDIjtzOjEzOiJjb2xvckV2ZW5JdGVtIjtzOjA6IiI7czoxMjoiY29sb3JPZGRJdGVtIjtzOjA6IiI7czoxNToiZGlzcGxheVRlbXBsYXRlIjtzOjA6IiI7czoxNzoiZG9jdW1lbnRhdGlvbl91cmwiO3M6MDoiIjtzOjE2OiJ1c2V3eXNpd3lnZWRpdG9yIjtzOjA6IiI7czoyMjoiYnVuZGxlVHlwZVJlc3RyaWN0aW9ucyI7czowOiIiO3M6Mzc6ImJ1bmRsZVR5cGVSZXN0cmljdGlvbnNJbmNsdWRlU3VidHlwZXMiO2k6MDt9'),(11,2,'ca_attribute_loan_purpose','ca_loans.loan_purpose',11,'YToxNDp7czo1OiJ3aWR0aCI7czowOiIiO3M6NjoiaGVpZ2h0IjtzOjA6IiI7czo4OiJyZWFkb25seSI7ZDowO3M6MjE6ImV4cGFuZF9jb2xsYXBzZV92YWx1ZSI7czo3OiJidWJibGVzIjtzOjI0OiJleHBhbmRfY29sbGFwc2Vfbm9fdmFsdWUiO3M6NzoiYnViYmxlcyI7czo0OiJzb3J0IjtzOjE6IjEiO3M6MTM6InNvcnREaXJlY3Rpb24iO3M6MzoiQVNDIjtzOjEzOiJjb2xvckV2ZW5JdGVtIjtzOjA6IiI7czoxMjoiY29sb3JPZGRJdGVtIjtzOjA6IiI7czoxNToiZGlzcGxheVRlbXBsYXRlIjtzOjA6IiI7czoxNzoiZG9jdW1lbnRhdGlvbl91cmwiO3M6MDoiIjtzOjE2OiJ1c2V3eXNpd3lnZWRpdG9yIjtzOjA6IiI7czoyMjoiYnVuZGxlVHlwZVJlc3RyaWN0aW9ucyI7czowOiIiO3M6Mzc6ImJ1bmRsZVR5cGVSZXN0cmljdGlvbnNJbmNsdWRlU3VidHlwZXMiO2k6MDt9'),(12,3,'ca_objects','ca_objects',12,'YTozMjp7czo1OiJ3aWR0aCI7czowOiIiO3M6NjoiaGVpZ2h0IjtzOjA6IiI7czo4OiJyZWFkb25seSI7ZDowO3M6MjE6ImV4cGFuZF9jb2xsYXBzZV92YWx1ZSI7czo3OiJidWJibGVzIjtzOjI0OiJleHBhbmRfY29sbGFwc2Vfbm9fdmFsdWUiO3M6NzoiYnViYmxlcyI7czozMDoicmVzdHJpY3RfdG9fcmVsYXRpb25zaGlwX3R5cGVzIjthOjE6e2k6MDtzOjA6IiI7fXM6MTc6InJlc3RyaWN0X3RvX3R5cGVzIjthOjE6e2k6MDtzOjA6IiI7fXM6MTg6InJlc3RyaWN0X3RvX3NlYXJjaCI7czowOiIiO3M6MjQ6InJlc3RyaWN0X3RvX2FjY2Vzc19wb2ludCI7czowOiIiO3M6NDE6ImRvbnRfaW5jbHVkZV9zdWJ0eXBlc19pbl90eXBlX3Jlc3RyaWN0aW9uIjtpOjA7czoxMToibGlzdF9mb3JtYXQiO3M6NzoiYnViYmxlcyI7czo0OiJzb3J0IjtzOjA6IiI7czoxMzoic29ydERpcmVjdGlvbiI7czozOiJBU0MiO3M6MTQ6ImNvbG9yRmlyc3RJdGVtIjtzOjA6IiI7czo5OiJjb2xvckl0ZW0iO3M6MDoiIjtzOjEzOiJjb2xvckxhc3RJdGVtIjtzOjA6IiI7czoyMDoiZG9udFNob3dEZWxldGVCdXR0b24iO2k6MDtzOjE2OiJkaXNwbGF5X3RlbXBsYXRlIjtzOjA6IiI7czoxNzoiZG9jdW1lbnRhdGlvbl91cmwiO3M6MDoiIjtzOjIyOiJtaW5SZWxhdGlvbnNoaXBzUGVyUm93IjtkOjA7czoyMjoibWF4UmVsYXRpb25zaGlwc1BlclJvdyI7ZDowO3M6MTU6InNob3dDdXJyZW50T25seSI7aTowO3M6MjA6InNob3dDdXJyZW50VXNpbmdEYXRlIjtzOjA6IiI7czoxNToiZGlzYWJsZVF1aWNrYWRkIjtpOjA7czoyNToicHJlcG9wdWxhdGVRdWlja2FkZEZpZWxkcyI7czoxOiIwIjtzOjEyOiJkaXNhYmxlU29ydHMiO2k6MDtzOjk6InNob3dDb3VudCI7ZDowO3M6MjA6ImVmZmVjdGl2ZURhdGVEZWZhdWx0IjtzOjA6IiI7czoxMDoibnVtUGVyUGFnZSI7ZDoxMDA7czoyNToic2hvd1JldHVyblRvSG9tZUxvY2F0aW9ucyI7aTowO3M6MjI6ImJ1bmRsZVR5cGVSZXN0cmljdGlvbnMiO3M6MDoiIjtzOjM3OiJidW5kbGVUeXBlUmVzdHJpY3Rpb25zSW5jbHVkZVN1YnR5cGVzIjtpOjA7fQ=='),(13,3,'ca_entities','ca_entities',13,'YTozMTp7czo1OiJ3aWR0aCI7czowOiIiO3M6NjoiaGVpZ2h0IjtzOjA6IiI7czo4OiJyZWFkb25seSI7ZDowO3M6MjE6ImV4cGFuZF9jb2xsYXBzZV92YWx1ZSI7czo3OiJidWJibGVzIjtzOjI0OiJleHBhbmRfY29sbGFwc2Vfbm9fdmFsdWUiO3M6NzoiYnViYmxlcyI7czozMDoicmVzdHJpY3RfdG9fcmVsYXRpb25zaGlwX3R5cGVzIjthOjE6e2k6MDtzOjA6IiI7fXM6MTc6InJlc3RyaWN0X3RvX3R5cGVzIjthOjE6e2k6MDtzOjA6IiI7fXM6MTg6InJlc3RyaWN0X3RvX3NlYXJjaCI7czowOiIiO3M6MjQ6InJlc3RyaWN0X3RvX2FjY2Vzc19wb2ludCI7czowOiIiO3M6NDE6ImRvbnRfaW5jbHVkZV9zdWJ0eXBlc19pbl90eXBlX3Jlc3RyaWN0aW9uIjtpOjA7czoxMToibGlzdF9mb3JtYXQiO3M6NzoiYnViYmxlcyI7czo0OiJzb3J0IjtzOjA6IiI7czoxMzoic29ydERpcmVjdGlvbiI7czozOiJBU0MiO3M6MTQ6ImNvbG9yRmlyc3RJdGVtIjtzOjA6IiI7czo5OiJjb2xvckl0ZW0iO3M6MDoiIjtzOjEzOiJjb2xvckxhc3RJdGVtIjtzOjA6IiI7czoyMDoiZG9udFNob3dEZWxldGVCdXR0b24iO2k6MDtzOjE2OiJkaXNwbGF5X3RlbXBsYXRlIjtzOjA6IiI7czoxNzoiZG9jdW1lbnRhdGlvbl91cmwiO3M6MDoiIjtzOjIyOiJtaW5SZWxhdGlvbnNoaXBzUGVyUm93IjtkOjA7czoyMjoibWF4UmVsYXRpb25zaGlwc1BlclJvdyI7ZDowO3M6MTU6InNob3dDdXJyZW50T25seSI7aTowO3M6MjA6InNob3dDdXJyZW50VXNpbmdEYXRlIjtzOjA6IiI7czoxNToiZGlzYWJsZVF1aWNrYWRkIjtpOjA7czoyNToicHJlcG9wdWxhdGVRdWlja2FkZEZpZWxkcyI7czoxOiIwIjtzOjEyOiJkaXNhYmxlU29ydHMiO2k6MDtzOjk6InNob3dDb3VudCI7ZDowO3M6MjA6ImVmZmVjdGl2ZURhdGVEZWZhdWx0IjtzOjA6IiI7czoxMDoibnVtUGVyUGFnZSI7ZDoxMDA7czoyMjoiYnVuZGxlVHlwZVJlc3RyaWN0aW9ucyI7czowOiIiO3M6Mzc6ImJ1bmRsZVR5cGVSZXN0cmljdGlvbnNJbmNsdWRlU3VidHlwZXMiO2k6MDt9'),(14,3,'ca_movements','ca_movements',14,'YTozMTp7czo1OiJ3aWR0aCI7czowOiIiO3M6NjoiaGVpZ2h0IjtzOjA6IiI7czo4OiJyZWFkb25seSI7ZDowO3M6MjE6ImV4cGFuZF9jb2xsYXBzZV92YWx1ZSI7czo3OiJidWJibGVzIjtzOjI0OiJleHBhbmRfY29sbGFwc2Vfbm9fdmFsdWUiO3M6NzoiYnViYmxlcyI7czozMDoicmVzdHJpY3RfdG9fcmVsYXRpb25zaGlwX3R5cGVzIjthOjE6e2k6MDtzOjA6IiI7fXM6MTc6InJlc3RyaWN0X3RvX3R5cGVzIjthOjE6e2k6MDtzOjA6IiI7fXM6MTg6InJlc3RyaWN0X3RvX3NlYXJjaCI7czowOiIiO3M6MjQ6InJlc3RyaWN0X3RvX2FjY2Vzc19wb2ludCI7czowOiIiO3M6NDE6ImRvbnRfaW5jbHVkZV9zdWJ0eXBlc19pbl90eXBlX3Jlc3RyaWN0aW9uIjtpOjA7czoxMToibGlzdF9mb3JtYXQiO3M6NzoiYnViYmxlcyI7czo0OiJzb3J0IjtzOjA6IiI7czoxMzoic29ydERpcmVjdGlvbiI7czozOiJBU0MiO3M6MTQ6ImNvbG9yRmlyc3RJdGVtIjtzOjA6IiI7czo5OiJjb2xvckl0ZW0iO3M6MDoiIjtzOjEzOiJjb2xvckxhc3RJdGVtIjtzOjA6IiI7czoyMDoiZG9udFNob3dEZWxldGVCdXR0b24iO2k6MDtzOjE2OiJkaXNwbGF5X3RlbXBsYXRlIjtzOjA6IiI7czoxNzoiZG9jdW1lbnRhdGlvbl91cmwiO3M6MDoiIjtzOjIyOiJtaW5SZWxhdGlvbnNoaXBzUGVyUm93IjtkOjA7czoyMjoibWF4UmVsYXRpb25zaGlwc1BlclJvdyI7ZDowO3M6MTU6InNob3dDdXJyZW50T25seSI7aTowO3M6MjA6InNob3dDdXJyZW50VXNpbmdEYXRlIjtzOjA6IiI7czoxNToiZGlzYWJsZVF1aWNrYWRkIjtpOjA7czoyNToicHJlcG9wdWxhdGVRdWlja2FkZEZpZWxkcyI7czoxOiIwIjtzOjEyOiJkaXNhYmxlU29ydHMiO2k6MDtzOjk6InNob3dDb3VudCI7ZDowO3M6MjA6ImVmZmVjdGl2ZURhdGVEZWZhdWx0IjtzOjA6IiI7czoxMDoibnVtUGVyUGFnZSI7ZDoxMDA7czoyMjoiYnVuZGxlVHlwZVJlc3RyaWN0aW9ucyI7czowOiIiO3M6Mzc6ImJ1bmRsZVR5cGVSZXN0cmljdGlvbnNJbmNsdWRlU3VidHlwZXMiO2k6MDt9'),(15,5,'preferred_labels','preferred_labels',15,'YToxMjp7czo1OiJsYWJlbCI7YTozOntzOjU6ImVuX1VTIjtzOjI5OiJTaG9ydCBkZXNjcmlwdGlvbiBvZiBtb3ZlbWVudCI7czo1OiJlbl9DQSI7czoyOToiU2hvcnQgZGVzY3JpcHRpb24gb2YgbW92ZW1lbnQiO3M6NToiZnJfRlIiO3M6MzE6IlJhcGlkZSBkZXNjcmlwdGlvbiBkdSBtb3V2ZW1lbnQiO31zOjk6ImFkZF9sYWJlbCI7YTozOntzOjU6ImVuX1VTIjtzOjIxOiJBZGQgc2hvcnQgZGVzY3JpcHRpb24iO3M6NToiZW5fQ0EiO3M6MjE6IkFkZCBzaG9ydCBkZXNjcmlwdGlvbiI7czo1OiJmcl9GUiI7czozMDoiQWpvdXRlciB1bmUgY291cnRlIGRlc2NyaXB0aW9uIjt9czo1OiJ3aWR0aCI7czowOiIiO3M6NjoiaGVpZ2h0IjtzOjA6IiI7czo4OiJyZWFkb25seSI7ZDowO3M6MjE6ImV4cGFuZF9jb2xsYXBzZV92YWx1ZSI7czo3OiJidWJibGVzIjtzOjI0OiJleHBhbmRfY29sbGFwc2Vfbm9fdmFsdWUiO3M6NzoiYnViYmxlcyI7czoxNjoidXNld3lzaXd5Z2VkaXRvciI7ZDowO3M6MTc6ImRvY3VtZW50YXRpb25fdXJsIjtzOjA6IiI7czoxNToiZGlzcGxheVRlbXBsYXRlIjtzOjA6IiI7czoyMjoiYnVuZGxlVHlwZVJlc3RyaWN0aW9ucyI7czowOiIiO3M6Mzc6ImJ1bmRsZVR5cGVSZXN0cmljdGlvbnNJbmNsdWRlU3VidHlwZXMiO2k6MDt9'),(16,5,'idno','idno',16,'YTo5OntzOjU6IndpZHRoIjtzOjA6IiI7czo2OiJoZWlnaHQiO3M6MDoiIjtzOjg6InJlYWRvbmx5IjtkOjA7czoyMToiZXhwYW5kX2NvbGxhcHNlX3ZhbHVlIjtzOjc6ImJ1YmJsZXMiO3M6MjQ6ImV4cGFuZF9jb2xsYXBzZV9ub192YWx1ZSI7czo3OiJidWJibGVzIjtzOjE3OiJkb2N1bWVudGF0aW9uX3VybCI7czowOiIiO3M6MTY6InVzZXd5c2l3eWdlZGl0b3IiO2Q6MDtzOjIyOiJidW5kbGVUeXBlUmVzdHJpY3Rpb25zIjtzOjA6IiI7czozNzoiYnVuZGxlVHlwZVJlc3RyaWN0aW9uc0luY2x1ZGVTdWJ0eXBlcyI7aTowO30='),(17,5,'ca_entities','ca_entities',17,'YTozMTp7czo1OiJ3aWR0aCI7czowOiIiO3M6NjoiaGVpZ2h0IjtzOjA6IiI7czo4OiJyZWFkb25seSI7ZDowO3M6MjE6ImV4cGFuZF9jb2xsYXBzZV92YWx1ZSI7czo3OiJidWJibGVzIjtzOjI0OiJleHBhbmRfY29sbGFwc2Vfbm9fdmFsdWUiO3M6NzoiYnViYmxlcyI7czozMDoicmVzdHJpY3RfdG9fcmVsYXRpb25zaGlwX3R5cGVzIjthOjE6e2k6MDtzOjA6IiI7fXM6MTc6InJlc3RyaWN0X3RvX3R5cGVzIjthOjE6e2k6MDtzOjA6IiI7fXM6MTg6InJlc3RyaWN0X3RvX3NlYXJjaCI7czowOiIiO3M6MjQ6InJlc3RyaWN0X3RvX2FjY2Vzc19wb2ludCI7czowOiIiO3M6NDE6ImRvbnRfaW5jbHVkZV9zdWJ0eXBlc19pbl90eXBlX3Jlc3RyaWN0aW9uIjtpOjA7czoxMToibGlzdF9mb3JtYXQiO3M6NzoiYnViYmxlcyI7czo0OiJzb3J0IjtzOjA6IiI7czoxMzoic29ydERpcmVjdGlvbiI7czozOiJBU0MiO3M6MTQ6ImNvbG9yRmlyc3RJdGVtIjtzOjA6IiI7czo5OiJjb2xvckl0ZW0iO3M6MDoiIjtzOjEzOiJjb2xvckxhc3RJdGVtIjtzOjA6IiI7czoyMDoiZG9udFNob3dEZWxldGVCdXR0b24iO2k6MDtzOjE2OiJkaXNwbGF5X3RlbXBsYXRlIjtzOjA6IiI7czoxNzoiZG9jdW1lbnRhdGlvbl91cmwiO3M6MDoiIjtzOjIyOiJtaW5SZWxhdGlvbnNoaXBzUGVyUm93IjtkOjA7czoyMjoibWF4UmVsYXRpb25zaGlwc1BlclJvdyI7ZDowO3M6MTU6InNob3dDdXJyZW50T25seSI7aTowO3M6MjA6InNob3dDdXJyZW50VXNpbmdEYXRlIjtzOjA6IiI7czoxNToiZGlzYWJsZVF1aWNrYWRkIjtpOjA7czoyNToicHJlcG9wdWxhdGVRdWlja2FkZEZpZWxkcyI7czoxOiIwIjtzOjEyOiJkaXNhYmxlU29ydHMiO2k6MDtzOjk6InNob3dDb3VudCI7ZDowO3M6MjA6ImVmZmVjdGl2ZURhdGVEZWZhdWx0IjtzOjA6IiI7czoxMDoibnVtUGVyUGFnZSI7ZDoxMDA7czoyMjoiYnVuZGxlVHlwZVJlc3RyaWN0aW9ucyI7czowOiIiO3M6Mzc6ImJ1bmRsZVR5cGVSZXN0cmljdGlvbnNJbmNsdWRlU3VidHlwZXMiO2k6MDt9'),(18,5,'ca_attribute_planned_removal_d','ca_movements.planned_removal_date',18,'YToxMzp7czo1OiJ3aWR0aCI7czowOiIiO3M6NjoiaGVpZ2h0IjtzOjA6IiI7czo4OiJyZWFkb25seSI7ZDowO3M6MjE6ImV4cGFuZF9jb2xsYXBzZV92YWx1ZSI7czo3OiJidWJibGVzIjtzOjI0OiJleHBhbmRfY29sbGFwc2Vfbm9fdmFsdWUiO3M6NzoiYnViYmxlcyI7czo0OiJzb3J0IjtzOjE6IjEiO3M6MTM6InNvcnREaXJlY3Rpb24iO3M6MzoiQVNDIjtzOjEzOiJjb2xvckV2ZW5JdGVtIjtzOjA6IiI7czoxMjoiY29sb3JPZGRJdGVtIjtzOjA6IiI7czoxNToiZGlzcGxheVRlbXBsYXRlIjtzOjA6IiI7czoxNzoiZG9jdW1lbnRhdGlvbl91cmwiO3M6MDoiIjtzOjIyOiJidW5kbGVUeXBlUmVzdHJpY3Rpb25zIjtzOjA6IiI7czozNzoiYnVuZGxlVHlwZVJlc3RyaWN0aW9uc0luY2x1ZGVTdWJ0eXBlcyI7aTowO30='),(19,5,'ca_attribute_removal_date','ca_movements.removal_date',19,'YToxMzp7czo1OiJ3aWR0aCI7czowOiIiO3M6NjoiaGVpZ2h0IjtzOjA6IiI7czo4OiJyZWFkb25seSI7ZDowO3M6MjE6ImV4cGFuZF9jb2xsYXBzZV92YWx1ZSI7czo3OiJidWJibGVzIjtzOjI0OiJleHBhbmRfY29sbGFwc2Vfbm9fdmFsdWUiO3M6NzoiYnViYmxlcyI7czo0OiJzb3J0IjtzOjE6IjEiO3M6MTM6InNvcnREaXJlY3Rpb24iO3M6MzoiQVNDIjtzOjEzOiJjb2xvckV2ZW5JdGVtIjtzOjA6IiI7czoxMjoiY29sb3JPZGRJdGVtIjtzOjA6IiI7czoxNToiZGlzcGxheVRlbXBsYXRlIjtzOjA6IiI7czoxNzoiZG9jdW1lbnRhdGlvbl91cmwiO3M6MDoiIjtzOjIyOiJidW5kbGVUeXBlUmVzdHJpY3Rpb25zIjtzOjA6IiI7czozNzoiYnVuZGxlVHlwZVJlc3RyaWN0aW9uc0luY2x1ZGVTdWJ0eXBlcyI7aTowO30='),(20,5,'ca_attribute_movement_method','ca_movements.movement_method',20,'YToxNDp7czo1OiJ3aWR0aCI7czowOiIiO3M6NjoiaGVpZ2h0IjtzOjA6IiI7czo4OiJyZWFkb25seSI7ZDowO3M6MjE6ImV4cGFuZF9jb2xsYXBzZV92YWx1ZSI7czo3OiJidWJibGVzIjtzOjI0OiJleHBhbmRfY29sbGFwc2Vfbm9fdmFsdWUiO3M6NzoiYnViYmxlcyI7czo0OiJzb3J0IjtzOjE6IjEiO3M6MTM6InNvcnREaXJlY3Rpb24iO3M6MzoiQVNDIjtzOjEzOiJjb2xvckV2ZW5JdGVtIjtzOjA6IiI7czoxMjoiY29sb3JPZGRJdGVtIjtzOjA6IiI7czoxNToiZGlzcGxheVRlbXBsYXRlIjtzOjA6IiI7czoxNzoiZG9jdW1lbnRhdGlvbl91cmwiO3M6MDoiIjtzOjE2OiJ1c2V3eXNpd3lnZWRpdG9yIjtzOjA6IiI7czoyMjoiYnVuZGxlVHlwZVJlc3RyaWN0aW9ucyI7czowOiIiO3M6Mzc6ImJ1bmRsZVR5cGVSZXN0cmljdGlvbnNJbmNsdWRlU3VidHlwZXMiO2k6MDt9'),(21,5,'ca_attribute_movement_reason','ca_movements.movement_reason',21,'YToxNDp7czo1OiJ3aWR0aCI7czowOiIiO3M6NjoiaGVpZ2h0IjtzOjA6IiI7czo4OiJyZWFkb25seSI7ZDowO3M6MjE6ImV4cGFuZF9jb2xsYXBzZV92YWx1ZSI7czo3OiJidWJibGVzIjtzOjI0OiJleHBhbmRfY29sbGFwc2Vfbm9fdmFsdWUiO3M6NzoiYnViYmxlcyI7czo0OiJzb3J0IjtzOjE6IjEiO3M6MTM6InNvcnREaXJlY3Rpb24iO3M6MzoiQVNDIjtzOjEzOiJjb2xvckV2ZW5JdGVtIjtzOjA6IiI7czoxMjoiY29sb3JPZGRJdGVtIjtzOjA6IiI7czoxNToiZGlzcGxheVRlbXBsYXRlIjtzOjA6IiI7czoxNzoiZG9jdW1lbnRhdGlvbl91cmwiO3M6MDoiIjtzOjE2OiJ1c2V3eXNpd3lnZWRpdG9yIjtzOjA6IiI7czoyMjoiYnVuZGxlVHlwZVJlc3RyaWN0aW9ucyI7czowOiIiO3M6Mzc6ImJ1bmRsZVR5cGVSZXN0cmljdGlvbnNJbmNsdWRlU3VidHlwZXMiO2k6MDt9'),(22,5,'ca_attribute_movement_note','ca_movements.movement_note',22,'YToxNDp7czo1OiJ3aWR0aCI7czowOiIiO3M6NjoiaGVpZ2h0IjtzOjA6IiI7czo4OiJyZWFkb25seSI7ZDowO3M6MjE6ImV4cGFuZF9jb2xsYXBzZV92YWx1ZSI7czo3OiJidWJibGVzIjtzOjI0OiJleHBhbmRfY29sbGFwc2Vfbm9fdmFsdWUiO3M6NzoiYnViYmxlcyI7czo0OiJzb3J0IjtzOjE6IjEiO3M6MTM6InNvcnREaXJlY3Rpb24iO3M6MzoiQVNDIjtzOjEzOiJjb2xvckV2ZW5JdGVtIjtzOjA6IiI7czoxMjoiY29sb3JPZGRJdGVtIjtzOjA6IiI7czoxNToiZGlzcGxheVRlbXBsYXRlIjtzOjA6IiI7czoxNzoiZG9jdW1lbnRhdGlvbl91cmwiO3M6MDoiIjtzOjE2OiJ1c2V3eXNpd3lnZWRpdG9yIjtzOjA6IiI7czoyMjoiYnVuZGxlVHlwZVJlc3RyaWN0aW9ucyI7czowOiIiO3M6Mzc6ImJ1bmRsZVR5cGVSZXN0cmljdGlvbnNJbmNsdWRlU3VidHlwZXMiO2k6MDt9'),(23,6,'ca_objects','ca_objects',23,'YTozMjp7czo1OiJ3aWR0aCI7czowOiIiO3M6NjoiaGVpZ2h0IjtzOjA6IiI7czo4OiJyZWFkb25seSI7ZDowO3M6MjE6ImV4cGFuZF9jb2xsYXBzZV92YWx1ZSI7czo3OiJidWJibGVzIjtzOjI0OiJleHBhbmRfY29sbGFwc2Vfbm9fdmFsdWUiO3M6NzoiYnViYmxlcyI7czozMDoicmVzdHJpY3RfdG9fcmVsYXRpb25zaGlwX3R5cGVzIjthOjE6e2k6MDtzOjA6IiI7fXM6MTc6InJlc3RyaWN0X3RvX3R5cGVzIjthOjE6e2k6MDtzOjA6IiI7fXM6MTg6InJlc3RyaWN0X3RvX3NlYXJjaCI7czowOiIiO3M6MjQ6InJlc3RyaWN0X3RvX2FjY2Vzc19wb2ludCI7czowOiIiO3M6NDE6ImRvbnRfaW5jbHVkZV9zdWJ0eXBlc19pbl90eXBlX3Jlc3RyaWN0aW9uIjtpOjA7czoxMToibGlzdF9mb3JtYXQiO3M6NzoiYnViYmxlcyI7czo0OiJzb3J0IjtzOjA6IiI7czoxMzoic29ydERpcmVjdGlvbiI7czozOiJBU0MiO3M6MTQ6ImNvbG9yRmlyc3RJdGVtIjtzOjA6IiI7czo5OiJjb2xvckl0ZW0iO3M6MDoiIjtzOjEzOiJjb2xvckxhc3RJdGVtIjtzOjA6IiI7czoyMDoiZG9udFNob3dEZWxldGVCdXR0b24iO2k6MDtzOjE2OiJkaXNwbGF5X3RlbXBsYXRlIjtzOjA6IiI7czoxNzoiZG9jdW1lbnRhdGlvbl91cmwiO3M6MDoiIjtzOjIyOiJtaW5SZWxhdGlvbnNoaXBzUGVyUm93IjtkOjA7czoyMjoibWF4UmVsYXRpb25zaGlwc1BlclJvdyI7ZDowO3M6MTU6InNob3dDdXJyZW50T25seSI7aTowO3M6MjA6InNob3dDdXJyZW50VXNpbmdEYXRlIjtzOjA6IiI7czoxNToiZGlzYWJsZVF1aWNrYWRkIjtpOjA7czoyNToicHJlcG9wdWxhdGVRdWlja2FkZEZpZWxkcyI7czoxOiIwIjtzOjEyOiJkaXNhYmxlU29ydHMiO2k6MDtzOjk6InNob3dDb3VudCI7ZDowO3M6MjA6ImVmZmVjdGl2ZURhdGVEZWZhdWx0IjtzOjA6IiI7czoxMDoibnVtUGVyUGFnZSI7ZDoxMDA7czoyNToic2hvd1JldHVyblRvSG9tZUxvY2F0aW9ucyI7aTowO3M6MjI6ImJ1bmRsZVR5cGVSZXN0cmljdGlvbnMiO3M6MDoiIjtzOjM3OiJidW5kbGVUeXBlUmVzdHJpY3Rpb25zSW5jbHVkZVN1YnR5cGVzIjtpOjA7fQ=='),(24,6,'ca_object_lots','ca_object_lots',24,'YTozMTp7czo1OiJ3aWR0aCI7czowOiIiO3M6NjoiaGVpZ2h0IjtzOjA6IiI7czo4OiJyZWFkb25seSI7ZDowO3M6MjE6ImV4cGFuZF9jb2xsYXBzZV92YWx1ZSI7czo3OiJidWJibGVzIjtzOjI0OiJleHBhbmRfY29sbGFwc2Vfbm9fdmFsdWUiO3M6NzoiYnViYmxlcyI7czozMDoicmVzdHJpY3RfdG9fcmVsYXRpb25zaGlwX3R5cGVzIjthOjE6e2k6MDtzOjA6IiI7fXM6MTc6InJlc3RyaWN0X3RvX3R5cGVzIjthOjE6e2k6MDtzOjA6IiI7fXM6MTg6InJlc3RyaWN0X3RvX3NlYXJjaCI7czowOiIiO3M6MjQ6InJlc3RyaWN0X3RvX2FjY2Vzc19wb2ludCI7czowOiIiO3M6NDE6ImRvbnRfaW5jbHVkZV9zdWJ0eXBlc19pbl90eXBlX3Jlc3RyaWN0aW9uIjtpOjA7czoxMToibGlzdF9mb3JtYXQiO3M6NzoiYnViYmxlcyI7czo0OiJzb3J0IjtzOjA6IiI7czoxMzoic29ydERpcmVjdGlvbiI7czozOiJBU0MiO3M6MTQ6ImNvbG9yRmlyc3RJdGVtIjtzOjA6IiI7czo5OiJjb2xvckl0ZW0iO3M6MDoiIjtzOjEzOiJjb2xvckxhc3RJdGVtIjtzOjA6IiI7czoyMDoiZG9udFNob3dEZWxldGVCdXR0b24iO2k6MDtzOjE2OiJkaXNwbGF5X3RlbXBsYXRlIjtzOjA6IiI7czoxNzoiZG9jdW1lbnRhdGlvbl91cmwiO3M6MDoiIjtzOjIyOiJtaW5SZWxhdGlvbnNoaXBzUGVyUm93IjtkOjA7czoyMjoibWF4UmVsYXRpb25zaGlwc1BlclJvdyI7ZDowO3M6MTU6InNob3dDdXJyZW50T25seSI7aTowO3M6MjA6InNob3dDdXJyZW50VXNpbmdEYXRlIjtzOjA6IiI7czoxNToiZGlzYWJsZVF1aWNrYWRkIjtpOjA7czoyNToicHJlcG9wdWxhdGVRdWlja2FkZEZpZWxkcyI7czoxOiIwIjtzOjEyOiJkaXNhYmxlU29ydHMiO2k6MDtzOjk6InNob3dDb3VudCI7ZDowO3M6MjA6ImVmZmVjdGl2ZURhdGVEZWZhdWx0IjtzOjA6IiI7czoxMDoibnVtUGVyUGFnZSI7ZDoxMDA7czoyMjoiYnVuZGxlVHlwZVJlc3RyaWN0aW9ucyI7czowOiIiO3M6Mzc6ImJ1bmRsZVR5cGVSZXN0cmljdGlvbnNJbmNsdWRlU3VidHlwZXMiO2k6MDt9'),(25,6,'ca_entities','ca_entities',25,'YTozMTp7czo1OiJ3aWR0aCI7czowOiIiO3M6NjoiaGVpZ2h0IjtzOjA6IiI7czo4OiJyZWFkb25seSI7ZDowO3M6MjE6ImV4cGFuZF9jb2xsYXBzZV92YWx1ZSI7czo3OiJidWJibGVzIjtzOjI0OiJleHBhbmRfY29sbGFwc2Vfbm9fdmFsdWUiO3M6NzoiYnViYmxlcyI7czozMDoicmVzdHJpY3RfdG9fcmVsYXRpb25zaGlwX3R5cGVzIjthOjE6e2k6MDtzOjA6IiI7fXM6MTc6InJlc3RyaWN0X3RvX3R5cGVzIjthOjE6e2k6MDtzOjA6IiI7fXM6MTg6InJlc3RyaWN0X3RvX3NlYXJjaCI7czowOiIiO3M6MjQ6InJlc3RyaWN0X3RvX2FjY2Vzc19wb2ludCI7czowOiIiO3M6NDE6ImRvbnRfaW5jbHVkZV9zdWJ0eXBlc19pbl90eXBlX3Jlc3RyaWN0aW9uIjtpOjA7czoxMToibGlzdF9mb3JtYXQiO3M6NzoiYnViYmxlcyI7czo0OiJzb3J0IjtzOjA6IiI7czoxMzoic29ydERpcmVjdGlvbiI7czozOiJBU0MiO3M6MTQ6ImNvbG9yRmlyc3RJdGVtIjtzOjA6IiI7czo5OiJjb2xvckl0ZW0iO3M6MDoiIjtzOjEzOiJjb2xvckxhc3RJdGVtIjtzOjA6IiI7czoyMDoiZG9udFNob3dEZWxldGVCdXR0b24iO2k6MDtzOjE2OiJkaXNwbGF5X3RlbXBsYXRlIjtzOjA6IiI7czoxNzoiZG9jdW1lbnRhdGlvbl91cmwiO3M6MDoiIjtzOjIyOiJtaW5SZWxhdGlvbnNoaXBzUGVyUm93IjtkOjA7czoyMjoibWF4UmVsYXRpb25zaGlwc1BlclJvdyI7ZDowO3M6MTU6InNob3dDdXJyZW50T25seSI7aTowO3M6MjA6InNob3dDdXJyZW50VXNpbmdEYXRlIjtzOjA6IiI7czoxNToiZGlzYWJsZVF1aWNrYWRkIjtpOjA7czoyNToicHJlcG9wdWxhdGVRdWlja2FkZEZpZWxkcyI7czoxOiIwIjtzOjEyOiJkaXNhYmxlU29ydHMiO2k6MDtzOjk6InNob3dDb3VudCI7ZDowO3M6MjA6ImVmZmVjdGl2ZURhdGVEZWZhdWx0IjtzOjA6IiI7czoxMDoibnVtUGVyUGFnZSI7ZDoxMDA7czoyMjoiYnVuZGxlVHlwZVJlc3RyaWN0aW9ucyI7czowOiIiO3M6Mzc6ImJ1bmRsZVR5cGVSZXN0cmljdGlvbnNJbmNsdWRlU3VidHlwZXMiO2k6MDt9'),(26,8,'preferred_labels','preferred_labels',26,'YTo4OntzOjU6IndpZHRoIjtzOjA6IiI7czo2OiJoZWlnaHQiO3M6MDoiIjtzOjg6InJlYWRvbmx5IjtkOjA7czoyMToiZXhwYW5kX2NvbGxhcHNlX3ZhbHVlIjtzOjc6ImJ1YmJsZXMiO3M6MjQ6ImV4cGFuZF9jb2xsYXBzZV9ub192YWx1ZSI7czo3OiJidWJibGVzIjtzOjE2OiJ1c2V3eXNpd3lnZWRpdG9yIjtkOjA7czoxNzoiZG9jdW1lbnRhdGlvbl91cmwiO3M6MDoiIjtzOjE1OiJkaXNwbGF5VGVtcGxhdGUiO3M6MDoiIjt9'),(27,8,'list_code','list_code',27,'YTo3OntzOjU6IndpZHRoIjtzOjA6IiI7czo2OiJoZWlnaHQiO3M6MDoiIjtzOjg6InJlYWRvbmx5IjtkOjA7czoyMToiZXhwYW5kX2NvbGxhcHNlX3ZhbHVlIjtzOjc6ImJ1YmJsZXMiO3M6MjQ6ImV4cGFuZF9jb2xsYXBzZV9ub192YWx1ZSI7czo3OiJidWJibGVzIjtzOjE3OiJkb2N1bWVudGF0aW9uX3VybCI7czowOiIiO3M6MTY6InVzZXd5c2l3eWdlZGl0b3IiO2Q6MDt9'),(28,8,'default_sort','default_sort',28,'YTo2OntzOjU6IndpZHRoIjtzOjA6IiI7czo2OiJoZWlnaHQiO3M6MDoiIjtzOjg6InJlYWRvbmx5IjtkOjA7czoyMToiZXhwYW5kX2NvbGxhcHNlX3ZhbHVlIjtzOjc6ImJ1YmJsZXMiO3M6MjQ6ImV4cGFuZF9jb2xsYXBzZV9ub192YWx1ZSI7czo3OiJidWJibGVzIjtzOjE3OiJkb2N1bWVudGF0aW9uX3VybCI7czowOiIiO30='),(29,8,'is_hierarchical','is_hierarchical',29,'YTo2OntzOjU6IndpZHRoIjtzOjA6IiI7czo2OiJoZWlnaHQiO3M6MDoiIjtzOjg6InJlYWRvbmx5IjtkOjA7czoyMToiZXhwYW5kX2NvbGxhcHNlX3ZhbHVlIjtzOjc6ImJ1YmJsZXMiO3M6MjQ6ImV4cGFuZF9jb2xsYXBzZV9ub192YWx1ZSI7czo3OiJidWJibGVzIjtzOjE3OiJkb2N1bWVudGF0aW9uX3VybCI7czowOiIiO30='),(30,8,'is_system_list','is_system_list',30,'YTo2OntzOjU6IndpZHRoIjtzOjA6IiI7czo2OiJoZWlnaHQiO3M6MDoiIjtzOjg6InJlYWRvbmx5IjtkOjA7czoyMToiZXhwYW5kX2NvbGxhcHNlX3ZhbHVlIjtzOjc6ImJ1YmJsZXMiO3M6MjQ6ImV4cGFuZF9jb2xsYXBzZV9ub192YWx1ZSI7czo3OiJidWJibGVzIjtzOjE3OiJkb2N1bWVudGF0aW9uX3VybCI7czowOiIiO30='),(31,8,'use_as_vocabulary','use_as_vocabulary',31,'YTo2OntzOjU6IndpZHRoIjtzOjA6IiI7czo2OiJoZWlnaHQiO3M6MDoiIjtzOjg6InJlYWRvbmx5IjtkOjA7czoyMToiZXhwYW5kX2NvbGxhcHNlX3ZhbHVlIjtzOjc6ImJ1YmJsZXMiO3M6MjQ6ImV4cGFuZF9jb2xsYXBzZV9ub192YWx1ZSI7czo3OiJidWJibGVzIjtzOjE3OiJkb2N1bWVudGF0aW9uX3VybCI7czowOiIiO30='),(32,10,'hier_location','hierarchy_location',32,'YTo5OntzOjU6IndpZHRoIjtzOjA6IiI7czo2OiJoZWlnaHQiO3M6MDoiIjtzOjg6InJlYWRvbmx5IjtkOjA7czoxNToiZXhwYW5kX2NvbGxhcHNlIjtzOjc6ImJ1YmJsZXMiO3M6MTQ6Im9wZW5faGllcmFyY2h5IjtkOjE7czoxMToiYXV0b19zaHJpbmsiO2Q6MDtzOjE3OiJkb2N1bWVudGF0aW9uX3VybCI7czowOiIiO3M6MjI6ImJ1bmRsZVR5cGVSZXN0cmljdGlvbnMiO3M6MDoiIjtzOjM3OiJidW5kbGVUeXBlUmVzdHJpY3Rpb25zSW5jbHVkZVN1YnR5cGVzIjtpOjA7fQ=='),(33,10,'preferred_labels','preferred_labels',33,'YToxMDp7czo1OiJ3aWR0aCI7czowOiIiO3M6NjoiaGVpZ2h0IjtzOjA6IiI7czo4OiJyZWFkb25seSI7ZDowO3M6MjE6ImV4cGFuZF9jb2xsYXBzZV92YWx1ZSI7czo3OiJidWJibGVzIjtzOjI0OiJleHBhbmRfY29sbGFwc2Vfbm9fdmFsdWUiO3M6NzoiYnViYmxlcyI7czoxNjoidXNld3lzaXd5Z2VkaXRvciI7ZDowO3M6MTc6ImRvY3VtZW50YXRpb25fdXJsIjtzOjA6IiI7czoxNToiZGlzcGxheVRlbXBsYXRlIjtzOjA6IiI7czoyMjoiYnVuZGxlVHlwZVJlc3RyaWN0aW9ucyI7czowOiIiO3M6Mzc6ImJ1bmRsZVR5cGVSZXN0cmljdGlvbnNJbmNsdWRlU3VidHlwZXMiO2k6MDt9'),(34,10,'idno','idno',34,'YTo5OntzOjU6IndpZHRoIjtzOjA6IiI7czo2OiJoZWlnaHQiO3M6MDoiIjtzOjg6InJlYWRvbmx5IjtkOjA7czoyMToiZXhwYW5kX2NvbGxhcHNlX3ZhbHVlIjtzOjc6ImJ1YmJsZXMiO3M6MjQ6ImV4cGFuZF9jb2xsYXBzZV9ub192YWx1ZSI7czo3OiJidWJibGVzIjtzOjE3OiJkb2N1bWVudGF0aW9uX3VybCI7czowOiIiO3M6MTY6InVzZXd5c2l3eWdlZGl0b3IiO2Q6MDtzOjIyOiJidW5kbGVUeXBlUmVzdHJpY3Rpb25zIjtzOjA6IiI7czozNzoiYnVuZGxlVHlwZVJlc3RyaWN0aW9uc0luY2x1ZGVTdWJ0eXBlcyI7aTowO30='),(35,10,'item_value','item_value',35,'YTo5OntzOjU6IndpZHRoIjtzOjA6IiI7czo2OiJoZWlnaHQiO3M6MDoiIjtzOjg6InJlYWRvbmx5IjtkOjA7czoyMToiZXhwYW5kX2NvbGxhcHNlX3ZhbHVlIjtzOjc6ImJ1YmJsZXMiO3M6MjQ6ImV4cGFuZF9jb2xsYXBzZV9ub192YWx1ZSI7czo3OiJidWJibGVzIjtzOjE3OiJkb2N1bWVudGF0aW9uX3VybCI7czowOiIiO3M6MTY6InVzZXd5c2l3eWdlZGl0b3IiO2Q6MDtzOjIyOiJidW5kbGVUeXBlUmVzdHJpY3Rpb25zIjtzOjA6IiI7czozNzoiYnVuZGxlVHlwZVJlc3RyaWN0aW9uc0luY2x1ZGVTdWJ0eXBlcyI7aTowO30='),(36,10,'is_enabled','is_enabled',36,'YTo4OntzOjU6IndpZHRoIjtzOjA6IiI7czo2OiJoZWlnaHQiO3M6MDoiIjtzOjg6InJlYWRvbmx5IjtkOjA7czoyMToiZXhwYW5kX2NvbGxhcHNlX3ZhbHVlIjtzOjc6ImJ1YmJsZXMiO3M6MjQ6ImV4cGFuZF9jb2xsYXBzZV9ub192YWx1ZSI7czo3OiJidWJibGVzIjtzOjE3OiJkb2N1bWVudGF0aW9uX3VybCI7czowOiIiO3M6MjI6ImJ1bmRsZVR5cGVSZXN0cmljdGlvbnMiO3M6MDoiIjtzOjM3OiJidW5kbGVUeXBlUmVzdHJpY3Rpb25zSW5jbHVkZVN1YnR5cGVzIjtpOjA7fQ=='),(37,10,'is_default','is_default',37,'YTo4OntzOjU6IndpZHRoIjtzOjA6IiI7czo2OiJoZWlnaHQiO3M6MDoiIjtzOjg6InJlYWRvbmx5IjtkOjA7czoyMToiZXhwYW5kX2NvbGxhcHNlX3ZhbHVlIjtzOjc6ImJ1YmJsZXMiO3M6MjQ6ImV4cGFuZF9jb2xsYXBzZV9ub192YWx1ZSI7czo3OiJidWJibGVzIjtzOjE3OiJkb2N1bWVudGF0aW9uX3VybCI7czowOiIiO3M6MjI6ImJ1bmRsZVR5cGVSZXN0cmljdGlvbnMiO3M6MDoiIjtzOjM3OiJidW5kbGVUeXBlUmVzdHJpY3Rpb25zSW5jbHVkZVN1YnR5cGVzIjtpOjA7fQ=='),(38,10,'rank','rank',38,'YTo4OntzOjU6IndpZHRoIjtzOjA6IiI7czo2OiJoZWlnaHQiO3M6MDoiIjtzOjg6InJlYWRvbmx5IjtkOjA7czoyMToiZXhwYW5kX2NvbGxhcHNlX3ZhbHVlIjtzOjc6ImJ1YmJsZXMiO3M6MjQ6ImV4cGFuZF9jb2xsYXBzZV9ub192YWx1ZSI7czo3OiJidWJibGVzIjtzOjE3OiJkb2N1bWVudGF0aW9uX3VybCI7czowOiIiO3M6MjI6ImJ1bmRsZVR5cGVSZXN0cmljdGlvbnMiO3M6MDoiIjtzOjM3OiJidW5kbGVUeXBlUmVzdHJpY3Rpb25zSW5jbHVkZVN1YnR5cGVzIjtpOjA7fQ=='),(39,10,'color','color',39,'YTo5OntzOjU6IndpZHRoIjtzOjA6IiI7czo2OiJoZWlnaHQiO3M6MDoiIjtzOjg6InJlYWRvbmx5IjtkOjA7czoyMToiZXhwYW5kX2NvbGxhcHNlX3ZhbHVlIjtzOjc6ImJ1YmJsZXMiO3M6MjQ6ImV4cGFuZF9jb2xsYXBzZV9ub192YWx1ZSI7czo3OiJidWJibGVzIjtzOjE3OiJkb2N1bWVudGF0aW9uX3VybCI7czowOiIiO3M6MTY6InVzZXd5c2l3eWdlZGl0b3IiO2Q6MDtzOjIyOiJidW5kbGVUeXBlUmVzdHJpY3Rpb25zIjtzOjA6IiI7czozNzoiYnVuZGxlVHlwZVJlc3RyaWN0aW9uc0luY2x1ZGVTdWJ0eXBlcyI7aTowO30='),(40,10,'icon','icon',40,'YTo4OntzOjU6IndpZHRoIjtzOjA6IiI7czo2OiJoZWlnaHQiO3M6MDoiIjtzOjg6InJlYWRvbmx5IjtkOjA7czoyMToiZXhwYW5kX2NvbGxhcHNlX3ZhbHVlIjtzOjc6ImJ1YmJsZXMiO3M6MjQ6ImV4cGFuZF9jb2xsYXBzZV9ub192YWx1ZSI7czo3OiJidWJibGVzIjtzOjE3OiJkb2N1bWVudGF0aW9uX3VybCI7czowOiIiO3M6MjI6ImJ1bmRsZVR5cGVSZXN0cmljdGlvbnMiO3M6MDoiIjtzOjM3OiJidW5kbGVUeXBlUmVzdHJpY3Rpb25zSW5jbHVkZVN1YnR5cGVzIjtpOjA7fQ=='),(41,10,'ca_settings','settings',41,'YTo4OntzOjU6IndpZHRoIjtzOjA6IiI7czo2OiJoZWlnaHQiO3M6MDoiIjtzOjg6InJlYWRvbmx5IjtkOjA7czoyMToiZXhwYW5kX2NvbGxhcHNlX3ZhbHVlIjtzOjc6ImJ1YmJsZXMiO3M6MjQ6ImV4cGFuZF9jb2xsYXBzZV9ub192YWx1ZSI7czo3OiJidWJibGVzIjtzOjE3OiJkb2N1bWVudGF0aW9uX3VybCI7czowOiIiO3M6MjI6ImJ1bmRsZVR5cGVSZXN0cmljdGlvbnMiO3M6MDoiIjtzOjM3OiJidW5kbGVUeXBlUmVzdHJpY3Rpb25zSW5jbHVkZVN1YnR5cGVzIjtpOjA7fQ=='),(42,10,'access','access',42,'YTo4OntzOjU6IndpZHRoIjtzOjA6IiI7czo2OiJoZWlnaHQiO3M6MDoiIjtzOjg6InJlYWRvbmx5IjtkOjA7czoyMToiZXhwYW5kX2NvbGxhcHNlX3ZhbHVlIjtzOjc6ImJ1YmJsZXMiO3M6MjQ6ImV4cGFuZF9jb2xsYXBzZV9ub192YWx1ZSI7czo3OiJidWJibGVzIjtzOjE3OiJkb2N1bWVudGF0aW9uX3VybCI7czowOiIiO3M6MjI6ImJ1bmRsZVR5cGVSZXN0cmljdGlvbnMiO3M6MDoiIjtzOjM3OiJidW5kbGVUeXBlUmVzdHJpY3Rpb25zSW5jbHVkZVN1YnR5cGVzIjtpOjA7fQ=='),(43,10,'status','status',43,'YTo4OntzOjU6IndpZHRoIjtzOjA6IiI7czo2OiJoZWlnaHQiO3M6MDoiIjtzOjg6InJlYWRvbmx5IjtkOjA7czoyMToiZXhwYW5kX2NvbGxhcHNlX3ZhbHVlIjtzOjc6ImJ1YmJsZXMiO3M6MjQ6ImV4cGFuZF9jb2xsYXBzZV9ub192YWx1ZSI7czo3OiJidWJibGVzIjtzOjE3OiJkb2N1bWVudGF0aW9uX3VybCI7czowOiIiO3M6MjI6ImJ1bmRsZVR5cGVSZXN0cmljdGlvbnMiO3M6MDoiIjtzOjM3OiJidW5kbGVUeXBlUmVzdHJpY3Rpb25zSW5jbHVkZVN1YnR5cGVzIjtpOjA7fQ=='),(44,11,'nonpreferred_labels','nonpreferred_labels',44,'YToxMDp7czo1OiJ3aWR0aCI7czowOiIiO3M6NjoiaGVpZ2h0IjtzOjA6IiI7czo4OiJyZWFkb25seSI7ZDowO3M6MjE6ImV4cGFuZF9jb2xsYXBzZV92YWx1ZSI7czo3OiJidWJibGVzIjtzOjI0OiJleHBhbmRfY29sbGFwc2Vfbm9fdmFsdWUiO3M6NzoiYnViYmxlcyI7czoxNjoidXNld3lzaXd5Z2VkaXRvciI7ZDowO3M6MTc6ImRvY3VtZW50YXRpb25fdXJsIjtzOjA6IiI7czoxNToiZGlzcGxheVRlbXBsYXRlIjtzOjA6IiI7czoyMjoiYnVuZGxlVHlwZVJlc3RyaWN0aW9ucyI7czowOiIiO3M6Mzc6ImJ1bmRsZVR5cGVSZXN0cmljdGlvbnNJbmNsdWRlU3VidHlwZXMiO2k6MDt9'),(45,12,'ca_list_items','ca_list_items',45,'YTozNDp7czo1OiJ3aWR0aCI7czowOiIiO3M6NjoiaGVpZ2h0IjtzOjA6IiI7czo4OiJyZWFkb25seSI7ZDowO3M6MjE6ImV4cGFuZF9jb2xsYXBzZV92YWx1ZSI7czo3OiJidWJibGVzIjtzOjI0OiJleHBhbmRfY29sbGFwc2Vfbm9fdmFsdWUiO3M6NzoiYnViYmxlcyI7czozMDoicmVzdHJpY3RfdG9fcmVsYXRpb25zaGlwX3R5cGVzIjthOjE6e2k6MDtzOjA6IiI7fXM6MTc6InJlc3RyaWN0X3RvX3R5cGVzIjthOjE6e2k6MDtzOjA6IiI7fXM6MTg6InJlc3RyaWN0X3RvX3NlYXJjaCI7czowOiIiO3M6MjQ6InJlc3RyaWN0X3RvX2FjY2Vzc19wb2ludCI7czowOiIiO3M6NDE6ImRvbnRfaW5jbHVkZV9zdWJ0eXBlc19pbl90eXBlX3Jlc3RyaWN0aW9uIjtpOjA7czoxMToibGlzdF9mb3JtYXQiO3M6NzoiYnViYmxlcyI7czo0OiJzb3J0IjtzOjA6IiI7czoxMzoic29ydERpcmVjdGlvbiI7czozOiJBU0MiO3M6MTQ6ImNvbG9yRmlyc3RJdGVtIjtzOjA6IiI7czo5OiJjb2xvckl0ZW0iO3M6MDoiIjtzOjEzOiJjb2xvckxhc3RJdGVtIjtzOjA6IiI7czoyMDoiZG9udFNob3dEZWxldGVCdXR0b24iO2k6MDtzOjE2OiJkaXNwbGF5X3RlbXBsYXRlIjtzOjA6IiI7czoxNzoiZG9jdW1lbnRhdGlvbl91cmwiO3M6MDoiIjtzOjIyOiJtaW5SZWxhdGlvbnNoaXBzUGVyUm93IjtkOjA7czoyMjoibWF4UmVsYXRpb25zaGlwc1BlclJvdyI7ZDowO3M6MTU6InNob3dDdXJyZW50T25seSI7aTowO3M6MjA6InNob3dDdXJyZW50VXNpbmdEYXRlIjtzOjA6IiI7czoxNToiZGlzYWJsZVF1aWNrYWRkIjtpOjA7czoyNToicHJlcG9wdWxhdGVRdWlja2FkZEZpZWxkcyI7czoxOiIwIjtzOjEyOiJkaXNhYmxlU29ydHMiO2k6MDtzOjk6InNob3dDb3VudCI7ZDowO3M6MjA6ImVmZmVjdGl2ZURhdGVEZWZhdWx0IjtzOjA6IiI7czoxMDoibnVtUGVyUGFnZSI7ZDoxMDA7czoxNzoicmVzdHJpY3RfdG9fbGlzdHMiO2E6MTp7aTowO3M6MDoiIjt9czoyMjoidXNlSGllcmFyY2hpY2FsQnJvd3NlciI7aToxO3M6MjU6ImhpZXJhcmNoaWNhbEJyb3dzZXJIZWlnaHQiO3M6NToiMjAwcHgiO3M6MjI6ImJ1bmRsZVR5cGVSZXN0cmljdGlvbnMiO3M6MDoiIjtzOjM3OiJidW5kbGVUeXBlUmVzdHJpY3Rpb25zSW5jbHVkZVN1YnR5cGVzIjtpOjA7fQ=='),(46,14,'preferred_labels','preferred_labels',46,'YToxMDp7czo1OiJsYWJlbCI7YTo0OntzOjU6ImVuX1VTIjtzOjE4OiJSZWxhdGlvbnNoaXAgbmFtZXMiO3M6NToiZW5fQ0EiO3M6MTg6IlJlbGF0aW9uc2hpcCBuYW1lcyI7czo1OiJmcl9GUiI7czoxNzoiTm9tcyBkZSByZWxhdGlvbnMiO3M6NToic3ZfU0UiO3M6MTM6IlJlbGF0aW9uc25hbW4iO31zOjk6ImFkZF9sYWJlbCI7YTo0OntzOjU6ImVuX1VTIjtzOjIxOiJBZGQgcmVsYXRpb25zaGlwIG5hbWUiO3M6NToiZW5fQ0EiO3M6MjE6IkFkZCByZWxhdGlvbnNoaXAgbmFtZSI7czo1OiJmcl9GUiI7czoyNjoiQWpvdXRlciB1biBub20gZGUgcmVsYXRpb24iO3M6NToic3ZfU0UiO3M6MjQ6IkzDpGdnIHRpbGwgcmVsYXRpb25zbmFtbiI7fXM6NToid2lkdGgiO3M6MDoiIjtzOjY6ImhlaWdodCI7czowOiIiO3M6ODoicmVhZG9ubHkiO2Q6MDtzOjIxOiJleHBhbmRfY29sbGFwc2VfdmFsdWUiO3M6NzoiYnViYmxlcyI7czoyNDoiZXhwYW5kX2NvbGxhcHNlX25vX3ZhbHVlIjtzOjc6ImJ1YmJsZXMiO3M6MTY6InVzZXd5c2l3eWdlZGl0b3IiO2Q6MDtzOjE3OiJkb2N1bWVudGF0aW9uX3VybCI7czowOiIiO3M6MTU6ImRpc3BsYXlUZW1wbGF0ZSI7czowOiIiO30='),(47,14,'type_code','type_code',47,'YTo3OntzOjU6IndpZHRoIjtzOjA6IiI7czo2OiJoZWlnaHQiO3M6MDoiIjtzOjg6InJlYWRvbmx5IjtkOjA7czoyMToiZXhwYW5kX2NvbGxhcHNlX3ZhbHVlIjtzOjc6ImJ1YmJsZXMiO3M6MjQ6ImV4cGFuZF9jb2xsYXBzZV9ub192YWx1ZSI7czo3OiJidWJibGVzIjtzOjE3OiJkb2N1bWVudGF0aW9uX3VybCI7czowOiIiO3M6MTY6InVzZXd5c2l3eWdlZGl0b3IiO2Q6MDt9'),(48,14,'is_default','is_default',48,'YTo2OntzOjU6IndpZHRoIjtzOjA6IiI7czo2OiJoZWlnaHQiO3M6MDoiIjtzOjg6InJlYWRvbmx5IjtkOjA7czoyMToiZXhwYW5kX2NvbGxhcHNlX3ZhbHVlIjtzOjc6ImJ1YmJsZXMiO3M6MjQ6ImV4cGFuZF9jb2xsYXBzZV9ub192YWx1ZSI7czo3OiJidWJibGVzIjtzOjE3OiJkb2N1bWVudGF0aW9uX3VybCI7czowOiIiO30='),(49,14,'sub_type_left_id','sub_type_left_id',49,'YTo2OntzOjU6IndpZHRoIjtzOjA6IiI7czo2OiJoZWlnaHQiO3M6MDoiIjtzOjg6InJlYWRvbmx5IjtkOjA7czoyMToiZXhwYW5kX2NvbGxhcHNlX3ZhbHVlIjtzOjc6ImJ1YmJsZXMiO3M6MjQ6ImV4cGFuZF9jb2xsYXBzZV9ub192YWx1ZSI7czo3OiJidWJibGVzIjtzOjE3OiJkb2N1bWVudGF0aW9uX3VybCI7czowOiIiO30='),(50,14,'include_subtypes_left','include_subtypes_left',50,'YTo2OntzOjU6IndpZHRoIjtzOjA6IiI7czo2OiJoZWlnaHQiO3M6MDoiIjtzOjg6InJlYWRvbmx5IjtkOjA7czoyMToiZXhwYW5kX2NvbGxhcHNlX3ZhbHVlIjtzOjc6ImJ1YmJsZXMiO3M6MjQ6ImV4cGFuZF9jb2xsYXBzZV9ub192YWx1ZSI7czo3OiJidWJibGVzIjtzOjE3OiJkb2N1bWVudGF0aW9uX3VybCI7czowOiIiO30='),(51,14,'sub_type_right_id','sub_type_right_id',51,'YTo2OntzOjU6IndpZHRoIjtzOjA6IiI7czo2OiJoZWlnaHQiO3M6MDoiIjtzOjg6InJlYWRvbmx5IjtkOjA7czoyMToiZXhwYW5kX2NvbGxhcHNlX3ZhbHVlIjtzOjc6ImJ1YmJsZXMiO3M6MjQ6ImV4cGFuZF9jb2xsYXBzZV9ub192YWx1ZSI7czo3OiJidWJibGVzIjtzOjE3OiJkb2N1bWVudGF0aW9uX3VybCI7czowOiIiO30='),(52,14,'include_subtypes_right','include_subtypes_right',52,'YTo2OntzOjU6IndpZHRoIjtzOjA6IiI7czo2OiJoZWlnaHQiO3M6MDoiIjtzOjg6InJlYWRvbmx5IjtkOjA7czoyMToiZXhwYW5kX2NvbGxhcHNlX3ZhbHVlIjtzOjc6ImJ1YmJsZXMiO3M6MjQ6ImV4cGFuZF9jb2xsYXBzZV9ub192YWx1ZSI7czo3OiJidWJibGVzIjtzOjE3OiJkb2N1bWVudGF0aW9uX3VybCI7czowOiIiO30='),(53,14,'rank','rank',53,'YTo2OntzOjU6IndpZHRoIjtzOjA6IiI7czo2OiJoZWlnaHQiO3M6MDoiIjtzOjg6InJlYWRvbmx5IjtkOjA7czoyMToiZXhwYW5kX2NvbGxhcHNlX3ZhbHVlIjtzOjc6ImJ1YmJsZXMiO3M6MjQ6ImV4cGFuZF9jb2xsYXBzZV9ub192YWx1ZSI7czo3OiJidWJibGVzIjtzOjE3OiJkb2N1bWVudGF0aW9uX3VybCI7czowOiIiO30='),(54,14,'hierarchy_location','hierarchy_location',54,'YTo3OntzOjU6IndpZHRoIjtzOjA6IiI7czo2OiJoZWlnaHQiO3M6MDoiIjtzOjg6InJlYWRvbmx5IjtkOjA7czoxNToiZXhwYW5kX2NvbGxhcHNlIjtzOjc6ImJ1YmJsZXMiO3M6MTQ6Im9wZW5faGllcmFyY2h5IjtkOjE7czoxMToiYXV0b19zaHJpbmsiO2Q6MDtzOjE3OiJkb2N1bWVudGF0aW9uX3VybCI7czowOiIiO30='),(55,16,'preferred_labels','preferred_labels',55,'YToxMjp7czo1OiJsYWJlbCI7YTo0OntzOjU6ImVuX1VTIjtzOjk6IlNldCB0aXRsZSI7czo1OiJlbl9DQSI7czo5OiJTZXQgdGl0bGUiO3M6NToiZnJfRlIiO3M6MjA6IlRpdHJlIGRlIGxcJ2Vuc2VtYmxlIjtzOjU6InN2X1NFIjtzOjE2OiJHcnVwcGVyaW5nIHRpdGVsIjt9czo5OiJhZGRfbGFiZWwiO2E6NDp7czo1OiJlbl9VUyI7czo5OiJBZGQgdGl0bGUiO3M6NToiZW5fQ0EiO3M6OToiQWRkIHRpdGxlIjtzOjU6ImZyX0ZSIjtzOjE2OiJBam91dGVyIHVuIHRpdHJlIjtzOjU6InN2X1NFIjtzOjE2OiJMw6RnZyB0aWxsIHRpdGVsIjt9czo1OiJ3aWR0aCI7czowOiIiO3M6NjoiaGVpZ2h0IjtzOjA6IiI7czo4OiJyZWFkb25seSI7ZDowO3M6MjE6ImV4cGFuZF9jb2xsYXBzZV92YWx1ZSI7czo3OiJidWJibGVzIjtzOjI0OiJleHBhbmRfY29sbGFwc2Vfbm9fdmFsdWUiO3M6NzoiYnViYmxlcyI7czoxNjoidXNld3lzaXd5Z2VkaXRvciI7ZDowO3M6MTc6ImRvY3VtZW50YXRpb25fdXJsIjtzOjA6IiI7czoxNToiZGlzcGxheVRlbXBsYXRlIjtzOjA6IiI7czoyMjoiYnVuZGxlVHlwZVJlc3RyaWN0aW9ucyI7czowOiIiO3M6Mzc6ImJ1bmRsZVR5cGVSZXN0cmljdGlvbnNJbmNsdWRlU3VidHlwZXMiO2k6MDt9'),(56,16,'set_code','set_code',56,'YTo5OntzOjU6IndpZHRoIjtzOjA6IiI7czo2OiJoZWlnaHQiO3M6MDoiIjtzOjg6InJlYWRvbmx5IjtkOjA7czoyMToiZXhwYW5kX2NvbGxhcHNlX3ZhbHVlIjtzOjc6ImJ1YmJsZXMiO3M6MjQ6ImV4cGFuZF9jb2xsYXBzZV9ub192YWx1ZSI7czo3OiJidWJibGVzIjtzOjE3OiJkb2N1bWVudGF0aW9uX3VybCI7czowOiIiO3M6MTY6InVzZXd5c2l3eWdlZGl0b3IiO2Q6MDtzOjIyOiJidW5kbGVUeXBlUmVzdHJpY3Rpb25zIjtzOjA6IiI7czozNzoiYnVuZGxlVHlwZVJlc3RyaWN0aW9uc0luY2x1ZGVTdWJ0eXBlcyI7aTowO30='),(57,16,'ca_attribute_set_description','ca_sets.set_description',57,'YToxNDp7czo1OiJ3aWR0aCI7czowOiIiO3M6NjoiaGVpZ2h0IjtzOjA6IiI7czo4OiJyZWFkb25seSI7ZDowO3M6MjE6ImV4cGFuZF9jb2xsYXBzZV92YWx1ZSI7czo3OiJidWJibGVzIjtzOjI0OiJleHBhbmRfY29sbGFwc2Vfbm9fdmFsdWUiO3M6NzoiYnViYmxlcyI7czo0OiJzb3J0IjtzOjE6IjEiO3M6MTM6InNvcnREaXJlY3Rpb24iO3M6MzoiQVNDIjtzOjEzOiJjb2xvckV2ZW5JdGVtIjtzOjA6IiI7czoxMjoiY29sb3JPZGRJdGVtIjtzOjA6IiI7czoxNToiZGlzcGxheVRlbXBsYXRlIjtzOjA6IiI7czoxNzoiZG9jdW1lbnRhdGlvbl91cmwiO3M6MDoiIjtzOjE2OiJ1c2V3eXNpd3lnZWRpdG9yIjtzOjA6IiI7czoyMjoiYnVuZGxlVHlwZVJlc3RyaWN0aW9ucyI7czowOiIiO3M6Mzc6ImJ1bmRsZVR5cGVSZXN0cmljdGlvbnNJbmNsdWRlU3VidHlwZXMiO2k6MDt9'),(58,16,'access','access',58,'YTo4OntzOjU6IndpZHRoIjtzOjA6IiI7czo2OiJoZWlnaHQiO3M6MDoiIjtzOjg6InJlYWRvbmx5IjtkOjA7czoyMToiZXhwYW5kX2NvbGxhcHNlX3ZhbHVlIjtzOjc6ImJ1YmJsZXMiO3M6MjQ6ImV4cGFuZF9jb2xsYXBzZV9ub192YWx1ZSI7czo3OiJidWJibGVzIjtzOjE3OiJkb2N1bWVudGF0aW9uX3VybCI7czowOiIiO3M6MjI6ImJ1bmRsZVR5cGVSZXN0cmljdGlvbnMiO3M6MDoiIjtzOjM3OiJidW5kbGVUeXBlUmVzdHJpY3Rpb25zSW5jbHVkZVN1YnR5cGVzIjtpOjA7fQ=='),(59,16,'status','status',59,'YTo4OntzOjU6IndpZHRoIjtzOjA6IiI7czo2OiJoZWlnaHQiO3M6MDoiIjtzOjg6InJlYWRvbmx5IjtkOjA7czoyMToiZXhwYW5kX2NvbGxhcHNlX3ZhbHVlIjtzOjc6ImJ1YmJsZXMiO3M6MjQ6ImV4cGFuZF9jb2xsYXBzZV9ub192YWx1ZSI7czo3OiJidWJibGVzIjtzOjE3OiJkb2N1bWVudGF0aW9uX3VybCI7czowOiIiO3M6MjI6ImJ1bmRsZVR5cGVSZXN0cmljdGlvbnMiO3M6MDoiIjtzOjM3OiJidW5kbGVUeXBlUmVzdHJpY3Rpb25zSW5jbHVkZVN1YnR5cGVzIjtpOjA7fQ=='),(60,16,'ca_users','ca_users',60,'YTo4OntzOjU6IndpZHRoIjtzOjA6IiI7czo2OiJoZWlnaHQiO3M6MDoiIjtzOjg6InJlYWRvbmx5IjtkOjA7czoyMToiZXhwYW5kX2NvbGxhcHNlX3ZhbHVlIjtzOjc6ImJ1YmJsZXMiO3M6MjQ6ImV4cGFuZF9jb2xsYXBzZV9ub192YWx1ZSI7czo3OiJidWJibGVzIjtzOjE3OiJkb2N1bWVudGF0aW9uX3VybCI7czowOiIiO3M6MjI6ImJ1bmRsZVR5cGVSZXN0cmljdGlvbnMiO3M6MDoiIjtzOjM3OiJidW5kbGVUeXBlUmVzdHJpY3Rpb25zSW5jbHVkZVN1YnR5cGVzIjtpOjA7fQ=='),(61,16,'ca_user_groups','ca_user_groups',61,'YTo4OntzOjU6IndpZHRoIjtzOjA6IiI7czo2OiJoZWlnaHQiO3M6MDoiIjtzOjg6InJlYWRvbmx5IjtkOjA7czoyMToiZXhwYW5kX2NvbGxhcHNlX3ZhbHVlIjtzOjc6ImJ1YmJsZXMiO3M6MjQ6ImV4cGFuZF9jb2xsYXBzZV9ub192YWx1ZSI7czo3OiJidWJibGVzIjtzOjE3OiJkb2N1bWVudGF0aW9uX3VybCI7czowOiIiO3M6MjI6ImJ1bmRsZVR5cGVSZXN0cmljdGlvbnMiO3M6MDoiIjtzOjM3OiJidW5kbGVUeXBlUmVzdHJpY3Rpb25zSW5jbHVkZVN1YnR5cGVzIjtpOjA7fQ=='),(62,17,'ca_set_items','ca_set_items',62,'YToxODp7czo1OiJ3aWR0aCI7czowOiIiO3M6NjoiaGVpZ2h0IjtzOjA6IiI7czo4OiJyZWFkb25seSI7ZDowO3M6MjE6ImV4cGFuZF9jb2xsYXBzZV92YWx1ZSI7czo3OiJidWJibGVzIjtzOjI0OiJleHBhbmRfY29sbGFwc2Vfbm9fdmFsdWUiO3M6NzoiYnViYmxlcyI7czozMToiY2FfY29sbGVjdGlvbnNfZGlzcGxheV90ZW1wbGF0ZSI7czowOiIiO3M6Mjg6ImNhX2VudGl0aWVzX2Rpc3BsYXlfdGVtcGxhdGUiO3M6MDoiIjtzOjMwOiJjYV9saXN0X2l0ZW1zX2Rpc3BsYXlfdGVtcGxhdGUiO3M6MDoiIjtzOjI1OiJjYV9sb2Fuc19kaXNwbGF5X3RlbXBsYXRlIjtzOjA6IiI7czozMToiY2Ffb2JqZWN0X2xvdHNfZGlzcGxheV90ZW1wbGF0ZSI7czowOiIiO3M6NDI6ImNhX29iamVjdF9yZXByZXNlbnRhdGlvbnNfZGlzcGxheV90ZW1wbGF0ZSI7czowOiIiO3M6Mjc6ImNhX29iamVjdHNfZGlzcGxheV90ZW1wbGF0ZSI7czowOiIiO3M6MzE6ImNhX29jY3VycmVuY2VzX2Rpc3BsYXlfdGVtcGxhdGUiO3M6MDoiIjtzOjI2OiJjYV9wbGFjZXNfZGlzcGxheV90ZW1wbGF0ZSI7czowOiIiO3M6Mzc6ImNhX3N0b3JhZ2VfbG9jYXRpb25zX2Rpc3BsYXlfdGVtcGxhdGUiO3M6MDoiIjtzOjE3OiJkb2N1bWVudGF0aW9uX3VybCI7czowOiIiO3M6MjI6ImJ1bmRsZVR5cGVSZXN0cmljdGlvbnMiO3M6MDoiIjtzOjM3OiJidW5kbGVUeXBlUmVzdHJpY3Rpb25zSW5jbHVkZVN1YnR5cGVzIjtpOjA7fQ=='),(63,19,'preferred_labels','preferred_labels',63,'YToxMjp7czo1OiJsYWJlbCI7YTo0OntzOjU6ImVuX1VTIjtzOjc6IkNhcHRpb24iO3M6NToiZW5fQ0EiO3M6NzoiQ2FwdGlvbiI7czo1OiJmcl9GUiI7czo4OiJMw6lnZW5kZSI7czo1OiJzdl9TRSI7czo4OiJCaWxkdGV4dCI7fXM6OToiYWRkX2xhYmVsIjthOjQ6e3M6NToiZW5fVVMiO3M6MTE6IkFkZCBjYXB0aW9uIjtzOjU6ImVuX0NBIjtzOjExOiJBZGQgY2FwdGlvbiI7czo1OiJmcl9GUiI7czoyMDoiQWpvdXRlciB1bmUgbMOpZ2VuZGUiO3M6NToic3ZfU0UiO3M6MTk6IkzDpGdnIHRpbGwgYmlsZHRleHQiO31zOjU6IndpZHRoIjtzOjA6IiI7czo2OiJoZWlnaHQiO3M6MDoiIjtzOjg6InJlYWRvbmx5IjtkOjA7czoyMToiZXhwYW5kX2NvbGxhcHNlX3ZhbHVlIjtzOjc6ImJ1YmJsZXMiO3M6MjQ6ImV4cGFuZF9jb2xsYXBzZV9ub192YWx1ZSI7czo3OiJidWJibGVzIjtzOjE2OiJ1c2V3eXNpd3lnZWRpdG9yIjtkOjA7czoxNzoiZG9jdW1lbnRhdGlvbl91cmwiO3M6MDoiIjtzOjE1OiJkaXNwbGF5VGVtcGxhdGUiO3M6MDoiIjtzOjIyOiJidW5kbGVUeXBlUmVzdHJpY3Rpb25zIjtzOjA6IiI7czozNzoiYnVuZGxlVHlwZVJlc3RyaWN0aW9uc0luY2x1ZGVTdWJ0eXBlcyI7aTowO30='),(64,19,'ca_attribute_set_item_is_prima','ca_set_items.set_item_is_primary',64,'YToxMzp7czo1OiJ3aWR0aCI7czowOiIiO3M6NjoiaGVpZ2h0IjtzOjA6IiI7czo4OiJyZWFkb25seSI7ZDowO3M6MjE6ImV4cGFuZF9jb2xsYXBzZV92YWx1ZSI7czo3OiJidWJibGVzIjtzOjI0OiJleHBhbmRfY29sbGFwc2Vfbm9fdmFsdWUiO3M6NzoiYnViYmxlcyI7czo0OiJzb3J0IjtzOjE6IjEiO3M6MTM6InNvcnREaXJlY3Rpb24iO3M6MzoiQVNDIjtzOjEzOiJjb2xvckV2ZW5JdGVtIjtzOjA6IiI7czoxMjoiY29sb3JPZGRJdGVtIjtzOjA6IiI7czoxNToiZGlzcGxheVRlbXBsYXRlIjtzOjA6IiI7czoxNzoiZG9jdW1lbnRhdGlvbl91cmwiO3M6MDoiIjtzOjIyOiJidW5kbGVUeXBlUmVzdHJpY3Rpb25zIjtzOjA6IiI7czozNzoiYnVuZGxlVHlwZVJlc3RyaWN0aW9uc0luY2x1ZGVTdWJ0eXBlcyI7aTowO30='),(65,19,'ca_attribute_set_item_descript','ca_set_items.set_item_description',65,'YToxNDp7czo1OiJ3aWR0aCI7czowOiIiO3M6NjoiaGVpZ2h0IjtzOjA6IiI7czo4OiJyZWFkb25seSI7ZDowO3M6MjE6ImV4cGFuZF9jb2xsYXBzZV92YWx1ZSI7czo3OiJidWJibGVzIjtzOjI0OiJleHBhbmRfY29sbGFwc2Vfbm9fdmFsdWUiO3M6NzoiYnViYmxlcyI7czo0OiJzb3J0IjtzOjE6IjEiO3M6MTM6InNvcnREaXJlY3Rpb24iO3M6MzoiQVNDIjtzOjEzOiJjb2xvckV2ZW5JdGVtIjtzOjA6IiI7czoxMjoiY29sb3JPZGRJdGVtIjtzOjA6IiI7czoxNToiZGlzcGxheVRlbXBsYXRlIjtzOjA6IiI7czoxNzoiZG9jdW1lbnRhdGlvbl91cmwiO3M6MDoiIjtzOjE2OiJ1c2V3eXNpd3lnZWRpdG9yIjtzOjA6IiI7czoyMjoiYnVuZGxlVHlwZVJlc3RyaWN0aW9ucyI7czowOiIiO3M6Mzc6ImJ1bmRsZVR5cGVSZXN0cmljdGlvbnNJbmNsdWRlU3VidHlwZXMiO2k6MDt9'),(66,21,'preferred_labels','preferred_labels',66,'YToxMDp7czo1OiJsYWJlbCI7YTo0OntzOjU6ImVuX1VTIjtzOjk6IkZvcm0gbmFtZSI7czo1OiJlbl9DQSI7czo5OiJGb3JtIG5hbWUiO3M6NToiZnJfRlIiO3M6MTc6Ik5vbSBkdSBmb3JtdWxhaXJlIjtzOjU6InN2X1NFIjtzOjE0OiJGb3JtdWzDpHIgbmFtbiI7fXM6OToiYWRkX2xhYmVsIjthOjQ6e3M6NToiZW5fVVMiO3M6MTM6IkFkZCBmb3JtIG5hbWUiO3M6NToiZW5fQ0EiO3M6MTM6IkFkZCBmb3JtIG5hbWUiO3M6NToiZnJfRlIiO3M6Mjg6IkFqb3V0ZXIgdW4gbm9tIGRlIGZvcm11bGFpcmUiO3M6NToic3ZfU0UiO3M6MjQ6IkzDpGdnIHRpbGwgZm9ybXVsw6RybmFtbiI7fXM6NToid2lkdGgiO3M6MDoiIjtzOjY6ImhlaWdodCI7czowOiIiO3M6ODoicmVhZG9ubHkiO2Q6MDtzOjIxOiJleHBhbmRfY29sbGFwc2VfdmFsdWUiO3M6NzoiYnViYmxlcyI7czoyNDoiZXhwYW5kX2NvbGxhcHNlX25vX3ZhbHVlIjtzOjc6ImJ1YmJsZXMiO3M6MTY6InVzZXd5c2l3eWdlZGl0b3IiO2Q6MDtzOjE3OiJkb2N1bWVudGF0aW9uX3VybCI7czowOiIiO3M6MTU6ImRpc3BsYXlUZW1wbGF0ZSI7czowOiIiO30='),(67,21,'form_code','form_code',67,'YTo3OntzOjU6IndpZHRoIjtzOjA6IiI7czo2OiJoZWlnaHQiO3M6MDoiIjtzOjg6InJlYWRvbmx5IjtkOjA7czoyMToiZXhwYW5kX2NvbGxhcHNlX3ZhbHVlIjtzOjc6ImJ1YmJsZXMiO3M6MjQ6ImV4cGFuZF9jb2xsYXBzZV9ub192YWx1ZSI7czo3OiJidWJibGVzIjtzOjE3OiJkb2N1bWVudGF0aW9uX3VybCI7czowOiIiO3M6MTY6InVzZXd5c2l3eWdlZGl0b3IiO2Q6MDt9'),(68,21,'is_system','is_system',68,'YTo2OntzOjU6IndpZHRoIjtzOjA6IiI7czo2OiJoZWlnaHQiO3M6MDoiIjtzOjg6InJlYWRvbmx5IjtkOjA7czoyMToiZXhwYW5kX2NvbGxhcHNlX3ZhbHVlIjtzOjc6ImJ1YmJsZXMiO3M6MjQ6ImV4cGFuZF9jb2xsYXBzZV9ub192YWx1ZSI7czo3OiJidWJibGVzIjtzOjE3OiJkb2N1bWVudGF0aW9uX3VybCI7czowOiIiO30='),(69,21,'ca_search_form_placements','ca_search_form_placements',69,'YTo2OntzOjU6IndpZHRoIjtzOjA6IiI7czo2OiJoZWlnaHQiO3M6MDoiIjtzOjg6InJlYWRvbmx5IjtkOjA7czoyMToiZXhwYW5kX2NvbGxhcHNlX3ZhbHVlIjtzOjc6ImJ1YmJsZXMiO3M6MjQ6ImV4cGFuZF9jb2xsYXBzZV9ub192YWx1ZSI7czo3OiJidWJibGVzIjtzOjE3OiJkb2N1bWVudGF0aW9uX3VybCI7czowOiIiO30='),(70,21,'ca_settings','settings',70,'YTo2OntzOjU6IndpZHRoIjtzOjA6IiI7czo2OiJoZWlnaHQiO3M6MDoiIjtzOjg6InJlYWRvbmx5IjtkOjA7czoyMToiZXhwYW5kX2NvbGxhcHNlX3ZhbHVlIjtzOjc6ImJ1YmJsZXMiO3M6MjQ6ImV4cGFuZF9jb2xsYXBzZV9ub192YWx1ZSI7czo3OiJidWJibGVzIjtzOjE3OiJkb2N1bWVudGF0aW9uX3VybCI7czowOiIiO30='),(71,21,'ca_search_form_type_restrictio','ca_search_form_type_restrictions',71,'YTo2OntzOjU6IndpZHRoIjtzOjA6IiI7czo2OiJoZWlnaHQiO3M6MDoiIjtzOjg6InJlYWRvbmx5IjtkOjA7czoyMToiZXhwYW5kX2NvbGxhcHNlX3ZhbHVlIjtzOjc6ImJ1YmJsZXMiO3M6MjQ6ImV4cGFuZF9jb2xsYXBzZV9ub192YWx1ZSI7czo3OiJidWJibGVzIjtzOjE3OiJkb2N1bWVudGF0aW9uX3VybCI7czowOiIiO30='),(72,21,'ca_users','ca_users',72,'YTo2OntzOjU6IndpZHRoIjtzOjA6IiI7czo2OiJoZWlnaHQiO3M6MDoiIjtzOjg6InJlYWRvbmx5IjtkOjA7czoyMToiZXhwYW5kX2NvbGxhcHNlX3ZhbHVlIjtzOjc6ImJ1YmJsZXMiO3M6MjQ6ImV4cGFuZF9jb2xsYXBzZV9ub192YWx1ZSI7czo3OiJidWJibGVzIjtzOjE3OiJkb2N1bWVudGF0aW9uX3VybCI7czowOiIiO30='),(73,21,'ca_user_groups','ca_user_groups',73,'YTo2OntzOjU6IndpZHRoIjtzOjA6IiI7czo2OiJoZWlnaHQiO3M6MDoiIjtzOjg6InJlYWRvbmx5IjtkOjA7czoyMToiZXhwYW5kX2NvbGxhcHNlX3ZhbHVlIjtzOjc6ImJ1YmJsZXMiO3M6MjQ6ImV4cGFuZF9jb2xsYXBzZV9ub192YWx1ZSI7czo3OiJidWJibGVzIjtzOjE3OiJkb2N1bWVudGF0aW9uX3VybCI7czowOiIiO30='),(74,23,'preferred_labels','preferred_labels',74,'YToxMDp7czo1OiJsYWJlbCI7YTo0OntzOjU6ImVuX1VTIjtzOjE3OiJEaXNwbGF5IGxpc3QgbmFtZSI7czo1OiJlbl9DQSI7czoxNzoiRGlzcGxheSBsaXN0IG5hbWUiO3M6NToiZnJfRlIiO3M6MTU6Ik5vbSBkZSBsYSBsaXN0ZSI7czo1OiJzdl9TRSI7czoxNjoiRGlzcGxheSBsaXN0bmFtbiI7fXM6OToiYWRkX2xhYmVsIjthOjQ6e3M6NToiZW5fVVMiO3M6MjE6IkFkZCBkaXNwbGF5IGxpc3QgbmFtZSI7czo1OiJlbl9DQSI7czoyMToiQWRkIGRpc3BsYXkgbGlzdCBuYW1lIjtzOjU6ImZyX0ZSIjtzOjIzOiJBam91dGVyIHVuIG5vbSBkZSBsaXN0ZSI7czo1OiJzdl9TRSI7czoyNzoiTMOkZ2cgdGlsbCBkaXNwbGF5IGxpc3RuYW1uIjt9czo1OiJ3aWR0aCI7czowOiIiO3M6NjoiaGVpZ2h0IjtzOjA6IiI7czo4OiJyZWFkb25seSI7ZDowO3M6MjE6ImV4cGFuZF9jb2xsYXBzZV92YWx1ZSI7czo3OiJidWJibGVzIjtzOjI0OiJleHBhbmRfY29sbGFwc2Vfbm9fdmFsdWUiO3M6NzoiYnViYmxlcyI7czoxNjoidXNld3lzaXd5Z2VkaXRvciI7ZDowO3M6MTc6ImRvY3VtZW50YXRpb25fdXJsIjtzOjA6IiI7czoxNToiZGlzcGxheVRlbXBsYXRlIjtzOjA6IiI7fQ=='),(75,23,'display_code','display_code',75,'YTo3OntzOjU6IndpZHRoIjtzOjA6IiI7czo2OiJoZWlnaHQiO3M6MDoiIjtzOjg6InJlYWRvbmx5IjtkOjA7czoyMToiZXhwYW5kX2NvbGxhcHNlX3ZhbHVlIjtzOjc6ImJ1YmJsZXMiO3M6MjQ6ImV4cGFuZF9jb2xsYXBzZV9ub192YWx1ZSI7czo3OiJidWJibGVzIjtzOjE3OiJkb2N1bWVudGF0aW9uX3VybCI7czowOiIiO3M6MTY6InVzZXd5c2l3eWdlZGl0b3IiO2Q6MDt9'),(76,23,'is_system','is_system',76,'YTo2OntzOjU6IndpZHRoIjtzOjA6IiI7czo2OiJoZWlnaHQiO3M6MDoiIjtzOjg6InJlYWRvbmx5IjtkOjA7czoyMToiZXhwYW5kX2NvbGxhcHNlX3ZhbHVlIjtzOjc6ImJ1YmJsZXMiO3M6MjQ6ImV4cGFuZF9jb2xsYXBzZV9ub192YWx1ZSI7czo3OiJidWJibGVzIjtzOjE3OiJkb2N1bWVudGF0aW9uX3VybCI7czowOiIiO30='),(77,23,'settings','settings',77,'YTo2OntzOjU6IndpZHRoIjtzOjA6IiI7czo2OiJoZWlnaHQiO3M6MDoiIjtzOjg6InJlYWRvbmx5IjtkOjA7czoyMToiZXhwYW5kX2NvbGxhcHNlX3ZhbHVlIjtzOjc6ImJ1YmJsZXMiO3M6MjQ6ImV4cGFuZF9jb2xsYXBzZV9ub192YWx1ZSI7czo3OiJidWJibGVzIjtzOjE3OiJkb2N1bWVudGF0aW9uX3VybCI7czowOiIiO30='),(78,23,'ca_bundle_display_type_restric','ca_bundle_display_type_restrictions',78,'YTo2OntzOjU6IndpZHRoIjtzOjA6IiI7czo2OiJoZWlnaHQiO3M6MDoiIjtzOjg6InJlYWRvbmx5IjtkOjA7czoyMToiZXhwYW5kX2NvbGxhcHNlX3ZhbHVlIjtzOjc6ImJ1YmJsZXMiO3M6MjQ6ImV4cGFuZF9jb2xsYXBzZV9ub192YWx1ZSI7czo3OiJidWJibGVzIjtzOjE3OiJkb2N1bWVudGF0aW9uX3VybCI7czowOiIiO30='),(79,23,'ca_users','ca_users',79,'YTo2OntzOjU6IndpZHRoIjtzOjA6IiI7czo2OiJoZWlnaHQiO3M6MDoiIjtzOjg6InJlYWRvbmx5IjtkOjA7czoyMToiZXhwYW5kX2NvbGxhcHNlX3ZhbHVlIjtzOjc6ImJ1YmJsZXMiO3M6MjQ6ImV4cGFuZF9jb2xsYXBzZV9ub192YWx1ZSI7czo3OiJidWJibGVzIjtzOjE3OiJkb2N1bWVudGF0aW9uX3VybCI7czowOiIiO30='),(80,23,'ca_user_groups','ca_user_groups',80,'YTo2OntzOjU6IndpZHRoIjtzOjA6IiI7czo2OiJoZWlnaHQiO3M6MDoiIjtzOjg6InJlYWRvbmx5IjtkOjA7czoyMToiZXhwYW5kX2NvbGxhcHNlX3ZhbHVlIjtzOjc6ImJ1YmJsZXMiO3M6MjQ6ImV4cGFuZF9jb2xsYXBzZV9ub192YWx1ZSI7czo3OiJidWJibGVzIjtzOjE3OiJkb2N1bWVudGF0aW9uX3VybCI7czowOiIiO30='),(81,24,'ca_bundle_display_placements','ca_bundle_display_placements',81,'YTo2OntzOjU6IndpZHRoIjtzOjA6IiI7czo2OiJoZWlnaHQiO3M6MDoiIjtzOjg6InJlYWRvbmx5IjtkOjA7czoyMToiZXhwYW5kX2NvbGxhcHNlX3ZhbHVlIjtzOjc6ImJ1YmJsZXMiO3M6MjQ6ImV4cGFuZF9jb2xsYXBzZV9ub192YWx1ZSI7czo3OiJidWJibGVzIjtzOjE3OiJkb2N1bWVudGF0aW9uX3VybCI7czowOiIiO30='),(82,26,'preferred_labels','preferred_labels',82,'YToxMDp7czo1OiJsYWJlbCI7YToxOntzOjU6ImVuX1VTIjtzOjI0OiJNZXRhZGF0YSBhbGVydCBydWxlIG5hbWUiO31zOjk6ImFkZF9sYWJlbCI7YToxOntzOjU6ImVuX1VTIjtzOjg6IkFkZCBuYW1lIjt9czo1OiJ3aWR0aCI7czowOiIiO3M6NjoiaGVpZ2h0IjtzOjA6IiI7czo4OiJyZWFkb25seSI7ZDowO3M6MjE6ImV4cGFuZF9jb2xsYXBzZV92YWx1ZSI7czo3OiJidWJibGVzIjtzOjI0OiJleHBhbmRfY29sbGFwc2Vfbm9fdmFsdWUiO3M6NzoiYnViYmxlcyI7czoxNjoidXNld3lzaXd5Z2VkaXRvciI7ZDowO3M6MTc6ImRvY3VtZW50YXRpb25fdXJsIjtzOjA6IiI7czoxNToiZGlzcGxheVRlbXBsYXRlIjtzOjA6IiI7fQ=='),(83,26,'ca_metadata_alert_triggers','ca_metadata_alert_triggers',83,'YTo2OntzOjU6IndpZHRoIjtzOjA6IiI7czo2OiJoZWlnaHQiO3M6MDoiIjtzOjg6InJlYWRvbmx5IjtkOjA7czoyMToiZXhwYW5kX2NvbGxhcHNlX3ZhbHVlIjtzOjc6ImJ1YmJsZXMiO3M6MjQ6ImV4cGFuZF9jb2xsYXBzZV9ub192YWx1ZSI7czo3OiJidWJibGVzIjtzOjE3OiJkb2N1bWVudGF0aW9uX3VybCI7czowOiIiO30='),(84,26,'ca_users','ca_users',84,'YTo4OntzOjU6ImxhYmVsIjthOjE6e3M6NToiZW5fVVMiO3M6MTU6IlJlY2lwaWVudCB1c2VycyI7fXM6OToiYWRkX2xhYmVsIjthOjE6e3M6NToiZW5fVVMiO3M6ODoiQWRkIHVzZXIiO31zOjU6IndpZHRoIjtzOjA6IiI7czo2OiJoZWlnaHQiO3M6MDoiIjtzOjg6InJlYWRvbmx5IjtkOjA7czoyMToiZXhwYW5kX2NvbGxhcHNlX3ZhbHVlIjtzOjc6ImJ1YmJsZXMiO3M6MjQ6ImV4cGFuZF9jb2xsYXBzZV9ub192YWx1ZSI7czo3OiJidWJibGVzIjtzOjE3OiJkb2N1bWVudGF0aW9uX3VybCI7czowOiIiO30='),(85,26,'ca_user_groups','ca_user_groups',85,'YTo4OntzOjU6ImxhYmVsIjthOjE6e3M6NToiZW5fVVMiO3M6MjE6IlJlY2lwaWVudCB1c2VyIGdyb3VwcyI7fXM6OToiYWRkX2xhYmVsIjthOjE6e3M6NToiZW5fVVMiO3M6OToiQWRkIGdyb3VwIjt9czo1OiJ3aWR0aCI7czowOiIiO3M6NjoiaGVpZ2h0IjtzOjA6IiI7czo4OiJyZWFkb25seSI7ZDowO3M6MjE6ImV4cGFuZF9jb2xsYXBzZV92YWx1ZSI7czo3OiJidWJibGVzIjtzOjI0OiJleHBhbmRfY29sbGFwc2Vfbm9fdmFsdWUiO3M6NzoiYnViYmxlcyI7czoxNzoiZG9jdW1lbnRhdGlvbl91cmwiO3M6MDoiIjt9'),(86,26,'ca_metadata_alert_rule_type_re','ca_metadata_alert_rule_type_restrictions',86,'YTo2OntzOjU6IndpZHRoIjtzOjA6IiI7czo2OiJoZWlnaHQiO3M6MDoiIjtzOjg6InJlYWRvbmx5IjtkOjA7czoyMToiZXhwYW5kX2NvbGxhcHNlX3ZhbHVlIjtzOjc6ImJ1YmJsZXMiO3M6MjQ6ImV4cGFuZF9jb2xsYXBzZV9ub192YWx1ZSI7czo3OiJidWJibGVzIjtzOjE3OiJkb2N1bWVudGF0aW9uX3VybCI7czowOiIiO30='),(87,26,'code','code',87,'YTo3OntzOjU6IndpZHRoIjtzOjA6IiI7czo2OiJoZWlnaHQiO3M6MDoiIjtzOjg6InJlYWRvbmx5IjtkOjA7czoyMToiZXhwYW5kX2NvbGxhcHNlX3ZhbHVlIjtzOjc6ImJ1YmJsZXMiO3M6MjQ6ImV4cGFuZF9jb2xsYXBzZV9ub192YWx1ZSI7czo3OiJidWJibGVzIjtzOjE3OiJkb2N1bWVudGF0aW9uX3VybCI7czowOiIiO3M6MTY6InVzZXd5c2l3eWdlZGl0b3IiO2Q6MDt9'),(88,28,'preferred_labels','preferred_labels',88,'YToxMjp7czo1OiJsYWJlbCI7YTo0OntzOjU6ImVuX1VTIjtzOjEwOiJUb3VyIHRpdGxlIjtzOjU6ImVuX0NBIjtzOjEwOiJUb3VyIHRpdGxlIjtzOjU6ImZyX0ZSIjtzOjEwOiJUb3VyIHRpdGxlIjtzOjU6InN2X1NFIjtzOjk6IlR1ciB0aXRlbCI7fXM6OToiYWRkX2xhYmVsIjthOjQ6e3M6NToiZW5fVVMiO3M6OToiQWRkIHRpdGxlIjtzOjU6ImVuX0NBIjtzOjk6IkFkZCB0aXRsZSI7czo1OiJmcl9GUiI7czo5OiJBZGQgdGl0bGUiO3M6NToic3ZfU0UiO3M6MTY6IkzDpGdnIHRpbGwgdGl0ZWwiO31zOjU6IndpZHRoIjtzOjA6IiI7czo2OiJoZWlnaHQiO3M6MDoiIjtzOjg6InJlYWRvbmx5IjtkOjA7czoyMToiZXhwYW5kX2NvbGxhcHNlX3ZhbHVlIjtzOjc6ImJ1YmJsZXMiO3M6MjQ6ImV4cGFuZF9jb2xsYXBzZV9ub192YWx1ZSI7czo3OiJidWJibGVzIjtzOjE2OiJ1c2V3eXNpd3lnZWRpdG9yIjtkOjA7czoxNzoiZG9jdW1lbnRhdGlvbl91cmwiO3M6MDoiIjtzOjE1OiJkaXNwbGF5VGVtcGxhdGUiO3M6MDoiIjtzOjIyOiJidW5kbGVUeXBlUmVzdHJpY3Rpb25zIjtzOjA6IiI7czozNzoiYnVuZGxlVHlwZVJlc3RyaWN0aW9uc0luY2x1ZGVTdWJ0eXBlcyI7aTowO30='),(89,28,'tour_code','tour_code',89,'YTo5OntzOjU6IndpZHRoIjtzOjA6IiI7czo2OiJoZWlnaHQiO3M6MDoiIjtzOjg6InJlYWRvbmx5IjtkOjA7czoyMToiZXhwYW5kX2NvbGxhcHNlX3ZhbHVlIjtzOjc6ImJ1YmJsZXMiO3M6MjQ6ImV4cGFuZF9jb2xsYXBzZV9ub192YWx1ZSI7czo3OiJidWJibGVzIjtzOjE3OiJkb2N1bWVudGF0aW9uX3VybCI7czowOiIiO3M6MTY6InVzZXd5c2l3eWdlZGl0b3IiO2Q6MDtzOjIyOiJidW5kbGVUeXBlUmVzdHJpY3Rpb25zIjtzOjA6IiI7czozNzoiYnVuZGxlVHlwZVJlc3RyaWN0aW9uc0luY2x1ZGVTdWJ0eXBlcyI7aTowO30='),(90,28,'ca_attribute_tour_description','ca_tours.tour_description',90,'YToxNDp7czo1OiJ3aWR0aCI7czowOiIiO3M6NjoiaGVpZ2h0IjtzOjA6IiI7czo4OiJyZWFkb25seSI7ZDowO3M6MjE6ImV4cGFuZF9jb2xsYXBzZV92YWx1ZSI7czo3OiJidWJibGVzIjtzOjI0OiJleHBhbmRfY29sbGFwc2Vfbm9fdmFsdWUiO3M6NzoiYnViYmxlcyI7czo0OiJzb3J0IjtzOjE6IjEiO3M6MTM6InNvcnREaXJlY3Rpb24iO3M6MzoiQVNDIjtzOjEzOiJjb2xvckV2ZW5JdGVtIjtzOjA6IiI7czoxMjoiY29sb3JPZGRJdGVtIjtzOjA6IiI7czoxNToiZGlzcGxheVRlbXBsYXRlIjtzOjA6IiI7czoxNzoiZG9jdW1lbnRhdGlvbl91cmwiO3M6MDoiIjtzOjE2OiJ1c2V3eXNpd3lnZWRpdG9yIjtzOjA6IiI7czoyMjoiYnVuZGxlVHlwZVJlc3RyaWN0aW9ucyI7czowOiIiO3M6Mzc6ImJ1bmRsZVR5cGVSZXN0cmljdGlvbnNJbmNsdWRlU3VidHlwZXMiO2k6MDt9'),(91,28,'icon','icon',91,'YTo4OntzOjU6IndpZHRoIjtzOjA6IiI7czo2OiJoZWlnaHQiO3M6MDoiIjtzOjg6InJlYWRvbmx5IjtkOjA7czoyMToiZXhwYW5kX2NvbGxhcHNlX3ZhbHVlIjtzOjc6ImJ1YmJsZXMiO3M6MjQ6ImV4cGFuZF9jb2xsYXBzZV9ub192YWx1ZSI7czo3OiJidWJibGVzIjtzOjE3OiJkb2N1bWVudGF0aW9uX3VybCI7czowOiIiO3M6MjI6ImJ1bmRsZVR5cGVSZXN0cmljdGlvbnMiO3M6MDoiIjtzOjM3OiJidW5kbGVUeXBlUmVzdHJpY3Rpb25zSW5jbHVkZVN1YnR5cGVzIjtpOjA7fQ=='),(92,28,'color','color',92,'YTo5OntzOjU6IndpZHRoIjtzOjA6IiI7czo2OiJoZWlnaHQiO3M6MDoiIjtzOjg6InJlYWRvbmx5IjtkOjA7czoyMToiZXhwYW5kX2NvbGxhcHNlX3ZhbHVlIjtzOjc6ImJ1YmJsZXMiO3M6MjQ6ImV4cGFuZF9jb2xsYXBzZV9ub192YWx1ZSI7czo3OiJidWJibGVzIjtzOjE3OiJkb2N1bWVudGF0aW9uX3VybCI7czowOiIiO3M6MTY6InVzZXd5c2l3eWdlZGl0b3IiO2Q6MDtzOjIyOiJidW5kbGVUeXBlUmVzdHJpY3Rpb25zIjtzOjA6IiI7czozNzoiYnVuZGxlVHlwZVJlc3RyaWN0aW9uc0luY2x1ZGVTdWJ0eXBlcyI7aTowO30='),(93,28,'access','access',93,'YTo4OntzOjU6IndpZHRoIjtzOjA6IiI7czo2OiJoZWlnaHQiO3M6MDoiIjtzOjg6InJlYWRvbmx5IjtkOjA7czoyMToiZXhwYW5kX2NvbGxhcHNlX3ZhbHVlIjtzOjc6ImJ1YmJsZXMiO3M6MjQ6ImV4cGFuZF9jb2xsYXBzZV9ub192YWx1ZSI7czo3OiJidWJibGVzIjtzOjE3OiJkb2N1bWVudGF0aW9uX3VybCI7czowOiIiO3M6MjI6ImJ1bmRsZVR5cGVSZXN0cmljdGlvbnMiO3M6MDoiIjtzOjM3OiJidW5kbGVUeXBlUmVzdHJpY3Rpb25zSW5jbHVkZVN1YnR5cGVzIjtpOjA7fQ=='),(94,28,'status','status',94,'YTo4OntzOjU6IndpZHRoIjtzOjA6IiI7czo2OiJoZWlnaHQiO3M6MDoiIjtzOjg6InJlYWRvbmx5IjtkOjA7czoyMToiZXhwYW5kX2NvbGxhcHNlX3ZhbHVlIjtzOjc6ImJ1YmJsZXMiO3M6MjQ6ImV4cGFuZF9jb2xsYXBzZV9ub192YWx1ZSI7czo3OiJidWJibGVzIjtzOjE3OiJkb2N1bWVudGF0aW9uX3VybCI7czowOiIiO3M6MjI6ImJ1bmRsZVR5cGVSZXN0cmljdGlvbnMiO3M6MDoiIjtzOjM3OiJidW5kbGVUeXBlUmVzdHJpY3Rpb25zSW5jbHVkZVN1YnR5cGVzIjtpOjA7fQ=='),(95,31,'preferred_labels','preferred_labels',95,'YToxMjp7czo1OiJsYWJlbCI7YTo0OntzOjU6ImVuX1VTIjtzOjE1OiJUb3VyIHN0b3AgdGl0bGUiO3M6NToiZW5fQ0EiO3M6MTU6IlRvdXIgc3RvcCB0aXRsZSI7czo1OiJmcl9GUiI7czoxNToiVG91ciBzdG9wIHRpdGxlIjtzOjU6InN2X1NFIjtzOjE1OiJUdXIgc3RvcHAgdGl0ZWwiO31zOjk6ImFkZF9sYWJlbCI7YTo0OntzOjU6ImVuX1VTIjtzOjk6IkFkZCB0aXRsZSI7czo1OiJlbl9DQSI7czo5OiJBZGQgdGl0bGUiO3M6NToiZnJfRlIiO3M6OToiQWRkIHRpdGxlIjtzOjU6InN2X1NFIjtzOjE2OiJMw6RnZyB0aWxsIHRpdGVsIjt9czo1OiJ3aWR0aCI7czowOiIiO3M6NjoiaGVpZ2h0IjtzOjA6IiI7czo4OiJyZWFkb25seSI7ZDowO3M6MjE6ImV4cGFuZF9jb2xsYXBzZV92YWx1ZSI7czo3OiJidWJibGVzIjtzOjI0OiJleHBhbmRfY29sbGFwc2Vfbm9fdmFsdWUiO3M6NzoiYnViYmxlcyI7czoxNjoidXNld3lzaXd5Z2VkaXRvciI7ZDowO3M6MTc6ImRvY3VtZW50YXRpb25fdXJsIjtzOjA6IiI7czoxNToiZGlzcGxheVRlbXBsYXRlIjtzOjA6IiI7czoyMjoiYnVuZGxlVHlwZVJlc3RyaWN0aW9ucyI7czowOiIiO3M6Mzc6ImJ1bmRsZVR5cGVSZXN0cmljdGlvbnNJbmNsdWRlU3VidHlwZXMiO2k6MDt9'),(96,31,'idno','idno',96,'YTo5OntzOjU6IndpZHRoIjtzOjA6IiI7czo2OiJoZWlnaHQiO3M6MDoiIjtzOjg6InJlYWRvbmx5IjtkOjA7czoyMToiZXhwYW5kX2NvbGxhcHNlX3ZhbHVlIjtzOjc6ImJ1YmJsZXMiO3M6MjQ6ImV4cGFuZF9jb2xsYXBzZV9ub192YWx1ZSI7czo3OiJidWJibGVzIjtzOjE3OiJkb2N1bWVudGF0aW9uX3VybCI7czowOiIiO3M6MTY6InVzZXd5c2l3eWdlZGl0b3IiO2Q6MDtzOjIyOiJidW5kbGVUeXBlUmVzdHJpY3Rpb25zIjtzOjA6IiI7czozNzoiYnVuZGxlVHlwZVJlc3RyaWN0aW9uc0luY2x1ZGVTdWJ0eXBlcyI7aTowO30='),(97,31,'ca_attribute_tour_stop_descrip','ca_tour_stops.tour_stop_description',97,'YToxNDp7czo1OiJ3aWR0aCI7czowOiIiO3M6NjoiaGVpZ2h0IjtzOjA6IiI7czo4OiJyZWFkb25seSI7ZDowO3M6MjE6ImV4cGFuZF9jb2xsYXBzZV92YWx1ZSI7czo3OiJidWJibGVzIjtzOjI0OiJleHBhbmRfY29sbGFwc2Vfbm9fdmFsdWUiO3M6NzoiYnViYmxlcyI7czo0OiJzb3J0IjtzOjE6IjEiO3M6MTM6InNvcnREaXJlY3Rpb24iO3M6MzoiQVNDIjtzOjEzOiJjb2xvckV2ZW5JdGVtIjtzOjA6IiI7czoxMjoiY29sb3JPZGRJdGVtIjtzOjA6IiI7czoxNToiZGlzcGxheVRlbXBsYXRlIjtzOjA6IiI7czoxNzoiZG9jdW1lbnRhdGlvbl91cmwiO3M6MDoiIjtzOjE2OiJ1c2V3eXNpd3lnZWRpdG9yIjtzOjA6IiI7czoyMjoiYnVuZGxlVHlwZVJlc3RyaWN0aW9ucyI7czowOiIiO3M6Mzc6ImJ1bmRsZVR5cGVSZXN0cmljdGlvbnNJbmNsdWRlU3VidHlwZXMiO2k6MDt9'),(98,31,'ca_attribute_tour_stop_georefe','ca_tour_stops.tour_stop_georeference',98,'YToxMzp7czo1OiJ3aWR0aCI7czowOiIiO3M6NjoiaGVpZ2h0IjtzOjA6IiI7czo4OiJyZWFkb25seSI7ZDowO3M6MjE6ImV4cGFuZF9jb2xsYXBzZV92YWx1ZSI7czo3OiJidWJibGVzIjtzOjI0OiJleHBhbmRfY29sbGFwc2Vfbm9fdmFsdWUiO3M6NzoiYnViYmxlcyI7czo0OiJzb3J0IjtzOjE6IjEiO3M6MTM6InNvcnREaXJlY3Rpb24iO3M6MzoiQVNDIjtzOjEzOiJjb2xvckV2ZW5JdGVtIjtzOjA6IiI7czoxMjoiY29sb3JPZGRJdGVtIjtzOjA6IiI7czoxNToiZGlzcGxheVRlbXBsYXRlIjtzOjA6IiI7czoxNzoiZG9jdW1lbnRhdGlvbl91cmwiO3M6MDoiIjtzOjIyOiJidW5kbGVUeXBlUmVzdHJpY3Rpb25zIjtzOjA6IiI7czozNzoiYnVuZGxlVHlwZVJlc3RyaWN0aW9uc0luY2x1ZGVTdWJ0eXBlcyI7aTowO30='),(99,31,'icon','icon',99,'YTo4OntzOjU6IndpZHRoIjtzOjA6IiI7czo2OiJoZWlnaHQiO3M6MDoiIjtzOjg6InJlYWRvbmx5IjtkOjA7czoyMToiZXhwYW5kX2NvbGxhcHNlX3ZhbHVlIjtzOjc6ImJ1YmJsZXMiO3M6MjQ6ImV4cGFuZF9jb2xsYXBzZV9ub192YWx1ZSI7czo3OiJidWJibGVzIjtzOjE3OiJkb2N1bWVudGF0aW9uX3VybCI7czowOiIiO3M6MjI6ImJ1bmRsZVR5cGVSZXN0cmljdGlvbnMiO3M6MDoiIjtzOjM3OiJidW5kbGVUeXBlUmVzdHJpY3Rpb25zSW5jbHVkZVN1YnR5cGVzIjtpOjA7fQ=='),(100,31,'color','color',100,'YTo5OntzOjU6IndpZHRoIjtzOjA6IiI7czo2OiJoZWlnaHQiO3M6MDoiIjtzOjg6InJlYWRvbmx5IjtkOjA7czoyMToiZXhwYW5kX2NvbGxhcHNlX3ZhbHVlIjtzOjc6ImJ1YmJsZXMiO3M6MjQ6ImV4cGFuZF9jb2xsYXBzZV9ub192YWx1ZSI7czo3OiJidWJibGVzIjtzOjE3OiJkb2N1bWVudGF0aW9uX3VybCI7czowOiIiO3M6MTY6InVzZXd5c2l3eWdlZGl0b3IiO2Q6MDtzOjIyOiJidW5kbGVUeXBlUmVzdHJpY3Rpb25zIjtzOjA6IiI7czozNzoiYnVuZGxlVHlwZVJlc3RyaWN0aW9uc0luY2x1ZGVTdWJ0eXBlcyI7aTowO30='),(101,31,'access','access',101,'YTo4OntzOjU6IndpZHRoIjtzOjA6IiI7czo2OiJoZWlnaHQiO3M6MDoiIjtzOjg6InJlYWRvbmx5IjtkOjA7czoyMToiZXhwYW5kX2NvbGxhcHNlX3ZhbHVlIjtzOjc6ImJ1YmJsZXMiO3M6MjQ6ImV4cGFuZF9jb2xsYXBzZV9ub192YWx1ZSI7czo3OiJidWJibGVzIjtzOjE3OiJkb2N1bWVudGF0aW9uX3VybCI7czowOiIiO3M6MjI6ImJ1bmRsZVR5cGVSZXN0cmljdGlvbnMiO3M6MDoiIjtzOjM3OiJidW5kbGVUeXBlUmVzdHJpY3Rpb25zSW5jbHVkZVN1YnR5cGVzIjtpOjA7fQ=='),(102,31,'status','status',102,'YTo4OntzOjU6IndpZHRoIjtzOjA6IiI7czo2OiJoZWlnaHQiO3M6MDoiIjtzOjg6InJlYWRvbmx5IjtkOjA7czoyMToiZXhwYW5kX2NvbGxhcHNlX3ZhbHVlIjtzOjc6ImJ1YmJsZXMiO3M6MjQ6ImV4cGFuZF9jb2xsYXBzZV9ub192YWx1ZSI7czo3OiJidWJibGVzIjtzOjE3OiJkb2N1bWVudGF0aW9uX3VybCI7czowOiIiO3M6MjI6ImJ1bmRsZVR5cGVSZXN0cmljdGlvbnMiO3M6MDoiIjtzOjM3OiJidW5kbGVUeXBlUmVzdHJpY3Rpb25zSW5jbHVkZVN1YnR5cGVzIjtpOjA7fQ=='),(103,32,'ca_objects','ca_objects',103,'YTozMjp7czo1OiJ3aWR0aCI7czowOiIiO3M6NjoiaGVpZ2h0IjtzOjA6IiI7czo4OiJyZWFkb25seSI7ZDowO3M6MjE6ImV4cGFuZF9jb2xsYXBzZV92YWx1ZSI7czo3OiJidWJibGVzIjtzOjI0OiJleHBhbmRfY29sbGFwc2Vfbm9fdmFsdWUiO3M6NzoiYnViYmxlcyI7czozMDoicmVzdHJpY3RfdG9fcmVsYXRpb25zaGlwX3R5cGVzIjthOjE6e2k6MDtzOjA6IiI7fXM6MTc6InJlc3RyaWN0X3RvX3R5cGVzIjthOjE6e2k6MDtzOjA6IiI7fXM6MTg6InJlc3RyaWN0X3RvX3NlYXJjaCI7czowOiIiO3M6MjQ6InJlc3RyaWN0X3RvX2FjY2Vzc19wb2ludCI7czowOiIiO3M6NDE6ImRvbnRfaW5jbHVkZV9zdWJ0eXBlc19pbl90eXBlX3Jlc3RyaWN0aW9uIjtpOjA7czoxMToibGlzdF9mb3JtYXQiO3M6NzoiYnViYmxlcyI7czo0OiJzb3J0IjtzOjA6IiI7czoxMzoic29ydERpcmVjdGlvbiI7czozOiJBU0MiO3M6MTQ6ImNvbG9yRmlyc3RJdGVtIjtzOjA6IiI7czo5OiJjb2xvckl0ZW0iO3M6MDoiIjtzOjEzOiJjb2xvckxhc3RJdGVtIjtzOjA6IiI7czoyMDoiZG9udFNob3dEZWxldGVCdXR0b24iO2k6MDtzOjE2OiJkaXNwbGF5X3RlbXBsYXRlIjtzOjA6IiI7czoxNzoiZG9jdW1lbnRhdGlvbl91cmwiO3M6MDoiIjtzOjIyOiJtaW5SZWxhdGlvbnNoaXBzUGVyUm93IjtkOjA7czoyMjoibWF4UmVsYXRpb25zaGlwc1BlclJvdyI7ZDowO3M6MTU6InNob3dDdXJyZW50T25seSI7aTowO3M6MjA6InNob3dDdXJyZW50VXNpbmdEYXRlIjtzOjA6IiI7czoxNToiZGlzYWJsZVF1aWNrYWRkIjtpOjA7czoyNToicHJlcG9wdWxhdGVRdWlja2FkZEZpZWxkcyI7czoxOiIwIjtzOjEyOiJkaXNhYmxlU29ydHMiO2k6MDtzOjk6InNob3dDb3VudCI7ZDowO3M6MjA6ImVmZmVjdGl2ZURhdGVEZWZhdWx0IjtzOjA6IiI7czoxMDoibnVtUGVyUGFnZSI7ZDoxMDA7czoyNToic2hvd1JldHVyblRvSG9tZUxvY2F0aW9ucyI7aTowO3M6MjI6ImJ1bmRsZVR5cGVSZXN0cmljdGlvbnMiO3M6MDoiIjtzOjM3OiJidW5kbGVUeXBlUmVzdHJpY3Rpb25zSW5jbHVkZVN1YnR5cGVzIjtpOjA7fQ=='),(104,32,'ca_entities','ca_entities',104,'YTozMTp7czo1OiJ3aWR0aCI7czowOiIiO3M6NjoiaGVpZ2h0IjtzOjA6IiI7czo4OiJyZWFkb25seSI7ZDowO3M6MjE6ImV4cGFuZF9jb2xsYXBzZV92YWx1ZSI7czo3OiJidWJibGVzIjtzOjI0OiJleHBhbmRfY29sbGFwc2Vfbm9fdmFsdWUiO3M6NzoiYnViYmxlcyI7czozMDoicmVzdHJpY3RfdG9fcmVsYXRpb25zaGlwX3R5cGVzIjthOjE6e2k6MDtzOjA6IiI7fXM6MTc6InJlc3RyaWN0X3RvX3R5cGVzIjthOjE6e2k6MDtzOjA6IiI7fXM6MTg6InJlc3RyaWN0X3RvX3NlYXJjaCI7czowOiIiO3M6MjQ6InJlc3RyaWN0X3RvX2FjY2Vzc19wb2ludCI7czowOiIiO3M6NDE6ImRvbnRfaW5jbHVkZV9zdWJ0eXBlc19pbl90eXBlX3Jlc3RyaWN0aW9uIjtpOjA7czoxMToibGlzdF9mb3JtYXQiO3M6NzoiYnViYmxlcyI7czo0OiJzb3J0IjtzOjA6IiI7czoxMzoic29ydERpcmVjdGlvbiI7czozOiJBU0MiO3M6MTQ6ImNvbG9yRmlyc3RJdGVtIjtzOjA6IiI7czo5OiJjb2xvckl0ZW0iO3M6MDoiIjtzOjEzOiJjb2xvckxhc3RJdGVtIjtzOjA6IiI7czoyMDoiZG9udFNob3dEZWxldGVCdXR0b24iO2k6MDtzOjE2OiJkaXNwbGF5X3RlbXBsYXRlIjtzOjA6IiI7czoxNzoiZG9jdW1lbnRhdGlvbl91cmwiO3M6MDoiIjtzOjIyOiJtaW5SZWxhdGlvbnNoaXBzUGVyUm93IjtkOjA7czoyMjoibWF4UmVsYXRpb25zaGlwc1BlclJvdyI7ZDowO3M6MTU6InNob3dDdXJyZW50T25seSI7aTowO3M6MjA6InNob3dDdXJyZW50VXNpbmdEYXRlIjtzOjA6IiI7czoxNToiZGlzYWJsZVF1aWNrYWRkIjtpOjA7czoyNToicHJlcG9wdWxhdGVRdWlja2FkZEZpZWxkcyI7czoxOiIwIjtzOjEyOiJkaXNhYmxlU29ydHMiO2k6MDtzOjk6InNob3dDb3VudCI7ZDowO3M6MjA6ImVmZmVjdGl2ZURhdGVEZWZhdWx0IjtzOjA6IiI7czoxMDoibnVtUGVyUGFnZSI7ZDoxMDA7czoyMjoiYnVuZGxlVHlwZVJlc3RyaWN0aW9ucyI7czowOiIiO3M6Mzc6ImJ1bmRsZVR5cGVSZXN0cmljdGlvbnNJbmNsdWRlU3VidHlwZXMiO2k6MDt9'),(105,32,'ca_places','ca_places',105,'YTozMzp7czo1OiJ3aWR0aCI7czowOiIiO3M6NjoiaGVpZ2h0IjtzOjA6IiI7czo4OiJyZWFkb25seSI7ZDowO3M6MjE6ImV4cGFuZF9jb2xsYXBzZV92YWx1ZSI7czo3OiJidWJibGVzIjtzOjI0OiJleHBhbmRfY29sbGFwc2Vfbm9fdmFsdWUiO3M6NzoiYnViYmxlcyI7czozMDoicmVzdHJpY3RfdG9fcmVsYXRpb25zaGlwX3R5cGVzIjthOjE6e2k6MDtzOjA6IiI7fXM6MTc6InJlc3RyaWN0X3RvX3R5cGVzIjthOjE6e2k6MDtzOjA6IiI7fXM6MTg6InJlc3RyaWN0X3RvX3NlYXJjaCI7czowOiIiO3M6MjQ6InJlc3RyaWN0X3RvX2FjY2Vzc19wb2ludCI7czowOiIiO3M6NDE6ImRvbnRfaW5jbHVkZV9zdWJ0eXBlc19pbl90eXBlX3Jlc3RyaWN0aW9uIjtpOjA7czoxMToibGlzdF9mb3JtYXQiO3M6NzoiYnViYmxlcyI7czo0OiJzb3J0IjtzOjA6IiI7czoxMzoic29ydERpcmVjdGlvbiI7czozOiJBU0MiO3M6MTQ6ImNvbG9yRmlyc3RJdGVtIjtzOjA6IiI7czo5OiJjb2xvckl0ZW0iO3M6MDoiIjtzOjEzOiJjb2xvckxhc3RJdGVtIjtzOjA6IiI7czoyMDoiZG9udFNob3dEZWxldGVCdXR0b24iO2k6MDtzOjE2OiJkaXNwbGF5X3RlbXBsYXRlIjtzOjA6IiI7czoxNzoiZG9jdW1lbnRhdGlvbl91cmwiO3M6MDoiIjtzOjIyOiJtaW5SZWxhdGlvbnNoaXBzUGVyUm93IjtkOjA7czoyMjoibWF4UmVsYXRpb25zaGlwc1BlclJvdyI7ZDowO3M6MTU6InNob3dDdXJyZW50T25seSI7aTowO3M6MjA6InNob3dDdXJyZW50VXNpbmdEYXRlIjtzOjA6IiI7czoxNToiZGlzYWJsZVF1aWNrYWRkIjtpOjA7czoyNToicHJlcG9wdWxhdGVRdWlja2FkZEZpZWxkcyI7czoxOiIwIjtzOjEyOiJkaXNhYmxlU29ydHMiO2k6MDtzOjk6InNob3dDb3VudCI7ZDowO3M6MjA6ImVmZmVjdGl2ZURhdGVEZWZhdWx0IjtzOjA6IiI7czoxMDoibnVtUGVyUGFnZSI7ZDoxMDA7czoyMjoidXNlSGllcmFyY2hpY2FsQnJvd3NlciI7aToxO3M6MjU6ImhpZXJhcmNoaWNhbEJyb3dzZXJIZWlnaHQiO3M6NToiMjAwcHgiO3M6MjI6ImJ1bmRsZVR5cGVSZXN0cmljdGlvbnMiO3M6MDoiIjtzOjM3OiJidW5kbGVUeXBlUmVzdHJpY3Rpb25zSW5jbHVkZVN1YnR5cGVzIjtpOjA7fQ=='),(106,32,'ca_occurrences','ca_occurrences',106,'YTozMTp7czo1OiJ3aWR0aCI7czowOiIiO3M6NjoiaGVpZ2h0IjtzOjA6IiI7czo4OiJyZWFkb25seSI7ZDowO3M6MjE6ImV4cGFuZF9jb2xsYXBzZV92YWx1ZSI7czo3OiJidWJibGVzIjtzOjI0OiJleHBhbmRfY29sbGFwc2Vfbm9fdmFsdWUiO3M6NzoiYnViYmxlcyI7czozMDoicmVzdHJpY3RfdG9fcmVsYXRpb25zaGlwX3R5cGVzIjthOjE6e2k6MDtzOjA6IiI7fXM6MTc6InJlc3RyaWN0X3RvX3R5cGVzIjthOjE6e2k6MDtzOjA6IiI7fXM6MTg6InJlc3RyaWN0X3RvX3NlYXJjaCI7czowOiIiO3M6MjQ6InJlc3RyaWN0X3RvX2FjY2Vzc19wb2ludCI7czowOiIiO3M6NDE6ImRvbnRfaW5jbHVkZV9zdWJ0eXBlc19pbl90eXBlX3Jlc3RyaWN0aW9uIjtpOjA7czoxMToibGlzdF9mb3JtYXQiO3M6NzoiYnViYmxlcyI7czo0OiJzb3J0IjtzOjA6IiI7czoxMzoic29ydERpcmVjdGlvbiI7czozOiJBU0MiO3M6MTQ6ImNvbG9yRmlyc3RJdGVtIjtzOjA6IiI7czo5OiJjb2xvckl0ZW0iO3M6MDoiIjtzOjEzOiJjb2xvckxhc3RJdGVtIjtzOjA6IiI7czoyMDoiZG9udFNob3dEZWxldGVCdXR0b24iO2k6MDtzOjE2OiJkaXNwbGF5X3RlbXBsYXRlIjtzOjA6IiI7czoxNzoiZG9jdW1lbnRhdGlvbl91cmwiO3M6MDoiIjtzOjIyOiJtaW5SZWxhdGlvbnNoaXBzUGVyUm93IjtkOjA7czoyMjoibWF4UmVsYXRpb25zaGlwc1BlclJvdyI7ZDowO3M6MTU6InNob3dDdXJyZW50T25seSI7aTowO3M6MjA6InNob3dDdXJyZW50VXNpbmdEYXRlIjtzOjA6IiI7czoxNToiZGlzYWJsZVF1aWNrYWRkIjtpOjA7czoyNToicHJlcG9wdWxhdGVRdWlja2FkZEZpZWxkcyI7czoxOiIwIjtzOjEyOiJkaXNhYmxlU29ydHMiO2k6MDtzOjk6InNob3dDb3VudCI7ZDowO3M6MjA6ImVmZmVjdGl2ZURhdGVEZWZhdWx0IjtzOjA6IiI7czoxMDoibnVtUGVyUGFnZSI7ZDoxMDA7czoyMjoiYnVuZGxlVHlwZVJlc3RyaWN0aW9ucyI7czowOiIiO3M6Mzc6ImJ1bmRsZVR5cGVSZXN0cmljdGlvbnNJbmNsdWRlU3VidHlwZXMiO2k6MDt9'),(107,32,'ca_collections','ca_collections',107,'YTozMTp7czo1OiJ3aWR0aCI7czowOiIiO3M6NjoiaGVpZ2h0IjtzOjA6IiI7czo4OiJyZWFkb25seSI7ZDowO3M6MjE6ImV4cGFuZF9jb2xsYXBzZV92YWx1ZSI7czo3OiJidWJibGVzIjtzOjI0OiJleHBhbmRfY29sbGFwc2Vfbm9fdmFsdWUiO3M6NzoiYnViYmxlcyI7czozMDoicmVzdHJpY3RfdG9fcmVsYXRpb25zaGlwX3R5cGVzIjthOjE6e2k6MDtzOjA6IiI7fXM6MTc6InJlc3RyaWN0X3RvX3R5cGVzIjthOjE6e2k6MDtzOjA6IiI7fXM6MTg6InJlc3RyaWN0X3RvX3NlYXJjaCI7czowOiIiO3M6MjQ6InJlc3RyaWN0X3RvX2FjY2Vzc19wb2ludCI7czowOiIiO3M6NDE6ImRvbnRfaW5jbHVkZV9zdWJ0eXBlc19pbl90eXBlX3Jlc3RyaWN0aW9uIjtpOjA7czoxMToibGlzdF9mb3JtYXQiO3M6NzoiYnViYmxlcyI7czo0OiJzb3J0IjtzOjA6IiI7czoxMzoic29ydERpcmVjdGlvbiI7czozOiJBU0MiO3M6MTQ6ImNvbG9yRmlyc3RJdGVtIjtzOjA6IiI7czo5OiJjb2xvckl0ZW0iO3M6MDoiIjtzOjEzOiJjb2xvckxhc3RJdGVtIjtzOjA6IiI7czoyMDoiZG9udFNob3dEZWxldGVCdXR0b24iO2k6MDtzOjE2OiJkaXNwbGF5X3RlbXBsYXRlIjtzOjA6IiI7czoxNzoiZG9jdW1lbnRhdGlvbl91cmwiO3M6MDoiIjtzOjIyOiJtaW5SZWxhdGlvbnNoaXBzUGVyUm93IjtkOjA7czoyMjoibWF4UmVsYXRpb25zaGlwc1BlclJvdyI7ZDowO3M6MTU6InNob3dDdXJyZW50T25seSI7aTowO3M6MjA6InNob3dDdXJyZW50VXNpbmdEYXRlIjtzOjA6IiI7czoxNToiZGlzYWJsZVF1aWNrYWRkIjtpOjA7czoyNToicHJlcG9wdWxhdGVRdWlja2FkZEZpZWxkcyI7czoxOiIwIjtzOjEyOiJkaXNhYmxlU29ydHMiO2k6MDtzOjk6InNob3dDb3VudCI7ZDowO3M6MjA6ImVmZmVjdGl2ZURhdGVEZWZhdWx0IjtzOjA6IiI7czoxMDoibnVtUGVyUGFnZSI7ZDoxMDA7czoyMjoiYnVuZGxlVHlwZVJlc3RyaWN0aW9ucyI7czowOiIiO3M6Mzc6ImJ1bmRsZVR5cGVSZXN0cmljdGlvbnNJbmNsdWRlU3VidHlwZXMiO2k6MDt9'),(108,32,'ca_tour_stops','ca_tour_stops',108,'YTozMTp7czo1OiJ3aWR0aCI7czowOiIiO3M6NjoiaGVpZ2h0IjtzOjA6IiI7czo4OiJyZWFkb25seSI7ZDowO3M6MjE6ImV4cGFuZF9jb2xsYXBzZV92YWx1ZSI7czo3OiJidWJibGVzIjtzOjI0OiJleHBhbmRfY29sbGFwc2Vfbm9fdmFsdWUiO3M6NzoiYnViYmxlcyI7czozMDoicmVzdHJpY3RfdG9fcmVsYXRpb25zaGlwX3R5cGVzIjthOjE6e2k6MDtzOjA6IiI7fXM6MTc6InJlc3RyaWN0X3RvX3R5cGVzIjthOjE6e2k6MDtzOjA6IiI7fXM6MTg6InJlc3RyaWN0X3RvX3NlYXJjaCI7czowOiIiO3M6MjQ6InJlc3RyaWN0X3RvX2FjY2Vzc19wb2ludCI7czowOiIiO3M6NDE6ImRvbnRfaW5jbHVkZV9zdWJ0eXBlc19pbl90eXBlX3Jlc3RyaWN0aW9uIjtpOjA7czoxMToibGlzdF9mb3JtYXQiO3M6NzoiYnViYmxlcyI7czo0OiJzb3J0IjtzOjA6IiI7czoxMzoic29ydERpcmVjdGlvbiI7czozOiJBU0MiO3M6MTQ6ImNvbG9yRmlyc3RJdGVtIjtzOjA6IiI7czo5OiJjb2xvckl0ZW0iO3M6MDoiIjtzOjEzOiJjb2xvckxhc3RJdGVtIjtzOjA6IiI7czoyMDoiZG9udFNob3dEZWxldGVCdXR0b24iO2k6MDtzOjE2OiJkaXNwbGF5X3RlbXBsYXRlIjtzOjA6IiI7czoxNzoiZG9jdW1lbnRhdGlvbl91cmwiO3M6MDoiIjtzOjIyOiJtaW5SZWxhdGlvbnNoaXBzUGVyUm93IjtkOjA7czoyMjoibWF4UmVsYXRpb25zaGlwc1BlclJvdyI7ZDowO3M6MTU6InNob3dDdXJyZW50T25seSI7aTowO3M6MjA6InNob3dDdXJyZW50VXNpbmdEYXRlIjtzOjA6IiI7czoxNToiZGlzYWJsZVF1aWNrYWRkIjtpOjA7czoyNToicHJlcG9wdWxhdGVRdWlja2FkZEZpZWxkcyI7czoxOiIwIjtzOjEyOiJkaXNhYmxlU29ydHMiO2k6MDtzOjk6InNob3dDb3VudCI7ZDowO3M6MjA6ImVmZmVjdGl2ZURhdGVEZWZhdWx0IjtzOjA6IiI7czoxMDoibnVtUGVyUGFnZSI7ZDoxMDA7czoyMjoiYnVuZGxlVHlwZVJlc3RyaWN0aW9ucyI7czowOiIiO3M6Mzc6ImJ1bmRsZVR5cGVSZXN0cmljdGlvbnNJbmNsdWRlU3VidHlwZXMiO2k6MDt9'),(109,33,'ca_list_items','ca_list_items',109,'YTozNDp7czo1OiJ3aWR0aCI7czowOiIiO3M6NjoiaGVpZ2h0IjtzOjA6IiI7czo4OiJyZWFkb25seSI7ZDowO3M6MjE6ImV4cGFuZF9jb2xsYXBzZV92YWx1ZSI7czo3OiJidWJibGVzIjtzOjI0OiJleHBhbmRfY29sbGFwc2Vfbm9fdmFsdWUiO3M6NzoiYnViYmxlcyI7czozMDoicmVzdHJpY3RfdG9fcmVsYXRpb25zaGlwX3R5cGVzIjthOjE6e2k6MDtzOjA6IiI7fXM6MTc6InJlc3RyaWN0X3RvX3R5cGVzIjthOjE6e2k6MDtzOjA6IiI7fXM6MTg6InJlc3RyaWN0X3RvX3NlYXJjaCI7czowOiIiO3M6MjQ6InJlc3RyaWN0X3RvX2FjY2Vzc19wb2ludCI7czowOiIiO3M6NDE6ImRvbnRfaW5jbHVkZV9zdWJ0eXBlc19pbl90eXBlX3Jlc3RyaWN0aW9uIjtpOjA7czoxMToibGlzdF9mb3JtYXQiO3M6NzoiYnViYmxlcyI7czo0OiJzb3J0IjtzOjA6IiI7czoxMzoic29ydERpcmVjdGlvbiI7czozOiJBU0MiO3M6MTQ6ImNvbG9yRmlyc3RJdGVtIjtzOjA6IiI7czo5OiJjb2xvckl0ZW0iO3M6MDoiIjtzOjEzOiJjb2xvckxhc3RJdGVtIjtzOjA6IiI7czoyMDoiZG9udFNob3dEZWxldGVCdXR0b24iO2k6MDtzOjE2OiJkaXNwbGF5X3RlbXBsYXRlIjtzOjA6IiI7czoxNzoiZG9jdW1lbnRhdGlvbl91cmwiO3M6MDoiIjtzOjIyOiJtaW5SZWxhdGlvbnNoaXBzUGVyUm93IjtkOjA7czoyMjoibWF4UmVsYXRpb25zaGlwc1BlclJvdyI7ZDowO3M6MTU6InNob3dDdXJyZW50T25seSI7aTowO3M6MjA6InNob3dDdXJyZW50VXNpbmdEYXRlIjtzOjA6IiI7czoxNToiZGlzYWJsZVF1aWNrYWRkIjtpOjA7czoyNToicHJlcG9wdWxhdGVRdWlja2FkZEZpZWxkcyI7czoxOiIwIjtzOjEyOiJkaXNhYmxlU29ydHMiO2k6MDtzOjk6InNob3dDb3VudCI7ZDowO3M6MjA6ImVmZmVjdGl2ZURhdGVEZWZhdWx0IjtzOjA6IiI7czoxMDoibnVtUGVyUGFnZSI7ZDoxMDA7czoxNzoicmVzdHJpY3RfdG9fbGlzdHMiO2E6MTp7aTowO3M6MDoiIjt9czoyMjoidXNlSGllcmFyY2hpY2FsQnJvd3NlciI7aToxO3M6MjU6ImhpZXJhcmNoaWNhbEJyb3dzZXJIZWlnaHQiO3M6NToiMjAwcHgiO3M6MjI6ImJ1bmRsZVR5cGVSZXN0cmljdGlvbnMiO3M6MDoiIjtzOjM3OiJidW5kbGVUeXBlUmVzdHJpY3Rpb25zSW5jbHVkZVN1YnR5cGVzIjtpOjA7fQ=='),(110,35,'title','title',110,'YTo3OntzOjU6IndpZHRoIjtzOjA6IiI7czo2OiJoZWlnaHQiO3M6MDoiIjtzOjg6InJlYWRvbmx5IjtkOjA7czoyMToiZXhwYW5kX2NvbGxhcHNlX3ZhbHVlIjtzOjc6ImJ1YmJsZXMiO3M6MjQ6ImV4cGFuZF9jb2xsYXBzZV9ub192YWx1ZSI7czo3OiJidWJibGVzIjtzOjE3OiJkb2N1bWVudGF0aW9uX3VybCI7czowOiIiO3M6MTY6InVzZXd5c2l3eWdlZGl0b3IiO2Q6MDt9'),(111,35,'path','path',111,'YTo3OntzOjU6IndpZHRoIjtzOjA6IiI7czo2OiJoZWlnaHQiO3M6MDoiIjtzOjg6InJlYWRvbmx5IjtkOjA7czoyMToiZXhwYW5kX2NvbGxhcHNlX3ZhbHVlIjtzOjc6ImJ1YmJsZXMiO3M6MjQ6ImV4cGFuZF9jb2xsYXBzZV9ub192YWx1ZSI7czo3OiJidWJibGVzIjtzOjE3OiJkb2N1bWVudGF0aW9uX3VybCI7czowOiIiO3M6MTY6InVzZXd5c2l3eWdlZGl0b3IiO2Q6MDt9'),(112,35,'description','description',112,'YTo3OntzOjU6IndpZHRoIjtzOjA6IiI7czo2OiJoZWlnaHQiO3M6MDoiIjtzOjg6InJlYWRvbmx5IjtkOjA7czoyMToiZXhwYW5kX2NvbGxhcHNlX3ZhbHVlIjtzOjc6ImJ1YmJsZXMiO3M6MjQ6ImV4cGFuZF9jb2xsYXBzZV9ub192YWx1ZSI7czo3OiJidWJibGVzIjtzOjE3OiJkb2N1bWVudGF0aW9uX3VybCI7czowOiIiO3M6MTY6InVzZXd5c2l3eWdlZGl0b3IiO2Q6MDt9'),(113,35,'ca_site_pages_content','ca_site_pages_content',113,'YTo2OntzOjU6IndpZHRoIjtzOjA6IiI7czo2OiJoZWlnaHQiO3M6MDoiIjtzOjg6InJlYWRvbmx5IjtkOjA7czoyMToiZXhwYW5kX2NvbGxhcHNlX3ZhbHVlIjtzOjc6ImJ1YmJsZXMiO3M6MjQ6ImV4cGFuZF9jb2xsYXBzZV9ub192YWx1ZSI7czo3OiJidWJibGVzIjtzOjE3OiJkb2N1bWVudGF0aW9uX3VybCI7czowOiIiO30='),(114,35,'access','access',114,'YTo2OntzOjU6IndpZHRoIjtzOjA6IiI7czo2OiJoZWlnaHQiO3M6MDoiIjtzOjg6InJlYWRvbmx5IjtkOjA7czoyMToiZXhwYW5kX2NvbGxhcHNlX3ZhbHVlIjtzOjc6ImJ1YmJsZXMiO3M6MjQ6ImV4cGFuZF9jb2xsYXBzZV9ub192YWx1ZSI7czo3OiJidWJibGVzIjtzOjE3OiJkb2N1bWVudGF0aW9uX3VybCI7czowOiIiO30='),(115,35,'keywords','keywords',115,'YTo3OntzOjU6IndpZHRoIjtzOjA6IiI7czo2OiJoZWlnaHQiO3M6MDoiIjtzOjg6InJlYWRvbmx5IjtkOjA7czoyMToiZXhwYW5kX2NvbGxhcHNlX3ZhbHVlIjtzOjc6ImJ1YmJsZXMiO3M6MjQ6ImV4cGFuZF9jb2xsYXBzZV9ub192YWx1ZSI7czo3OiJidWJibGVzIjtzOjE3OiJkb2N1bWVudGF0aW9uX3VybCI7czowOiIiO3M6MTY6InVzZXd5c2l3eWdlZGl0b3IiO2Q6MDt9'),(116,37,'preferred_labels','preferred_labels',116,'YToxMDp7czo1OiJ3aWR0aCI7czowOiIiO3M6NjoiaGVpZ2h0IjtzOjA6IiI7czo4OiJyZWFkb25seSI7ZDowO3M6MjE6ImV4cGFuZF9jb2xsYXBzZV92YWx1ZSI7czo3OiJidWJibGVzIjtzOjI0OiJleHBhbmRfY29sbGFwc2Vfbm9fdmFsdWUiO3M6NzoiYnViYmxlcyI7czoxNjoidXNld3lzaXd5Z2VkaXRvciI7ZDowO3M6MTc6ImRvY3VtZW50YXRpb25fdXJsIjtzOjA6IiI7czoxNToiZGlzcGxheVRlbXBsYXRlIjtzOjA6IiI7czoyMjoiYnVuZGxlVHlwZVJlc3RyaWN0aW9ucyI7czowOiIiO3M6Mzc6ImJ1bmRsZVR5cGVSZXN0cmljdGlvbnNJbmNsdWRlU3VidHlwZXMiO2k6MDt9'),(117,37,'nonpreferred_labels','nonpreferred_labels',117,'YToxMDp7czo1OiJ3aWR0aCI7czowOiIiO3M6NjoiaGVpZ2h0IjtzOjA6IiI7czo4OiJyZWFkb25seSI7ZDowO3M6MjE6ImV4cGFuZF9jb2xsYXBzZV92YWx1ZSI7czo3OiJidWJibGVzIjtzOjI0OiJleHBhbmRfY29sbGFwc2Vfbm9fdmFsdWUiO3M6NzoiYnViYmxlcyI7czoxNjoidXNld3lzaXd5Z2VkaXRvciI7ZDowO3M6MTc6ImRvY3VtZW50YXRpb25fdXJsIjtzOjA6IiI7czoxNToiZGlzcGxheVRlbXBsYXRlIjtzOjA6IiI7czoyMjoiYnVuZGxlVHlwZVJlc3RyaWN0aW9ucyI7czowOiIiO3M6Mzc6ImJ1bmRsZVR5cGVSZXN0cmljdGlvbnNJbmNsdWRlU3VidHlwZXMiO2k6MDt9'),(118,37,'media','media',118,'YTo4OntzOjU6IndpZHRoIjtzOjA6IiI7czo2OiJoZWlnaHQiO3M6MDoiIjtzOjg6InJlYWRvbmx5IjtkOjA7czoyMToiZXhwYW5kX2NvbGxhcHNlX3ZhbHVlIjtzOjc6ImJ1YmJsZXMiO3M6MjQ6ImV4cGFuZF9jb2xsYXBzZV9ub192YWx1ZSI7czo3OiJidWJibGVzIjtzOjE3OiJkb2N1bWVudGF0aW9uX3VybCI7czowOiIiO3M6MjI6ImJ1bmRsZVR5cGVSZXN0cmljdGlvbnMiO3M6MDoiIjtzOjM3OiJidW5kbGVUeXBlUmVzdHJpY3Rpb25zSW5jbHVkZVN1YnR5cGVzIjtpOjA7fQ=='),(119,37,'access','access',119,'YTo4OntzOjU6IndpZHRoIjtzOjA6IiI7czo2OiJoZWlnaHQiO3M6MDoiIjtzOjg6InJlYWRvbmx5IjtkOjA7czoyMToiZXhwYW5kX2NvbGxhcHNlX3ZhbHVlIjtzOjc6ImJ1YmJsZXMiO3M6MjQ6ImV4cGFuZF9jb2xsYXBzZV9ub192YWx1ZSI7czo3OiJidWJibGVzIjtzOjE3OiJkb2N1bWVudGF0aW9uX3VybCI7czowOiIiO3M6MjI6ImJ1bmRsZVR5cGVSZXN0cmljdGlvbnMiO3M6MDoiIjtzOjM3OiJidW5kbGVUeXBlUmVzdHJpY3Rpb25zSW5jbHVkZVN1YnR5cGVzIjtpOjA7fQ=='),(120,37,'status','status',120,'YTo4OntzOjU6IndpZHRoIjtzOjA6IiI7czo2OiJoZWlnaHQiO3M6MDoiIjtzOjg6InJlYWRvbmx5IjtkOjA7czoyMToiZXhwYW5kX2NvbGxhcHNlX3ZhbHVlIjtzOjc6ImJ1YmJsZXMiO3M6MjQ6ImV4cGFuZF9jb2xsYXBzZV9ub192YWx1ZSI7czo3OiJidWJibGVzIjtzOjE3OiJkb2N1bWVudGF0aW9uX3VybCI7czowOiIiO3M6MjI6ImJ1bmRsZVR5cGVSZXN0cmljdGlvbnMiO3M6MDoiIjtzOjM3OiJidW5kbGVUeXBlUmVzdHJpY3Rpb25zSW5jbHVkZVN1YnR5cGVzIjtpOjA7fQ=='),(121,37,'ca_attribute_credit_line','ca_object_representations.credit_line',121,'YToxNDp7czo1OiJ3aWR0aCI7czowOiIiO3M6NjoiaGVpZ2h0IjtzOjA6IiI7czo4OiJyZWFkb25seSI7ZDowO3M6MjE6ImV4cGFuZF9jb2xsYXBzZV92YWx1ZSI7czo3OiJidWJibGVzIjtzOjI0OiJleHBhbmRfY29sbGFwc2Vfbm9fdmFsdWUiO3M6NzoiYnViYmxlcyI7czo0OiJzb3J0IjtzOjE6IjEiO3M6MTM6InNvcnREaXJlY3Rpb24iO3M6MzoiQVNDIjtzOjEzOiJjb2xvckV2ZW5JdGVtIjtzOjA6IiI7czoxMjoiY29sb3JPZGRJdGVtIjtzOjA6IiI7czoxNToiZGlzcGxheVRlbXBsYXRlIjtzOjA6IiI7czoxNzoiZG9jdW1lbnRhdGlvbl91cmwiO3M6MDoiIjtzOjE2OiJ1c2V3eXNpd3lnZWRpdG9yIjtzOjA6IiI7czoyMjoiYnVuZGxlVHlwZVJlc3RyaWN0aW9ucyI7czowOiIiO3M6Mzc6ImJ1bmRsZVR5cGVSZXN0cmljdGlvbnNJbmNsdWRlU3VidHlwZXMiO2k6MDt9'),(122,37,'ca_attribute_caption','ca_attribute_caption',122,'YToxNDp7czo1OiJ3aWR0aCI7czowOiIiO3M6NjoiaGVpZ2h0IjtzOjA6IiI7czo4OiJyZWFkb25seSI7ZDowO3M6MjE6ImV4cGFuZF9jb2xsYXBzZV92YWx1ZSI7czo3OiJidWJibGVzIjtzOjI0OiJleHBhbmRfY29sbGFwc2Vfbm9fdmFsdWUiO3M6NzoiYnViYmxlcyI7czo0OiJzb3J0IjtzOjE6IjEiO3M6MTM6InNvcnREaXJlY3Rpb24iO3M6MzoiQVNDIjtzOjEzOiJjb2xvckV2ZW5JdGVtIjtzOjA6IiI7czoxMjoiY29sb3JPZGRJdGVtIjtzOjA6IiI7czoxNToiZGlzcGxheVRlbXBsYXRlIjtzOjA6IiI7czoxNzoiZG9jdW1lbnRhdGlvbl91cmwiO3M6MDoiIjtzOjE2OiJ1c2V3eXNpd3lnZWRpdG9yIjtzOjA6IiI7czoyMjoiYnVuZGxlVHlwZVJlc3RyaWN0aW9ucyI7czowOiIiO3M6Mzc6ImJ1bmRsZVR5cGVSZXN0cmljdGlvbnNJbmNsdWRlU3VidHlwZXMiO2k6MDt9'),(123,38,'ca_representation_annotations','ca_representation_annotations',123,'YTozMDp7czo1OiJ3aWR0aCI7czowOiIiO3M6NjoiaGVpZ2h0IjtzOjA6IiI7czo4OiJyZWFkb25seSI7ZDowO3M6MjE6ImV4cGFuZF9jb2xsYXBzZV92YWx1ZSI7czo3OiJidWJibGVzIjtzOjI0OiJleHBhbmRfY29sbGFwc2Vfbm9fdmFsdWUiO3M6NzoiYnViYmxlcyI7czozMDoicmVzdHJpY3RfdG9fcmVsYXRpb25zaGlwX3R5cGVzIjthOjE6e2k6MDtzOjA6IiI7fXM6MTg6InJlc3RyaWN0X3RvX3NlYXJjaCI7czowOiIiO3M6MjQ6InJlc3RyaWN0X3RvX2FjY2Vzc19wb2ludCI7czowOiIiO3M6NDE6ImRvbnRfaW5jbHVkZV9zdWJ0eXBlc19pbl90eXBlX3Jlc3RyaWN0aW9uIjtpOjA7czoxMToibGlzdF9mb3JtYXQiO3M6NzoiYnViYmxlcyI7czo0OiJzb3J0IjtzOjA6IiI7czoxMzoic29ydERpcmVjdGlvbiI7czozOiJBU0MiO3M6MTQ6ImNvbG9yRmlyc3RJdGVtIjtzOjA6IiI7czo5OiJjb2xvckl0ZW0iO3M6MDoiIjtzOjEzOiJjb2xvckxhc3RJdGVtIjtzOjA6IiI7czoyMDoiZG9udFNob3dEZWxldGVCdXR0b24iO2k6MDtzOjE2OiJkaXNwbGF5X3RlbXBsYXRlIjtzOjA6IiI7czoxNzoiZG9jdW1lbnRhdGlvbl91cmwiO3M6MDoiIjtzOjIyOiJtaW5SZWxhdGlvbnNoaXBzUGVyUm93IjtkOjA7czoyMjoibWF4UmVsYXRpb25zaGlwc1BlclJvdyI7ZDowO3M6MTU6InNob3dDdXJyZW50T25seSI7aTowO3M6MjA6InNob3dDdXJyZW50VXNpbmdEYXRlIjtzOjA6IiI7czoxNToiZGlzYWJsZVF1aWNrYWRkIjtpOjA7czoyNToicHJlcG9wdWxhdGVRdWlja2FkZEZpZWxkcyI7czoxOiIwIjtzOjEyOiJkaXNhYmxlU29ydHMiO2k6MDtzOjk6InNob3dDb3VudCI7ZDowO3M6MjA6ImVmZmVjdGl2ZURhdGVEZWZhdWx0IjtzOjA6IiI7czoxMDoibnVtUGVyUGFnZSI7ZDoxMDA7czoyMjoiYnVuZGxlVHlwZVJlc3RyaWN0aW9ucyI7czowOiIiO3M6Mzc6ImJ1bmRsZVR5cGVSZXN0cmljdGlvbnNJbmNsdWRlU3VidHlwZXMiO2k6MDt9'),(124,39,'ca_objects','ca_objects',124,'YTozMTp7czo1OiJ3aWR0aCI7czowOiIiO3M6NjoiaGVpZ2h0IjtzOjA6IiI7czo4OiJyZWFkb25seSI7ZDowO3M6MjE6ImV4cGFuZF9jb2xsYXBzZV92YWx1ZSI7czo3OiJidWJibGVzIjtzOjI0OiJleHBhbmRfY29sbGFwc2Vfbm9fdmFsdWUiO3M6NzoiYnViYmxlcyI7czoxNzoicmVzdHJpY3RfdG9fdHlwZXMiO2E6MTp7aTowO3M6MDoiIjt9czoxODoicmVzdHJpY3RfdG9fc2VhcmNoIjtzOjA6IiI7czoyNDoicmVzdHJpY3RfdG9fYWNjZXNzX3BvaW50IjtzOjA6IiI7czo0MToiZG9udF9pbmNsdWRlX3N1YnR5cGVzX2luX3R5cGVfcmVzdHJpY3Rpb24iO2k6MDtzOjExOiJsaXN0X2Zvcm1hdCI7czo3OiJidWJibGVzIjtzOjQ6InNvcnQiO3M6MDoiIjtzOjEzOiJzb3J0RGlyZWN0aW9uIjtzOjM6IkFTQyI7czoxNDoiY29sb3JGaXJzdEl0ZW0iO3M6MDoiIjtzOjk6ImNvbG9ySXRlbSI7czowOiIiO3M6MTM6ImNvbG9yTGFzdEl0ZW0iO3M6MDoiIjtzOjIwOiJkb250U2hvd0RlbGV0ZUJ1dHRvbiI7aTowO3M6MTY6ImRpc3BsYXlfdGVtcGxhdGUiO3M6MDoiIjtzOjE3OiJkb2N1bWVudGF0aW9uX3VybCI7czowOiIiO3M6MjI6Im1pblJlbGF0aW9uc2hpcHNQZXJSb3ciO2Q6MDtzOjIyOiJtYXhSZWxhdGlvbnNoaXBzUGVyUm93IjtkOjA7czoxNToic2hvd0N1cnJlbnRPbmx5IjtpOjA7czoyMDoic2hvd0N1cnJlbnRVc2luZ0RhdGUiO3M6MDoiIjtzOjE1OiJkaXNhYmxlUXVpY2thZGQiO2k6MDtzOjI1OiJwcmVwb3B1bGF0ZVF1aWNrYWRkRmllbGRzIjtzOjE6IjAiO3M6MTI6ImRpc2FibGVTb3J0cyI7aTowO3M6OToic2hvd0NvdW50IjtkOjA7czoyMDoiZWZmZWN0aXZlRGF0ZURlZmF1bHQiO3M6MDoiIjtzOjEwOiJudW1QZXJQYWdlIjtkOjEwMDtzOjI1OiJzaG93UmV0dXJuVG9Ib21lTG9jYXRpb25zIjtpOjA7czoyMjoiYnVuZGxlVHlwZVJlc3RyaWN0aW9ucyI7czowOiIiO3M6Mzc6ImJ1bmRsZVR5cGVSZXN0cmljdGlvbnNJbmNsdWRlU3VidHlwZXMiO2k6MDt9'),(125,39,'ca_entities','ca_entities',125,'YTozMTp7czo1OiJ3aWR0aCI7czowOiIiO3M6NjoiaGVpZ2h0IjtzOjA6IiI7czo4OiJyZWFkb25seSI7ZDowO3M6MjE6ImV4cGFuZF9jb2xsYXBzZV92YWx1ZSI7czo3OiJidWJibGVzIjtzOjI0OiJleHBhbmRfY29sbGFwc2Vfbm9fdmFsdWUiO3M6NzoiYnViYmxlcyI7czozMDoicmVzdHJpY3RfdG9fcmVsYXRpb25zaGlwX3R5cGVzIjthOjE6e2k6MDtzOjA6IiI7fXM6MTc6InJlc3RyaWN0X3RvX3R5cGVzIjthOjE6e2k6MDtzOjA6IiI7fXM6MTg6InJlc3RyaWN0X3RvX3NlYXJjaCI7czowOiIiO3M6MjQ6InJlc3RyaWN0X3RvX2FjY2Vzc19wb2ludCI7czowOiIiO3M6NDE6ImRvbnRfaW5jbHVkZV9zdWJ0eXBlc19pbl90eXBlX3Jlc3RyaWN0aW9uIjtpOjA7czoxMToibGlzdF9mb3JtYXQiO3M6NzoiYnViYmxlcyI7czo0OiJzb3J0IjtzOjA6IiI7czoxMzoic29ydERpcmVjdGlvbiI7czozOiJBU0MiO3M6MTQ6ImNvbG9yRmlyc3RJdGVtIjtzOjA6IiI7czo5OiJjb2xvckl0ZW0iO3M6MDoiIjtzOjEzOiJjb2xvckxhc3RJdGVtIjtzOjA6IiI7czoyMDoiZG9udFNob3dEZWxldGVCdXR0b24iO2k6MDtzOjE2OiJkaXNwbGF5X3RlbXBsYXRlIjtzOjA6IiI7czoxNzoiZG9jdW1lbnRhdGlvbl91cmwiO3M6MDoiIjtzOjIyOiJtaW5SZWxhdGlvbnNoaXBzUGVyUm93IjtkOjA7czoyMjoibWF4UmVsYXRpb25zaGlwc1BlclJvdyI7ZDowO3M6MTU6InNob3dDdXJyZW50T25seSI7aTowO3M6MjA6InNob3dDdXJyZW50VXNpbmdEYXRlIjtzOjA6IiI7czoxNToiZGlzYWJsZVF1aWNrYWRkIjtpOjA7czoyNToicHJlcG9wdWxhdGVRdWlja2FkZEZpZWxkcyI7czoxOiIwIjtzOjEyOiJkaXNhYmxlU29ydHMiO2k6MDtzOjk6InNob3dDb3VudCI7ZDowO3M6MjA6ImVmZmVjdGl2ZURhdGVEZWZhdWx0IjtzOjA6IiI7czoxMDoibnVtUGVyUGFnZSI7ZDoxMDA7czoyMjoiYnVuZGxlVHlwZVJlc3RyaWN0aW9ucyI7czowOiIiO3M6Mzc6ImJ1bmRsZVR5cGVSZXN0cmljdGlvbnNJbmNsdWRlU3VidHlwZXMiO2k6MDt9'),(126,39,'ca_places','ca_places',126,'YTozMzp7czo1OiJ3aWR0aCI7czowOiIiO3M6NjoiaGVpZ2h0IjtzOjA6IiI7czo4OiJyZWFkb25seSI7ZDowO3M6MjE6ImV4cGFuZF9jb2xsYXBzZV92YWx1ZSI7czo3OiJidWJibGVzIjtzOjI0OiJleHBhbmRfY29sbGFwc2Vfbm9fdmFsdWUiO3M6NzoiYnViYmxlcyI7czozMDoicmVzdHJpY3RfdG9fcmVsYXRpb25zaGlwX3R5cGVzIjthOjE6e2k6MDtzOjA6IiI7fXM6MTc6InJlc3RyaWN0X3RvX3R5cGVzIjthOjE6e2k6MDtzOjA6IiI7fXM6MTg6InJlc3RyaWN0X3RvX3NlYXJjaCI7czowOiIiO3M6MjQ6InJlc3RyaWN0X3RvX2FjY2Vzc19wb2ludCI7czowOiIiO3M6NDE6ImRvbnRfaW5jbHVkZV9zdWJ0eXBlc19pbl90eXBlX3Jlc3RyaWN0aW9uIjtpOjA7czoxMToibGlzdF9mb3JtYXQiO3M6NzoiYnViYmxlcyI7czo0OiJzb3J0IjtzOjA6IiI7czoxMzoic29ydERpcmVjdGlvbiI7czozOiJBU0MiO3M6MTQ6ImNvbG9yRmlyc3RJdGVtIjtzOjA6IiI7czo5OiJjb2xvckl0ZW0iO3M6MDoiIjtzOjEzOiJjb2xvckxhc3RJdGVtIjtzOjA6IiI7czoyMDoiZG9udFNob3dEZWxldGVCdXR0b24iO2k6MDtzOjE2OiJkaXNwbGF5X3RlbXBsYXRlIjtzOjA6IiI7czoxNzoiZG9jdW1lbnRhdGlvbl91cmwiO3M6MDoiIjtzOjIyOiJtaW5SZWxhdGlvbnNoaXBzUGVyUm93IjtkOjA7czoyMjoibWF4UmVsYXRpb25zaGlwc1BlclJvdyI7ZDowO3M6MTU6InNob3dDdXJyZW50T25seSI7aTowO3M6MjA6InNob3dDdXJyZW50VXNpbmdEYXRlIjtzOjA6IiI7czoxNToiZGlzYWJsZVF1aWNrYWRkIjtpOjA7czoyNToicHJlcG9wdWxhdGVRdWlja2FkZEZpZWxkcyI7czoxOiIwIjtzOjEyOiJkaXNhYmxlU29ydHMiO2k6MDtzOjk6InNob3dDb3VudCI7ZDowO3M6MjA6ImVmZmVjdGl2ZURhdGVEZWZhdWx0IjtzOjA6IiI7czoxMDoibnVtUGVyUGFnZSI7ZDoxMDA7czoyMjoidXNlSGllcmFyY2hpY2FsQnJvd3NlciI7aToxO3M6MjU6ImhpZXJhcmNoaWNhbEJyb3dzZXJIZWlnaHQiO3M6NToiMjAwcHgiO3M6MjI6ImJ1bmRsZVR5cGVSZXN0cmljdGlvbnMiO3M6MDoiIjtzOjM3OiJidW5kbGVUeXBlUmVzdHJpY3Rpb25zSW5jbHVkZVN1YnR5cGVzIjtpOjA7fQ=='),(127,39,'ca_occurrences','ca_occurrences',127,'YTozMTp7czo1OiJ3aWR0aCI7czowOiIiO3M6NjoiaGVpZ2h0IjtzOjA6IiI7czo4OiJyZWFkb25seSI7ZDowO3M6MjE6ImV4cGFuZF9jb2xsYXBzZV92YWx1ZSI7czo3OiJidWJibGVzIjtzOjI0OiJleHBhbmRfY29sbGFwc2Vfbm9fdmFsdWUiO3M6NzoiYnViYmxlcyI7czozMDoicmVzdHJpY3RfdG9fcmVsYXRpb25zaGlwX3R5cGVzIjthOjE6e2k6MDtzOjA6IiI7fXM6MTc6InJlc3RyaWN0X3RvX3R5cGVzIjthOjE6e2k6MDtzOjA6IiI7fXM6MTg6InJlc3RyaWN0X3RvX3NlYXJjaCI7czowOiIiO3M6MjQ6InJlc3RyaWN0X3RvX2FjY2Vzc19wb2ludCI7czowOiIiO3M6NDE6ImRvbnRfaW5jbHVkZV9zdWJ0eXBlc19pbl90eXBlX3Jlc3RyaWN0aW9uIjtpOjA7czoxMToibGlzdF9mb3JtYXQiO3M6NzoiYnViYmxlcyI7czo0OiJzb3J0IjtzOjA6IiI7czoxMzoic29ydERpcmVjdGlvbiI7czozOiJBU0MiO3M6MTQ6ImNvbG9yRmlyc3RJdGVtIjtzOjA6IiI7czo5OiJjb2xvckl0ZW0iO3M6MDoiIjtzOjEzOiJjb2xvckxhc3RJdGVtIjtzOjA6IiI7czoyMDoiZG9udFNob3dEZWxldGVCdXR0b24iO2k6MDtzOjE2OiJkaXNwbGF5X3RlbXBsYXRlIjtzOjA6IiI7czoxNzoiZG9jdW1lbnRhdGlvbl91cmwiO3M6MDoiIjtzOjIyOiJtaW5SZWxhdGlvbnNoaXBzUGVyUm93IjtkOjA7czoyMjoibWF4UmVsYXRpb25zaGlwc1BlclJvdyI7ZDowO3M6MTU6InNob3dDdXJyZW50T25seSI7aTowO3M6MjA6InNob3dDdXJyZW50VXNpbmdEYXRlIjtzOjA6IiI7czoxNToiZGlzYWJsZVF1aWNrYWRkIjtpOjA7czoyNToicHJlcG9wdWxhdGVRdWlja2FkZEZpZWxkcyI7czoxOiIwIjtzOjEyOiJkaXNhYmxlU29ydHMiO2k6MDtzOjk6InNob3dDb3VudCI7ZDowO3M6MjA6ImVmZmVjdGl2ZURhdGVEZWZhdWx0IjtzOjA6IiI7czoxMDoibnVtUGVyUGFnZSI7ZDoxMDA7czoyMjoiYnVuZGxlVHlwZVJlc3RyaWN0aW9ucyI7czowOiIiO3M6Mzc6ImJ1bmRsZVR5cGVSZXN0cmljdGlvbnNJbmNsdWRlU3VidHlwZXMiO2k6MDt9'),(128,41,'preferred_labels1','preferred_labels',128,'YTo4OntzOjU6IndpZHRoIjtzOjA6IiI7czo2OiJoZWlnaHQiO3M6MDoiIjtzOjg6InJlYWRvbmx5IjtkOjA7czoyMToiZXhwYW5kX2NvbGxhcHNlX3ZhbHVlIjtzOjc6ImJ1YmJsZXMiO3M6MjQ6ImV4cGFuZF9jb2xsYXBzZV9ub192YWx1ZSI7czo3OiJidWJibGVzIjtzOjE2OiJ1c2V3eXNpd3lnZWRpdG9yIjtkOjA7czoxNzoiZG9jdW1lbnRhdGlvbl91cmwiO3M6MDoiIjtzOjE1OiJkaXNwbGF5VGVtcGxhdGUiO3M6MDoiIjt9'),(129,41,'bundle_name4','bundle_name',129,'YTo3OntzOjU6IndpZHRoIjtzOjA6IiI7czo2OiJoZWlnaHQiO3M6MDoiIjtzOjg6InJlYWRvbmx5IjtkOjA7czoyMToiZXhwYW5kX2NvbGxhcHNlX3ZhbHVlIjtzOjc6ImJ1YmJsZXMiO3M6MjQ6ImV4cGFuZF9jb2xsYXBzZV9ub192YWx1ZSI7czo3OiJidWJibGVzIjtzOjE3OiJkb2N1bWVudGF0aW9uX3VybCI7czowOiIiO3M6MTY6InVzZXd5c2l3eWdlZGl0b3IiO2Q6MDt9'),(130,41,'table_num4','table_num',130,'YTo2OntzOjU6IndpZHRoIjtzOjA6IiI7czo2OiJoZWlnaHQiO3M6MDoiIjtzOjg6InJlYWRvbmx5IjtkOjA7czoyMToiZXhwYW5kX2NvbGxhcHNlX3ZhbHVlIjtzOjc6ImJ1YmJsZXMiO3M6MjQ6ImV4cGFuZF9jb2xsYXBzZV9ub192YWx1ZSI7czo3OiJidWJibGVzIjtzOjE3OiJkb2N1bWVudGF0aW9uX3VybCI7czowOiIiO30='),(131,41,'ca_metadata_dictionary_rules6','ca_metadata_dictionary_rules',131,'YTo2OntzOjU6IndpZHRoIjtzOjA6IiI7czo2OiJoZWlnaHQiO3M6MDoiIjtzOjg6InJlYWRvbmx5IjtkOjA7czoyMToiZXhwYW5kX2NvbGxhcHNlX3ZhbHVlIjtzOjc6ImJ1YmJsZXMiO3M6MjQ6ImV4cGFuZF9jb2xsYXBzZV9ub192YWx1ZSI7czo3OiJidWJibGVzIjtzOjE3OiJkb2N1bWVudGF0aW9uX3VybCI7czowOiIiO30='),(132,41,'settings6','settings',132,'YTo2OntzOjU6IndpZHRoIjtzOjA6IiI7czo2OiJoZWlnaHQiO3M6MDoiIjtzOjg6InJlYWRvbmx5IjtkOjA7czoyMToiZXhwYW5kX2NvbGxhcHNlX3ZhbHVlIjtzOjc6ImJ1YmJsZXMiO3M6MjQ6ImV4cGFuZF9jb2xsYXBzZV9ub192YWx1ZSI7czo3OiJidWJibGVzIjtzOjE3OiJkb2N1bWVudGF0aW9uX3VybCI7czowOiIiO30='),(133,43,'ca_attribute_yleisnimi2','ca_objects.yleisnimi',133,'YToxNTp7czo1OiJsYWJlbCI7YToyOntzOjU6ImVuX1VTIjtzOjEyOiJnZW5lcmljIG5hbWUiO3M6NToiZmlfRkkiO3M6OToiWWxlaXNuaW1pIjt9czoxMToiZGVzY3JpcHRpb24iO2E6MTp7czo1OiJmaV9GSSI7czoyMjg6Ik9iamVrdGluIG5pbWkgaWxtb2l0ZXRhYW4geWtzaXR0w6Rpc2VsbMOkIHRlcm1pbGzDpC4gVGVybWkgdm9pZGFhbiB2YWxpdGEgb250b2xvZ2lhc3RhIHRhaSBhc2lhc2FuYXN0b3N0YS4gDQpPYmpla3RpbiBuaW1la3NpIGtpcmphdGFhbiB5bGVlbnPDpCBwZXJ1c211b2Rvc3NhIG9sZXZhIHN1YnN0YW50aWl2aS4gVsOkbGltZXJra2Vqw6QgamEgaXNvamEga2lyamFpbWlhIA0KZWkga8OkeXRldMOkLiI7fXM6NToid2lkdGgiO3M6MDoiIjtzOjY6ImhlaWdodCI7czowOiIiO3M6ODoicmVhZG9ubHkiO2Q6MDtzOjIxOiJleHBhbmRfY29sbGFwc2VfdmFsdWUiO3M6MTA6ImRvbnRfZm9yY2UiO3M6MjQ6ImV4cGFuZF9jb2xsYXBzZV9ub192YWx1ZSI7czoxMDoiZG9udF9mb3JjZSI7czo0OiJzb3J0IjtzOjE6IjEiO3M6MTM6InNvcnREaXJlY3Rpb24iO3M6MzoiQVNDIjtzOjEzOiJjb2xvckV2ZW5JdGVtIjtzOjA6IiI7czoxMjoiY29sb3JPZGRJdGVtIjtzOjA6IiI7czoxNToiZGlzcGxheVRlbXBsYXRlIjtzOjA6IiI7czoxNzoiZG9jdW1lbnRhdGlvbl91cmwiO3M6MDoiIjtzOjIyOiJidW5kbGVUeXBlUmVzdHJpY3Rpb25zIjtzOjA6IiI7czozNzoiYnVuZGxlVHlwZVJlc3RyaWN0aW9uc0luY2x1ZGVTdWJ0eXBlcyI7aTowO30='),(134,43,'preferred_labels','preferred_labels',134,'YToxMTp7czo1OiJ3aWR0aCI7czo1OiI2NTBweCI7czo2OiJoZWlnaHQiO3M6NDoiMjBweCI7czo4OiJyZWFkb25seSI7ZDowO3M6MjE6ImV4cGFuZF9jb2xsYXBzZV92YWx1ZSI7czo3OiJidWJibGVzIjtzOjI0OiJleHBhbmRfY29sbGFwc2Vfbm9fdmFsdWUiO3M6NzoiYnViYmxlcyI7czoxNjoidXNld3lzaXd5Z2VkaXRvciI7ZDowO3M6MTc6ImRvY3VtZW50YXRpb25fdXJsIjtzOjA6IiI7czoxNToiZGlzcGxheVRlbXBsYXRlIjtzOjA6IiI7czo4OiJ1c2VfbGlzdCI7YToxOntpOjA7czowOiIiO31zOjIyOiJidW5kbGVUeXBlUmVzdHJpY3Rpb25zIjtzOjA6IiI7czozNzoiYnVuZGxlVHlwZVJlc3RyaWN0aW9uc0luY2x1ZGVTdWJ0eXBlcyI7aTowO30='),(135,43,'ca_attribute_description','ca_attribute_description',135,'YToxNTp7czoxMToiZGVzY3JpcHRpb24iO2E6MTp7czo1OiJmaV9GSSI7czoxNzU6IlNhbmFsbGluZW4sIHlsZWlzbHVvbnRvaW5lbiBrdXZhdXMgb2JqZWt0aXN0YSB0YWkgb2JqZWt0aXNzYSBrdXZhaWxsdXN0YSBhc2lhc3RhLiBTaXPDpGxsw7ZuIGt1dmF1cwpraXJqb2l0ZXRhYW4gbXnDtnMgYXYtYWluZWlzdG9uIHRhaSB2aXN1YWFsaXNlbiB0ZW9rc2VuIHNpc8OkbGzDtnN0w6QuCgkJCQkiO31zOjU6IndpZHRoIjtzOjA6IiI7czo2OiJoZWlnaHQiO3M6MDoiIjtzOjg6InJlYWRvbmx5IjtkOjA7czoyMToiZXhwYW5kX2NvbGxhcHNlX3ZhbHVlIjtzOjc6ImJ1YmJsZXMiO3M6MjQ6ImV4cGFuZF9jb2xsYXBzZV9ub192YWx1ZSI7czo3OiJidWJibGVzIjtzOjQ6InNvcnQiO3M6MToiMSI7czoxMzoic29ydERpcmVjdGlvbiI7czozOiJBU0MiO3M6MTM6ImNvbG9yRXZlbkl0ZW0iO3M6MDoiIjtzOjEyOiJjb2xvck9kZEl0ZW0iO3M6MDoiIjtzOjE1OiJkaXNwbGF5VGVtcGxhdGUiO3M6MDoiIjtzOjE3OiJkb2N1bWVudGF0aW9uX3VybCI7czowOiIiO3M6MTY6InVzZXd5c2l3eWdlZGl0b3IiO3M6MDoiIjtzOjIyOiJidW5kbGVUeXBlUmVzdHJpY3Rpb25zIjtzOjA6IiI7czozNzoiYnVuZGxlVHlwZVJlc3RyaWN0aW9uc0luY2x1ZGVTdWJ0eXBlcyI7aTowO30='),(136,43,'ca_attribute_tallennetyyppi5','ca_objects.tallennetyyppi',136,'YTo1OntzOjU6IndpZHRoIjtzOjA6IiI7czo2OiJoZWlnaHQiO3M6MDoiIjtzOjg6InJlYWRvbmx5IjtkOjA7czoyMToiZXhwYW5kX2NvbGxhcHNlX3ZhbHVlIjtzOjc6ImJ1YmJsZXMiO3M6MjQ6ImV4cGFuZF9jb2xsYXBzZV9ub192YWx1ZSI7czo3OiJidWJibGVzIjt9'),(137,43,'ca_entities_author','ca_entities',137,'YTozNDp7czo1OiJsYWJlbCI7YToyOntzOjU6ImVuX1VTIjtzOjc6InRla2lqw6QiO3M6NToiZmlfRkkiO3M6ODoidGVraWrDpHQiO31zOjk6ImFkZF9sYWJlbCI7YToyOntzOjU6ImVuX1VTIjtzOjIwOiJsaXPDpMOkIHV1c2kgdGVraWrDpCI7czo1OiJmaV9GSSI7czoyMDoibGlzw6TDpCB1dXNpIHRla2lqw6QiO31zOjExOiJkZXNjcmlwdGlvbiI7YToxOntzOjU6ImVuX1VTIjtzOjM2OiJUw6Rzc8OkIHZvaXQgbGlzw6R0w6QgdXVkZW4gdGVraWrDpG4iO31zOjU6IndpZHRoIjtzOjA6IiI7czo2OiJoZWlnaHQiO3M6MDoiIjtzOjg6InJlYWRvbmx5IjtkOjA7czoyMToiZXhwYW5kX2NvbGxhcHNlX3ZhbHVlIjtzOjEwOiJkb250X2ZvcmNlIjtzOjI0OiJleHBhbmRfY29sbGFwc2Vfbm9fdmFsdWUiO3M6MTA6ImRvbnRfZm9yY2UiO3M6MzA6InJlc3RyaWN0X3RvX3JlbGF0aW9uc2hpcF90eXBlcyI7YToxOntpOjA7czowOiIiO31zOjE3OiJyZXN0cmljdF90b190eXBlcyI7YToxOntpOjA7czowOiIiO31zOjE4OiJyZXN0cmljdF90b19zZWFyY2giO3M6MDoiIjtzOjI0OiJyZXN0cmljdF90b19hY2Nlc3NfcG9pbnQiO3M6MDoiIjtzOjQxOiJkb250X2luY2x1ZGVfc3VidHlwZXNfaW5fdHlwZV9yZXN0cmljdGlvbiI7aTowO3M6MTE6Imxpc3RfZm9ybWF0IjtzOjc6ImJ1YmJsZXMiO3M6NDoic29ydCI7czowOiIiO3M6MTM6InNvcnREaXJlY3Rpb24iO3M6MzoiQVNDIjtzOjE0OiJjb2xvckZpcnN0SXRlbSI7czowOiIiO3M6OToiY29sb3JJdGVtIjtzOjA6IiI7czoxMzoiY29sb3JMYXN0SXRlbSI7czowOiIiO3M6MjA6ImRvbnRTaG93RGVsZXRlQnV0dG9uIjtpOjA7czoxNjoiZGlzcGxheV90ZW1wbGF0ZSI7czowOiIiO3M6MTc6ImRvY3VtZW50YXRpb25fdXJsIjtzOjEzOiJodHRwOi8va29lLmZpIjtzOjIyOiJtaW5SZWxhdGlvbnNoaXBzUGVyUm93IjtkOjA7czoyMjoibWF4UmVsYXRpb25zaGlwc1BlclJvdyI7ZDowO3M6MTU6InNob3dDdXJyZW50T25seSI7aTowO3M6MjA6InNob3dDdXJyZW50VXNpbmdEYXRlIjtzOjE0OiJlZmZlY3RpdmVfZGF0ZSI7czoxNToiZGlzYWJsZVF1aWNrYWRkIjtpOjA7czoyNToicHJlcG9wdWxhdGVRdWlja2FkZEZpZWxkcyI7czoxOiIwIjtzOjEyOiJkaXNhYmxlU29ydHMiO2k6MDtzOjk6InNob3dDb3VudCI7ZDowO3M6MjA6ImVmZmVjdGl2ZURhdGVEZWZhdWx0IjtzOjA6IiI7czoxMDoibnVtUGVyUGFnZSI7ZDoxMDA7czoyMjoiYnVuZGxlVHlwZVJlc3RyaWN0aW9ucyI7czowOiIiO3M6Mzc6ImJ1bmRsZVR5cGVSZXN0cmljdGlvbnNJbmNsdWRlU3VidHlwZXMiO2k6MDt9'),(138,43,'ca_attribute_valmistusaika','ca_objects.pvm_cont',138,'YToxNDp7czo1OiJsYWJlbCI7YToyOntzOjU6ImVuX1VTIjtzOjE2OiJtYW51ZmFjdHVyZSBkYXRlIjtzOjU6ImZpX0ZJIjtzOjEzOiJ2YWxtaXN0dXNhaWthIjt9czo1OiJ3aWR0aCI7czowOiIiO3M6NjoiaGVpZ2h0IjtzOjA6IiI7czo4OiJyZWFkb25seSI7ZDowO3M6MjE6ImV4cGFuZF9jb2xsYXBzZV92YWx1ZSI7czo3OiJidWJibGVzIjtzOjI0OiJleHBhbmRfY29sbGFwc2Vfbm9fdmFsdWUiO3M6NzoiYnViYmxlcyI7czo0OiJzb3J0IjtzOjE6IjEiO3M6MTM6InNvcnREaXJlY3Rpb24iO3M6MzoiQVNDIjtzOjEzOiJjb2xvckV2ZW5JdGVtIjtzOjA6IiI7czoxMjoiY29sb3JPZGRJdGVtIjtzOjA6IiI7czoxNToiZGlzcGxheVRlbXBsYXRlIjtzOjA6IiI7czoxNzoiZG9jdW1lbnRhdGlvbl91cmwiO3M6MDoiIjtzOjIyOiJidW5kbGVUeXBlUmVzdHJpY3Rpb25zIjtzOjA6IiI7czozNzoiYnVuZGxlVHlwZVJlc3RyaWN0aW9uc0luY2x1ZGVTdWJ0eXBlcyI7aTowO30='),(139,43,'ca_attribute_valmistuspaikkakunta','ca_objects.valmistuspaikkakunta',139,'YToxNTp7czo1OiJsYWJlbCI7YToyOntzOjU6ImVuX1VTIjtzOjE3OiJtYW51ZmFjdHVyZSBwbGFjZSI7czo1OiJmaV9GSSI7czoyMDoidmFsbWlzdHVzcGFpa2tha3VudGEiO31zOjU6IndpZHRoIjtzOjA6IiI7czo2OiJoZWlnaHQiO3M6MDoiIjtzOjg6InJlYWRvbmx5IjtkOjA7czoyMToiZXhwYW5kX2NvbGxhcHNlX3ZhbHVlIjtzOjc6ImJ1YmJsZXMiO3M6MjQ6ImV4cGFuZF9jb2xsYXBzZV9ub192YWx1ZSI7czo3OiJidWJibGVzIjtzOjQ6InNvcnQiO3M6MToiMSI7czoxMzoic29ydERpcmVjdGlvbiI7czozOiJBU0MiO3M6MTM6ImNvbG9yRXZlbkl0ZW0iO3M6MDoiIjtzOjEyOiJjb2xvck9kZEl0ZW0iO3M6MDoiIjtzOjE1OiJkaXNwbGF5VGVtcGxhdGUiO3M6MDoiIjtzOjE3OiJkb2N1bWVudGF0aW9uX3VybCI7czowOiIiO3M6MTY6InVzZXd5c2l3eWdlZGl0b3IiO3M6MDoiIjtzOjIyOiJidW5kbGVUeXBlUmVzdHJpY3Rpb25zIjtzOjA6IiI7czozNzoiYnVuZGxlVHlwZVJlc3RyaWN0aW9uc0luY2x1ZGVTdWJ0eXBlcyI7aTowO30='),(140,43,'ca_attribute_repro6','ca_objects.repro',140,'YToxMzp7czo1OiJ3aWR0aCI7czowOiIiO3M6NjoiaGVpZ2h0IjtzOjA6IiI7czo4OiJyZWFkb25seSI7ZDowO3M6MjE6ImV4cGFuZF9jb2xsYXBzZV92YWx1ZSI7czo3OiJidWJibGVzIjtzOjI0OiJleHBhbmRfY29sbGFwc2Vfbm9fdmFsdWUiO3M6NzoiYnViYmxlcyI7czo0OiJzb3J0IjtzOjE6IjEiO3M6MTM6InNvcnREaXJlY3Rpb24iO3M6MzoiQVNDIjtzOjEzOiJjb2xvckV2ZW5JdGVtIjtzOjA6IiI7czoxMjoiY29sb3JPZGRJdGVtIjtzOjA6IiI7czoxNToiZGlzcGxheVRlbXBsYXRlIjtzOjA6IiI7czoxNzoiZG9jdW1lbnRhdGlvbl91cmwiO3M6MDoiIjtzOjIyOiJidW5kbGVUeXBlUmVzdHJpY3Rpb25zIjtzOjA6IiI7czozNzoiYnVuZGxlVHlwZVJlc3RyaWN0aW9uc0luY2x1ZGVTdWJ0eXBlcyI7aTowO30='),(141,43,'ca_attribute_lehtinimeke7','ca_objects.lehtinimeke',141,'YToxMzp7czo1OiJ3aWR0aCI7czowOiIiO3M6NjoiaGVpZ2h0IjtzOjA6IiI7czo4OiJyZWFkb25seSI7ZDowO3M6MjE6ImV4cGFuZF9jb2xsYXBzZV92YWx1ZSI7czo3OiJidWJibGVzIjtzOjI0OiJleHBhbmRfY29sbGFwc2Vfbm9fdmFsdWUiO3M6NzoiYnViYmxlcyI7czo0OiJzb3J0IjtzOjE6IjEiO3M6MTM6InNvcnREaXJlY3Rpb24iO3M6MzoiQVNDIjtzOjEzOiJjb2xvckV2ZW5JdGVtIjtzOjA6IiI7czoxMjoiY29sb3JPZGRJdGVtIjtzOjA6IiI7czoxNToiZGlzcGxheVRlbXBsYXRlIjtzOjA6IiI7czoxNzoiZG9jdW1lbnRhdGlvbl91cmwiO3M6MDoiIjtzOjIyOiJidW5kbGVUeXBlUmVzdHJpY3Rpb25zIjtzOjA6IiI7czozNzoiYnVuZGxlVHlwZVJlc3RyaWN0aW9uc0luY2x1ZGVTdWJ0eXBlcyI7aTowO30='),(142,43,'nonpreferred_labels','nonpreferred_labels',142,'YToxMDp7czo1OiJ3aWR0aCI7czo1OiI2NTBweCI7czo2OiJoZWlnaHQiO3M6MDoiIjtzOjg6InJlYWRvbmx5IjtkOjA7czoyMToiZXhwYW5kX2NvbGxhcHNlX3ZhbHVlIjtzOjc6ImJ1YmJsZXMiO3M6MjQ6ImV4cGFuZF9jb2xsYXBzZV9ub192YWx1ZSI7czo3OiJidWJibGVzIjtzOjE2OiJ1c2V3eXNpd3lnZWRpdG9yIjtkOjA7czoxNzoiZG9jdW1lbnRhdGlvbl91cmwiO3M6MDoiIjtzOjE1OiJkaXNwbGF5VGVtcGxhdGUiO3M6MDoiIjtzOjIyOiJidW5kbGVUeXBlUmVzdHJpY3Rpb25zIjtzOjA6IiI7czozNzoiYnVuZGxlVHlwZVJlc3RyaWN0aW9uc0luY2x1ZGVTdWJ0eXBlcyI7aTowO30='),(143,43,'idno','idno',143,'YTo5OntzOjU6IndpZHRoIjtzOjA6IiI7czo2OiJoZWlnaHQiO3M6MDoiIjtzOjg6InJlYWRvbmx5IjtkOjA7czoyMToiZXhwYW5kX2NvbGxhcHNlX3ZhbHVlIjtzOjc6ImJ1YmJsZXMiO3M6MjQ6ImV4cGFuZF9jb2xsYXBzZV9ub192YWx1ZSI7czo3OiJidWJibGVzIjtzOjE3OiJkb2N1bWVudGF0aW9uX3VybCI7czowOiIiO3M6MTY6InVzZXd5c2l3eWdlZGl0b3IiO2Q6MDtzOjIyOiJidW5kbGVUeXBlUmVzdHJpY3Rpb25zIjtzOjA6IiI7czozNzoiYnVuZGxlVHlwZVJlc3RyaWN0aW9uc0luY2x1ZGVTdWJ0eXBlcyI7aTowO30='),(144,44,'ca_attribute_kuvakategoriat','ca_objects.kuvakategoriat',144,'YToxNTp7czo1OiJsYWJlbCI7YToxOntzOjU6ImZpX0ZJIjtzOjE0OiJrdXZha2F0ZWdvcmlhdCI7fXM6MTE6ImRlc2NyaXB0aW9uIjthOjE6e3M6NToiZmlfRkkiO3M6MTI6Ikt1dmFuIGx1b2thdCI7fXM6NToid2lkdGgiO3M6MDoiIjtzOjY6ImhlaWdodCI7czowOiIiO3M6ODoicmVhZG9ubHkiO2Q6MDtzOjIxOiJleHBhbmRfY29sbGFwc2VfdmFsdWUiO3M6NzoiYnViYmxlcyI7czoyNDoiZXhwYW5kX2NvbGxhcHNlX25vX3ZhbHVlIjtzOjc6ImJ1YmJsZXMiO3M6NDoic29ydCI7czoxOiIxIjtzOjEzOiJzb3J0RGlyZWN0aW9uIjtzOjM6IkFTQyI7czoxMzoiY29sb3JFdmVuSXRlbSI7czowOiIiO3M6MTI6ImNvbG9yT2RkSXRlbSI7czowOiIiO3M6MTU6ImRpc3BsYXlUZW1wbGF0ZSI7czowOiIiO3M6MTc6ImRvY3VtZW50YXRpb25fdXJsIjtzOjA6IiI7czoyMjoiYnVuZGxlVHlwZVJlc3RyaWN0aW9ucyI7czowOiIiO3M6Mzc6ImJ1bmRsZVR5cGVSZXN0cmljdGlvbnNJbmNsdWRlU3VidHlwZXMiO2k6MDt9'),(145,44,'ca_attribute_work_dimensions','ca_objects.work_dimensions',145,'YToxMzp7czo1OiJ3aWR0aCI7czowOiIiO3M6NjoiaGVpZ2h0IjtzOjA6IiI7czo4OiJyZWFkb25seSI7ZDowO3M6MjE6ImV4cGFuZF9jb2xsYXBzZV92YWx1ZSI7czo3OiJidWJibGVzIjtzOjI0OiJleHBhbmRfY29sbGFwc2Vfbm9fdmFsdWUiO3M6NzoiYnViYmxlcyI7czo0OiJzb3J0IjtzOjE6IjEiO3M6MTM6InNvcnREaXJlY3Rpb24iO3M6MzoiQVNDIjtzOjEzOiJjb2xvckV2ZW5JdGVtIjtzOjA6IiI7czoxMjoiY29sb3JPZGRJdGVtIjtzOjA6IiI7czoxNToiZGlzcGxheVRlbXBsYXRlIjtzOjA6IiI7czoxNzoiZG9jdW1lbnRhdGlvbl91cmwiO3M6MDoiIjtzOjIyOiJidW5kbGVUeXBlUmVzdHJpY3Rpb25zIjtzOjA6IiI7czozNzoiYnVuZGxlVHlwZVJlc3RyaWN0aW9uc0luY2x1ZGVTdWJ0eXBlcyI7aTowO30='),(146,44,'ca_attribute_materiaalit','ca_objects.materiaalit',146,'YToxMzp7czo1OiJ3aWR0aCI7czowOiIiO3M6NjoiaGVpZ2h0IjtzOjA6IiI7czo4OiJyZWFkb25seSI7ZDowO3M6MjE6ImV4cGFuZF9jb2xsYXBzZV92YWx1ZSI7czoxMDoiZG9udF9mb3JjZSI7czoyNDoiZXhwYW5kX2NvbGxhcHNlX25vX3ZhbHVlIjtzOjEwOiJkb250X2ZvcmNlIjtzOjQ6InNvcnQiO3M6MToiMSI7czoxMzoic29ydERpcmVjdGlvbiI7czozOiJBU0MiO3M6MTM6ImNvbG9yRXZlbkl0ZW0iO3M6MDoiIjtzOjEyOiJjb2xvck9kZEl0ZW0iO3M6MDoiIjtzOjE1OiJkaXNwbGF5VGVtcGxhdGUiO3M6MDoiIjtzOjE3OiJkb2N1bWVudGF0aW9uX3VybCI7czowOiIiO3M6MjI6ImJ1bmRsZVR5cGVSZXN0cmljdGlvbnMiO3M6MjoiMjMiO3M6Mzc6ImJ1bmRsZVR5cGVSZXN0cmljdGlvbnNJbmNsdWRlU3VidHlwZXMiO2k6MDt9'),(147,44,'ca_attribute_merkinnat','ca_objects.merkinnat',147,'YToxNTp7czoxMToiZGVzY3JpcHRpb24iO2E6MTp7czo1OiJmaV9GSSI7czo0NDg6Ik1lcmtpbnTDpCBraXJqYXRhYW4gdMOkc23DpGxsZWVuIHNhbWFsbGEgdGF2YWxsYSwga3VpbiBzZSBvbiBtZXJraXR0eSBvYmpla3RpaW4uIE9pa2VpbmtpcmpvaXR1c3RhLCB2w6RsaW1lcmtrZWrDpCB0YWkgaXNvamEga2lyamFpbWlhIGVpIGtvcmphdGEgdGFpIG11dXRldGEuIEpvcyBtZXJraW50w6QgdWxvdHR1dSB1c2VhbW1hbGxlIHJpdmlsbGUsIG1lcmtpdMOkw6RuIHJpdmludmFpaHRvIGvDpHl0dMOkbcOkbGzDpCBtZXJraW50w6R0YXBhYTogdsOkbGlsecO2bnRpL3bDpGxpbHnDtm50aSAoU1BBQ0UvU1BBQ0UpLiBKb3MgbWVya2ludMOkIHRhaQpvc2Egc2lpdMOkIG9uIGx1a3VrZWx2b3RvbiwgbGFpdGV0YWFuIHNlIGhha2FzdWxrZWlzaWluLiBLaXJqYXRhYW4geWtzaSBtZXJraW50w6Qgam9rYWlzZXN0YSBvYmpla3Rpc3NhCm9sZXZhc3RhIG1lcmtpbm7DpHN0w6QuCgkJCQkiO31zOjU6IndpZHRoIjtzOjA6IiI7czo2OiJoZWlnaHQiO3M6MDoiIjtzOjg6InJlYWRvbmx5IjtkOjA7czoyMToiZXhwYW5kX2NvbGxhcHNlX3ZhbHVlIjtzOjc6ImJ1YmJsZXMiO3M6MjQ6ImV4cGFuZF9jb2xsYXBzZV9ub192YWx1ZSI7czo3OiJidWJibGVzIjtzOjQ6InNvcnQiO3M6MToiMSI7czoxMzoic29ydERpcmVjdGlvbiI7czozOiJBU0MiO3M6MTM6ImNvbG9yRXZlbkl0ZW0iO3M6MDoiIjtzOjEyOiJjb2xvck9kZEl0ZW0iO3M6MDoiIjtzOjE1OiJkaXNwbGF5VGVtcGxhdGUiO3M6MDoiIjtzOjE3OiJkb2N1bWVudGF0aW9uX3VybCI7czowOiIiO3M6MTY6InVzZXd5c2l3eWdlZGl0b3IiO3M6MDoiIjtzOjIyOiJidW5kbGVUeXBlUmVzdHJpY3Rpb25zIjtzOjA6IiI7czozNzoiYnVuZGxlVHlwZVJlc3RyaWN0aW9uc0luY2x1ZGVTdWJ0eXBlcyI7aTowO30='),(148,44,'ca_attribute_lukumaara2','ca_objects.lukumaara_osat',148,'YToxMzp7czo1OiJ3aWR0aCI7czowOiIiO3M6NjoiaGVpZ2h0IjtzOjA6IiI7czo4OiJyZWFkb25seSI7ZDowO3M6MjE6ImV4cGFuZF9jb2xsYXBzZV92YWx1ZSI7czo3OiJidWJibGVzIjtzOjI0OiJleHBhbmRfY29sbGFwc2Vfbm9fdmFsdWUiO3M6NzoiYnViYmxlcyI7czo0OiJzb3J0IjtzOjE6IjEiO3M6MTM6InNvcnREaXJlY3Rpb24iO3M6MzoiQVNDIjtzOjEzOiJjb2xvckV2ZW5JdGVtIjtzOjA6IiI7czoxMjoiY29sb3JPZGRJdGVtIjtzOjA6IiI7czoxNToiZGlzcGxheVRlbXBsYXRlIjtzOjA6IiI7czoxNzoiZG9jdW1lbnRhdGlvbl91cmwiO3M6MDoiIjtzOjIyOiJidW5kbGVUeXBlUmVzdHJpY3Rpb25zIjtzOjA6IiI7czozNzoiYnVuZGxlVHlwZVJlc3RyaWN0aW9uc0luY2x1ZGVTdWJ0eXBlcyI7aTowO30='),(149,44,'ca_attribute_koristelu2','ca_objects.koristelu',149,'YToxNDp7czo1OiJ3aWR0aCI7czowOiIiO3M6NjoiaGVpZ2h0IjtzOjA6IiI7czo4OiJyZWFkb25seSI7ZDowO3M6MjE6ImV4cGFuZF9jb2xsYXBzZV92YWx1ZSI7czo3OiJidWJibGVzIjtzOjI0OiJleHBhbmRfY29sbGFwc2Vfbm9fdmFsdWUiO3M6NzoiYnViYmxlcyI7czo0OiJzb3J0IjtzOjE6IjEiO3M6MTM6InNvcnREaXJlY3Rpb24iO3M6MzoiQVNDIjtzOjEzOiJjb2xvckV2ZW5JdGVtIjtzOjA6IiI7czoxMjoiY29sb3JPZGRJdGVtIjtzOjA6IiI7czoxNToiZGlzcGxheVRlbXBsYXRlIjtzOjA6IiI7czoxNzoiZG9jdW1lbnRhdGlvbl91cmwiO3M6MDoiIjtzOjE2OiJ1c2V3eXNpd3lnZWRpdG9yIjtzOjA6IiI7czoyMjoiYnVuZGxlVHlwZVJlc3RyaWN0aW9ucyI7czowOiIiO3M6Mzc6ImJ1bmRsZVR5cGVSZXN0cmljdGlvbnNJbmNsdWRlU3VidHlwZXMiO2k6MDt9'),(150,44,'ca_attribute_muu_tunniste5','ca_objects.muu_tunniste',150,'YToxMzp7czo1OiJ3aWR0aCI7czowOiIiO3M6NjoiaGVpZ2h0IjtzOjA6IiI7czo4OiJyZWFkb25seSI7ZDowO3M6MjE6ImV4cGFuZF9jb2xsYXBzZV92YWx1ZSI7czo3OiJidWJibGVzIjtzOjI0OiJleHBhbmRfY29sbGFwc2Vfbm9fdmFsdWUiO3M6NzoiYnViYmxlcyI7czo0OiJzb3J0IjtzOjE6IjEiO3M6MTM6InNvcnREaXJlY3Rpb24iO3M6MzoiQVNDIjtzOjEzOiJjb2xvckV2ZW5JdGVtIjtzOjA6IiI7czoxMjoiY29sb3JPZGRJdGVtIjtzOjA6IiI7czoxNToiZGlzcGxheVRlbXBsYXRlIjtzOjA6IiI7czoxNzoiZG9jdW1lbnRhdGlvbl91cmwiO3M6MDoiIjtzOjIyOiJidW5kbGVUeXBlUmVzdHJpY3Rpb25zIjtzOjA6IiI7czozNzoiYnVuZGxlVHlwZVJlc3RyaWN0aW9uc0luY2x1ZGVTdWJ0eXBlcyI7aTowO30='),(151,44,'ca_attribute_varitieto5','ca_objects.varitieto',151,'YToxMzp7czo1OiJ3aWR0aCI7czowOiIiO3M6NjoiaGVpZ2h0IjtzOjA6IiI7czo4OiJyZWFkb25seSI7ZDowO3M6MjE6ImV4cGFuZF9jb2xsYXBzZV92YWx1ZSI7czo3OiJidWJibGVzIjtzOjI0OiJleHBhbmRfY29sbGFwc2Vfbm9fdmFsdWUiO3M6NzoiYnViYmxlcyI7czo0OiJzb3J0IjtzOjE6IjEiO3M6MTM6InNvcnREaXJlY3Rpb24iO3M6MzoiQVNDIjtzOjEzOiJjb2xvckV2ZW5JdGVtIjtzOjA6IiI7czoxMjoiY29sb3JPZGRJdGVtIjtzOjA6IiI7czoxNToiZGlzcGxheVRlbXBsYXRlIjtzOjA6IiI7czoxNzoiZG9jdW1lbnRhdGlvbl91cmwiO3M6MDoiIjtzOjIyOiJidW5kbGVUeXBlUmVzdHJpY3Rpb25zIjtzOjA6IiI7czozNzoiYnVuZGxlVHlwZVJlc3RyaWN0aW9uc0luY2x1ZGVTdWJ0eXBlcyI7aTowO30='),(152,44,'ca_attribute_kirjallisuus','ca_objects.kirjallisuus',152,'YToxNDp7czo1OiJ3aWR0aCI7czowOiIiO3M6NjoiaGVpZ2h0IjtzOjA6IiI7czo4OiJyZWFkb25seSI7ZDowO3M6MjE6ImV4cGFuZF9jb2xsYXBzZV92YWx1ZSI7czo3OiJidWJibGVzIjtzOjI0OiJleHBhbmRfY29sbGFwc2Vfbm9fdmFsdWUiO3M6NzoiYnViYmxlcyI7czo0OiJzb3J0IjtzOjE6IjEiO3M6MTM6InNvcnREaXJlY3Rpb24iO3M6MzoiQVNDIjtzOjEzOiJjb2xvckV2ZW5JdGVtIjtzOjA6IiI7czoxMjoiY29sb3JPZGRJdGVtIjtzOjA6IiI7czoxNToiZGlzcGxheVRlbXBsYXRlIjtzOjA6IiI7czoxNzoiZG9jdW1lbnRhdGlvbl91cmwiO3M6MDoiIjtzOjE2OiJ1c2V3eXNpd3lnZWRpdG9yIjtzOjA6IiI7czoyMjoiYnVuZGxlVHlwZVJlc3RyaWN0aW9ucyI7czowOiIiO3M6Mzc6ImJ1bmRsZVR5cGVSZXN0cmljdGlvbnNJbmNsdWRlU3VidHlwZXMiO2k6MDt9'),(153,45,'ca_attribute_kaytto5','ca_objects.kayttotarkoitus',153,'YToxNDp7czo1OiJ3aWR0aCI7czowOiIiO3M6NjoiaGVpZ2h0IjtzOjA6IiI7czo4OiJyZWFkb25seSI7ZDowO3M6MjE6ImV4cGFuZF9jb2xsYXBzZV92YWx1ZSI7czoxMDoiZG9udF9mb3JjZSI7czoyNDoiZXhwYW5kX2NvbGxhcHNlX25vX3ZhbHVlIjtzOjEwOiJkb250X2ZvcmNlIjtzOjQ6InNvcnQiO3M6MToiMSI7czoxMzoic29ydERpcmVjdGlvbiI7czozOiJBU0MiO3M6MTM6ImNvbG9yRXZlbkl0ZW0iO3M6MDoiIjtzOjEyOiJjb2xvck9kZEl0ZW0iO3M6MDoiIjtzOjE1OiJkaXNwbGF5VGVtcGxhdGUiO3M6MDoiIjtzOjE3OiJkb2N1bWVudGF0aW9uX3VybCI7czowOiIiO3M6MTY6InVzZXd5c2l3eWdlZGl0b3IiO3M6MDoiIjtzOjIyOiJidW5kbGVUeXBlUmVzdHJpY3Rpb25zIjtzOjI6IjIzIjtzOjM3OiJidW5kbGVUeXBlUmVzdHJpY3Rpb25zSW5jbHVkZVN1YnR5cGVzIjtpOjA7fQ=='),(154,45,'ca_attribute_kaytto3','ca_objects.kayttopaikka',154,'YToxNDp7czo1OiJ3aWR0aCI7czowOiIiO3M6NjoiaGVpZ2h0IjtzOjA6IiI7czo4OiJyZWFkb25seSI7ZDowO3M6MjE6ImV4cGFuZF9jb2xsYXBzZV92YWx1ZSI7czoxMDoiZG9udF9mb3JjZSI7czoyNDoiZXhwYW5kX2NvbGxhcHNlX25vX3ZhbHVlIjtzOjEwOiJkb250X2ZvcmNlIjtzOjQ6InNvcnQiO3M6MToiMSI7czoxMzoic29ydERpcmVjdGlvbiI7czozOiJBU0MiO3M6MTM6ImNvbG9yRXZlbkl0ZW0iO3M6MDoiIjtzOjEyOiJjb2xvck9kZEl0ZW0iO3M6MDoiIjtzOjE1OiJkaXNwbGF5VGVtcGxhdGUiO3M6MDoiIjtzOjE3OiJkb2N1bWVudGF0aW9uX3VybCI7czowOiIiO3M6MTY6InVzZXd5c2l3eWdlZGl0b3IiO3M6MDoiIjtzOjIyOiJidW5kbGVUeXBlUmVzdHJpY3Rpb25zIjtzOjI6IjIzIjtzOjM3OiJidW5kbGVUeXBlUmVzdHJpY3Rpb25zSW5jbHVkZVN1YnR5cGVzIjtpOjA7fQ=='),(155,45,'ca_attribute_kaytto4','ca_objects.kayttoaika',155,'YToxMzp7czo1OiJ3aWR0aCI7czowOiIiO3M6NjoiaGVpZ2h0IjtzOjA6IiI7czo4OiJyZWFkb25seSI7ZDowO3M6MjE6ImV4cGFuZF9jb2xsYXBzZV92YWx1ZSI7czoxMDoiZG9udF9mb3JjZSI7czoyNDoiZXhwYW5kX2NvbGxhcHNlX25vX3ZhbHVlIjtzOjEwOiJkb250X2ZvcmNlIjtzOjQ6InNvcnQiO3M6MToiMSI7czoxMzoic29ydERpcmVjdGlvbiI7czozOiJBU0MiO3M6MTM6ImNvbG9yRXZlbkl0ZW0iO3M6MDoiIjtzOjEyOiJjb2xvck9kZEl0ZW0iO3M6MDoiIjtzOjE1OiJkaXNwbGF5VGVtcGxhdGUiO3M6MDoiIjtzOjE3OiJkb2N1bWVudGF0aW9uX3VybCI7czowOiIiO3M6MjI6ImJ1bmRsZVR5cGVSZXN0cmljdGlvbnMiO3M6MjoiMjMiO3M6Mzc6ImJ1bmRsZVR5cGVSZXN0cmljdGlvbnNJbmNsdWRlU3VidHlwZXMiO2k6MDt9'),(156,45,'ca_entities_user','ca_entities',156,'YTozNDp7czo1OiJsYWJlbCI7YToyOntzOjU6ImVuX1VTIjtzOjExOiJrw6R5dHTDpGrDpCI7czo1OiJmaV9GSSI7czoxMToia8OkeXR0w6Rqw6QiO31zOjk6ImFkZF9sYWJlbCI7YToyOntzOjU6ImVuX1VTIjtzOjI0OiJsaXPDpMOkIHV1c2kga8OkeXR0w6Rqw6QiO3M6NToiZmlfRkkiO3M6MjQ6Imxpc8Okw6QgdXVzaSBrw6R5dHTDpGrDpCI7fXM6MTE6ImRlc2NyaXB0aW9uIjthOjE6e3M6NToiZW5fVVMiO3M6NDA6IlTDpHNzw6Qgdm9pdCBsaXPDpHTDpCB1dWRlbiBrw6R5dHTDpGrDpG4iO31zOjU6IndpZHRoIjtzOjA6IiI7czo2OiJoZWlnaHQiO3M6MDoiIjtzOjg6InJlYWRvbmx5IjtkOjA7czoyMToiZXhwYW5kX2NvbGxhcHNlX3ZhbHVlIjtzOjEwOiJkb250X2ZvcmNlIjtzOjI0OiJleHBhbmRfY29sbGFwc2Vfbm9fdmFsdWUiO3M6MTA6ImRvbnRfZm9yY2UiO3M6MzA6InJlc3RyaWN0X3RvX3JlbGF0aW9uc2hpcF90eXBlcyI7YToxOntpOjA7aToxMDE7fXM6MTc6InJlc3RyaWN0X3RvX3R5cGVzIjthOjE6e2k6MDtzOjA6IiI7fXM6MTg6InJlc3RyaWN0X3RvX3NlYXJjaCI7czowOiIiO3M6MjQ6InJlc3RyaWN0X3RvX2FjY2Vzc19wb2ludCI7czowOiIiO3M6NDE6ImRvbnRfaW5jbHVkZV9zdWJ0eXBlc19pbl90eXBlX3Jlc3RyaWN0aW9uIjtpOjA7czoxMToibGlzdF9mb3JtYXQiO3M6NzoiYnViYmxlcyI7czo0OiJzb3J0IjtzOjA6IiI7czoxMzoic29ydERpcmVjdGlvbiI7czozOiJBU0MiO3M6MTQ6ImNvbG9yRmlyc3RJdGVtIjtzOjA6IiI7czo5OiJjb2xvckl0ZW0iO3M6MDoiIjtzOjEzOiJjb2xvckxhc3RJdGVtIjtzOjA6IiI7czoyMDoiZG9udFNob3dEZWxldGVCdXR0b24iO2k6MDtzOjE2OiJkaXNwbGF5X3RlbXBsYXRlIjtzOjA6IiI7czoxNzoiZG9jdW1lbnRhdGlvbl91cmwiO3M6MDoiIjtzOjIyOiJtaW5SZWxhdGlvbnNoaXBzUGVyUm93IjtkOjA7czoyMjoibWF4UmVsYXRpb25zaGlwc1BlclJvdyI7ZDowO3M6MTU6InNob3dDdXJyZW50T25seSI7aTowO3M6MjA6InNob3dDdXJyZW50VXNpbmdEYXRlIjtzOjE0OiJlZmZlY3RpdmVfZGF0ZSI7czoxNToiZGlzYWJsZVF1aWNrYWRkIjtpOjA7czoyNToicHJlcG9wdWxhdGVRdWlja2FkZEZpZWxkcyI7czoxOiIwIjtzOjEyOiJkaXNhYmxlU29ydHMiO2k6MDtzOjk6InNob3dDb3VudCI7ZDowO3M6MjA6ImVmZmVjdGl2ZURhdGVEZWZhdWx0IjtzOjA6IiI7czoxMDoibnVtUGVyUGFnZSI7ZDoxMDA7czoyMjoiYnVuZGxlVHlwZVJlc3RyaWN0aW9ucyI7czowOiIiO3M6Mzc6ImJ1bmRsZVR5cGVSZXN0cmljdGlvbnNJbmNsdWRlU3VidHlwZXMiO2k6MDt9'),(157,46,'ca_attribute_condition','ca_objects.condition',157,'YToxMzp7czo1OiJ3aWR0aCI7czowOiIiO3M6NjoiaGVpZ2h0IjtzOjA6IiI7czo4OiJyZWFkb25seSI7ZDowO3M6MjE6ImV4cGFuZF9jb2xsYXBzZV92YWx1ZSI7czo3OiJidWJibGVzIjtzOjI0OiJleHBhbmRfY29sbGFwc2Vfbm9fdmFsdWUiO3M6NzoiYnViYmxlcyI7czo0OiJzb3J0IjtzOjE6IjEiO3M6MTM6InNvcnREaXJlY3Rpb24iO3M6MzoiQVNDIjtzOjEzOiJjb2xvckV2ZW5JdGVtIjtzOjA6IiI7czoxMjoiY29sb3JPZGRJdGVtIjtzOjA6IiI7czoxNToiZGlzcGxheVRlbXBsYXRlIjtzOjA6IiI7czoxNzoiZG9jdW1lbnRhdGlvbl91cmwiO3M6MDoiIjtzOjIyOiJidW5kbGVUeXBlUmVzdHJpY3Rpb25zIjtzOjA6IiI7czozNzoiYnVuZGxlVHlwZVJlc3RyaWN0aW9uc0luY2x1ZGVTdWJ0eXBlcyI7aTowO30='),(158,46,'ca_attribute_custodial_notes','ca_objects.custodial_notes',158,'YToxNDp7czo1OiJ3aWR0aCI7czowOiIiO3M6NjoiaGVpZ2h0IjtzOjA6IiI7czo4OiJyZWFkb25seSI7ZDowO3M6MjE6ImV4cGFuZF9jb2xsYXBzZV92YWx1ZSI7czo3OiJidWJibGVzIjtzOjI0OiJleHBhbmRfY29sbGFwc2Vfbm9fdmFsdWUiO3M6NzoiYnViYmxlcyI7czo0OiJzb3J0IjtzOjE6IjEiO3M6MTM6InNvcnREaXJlY3Rpb24iO3M6MzoiQVNDIjtzOjEzOiJjb2xvckV2ZW5JdGVtIjtzOjA6IiI7czoxMjoiY29sb3JPZGRJdGVtIjtzOjA6IiI7czoxNToiZGlzcGxheVRlbXBsYXRlIjtzOjA6IiI7czoxNzoiZG9jdW1lbnRhdGlvbl91cmwiO3M6MDoiIjtzOjE2OiJ1c2V3eXNpd3lnZWRpdG9yIjtzOjA6IiI7czoyMjoiYnVuZGxlVHlwZVJlc3RyaWN0aW9ucyI7czowOiIiO3M6Mzc6ImJ1bmRsZVR5cGVSZXN0cmljdGlvbnNJbmNsdWRlU3VidHlwZXMiO2k6MDt9'),(159,46,'ca_attribute_konservointi','ca_objects.konservointi',159,'YToxNDp7czo1OiJ3aWR0aCI7czowOiIiO3M6NjoiaGVpZ2h0IjtzOjA6IiI7czo4OiJyZWFkb25seSI7ZDowO3M6MjE6ImV4cGFuZF9jb2xsYXBzZV92YWx1ZSI7czo3OiJidWJibGVzIjtzOjI0OiJleHBhbmRfY29sbGFwc2Vfbm9fdmFsdWUiO3M6NzoiYnViYmxlcyI7czo0OiJzb3J0IjtzOjE6IjEiO3M6MTM6InNvcnREaXJlY3Rpb24iO3M6MzoiQVNDIjtzOjEzOiJjb2xvckV2ZW5JdGVtIjtzOjA6IiI7czoxMjoiY29sb3JPZGRJdGVtIjtzOjA6IiI7czoxNToiZGlzcGxheVRlbXBsYXRlIjtzOjA6IiI7czoxNzoiZG9jdW1lbnRhdGlvbl91cmwiO3M6MDoiIjtzOjE2OiJ1c2V3eXNpd3lnZWRpdG9yIjtzOjA6IiI7czoyMjoiYnVuZGxlVHlwZVJlc3RyaWN0aW9ucyI7czowOiIiO3M6Mzc6ImJ1bmRsZVR5cGVSZXN0cmljdGlvbnNJbmNsdWRlU3VidHlwZXMiO2k6MDt9'),(160,47,'ca_storage_locations','ca_storage_locations',160,'YTozMzp7czo1OiJ3aWR0aCI7czowOiIiO3M6NjoiaGVpZ2h0IjtzOjA6IiI7czo4OiJyZWFkb25seSI7ZDowO3M6MjE6ImV4cGFuZF9jb2xsYXBzZV92YWx1ZSI7czo3OiJidWJibGVzIjtzOjI0OiJleHBhbmRfY29sbGFwc2Vfbm9fdmFsdWUiO3M6NzoiYnViYmxlcyI7czozMDoicmVzdHJpY3RfdG9fcmVsYXRpb25zaGlwX3R5cGVzIjthOjE6e2k6MDtzOjA6IiI7fXM6MTc6InJlc3RyaWN0X3RvX3R5cGVzIjthOjE6e2k6MDtzOjA6IiI7fXM6MTg6InJlc3RyaWN0X3RvX3NlYXJjaCI7czowOiIiO3M6MjQ6InJlc3RyaWN0X3RvX2FjY2Vzc19wb2ludCI7czowOiIiO3M6NDE6ImRvbnRfaW5jbHVkZV9zdWJ0eXBlc19pbl90eXBlX3Jlc3RyaWN0aW9uIjtpOjA7czoxMToibGlzdF9mb3JtYXQiO3M6NzoiYnViYmxlcyI7czo0OiJzb3J0IjtzOjA6IiI7czoxMzoic29ydERpcmVjdGlvbiI7czozOiJBU0MiO3M6MTQ6ImNvbG9yRmlyc3RJdGVtIjtzOjA6IiI7czo5OiJjb2xvckl0ZW0iO3M6MDoiIjtzOjEzOiJjb2xvckxhc3RJdGVtIjtzOjA6IiI7czoyMDoiZG9udFNob3dEZWxldGVCdXR0b24iO2k6MDtzOjE2OiJkaXNwbGF5X3RlbXBsYXRlIjtzOjA6IiI7czoxNzoiZG9jdW1lbnRhdGlvbl91cmwiO3M6MDoiIjtzOjIyOiJtaW5SZWxhdGlvbnNoaXBzUGVyUm93IjtkOjA7czoyMjoibWF4UmVsYXRpb25zaGlwc1BlclJvdyI7ZDowO3M6MTU6InNob3dDdXJyZW50T25seSI7aTowO3M6MjA6InNob3dDdXJyZW50VXNpbmdEYXRlIjtzOjA6IiI7czoxNToiZGlzYWJsZVF1aWNrYWRkIjtpOjA7czoyNToicHJlcG9wdWxhdGVRdWlja2FkZEZpZWxkcyI7czoxOiIwIjtzOjEyOiJkaXNhYmxlU29ydHMiO2k6MDtzOjk6InNob3dDb3VudCI7ZDowO3M6MjA6ImVmZmVjdGl2ZURhdGVEZWZhdWx0IjtzOjA6IiI7czoxMDoibnVtUGVyUGFnZSI7ZDoxMDA7czoyMjoidXNlSGllcmFyY2hpY2FsQnJvd3NlciI7aToxO3M6MjU6ImhpZXJhcmNoaWNhbEJyb3dzZXJIZWlnaHQiO3M6NToiMjAwcHgiO3M6MjI6ImJ1bmRsZVR5cGVSZXN0cmljdGlvbnMiO3M6MDoiIjtzOjM3OiJidW5kbGVUeXBlUmVzdHJpY3Rpb25zSW5jbHVkZVN1YnR5cGVzIjtpOjA7fQ=='),(161,47,'ca_attribute_tilapainen_sijoituspaikka2','ca_objects.tilapainen_sijoituspaikka',161,'YToxNDp7czo1OiJ3aWR0aCI7czowOiIiO3M6NjoiaGVpZ2h0IjtzOjA6IiI7czo4OiJyZWFkb25seSI7ZDowO3M6MjE6ImV4cGFuZF9jb2xsYXBzZV92YWx1ZSI7czo3OiJidWJibGVzIjtzOjI0OiJleHBhbmRfY29sbGFwc2Vfbm9fdmFsdWUiO3M6NzoiYnViYmxlcyI7czo0OiJzb3J0IjtzOjE6IjEiO3M6MTM6InNvcnREaXJlY3Rpb24iO3M6MzoiQVNDIjtzOjEzOiJjb2xvckV2ZW5JdGVtIjtzOjA6IiI7czoxMjoiY29sb3JPZGRJdGVtIjtzOjA6IiI7czoxNToiZGlzcGxheVRlbXBsYXRlIjtzOjA6IiI7czoxNzoiZG9jdW1lbnRhdGlvbl91cmwiO3M6MDoiIjtzOjE2OiJ1c2V3eXNpd3lnZWRpdG9yIjtzOjA6IiI7czoyMjoiYnVuZGxlVHlwZVJlc3RyaWN0aW9ucyI7czowOiIiO3M6Mzc6ImJ1bmRsZVR5cGVSZXN0cmljdGlvbnNJbmNsdWRlU3VidHlwZXMiO2k6MDt9'),(162,47,'ca_attribute_past_storage_loca','ca_objects.past_storage_locations',162,'YToxMzp7czo1OiJ3aWR0aCI7czowOiIiO3M6NjoiaGVpZ2h0IjtzOjA6IiI7czo4OiJyZWFkb25seSI7ZDowO3M6MjE6ImV4cGFuZF9jb2xsYXBzZV92YWx1ZSI7czo3OiJidWJibGVzIjtzOjI0OiJleHBhbmRfY29sbGFwc2Vfbm9fdmFsdWUiO3M6NzoiYnViYmxlcyI7czo0OiJzb3J0IjtzOjE6IjEiO3M6MTM6InNvcnREaXJlY3Rpb24iO3M6MzoiQVNDIjtzOjEzOiJjb2xvckV2ZW5JdGVtIjtzOjA6IiI7czoxMjoiY29sb3JPZGRJdGVtIjtzOjA6IiI7czoxNToiZGlzcGxheVRlbXBsYXRlIjtzOjA6IiI7czoxNzoiZG9jdW1lbnRhdGlvbl91cmwiO3M6MDoiIjtzOjIyOiJidW5kbGVUeXBlUmVzdHJpY3Rpb25zIjtzOjA6IiI7czozNzoiYnVuZGxlVHlwZVJlc3RyaWN0aW9uc0luY2x1ZGVTdWJ0eXBlcyI7aTowO30='),(163,48,'ca_object_representations','ca_object_representations',163,'YToyNzp7czo1OiJ3aWR0aCI7czowOiIiO3M6NjoiaGVpZ2h0IjtzOjA6IiI7czo4OiJyZWFkb25seSI7ZDowO3M6MjE6ImV4cGFuZF9jb2xsYXBzZV92YWx1ZSI7czo3OiJidWJibGVzIjtzOjI0OiJleHBhbmRfY29sbGFwc2Vfbm9fdmFsdWUiO3M6NzoiYnViYmxlcyI7czoxNzoicmVzdHJpY3RfdG9fdHlwZXMiO2E6MTp7aTowO3M6MDoiIjt9czo0MToiZG9udF9pbmNsdWRlX3N1YnR5cGVzX2luX3R5cGVfcmVzdHJpY3Rpb24iO2k6MDtzOjQ6InNvcnQiO3M6MDoiIjtzOjEzOiJzb3J0RGlyZWN0aW9uIjtzOjM6IkFTQyI7czoyMDoiZG9udFNob3dEZWxldGVCdXR0b24iO2k6MDtzOjE2OiJkaXNwbGF5X3RlbXBsYXRlIjtzOjA6IiI7czoxNzoiZG9jdW1lbnRhdGlvbl91cmwiO3M6MDoiIjtzOjIyOiJtaW5SZWxhdGlvbnNoaXBzUGVyUm93IjtkOjA7czoyMjoibWF4UmVsYXRpb25zaGlwc1BlclJvdyI7ZDowO3M6MTI6ImRpc2FibGVTb3J0cyI7aTowO3M6OToic2hvd0NvdW50IjtkOjA7czoyMDoiZWZmZWN0aXZlRGF0ZURlZmF1bHQiO3M6MDoiIjtzOjEwOiJudW1QZXJQYWdlIjtkOjEwMDtzOjIyOiJkb250U2hvd1ByZWZlcnJlZExhYmVsIjtkOjA7czoxMjoiZG9udFNob3dJZG5vIjtkOjA7czoxNDoiZG9udFNob3dTdGF0dXMiO2Q6MDtzOjE0OiJkb250U2hvd0FjY2VzcyI7ZDowO3M6NzoidWlTdHlsZSI7czowOiIiO3M6MjE6InNob3dCdW5kbGVzRm9yRWRpdGluZyI7YToyOntpOjA7czo0OiJpZG5vIjtpOjE7czo2OiJhY2Nlc3MiO31zOjI2OiJzaG93QnVuZGxlc0ZvckVkaXRpbmdPcmRlciI7czowOiIiO3M6MjI6ImJ1bmRsZVR5cGVSZXN0cmljdGlvbnMiO3M6MDoiIjtzOjM3OiJidW5kbGVUeXBlUmVzdHJpY3Rpb25zSW5jbHVkZVN1YnR5cGVzIjtpOjA7fQ=='),(164,48,'ca_attribute_original_file2','ca_objects.original_file',164,'YToxNDp7czo1OiJ3aWR0aCI7czowOiIiO3M6NjoiaGVpZ2h0IjtzOjA6IiI7czo4OiJyZWFkb25seSI7ZDowO3M6MjE6ImV4cGFuZF9jb2xsYXBzZV92YWx1ZSI7czo3OiJidWJibGVzIjtzOjI0OiJleHBhbmRfY29sbGFwc2Vfbm9fdmFsdWUiO3M6NzoiYnViYmxlcyI7czo0OiJzb3J0IjtzOjE6IjEiO3M6MTM6InNvcnREaXJlY3Rpb24iO3M6MzoiQVNDIjtzOjEzOiJjb2xvckV2ZW5JdGVtIjtzOjA6IiI7czoxMjoiY29sb3JPZGRJdGVtIjtzOjA6IiI7czoxNToiZGlzcGxheVRlbXBsYXRlIjtzOjA6IiI7czoxNzoiZG9jdW1lbnRhdGlvbl91cmwiO3M6MDoiIjtzOjE2OiJ1c2V3eXNpd3lnZWRpdG9yIjtzOjA6IiI7czoyMjoiYnVuZGxlVHlwZVJlc3RyaWN0aW9ucyI7czowOiIiO3M6Mzc6ImJ1bmRsZVR5cGVSZXN0cmljdGlvbnNJbmNsdWRlU3VidHlwZXMiO2k6MDt9'),(165,49,'ca_attribute_notes','ca_objects.notes',165,'YToxNDp7czo1OiJ3aWR0aCI7czowOiIiO3M6NjoiaGVpZ2h0IjtzOjA6IiI7czo4OiJyZWFkb25seSI7ZDowO3M6MjE6ImV4cGFuZF9jb2xsYXBzZV92YWx1ZSI7czo3OiJidWJibGVzIjtzOjI0OiJleHBhbmRfY29sbGFwc2Vfbm9fdmFsdWUiO3M6NzoiYnViYmxlcyI7czo0OiJzb3J0IjtzOjE6IjEiO3M6MTM6InNvcnREaXJlY3Rpb24iO3M6MzoiQVNDIjtzOjEzOiJjb2xvckV2ZW5JdGVtIjtzOjA6IiI7czoxMjoiY29sb3JPZGRJdGVtIjtzOjA6IiI7czoxNToiZGlzcGxheVRlbXBsYXRlIjtzOjA6IiI7czoxNzoiZG9jdW1lbnRhdGlvbl91cmwiO3M6MDoiIjtzOjE2OiJ1c2V3eXNpd3lnZWRpdG9yIjtzOjA6IiI7czoyMjoiYnVuZGxlVHlwZVJlc3RyaWN0aW9ucyI7czowOiIiO3M6Mzc6ImJ1bmRsZVR5cGVSZXN0cmljdGlvbnNJbmNsdWRlU3VidHlwZXMiO2k6MDt9'),(166,49,'ca_attribute_hankintatapa2','ca_objects.hankintatapa',166,'YToxMzp7czo1OiJ3aWR0aCI7czowOiIiO3M6NjoiaGVpZ2h0IjtzOjA6IiI7czo4OiJyZWFkb25seSI7ZDowO3M6MjE6ImV4cGFuZF9jb2xsYXBzZV92YWx1ZSI7czo3OiJidWJibGVzIjtzOjI0OiJleHBhbmRfY29sbGFwc2Vfbm9fdmFsdWUiO3M6NzoiYnViYmxlcyI7czo0OiJzb3J0IjtzOjE6IjEiO3M6MTM6InNvcnREaXJlY3Rpb24iO3M6MzoiQVNDIjtzOjEzOiJjb2xvckV2ZW5JdGVtIjtzOjA6IiI7czoxMjoiY29sb3JPZGRJdGVtIjtzOjA6IiI7czoxNToiZGlzcGxheVRlbXBsYXRlIjtzOjA6IiI7czoxNzoiZG9jdW1lbnRhdGlvbl91cmwiO3M6MDoiIjtzOjIyOiJidW5kbGVUeXBlUmVzdHJpY3Rpb25zIjtzOjA6IiI7czozNzoiYnVuZGxlVHlwZVJlc3RyaWN0aW9uc0luY2x1ZGVTdWJ0eXBlcyI7aTowO30='),(167,49,'ca_attribute_vakuutustiedot5','ca_objects.vakuutustiedot',167,'YToxNDp7czo1OiJ3aWR0aCI7czowOiIiO3M6NjoiaGVpZ2h0IjtzOjA6IiI7czo4OiJyZWFkb25seSI7ZDowO3M6MjE6ImV4cGFuZF9jb2xsYXBzZV92YWx1ZSI7czo3OiJidWJibGVzIjtzOjI0OiJleHBhbmRfY29sbGFwc2Vfbm9fdmFsdWUiO3M6NzoiYnViYmxlcyI7czo0OiJzb3J0IjtzOjE6IjEiO3M6MTM6InNvcnREaXJlY3Rpb24iO3M6MzoiQVNDIjtzOjEzOiJjb2xvckV2ZW5JdGVtIjtzOjA6IiI7czoxMjoiY29sb3JPZGRJdGVtIjtzOjA6IiI7czoxNToiZGlzcGxheVRlbXBsYXRlIjtzOjA6IiI7czoxNzoiZG9jdW1lbnRhdGlvbl91cmwiO3M6MDoiIjtzOjE2OiJ1c2V3eXNpd3lnZWRpdG9yIjtzOjA6IiI7czoyMjoiYnVuZGxlVHlwZVJlc3RyaWN0aW9ucyI7czowOiIiO3M6Mzc6ImJ1bmRsZVR5cGVSZXN0cmljdGlvbnNJbmNsdWRlU3VidHlwZXMiO2k6MDt9'),(168,49,'ca_attribute_rights2','ca_objects.rights',168,'YToxNDp7czo1OiJ3aWR0aCI7czowOiIiO3M6NjoiaGVpZ2h0IjtzOjA6IiI7czo4OiJyZWFkb25seSI7ZDowO3M6MjE6ImV4cGFuZF9jb2xsYXBzZV92YWx1ZSI7czo3OiJidWJibGVzIjtzOjI0OiJleHBhbmRfY29sbGFwc2Vfbm9fdmFsdWUiO3M6NzoiYnViYmxlcyI7czo0OiJzb3J0IjtzOjE6IjEiO3M6MTM6InNvcnREaXJlY3Rpb24iO3M6MzoiQVNDIjtzOjEzOiJjb2xvckV2ZW5JdGVtIjtzOjA6IiI7czoxMjoiY29sb3JPZGRJdGVtIjtzOjA6IiI7czoxNToiZGlzcGxheVRlbXBsYXRlIjtzOjA6IiI7czoxNzoiZG9jdW1lbnRhdGlvbl91cmwiO3M6MDoiIjtzOjE2OiJ1c2V3eXNpd3lnZWRpdG9yIjtzOjA6IiI7czoyMjoiYnVuZGxlVHlwZVJlc3RyaWN0aW9ucyI7czowOiIiO3M6Mzc6ImJ1bmRsZVR5cGVSZXN0cmljdGlvbnNJbmNsdWRlU3VidHlwZXMiO2k6MDt9'),(169,49,'ca_attribute_asiasanat','ca_objects.asiasanat',169,'YToxNjp7czo1OiJsYWJlbCI7YToyOntzOjU6ImVuX1VTIjtzOjk6ImFzaWFzYW5hdCI7czo1OiJmaV9GSSI7czo5OiJhc2lhc2FuYXQiO31zOjExOiJkZXNjcmlwdGlvbiI7YToxOntzOjU6ImZpX0ZJIjtzOjUzOiJLb2h0ZWVuIGFzaWFzYW5hdCBwZXJ1c3RtdW90b2lzaW5hIHZhcGFhbmEgdGVrc3RpbsOkLiI7fXM6NToid2lkdGgiO3M6MDoiIjtzOjY6ImhlaWdodCI7czowOiIiO3M6ODoicmVhZG9ubHkiO2Q6MDtzOjIxOiJleHBhbmRfY29sbGFwc2VfdmFsdWUiO3M6MTA6ImRvbnRfZm9yY2UiO3M6MjQ6ImV4cGFuZF9jb2xsYXBzZV9ub192YWx1ZSI7czoxMDoiZG9udF9mb3JjZSI7czo0OiJzb3J0IjtzOjE6IjEiO3M6MTM6InNvcnREaXJlY3Rpb24iO3M6MzoiQVNDIjtzOjEzOiJjb2xvckV2ZW5JdGVtIjtzOjA6IiI7czoxMjoiY29sb3JPZGRJdGVtIjtzOjA6IiI7czoxNToiZGlzcGxheVRlbXBsYXRlIjtzOjA6IiI7czoxNzoiZG9jdW1lbnRhdGlvbl91cmwiO3M6MDoiIjtzOjE2OiJ1c2V3eXNpd3lnZWRpdG9yIjtzOjA6IiI7czoyMjoiYnVuZGxlVHlwZVJlc3RyaWN0aW9ucyI7czowOiIiO3M6Mzc6ImJ1bmRsZVR5cGVSZXN0cmljdGlvbnNJbmNsdWRlU3VidHlwZXMiO2k6MDt9'),(170,50,'ca_attribute_negkoko','ca_objects.negatiivikoko',170,'YToxMzp7czo1OiJ3aWR0aCI7czowOiIiO3M6NjoiaGVpZ2h0IjtzOjA6IiI7czo4OiJyZWFkb25seSI7ZDowO3M6MjE6ImV4cGFuZF9jb2xsYXBzZV92YWx1ZSI7czo3OiJidWJibGVzIjtzOjI0OiJleHBhbmRfY29sbGFwc2Vfbm9fdmFsdWUiO3M6NzoiYnViYmxlcyI7czo0OiJzb3J0IjtzOjE6IjEiO3M6MTM6InNvcnREaXJlY3Rpb24iO3M6MzoiQVNDIjtzOjEzOiJjb2xvckV2ZW5JdGVtIjtzOjA6IiI7czoxMjoiY29sb3JPZGRJdGVtIjtzOjA6IiI7czoxNToiZGlzcGxheVRlbXBsYXRlIjtzOjA6IiI7czoxNzoiZG9jdW1lbnRhdGlvbl91cmwiO3M6MDoiIjtzOjIyOiJidW5kbGVUeXBlUmVzdHJpY3Rpb25zIjtzOjA6IiI7czozNzoiYnVuZGxlVHlwZVJlc3RyaWN0aW9uc0luY2x1ZGVTdWJ0eXBlcyI7aTowO30='),(171,50,'ca_attribute_pohjamateriaali','ca_objects.pohjamateriaali',171,'YToxMzp7czo1OiJ3aWR0aCI7czowOiIiO3M6NjoiaGVpZ2h0IjtzOjA6IiI7czo4OiJyZWFkb25seSI7ZDowO3M6MjE6ImV4cGFuZF9jb2xsYXBzZV92YWx1ZSI7czo3OiJidWJibGVzIjtzOjI0OiJleHBhbmRfY29sbGFwc2Vfbm9fdmFsdWUiO3M6NzoiYnViYmxlcyI7czo0OiJzb3J0IjtzOjE6IjEiO3M6MTM6InNvcnREaXJlY3Rpb24iO3M6MzoiQVNDIjtzOjEzOiJjb2xvckV2ZW5JdGVtIjtzOjA6IiI7czoxMjoiY29sb3JPZGRJdGVtIjtzOjA6IiI7czoxNToiZGlzcGxheVRlbXBsYXRlIjtzOjA6IiI7czoxNzoiZG9jdW1lbnRhdGlvbl91cmwiO3M6MDoiIjtzOjIyOiJidW5kbGVUeXBlUmVzdHJpY3Rpb25zIjtzOjA6IiI7czozNzoiYnVuZGxlVHlwZVJlc3RyaWN0aW9uc0luY2x1ZGVTdWJ0eXBlcyI7aTowO30='),(172,50,'ca_attribute_negtyyppi','ca_objects.negatiivityyppi',172,'YToxMzp7czo1OiJ3aWR0aCI7czowOiIiO3M6NjoiaGVpZ2h0IjtzOjA6IiI7czo4OiJyZWFkb25seSI7ZDowO3M6MjE6ImV4cGFuZF9jb2xsYXBzZV92YWx1ZSI7czo3OiJidWJibGVzIjtzOjI0OiJleHBhbmRfY29sbGFwc2Vfbm9fdmFsdWUiO3M6NzoiYnViYmxlcyI7czo0OiJzb3J0IjtzOjE6IjEiO3M6MTM6InNvcnREaXJlY3Rpb24iO3M6MzoiQVNDIjtzOjEzOiJjb2xvckV2ZW5JdGVtIjtzOjA6IiI7czoxMjoiY29sb3JPZGRJdGVtIjtzOjA6IiI7czoxNToiZGlzcGxheVRlbXBsYXRlIjtzOjA6IiI7czoxNzoiZG9jdW1lbnRhdGlvbl91cmwiO3M6MDoiIjtzOjIyOiJidW5kbGVUeXBlUmVzdHJpY3Rpb25zIjtzOjA6IiI7czozNzoiYnVuZGxlVHlwZVJlc3RyaWN0aW9uc0luY2x1ZGVTdWJ0eXBlcyI7aTowO30='),(173,50,'ca_attribute_negpohja','ca_objects.negpohjamateriaali',173,'YToxMzp7czo1OiJ3aWR0aCI7czowOiIiO3M6NjoiaGVpZ2h0IjtzOjA6IiI7czo4OiJyZWFkb25seSI7ZDowO3M6MjE6ImV4cGFuZF9jb2xsYXBzZV92YWx1ZSI7czo3OiJidWJibGVzIjtzOjI0OiJleHBhbmRfY29sbGFwc2Vfbm9fdmFsdWUiO3M6NzoiYnViYmxlcyI7czo0OiJzb3J0IjtzOjE6IjEiO3M6MTM6InNvcnREaXJlY3Rpb24iO3M6MzoiQVNDIjtzOjEzOiJjb2xvckV2ZW5JdGVtIjtzOjA6IiI7czoxMjoiY29sb3JPZGRJdGVtIjtzOjA6IiI7czoxNToiZGlzcGxheVRlbXBsYXRlIjtzOjA6IiI7czoxNzoiZG9jdW1lbnRhdGlvbl91cmwiO3M6MDoiIjtzOjIyOiJidW5kbGVUeXBlUmVzdHJpY3Rpb25zIjtzOjA6IiI7czozNzoiYnVuZGxlVHlwZVJlc3RyaWN0aW9uc0luY2x1ZGVTdWJ0eXBlcyI7aTowO30='),(174,50,'ca_attribute_repro2','ca_objects.repro',174,'YToxMzp7czo1OiJ3aWR0aCI7czowOiIiO3M6NjoiaGVpZ2h0IjtzOjA6IiI7czo4OiJyZWFkb25seSI7ZDowO3M6MjE6ImV4cGFuZF9jb2xsYXBzZV92YWx1ZSI7czo3OiJidWJibGVzIjtzOjI0OiJleHBhbmRfY29sbGFwc2Vfbm9fdmFsdWUiO3M6NzoiYnViYmxlcyI7czo0OiJzb3J0IjtzOjE6IjEiO3M6MTM6InNvcnREaXJlY3Rpb24iO3M6MzoiQVNDIjtzOjEzOiJjb2xvckV2ZW5JdGVtIjtzOjA6IiI7czoxMjoiY29sb3JPZGRJdGVtIjtzOjA6IiI7czoxNToiZGlzcGxheVRlbXBsYXRlIjtzOjA6IiI7czoxNzoiZG9jdW1lbnRhdGlvbl91cmwiO3M6MDoiIjtzOjIyOiJidW5kbGVUeXBlUmVzdHJpY3Rpb25zIjtzOjA6IiI7czozNzoiYnVuZGxlVHlwZVJlc3RyaWN0aW9uc0luY2x1ZGVTdWJ0eXBlcyI7aTowO30='),(175,52,'preferred_labels','preferred_labels',175,'YToxMDp7czo1OiJ3aWR0aCI7czowOiIiO3M6NjoiaGVpZ2h0IjtzOjA6IiI7czo4OiJyZWFkb25seSI7ZDowO3M6MjE6ImV4cGFuZF9jb2xsYXBzZV92YWx1ZSI7czo3OiJidWJibGVzIjtzOjI0OiJleHBhbmRfY29sbGFwc2Vfbm9fdmFsdWUiO3M6NzoiYnViYmxlcyI7czoxNjoidXNld3lzaXd5Z2VkaXRvciI7ZDowO3M6MTc6ImRvY3VtZW50YXRpb25fdXJsIjtzOjA6IiI7czoxNToiZGlzcGxheVRlbXBsYXRlIjtzOjA6IiI7czoyMjoiYnVuZGxlVHlwZVJlc3RyaWN0aW9ucyI7czowOiIiO3M6Mzc6ImJ1bmRsZVR5cGVSZXN0cmljdGlvbnNJbmNsdWRlU3VidHlwZXMiO2k6MDt9'),(176,52,'nonpreferred_labels','nonpreferred_labels',176,'YToxMDp7czo1OiJ3aWR0aCI7czowOiIiO3M6NjoiaGVpZ2h0IjtzOjA6IiI7czo4OiJyZWFkb25seSI7ZDowO3M6MjE6ImV4cGFuZF9jb2xsYXBzZV92YWx1ZSI7czo3OiJidWJibGVzIjtzOjI0OiJleHBhbmRfY29sbGFwc2Vfbm9fdmFsdWUiO3M6NzoiYnViYmxlcyI7czoxNjoidXNld3lzaXd5Z2VkaXRvciI7ZDowO3M6MTc6ImRvY3VtZW50YXRpb25fdXJsIjtzOjA6IiI7czoxNToiZGlzcGxheVRlbXBsYXRlIjtzOjA6IiI7czoyMjoiYnVuZGxlVHlwZVJlc3RyaWN0aW9ucyI7czowOiIiO3M6Mzc6ImJ1bmRsZVR5cGVSZXN0cmljdGlvbnNJbmNsdWRlU3VidHlwZXMiO2k6MDt9'),(177,52,'idno','idno',177,'YTo5OntzOjU6IndpZHRoIjtzOjA6IiI7czo2OiJoZWlnaHQiO3M6MDoiIjtzOjg6InJlYWRvbmx5IjtkOjA7czoyMToiZXhwYW5kX2NvbGxhcHNlX3ZhbHVlIjtzOjc6ImJ1YmJsZXMiO3M6MjQ6ImV4cGFuZF9jb2xsYXBzZV9ub192YWx1ZSI7czo3OiJidWJibGVzIjtzOjE3OiJkb2N1bWVudGF0aW9uX3VybCI7czowOiIiO3M6MTY6InVzZXd5c2l3eWdlZGl0b3IiO2Q6MDtzOjIyOiJidW5kbGVUeXBlUmVzdHJpY3Rpb25zIjtzOjA6IiI7czozNzoiYnVuZGxlVHlwZVJlc3RyaWN0aW9uc0luY2x1ZGVTdWJ0eXBlcyI7aTowO30='),(178,52,'ca_attribute_elinaika','ca_entities.elinaika',178,'YToxMzp7czo1OiJ3aWR0aCI7czowOiIiO3M6NjoiaGVpZ2h0IjtzOjA6IiI7czo4OiJyZWFkb25seSI7ZDowO3M6MjE6ImV4cGFuZF9jb2xsYXBzZV92YWx1ZSI7czo3OiJidWJibGVzIjtzOjI0OiJleHBhbmRfY29sbGFwc2Vfbm9fdmFsdWUiO3M6NzoiYnViYmxlcyI7czo0OiJzb3J0IjtzOjE6IjEiO3M6MTM6InNvcnREaXJlY3Rpb24iO3M6MzoiQVNDIjtzOjEzOiJjb2xvckV2ZW5JdGVtIjtzOjA6IiI7czoxMjoiY29sb3JPZGRJdGVtIjtzOjA6IiI7czoxNToiZGlzcGxheVRlbXBsYXRlIjtzOjA6IiI7czoxNzoiZG9jdW1lbnRhdGlvbl91cmwiO3M6MDoiIjtzOjIyOiJidW5kbGVUeXBlUmVzdHJpY3Rpb25zIjtzOjA6IiI7czozNzoiYnVuZGxlVHlwZVJlc3RyaWN0aW9uc0luY2x1ZGVTdWJ0eXBlcyI7aTowO30='),(179,52,'ca_attribute_opiskeluaika5','ca_entities.opiskeluaika',179,'YToxMzp7czo1OiJ3aWR0aCI7czowOiIiO3M6NjoiaGVpZ2h0IjtzOjA6IiI7czo4OiJyZWFkb25seSI7ZDowO3M6MjE6ImV4cGFuZF9jb2xsYXBzZV92YWx1ZSI7czo3OiJidWJibGVzIjtzOjI0OiJleHBhbmRfY29sbGFwc2Vfbm9fdmFsdWUiO3M6NzoiYnViYmxlcyI7czo0OiJzb3J0IjtzOjE6IjEiO3M6MTM6InNvcnREaXJlY3Rpb24iO3M6MzoiQVNDIjtzOjEzOiJjb2xvckV2ZW5JdGVtIjtzOjA6IiI7czoxMjoiY29sb3JPZGRJdGVtIjtzOjA6IiI7czoxNToiZGlzcGxheVRlbXBsYXRlIjtzOjA6IiI7czoxNzoiZG9jdW1lbnRhdGlvbl91cmwiO3M6MDoiIjtzOjIyOiJidW5kbGVUeXBlUmVzdHJpY3Rpb25zIjtzOjA6IiI7czozNzoiYnVuZGxlVHlwZVJlc3RyaWN0aW9uc0luY2x1ZGVTdWJ0eXBlcyI7aTowO30='),(180,52,'ca_attribute_ammatti5','ca_entities.ammatti',180,'YToxMzp7czo1OiJ3aWR0aCI7czowOiIiO3M6NjoiaGVpZ2h0IjtzOjA6IiI7czo4OiJyZWFkb25seSI7ZDowO3M6MjE6ImV4cGFuZF9jb2xsYXBzZV92YWx1ZSI7czo3OiJidWJibGVzIjtzOjI0OiJleHBhbmRfY29sbGFwc2Vfbm9fdmFsdWUiO3M6NzoiYnViYmxlcyI7czo0OiJzb3J0IjtzOjE6IjEiO3M6MTM6InNvcnREaXJlY3Rpb24iO3M6MzoiQVNDIjtzOjEzOiJjb2xvckV2ZW5JdGVtIjtzOjA6IiI7czoxMjoiY29sb3JPZGRJdGVtIjtzOjA6IiI7czoxNToiZGlzcGxheVRlbXBsYXRlIjtzOjA6IiI7czoxNzoiZG9jdW1lbnRhdGlvbl91cmwiO3M6MDoiIjtzOjIyOiJidW5kbGVUeXBlUmVzdHJpY3Rpb25zIjtzOjA6IiI7czozNzoiYnVuZGxlVHlwZVJlc3RyaWN0aW9uc0luY2x1ZGVTdWJ0eXBlcyI7aTowO30='),(181,52,'ca_attribute_description_entity','ca_attribute_description',181,'YToxNDp7czo1OiJ3aWR0aCI7czowOiIiO3M6NjoiaGVpZ2h0IjtzOjA6IiI7czo4OiJyZWFkb25seSI7ZDowO3M6MjE6ImV4cGFuZF9jb2xsYXBzZV92YWx1ZSI7czo3OiJidWJibGVzIjtzOjI0OiJleHBhbmRfY29sbGFwc2Vfbm9fdmFsdWUiO3M6NzoiYnViYmxlcyI7czo0OiJzb3J0IjtzOjE6IjEiO3M6MTM6InNvcnREaXJlY3Rpb24iO3M6MzoiQVNDIjtzOjEzOiJjb2xvckV2ZW5JdGVtIjtzOjA6IiI7czoxMjoiY29sb3JPZGRJdGVtIjtzOjA6IiI7czoxNToiZGlzcGxheVRlbXBsYXRlIjtzOjA6IiI7czoxNzoiZG9jdW1lbnRhdGlvbl91cmwiO3M6MDoiIjtzOjE2OiJ1c2V3eXNpd3lnZWRpdG9yIjtzOjA6IiI7czoyMjoiYnVuZGxlVHlwZVJlc3RyaWN0aW9ucyI7czowOiIiO3M6Mzc6ImJ1bmRsZVR5cGVSZXN0cmljdGlvbnNJbmNsdWRlU3VidHlwZXMiO2k6MDt9'),(182,53,'ca_attribute_osoite','ca_entities.osoite',182,'YToxNDp7czo1OiJ3aWR0aCI7czowOiIiO3M6NjoiaGVpZ2h0IjtzOjA6IiI7czo4OiJyZWFkb25seSI7ZDowO3M6MjE6ImV4cGFuZF9jb2xsYXBzZV92YWx1ZSI7czo3OiJidWJibGVzIjtzOjI0OiJleHBhbmRfY29sbGFwc2Vfbm9fdmFsdWUiO3M6NzoiYnViYmxlcyI7czo0OiJzb3J0IjtzOjE6IjEiO3M6MTM6InNvcnREaXJlY3Rpb24iO3M6MzoiQVNDIjtzOjEzOiJjb2xvckV2ZW5JdGVtIjtzOjA6IiI7czoxMjoiY29sb3JPZGRJdGVtIjtzOjA6IiI7czoxNToiZGlzcGxheVRlbXBsYXRlIjtzOjA6IiI7czoxNzoiZG9jdW1lbnRhdGlvbl91cmwiO3M6MDoiIjtzOjE2OiJ1c2V3eXNpd3lnZWRpdG9yIjtzOjA6IiI7czoyMjoiYnVuZGxlVHlwZVJlc3RyaWN0aW9ucyI7czowOiIiO3M6Mzc6ImJ1bmRsZVR5cGVSZXN0cmljdGlvbnNJbmNsdWRlU3VidHlwZXMiO2k6MDt9'),(183,53,'ca_attribute_telephone','ca_entities.telephone',183,'YToxNDp7czo1OiJ3aWR0aCI7czowOiIiO3M6NjoiaGVpZ2h0IjtzOjA6IiI7czo4OiJyZWFkb25seSI7ZDowO3M6MjE6ImV4cGFuZF9jb2xsYXBzZV92YWx1ZSI7czo3OiJidWJibGVzIjtzOjI0OiJleHBhbmRfY29sbGFwc2Vfbm9fdmFsdWUiO3M6NzoiYnViYmxlcyI7czo0OiJzb3J0IjtzOjE6IjEiO3M6MTM6InNvcnREaXJlY3Rpb24iO3M6MzoiQVNDIjtzOjEzOiJjb2xvckV2ZW5JdGVtIjtzOjA6IiI7czoxMjoiY29sb3JPZGRJdGVtIjtzOjA6IiI7czoxNToiZGlzcGxheVRlbXBsYXRlIjtzOjA6IiI7czoxNzoiZG9jdW1lbnRhdGlvbl91cmwiO3M6MDoiIjtzOjE2OiJ1c2V3eXNpd3lnZWRpdG9yIjtzOjA6IiI7czoyMjoiYnVuZGxlVHlwZVJlc3RyaWN0aW9ucyI7czowOiIiO3M6Mzc6ImJ1bmRsZVR5cGVSZXN0cmljdGlvbnNJbmNsdWRlU3VidHlwZXMiO2k6MDt9'),(184,53,'ca_attribute_email','ca_attribute_email',184,'YToxNDp7czo1OiJ3aWR0aCI7czowOiIiO3M6NjoiaGVpZ2h0IjtzOjA6IiI7czo4OiJyZWFkb25seSI7ZDowO3M6MjE6ImV4cGFuZF9jb2xsYXBzZV92YWx1ZSI7czo3OiJidWJibGVzIjtzOjI0OiJleHBhbmRfY29sbGFwc2Vfbm9fdmFsdWUiO3M6NzoiYnViYmxlcyI7czo0OiJzb3J0IjtzOjE6IjEiO3M6MTM6InNvcnREaXJlY3Rpb24iO3M6MzoiQVNDIjtzOjEzOiJjb2xvckV2ZW5JdGVtIjtzOjA6IiI7czoxMjoiY29sb3JPZGRJdGVtIjtzOjA6IiI7czoxNToiZGlzcGxheVRlbXBsYXRlIjtzOjA6IiI7czoxNzoiZG9jdW1lbnRhdGlvbl91cmwiO3M6MDoiIjtzOjE2OiJ1c2V3eXNpd3lnZWRpdG9yIjtzOjA6IiI7czoyMjoiYnVuZGxlVHlwZVJlc3RyaWN0aW9ucyI7czowOiIiO3M6Mzc6ImJ1bmRsZVR5cGVSZXN0cmljdGlvbnNJbmNsdWRlU3VidHlwZXMiO2k6MDt9'),(185,53,'ca_attribute_url','ca_entities.url',185,'YToxMzp7czo1OiJ3aWR0aCI7czowOiIiO3M6NjoiaGVpZ2h0IjtzOjA6IiI7czo4OiJyZWFkb25seSI7ZDowO3M6MjE6ImV4cGFuZF9jb2xsYXBzZV92YWx1ZSI7czo3OiJidWJibGVzIjtzOjI0OiJleHBhbmRfY29sbGFwc2Vfbm9fdmFsdWUiO3M6NzoiYnViYmxlcyI7czo0OiJzb3J0IjtzOjE6IjEiO3M6MTM6InNvcnREaXJlY3Rpb24iO3M6MzoiQVNDIjtzOjEzOiJjb2xvckV2ZW5JdGVtIjtzOjA6IiI7czoxMjoiY29sb3JPZGRJdGVtIjtzOjA6IiI7czoxNToiZGlzcGxheVRlbXBsYXRlIjtzOjA6IiI7czoxNzoiZG9jdW1lbnRhdGlvbl91cmwiO3M6MDoiIjtzOjIyOiJidW5kbGVUeXBlUmVzdHJpY3Rpb25zIjtzOjA6IiI7czozNzoiYnVuZGxlVHlwZVJlc3RyaWN0aW9uc0luY2x1ZGVTdWJ0eXBlcyI7aTowO30='),(186,55,'preferred_labels','preferred_labels',186,'YToxMDp7czo1OiJ3aWR0aCI7czowOiIiO3M6NjoiaGVpZ2h0IjtzOjA6IiI7czo4OiJyZWFkb25seSI7ZDowO3M6MjE6ImV4cGFuZF9jb2xsYXBzZV92YWx1ZSI7czo3OiJidWJibGVzIjtzOjI0OiJleHBhbmRfY29sbGFwc2Vfbm9fdmFsdWUiO3M6NzoiYnViYmxlcyI7czoxNjoidXNld3lzaXd5Z2VkaXRvciI7ZDowO3M6MTc6ImRvY3VtZW50YXRpb25fdXJsIjtzOjA6IiI7czoxNToiZGlzcGxheVRlbXBsYXRlIjtzOjA6IiI7czoyMjoiYnVuZGxlVHlwZVJlc3RyaWN0aW9ucyI7czowOiIiO3M6Mzc6ImJ1bmRsZVR5cGVSZXN0cmljdGlvbnNJbmNsdWRlU3VidHlwZXMiO2k6MDt9'),(187,55,'idno','idno',187,'YTo5OntzOjU6IndpZHRoIjtzOjA6IiI7czo2OiJoZWlnaHQiO3M6MDoiIjtzOjg6InJlYWRvbmx5IjtkOjA7czoyMToiZXhwYW5kX2NvbGxhcHNlX3ZhbHVlIjtzOjc6ImJ1YmJsZXMiO3M6MjQ6ImV4cGFuZF9jb2xsYXBzZV9ub192YWx1ZSI7czo3OiJidWJibGVzIjtzOjE3OiJkb2N1bWVudGF0aW9uX3VybCI7czowOiIiO3M6MTY6InVzZXd5c2l3eWdlZGl0b3IiO2Q6MDtzOjIyOiJidW5kbGVUeXBlUmVzdHJpY3Rpb25zIjtzOjA6IiI7czozNzoiYnVuZGxlVHlwZVJlc3RyaWN0aW9uc0luY2x1ZGVTdWJ0eXBlcyI7aTowO30='),(188,55,'nonpreferred_labels','nonpreferred_labels',188,'YToxMDp7czo1OiJ3aWR0aCI7czowOiIiO3M6NjoiaGVpZ2h0IjtzOjA6IiI7czo4OiJyZWFkb25seSI7ZDowO3M6MjE6ImV4cGFuZF9jb2xsYXBzZV92YWx1ZSI7czo3OiJidWJibGVzIjtzOjI0OiJleHBhbmRfY29sbGFwc2Vfbm9fdmFsdWUiO3M6NzoiYnViYmxlcyI7czoxNjoidXNld3lzaXd5Z2VkaXRvciI7ZDowO3M6MTc6ImRvY3VtZW50YXRpb25fdXJsIjtzOjA6IiI7czoxNToiZGlzcGxheVRlbXBsYXRlIjtzOjA6IiI7czoyMjoiYnVuZGxlVHlwZVJlc3RyaWN0aW9ucyI7czowOiIiO3M6Mzc6ImJ1bmRsZVR5cGVSZXN0cmljdGlvbnNJbmNsdWRlU3VidHlwZXMiO2k6MDt9'),(189,55,'ca_attribute_description','ca_attribute_description',189,'YToxNDp7czo1OiJ3aWR0aCI7czowOiIiO3M6NjoiaGVpZ2h0IjtzOjA6IiI7czo4OiJyZWFkb25seSI7ZDowO3M6MjE6ImV4cGFuZF9jb2xsYXBzZV92YWx1ZSI7czo3OiJidWJibGVzIjtzOjI0OiJleHBhbmRfY29sbGFwc2Vfbm9fdmFsdWUiO3M6NzoiYnViYmxlcyI7czo0OiJzb3J0IjtzOjE6IjEiO3M6MTM6InNvcnREaXJlY3Rpb24iO3M6MzoiQVNDIjtzOjEzOiJjb2xvckV2ZW5JdGVtIjtzOjA6IiI7czoxMjoiY29sb3JPZGRJdGVtIjtzOjA6IiI7czoxNToiZGlzcGxheVRlbXBsYXRlIjtzOjA6IiI7czoxNzoiZG9jdW1lbnRhdGlvbl91cmwiO3M6MDoiIjtzOjE2OiJ1c2V3eXNpd3lnZWRpdG9yIjtzOjA6IiI7czoyMjoiYnVuZGxlVHlwZVJlc3RyaWN0aW9ucyI7czowOiIiO3M6Mzc6ImJ1bmRsZVR5cGVSZXN0cmljdGlvbnNJbmNsdWRlU3VidHlwZXMiO2k6MDt9'),(190,55,'ca_attribute_external_link','ca_occurrences.external_link',190,'YToxMzp7czo1OiJ3aWR0aCI7czowOiIiO3M6NjoiaGVpZ2h0IjtzOjA6IiI7czo4OiJyZWFkb25seSI7ZDowO3M6MjE6ImV4cGFuZF9jb2xsYXBzZV92YWx1ZSI7czo3OiJidWJibGVzIjtzOjI0OiJleHBhbmRfY29sbGFwc2Vfbm9fdmFsdWUiO3M6NzoiYnViYmxlcyI7czo0OiJzb3J0IjtzOjE6IjEiO3M6MTM6InNvcnREaXJlY3Rpb24iO3M6MzoiQVNDIjtzOjEzOiJjb2xvckV2ZW5JdGVtIjtzOjA6IiI7czoxMjoiY29sb3JPZGRJdGVtIjtzOjA6IiI7czoxNToiZGlzcGxheVRlbXBsYXRlIjtzOjA6IiI7czoxNzoiZG9jdW1lbnRhdGlvbl91cmwiO3M6MDoiIjtzOjIyOiJidW5kbGVUeXBlUmVzdHJpY3Rpb25zIjtzOjA6IiI7czozNzoiYnVuZGxlVHlwZVJlc3RyaWN0aW9uc0luY2x1ZGVTdWJ0eXBlcyI7aTowO30='),(191,56,'ca_objects','ca_objects',191,'YTozMjp7czo1OiJ3aWR0aCI7czowOiIiO3M6NjoiaGVpZ2h0IjtzOjA6IiI7czo4OiJyZWFkb25seSI7ZDowO3M6MjE6ImV4cGFuZF9jb2xsYXBzZV92YWx1ZSI7czo3OiJidWJibGVzIjtzOjI0OiJleHBhbmRfY29sbGFwc2Vfbm9fdmFsdWUiO3M6NzoiYnViYmxlcyI7czozMDoicmVzdHJpY3RfdG9fcmVsYXRpb25zaGlwX3R5cGVzIjthOjE6e2k6MDtzOjA6IiI7fXM6MTc6InJlc3RyaWN0X3RvX3R5cGVzIjthOjE6e2k6MDtzOjA6IiI7fXM6MTg6InJlc3RyaWN0X3RvX3NlYXJjaCI7czowOiIiO3M6MjQ6InJlc3RyaWN0X3RvX2FjY2Vzc19wb2ludCI7czowOiIiO3M6NDE6ImRvbnRfaW5jbHVkZV9zdWJ0eXBlc19pbl90eXBlX3Jlc3RyaWN0aW9uIjtpOjA7czoxMToibGlzdF9mb3JtYXQiO3M6NzoiYnViYmxlcyI7czo0OiJzb3J0IjtzOjA6IiI7czoxMzoic29ydERpcmVjdGlvbiI7czozOiJBU0MiO3M6MTQ6ImNvbG9yRmlyc3RJdGVtIjtzOjA6IiI7czo5OiJjb2xvckl0ZW0iO3M6MDoiIjtzOjEzOiJjb2xvckxhc3RJdGVtIjtzOjA6IiI7czoyMDoiZG9udFNob3dEZWxldGVCdXR0b24iO2k6MDtzOjE2OiJkaXNwbGF5X3RlbXBsYXRlIjtzOjA6IiI7czoxNzoiZG9jdW1lbnRhdGlvbl91cmwiO3M6MDoiIjtzOjIyOiJtaW5SZWxhdGlvbnNoaXBzUGVyUm93IjtkOjA7czoyMjoibWF4UmVsYXRpb25zaGlwc1BlclJvdyI7ZDowO3M6MTU6InNob3dDdXJyZW50T25seSI7aTowO3M6MjA6InNob3dDdXJyZW50VXNpbmdEYXRlIjtzOjA6IiI7czoxNToiZGlzYWJsZVF1aWNrYWRkIjtpOjA7czoyNToicHJlcG9wdWxhdGVRdWlja2FkZEZpZWxkcyI7czoxOiIwIjtzOjEyOiJkaXNhYmxlU29ydHMiO2k6MDtzOjk6InNob3dDb3VudCI7ZDowO3M6MjA6ImVmZmVjdGl2ZURhdGVEZWZhdWx0IjtzOjA6IiI7czoxMDoibnVtUGVyUGFnZSI7ZDoxMDA7czoyNToic2hvd1JldHVyblRvSG9tZUxvY2F0aW9ucyI7aTowO3M6MjI6ImJ1bmRsZVR5cGVSZXN0cmljdGlvbnMiO3M6MDoiIjtzOjM3OiJidW5kbGVUeXBlUmVzdHJpY3Rpb25zSW5jbHVkZVN1YnR5cGVzIjtpOjA7fQ=='),(192,56,'ca_entities','ca_entities',192,'YTozMTp7czo1OiJ3aWR0aCI7czowOiIiO3M6NjoiaGVpZ2h0IjtzOjA6IiI7czo4OiJyZWFkb25seSI7ZDowO3M6MjE6ImV4cGFuZF9jb2xsYXBzZV92YWx1ZSI7czo3OiJidWJibGVzIjtzOjI0OiJleHBhbmRfY29sbGFwc2Vfbm9fdmFsdWUiO3M6NzoiYnViYmxlcyI7czozMDoicmVzdHJpY3RfdG9fcmVsYXRpb25zaGlwX3R5cGVzIjthOjE6e2k6MDtzOjA6IiI7fXM6MTc6InJlc3RyaWN0X3RvX3R5cGVzIjthOjE6e2k6MDtzOjA6IiI7fXM6MTg6InJlc3RyaWN0X3RvX3NlYXJjaCI7czowOiIiO3M6MjQ6InJlc3RyaWN0X3RvX2FjY2Vzc19wb2ludCI7czowOiIiO3M6NDE6ImRvbnRfaW5jbHVkZV9zdWJ0eXBlc19pbl90eXBlX3Jlc3RyaWN0aW9uIjtpOjA7czoxMToibGlzdF9mb3JtYXQiO3M6NzoiYnViYmxlcyI7czo0OiJzb3J0IjtzOjA6IiI7czoxMzoic29ydERpcmVjdGlvbiI7czozOiJBU0MiO3M6MTQ6ImNvbG9yRmlyc3RJdGVtIjtzOjA6IiI7czo5OiJjb2xvckl0ZW0iO3M6MDoiIjtzOjEzOiJjb2xvckxhc3RJdGVtIjtzOjA6IiI7czoyMDoiZG9udFNob3dEZWxldGVCdXR0b24iO2k6MDtzOjE2OiJkaXNwbGF5X3RlbXBsYXRlIjtzOjA6IiI7czoxNzoiZG9jdW1lbnRhdGlvbl91cmwiO3M6MDoiIjtzOjIyOiJtaW5SZWxhdGlvbnNoaXBzUGVyUm93IjtkOjA7czoyMjoibWF4UmVsYXRpb25zaGlwc1BlclJvdyI7ZDowO3M6MTU6InNob3dDdXJyZW50T25seSI7aTowO3M6MjA6InNob3dDdXJyZW50VXNpbmdEYXRlIjtzOjA6IiI7czoxNToiZGlzYWJsZVF1aWNrYWRkIjtpOjA7czoyNToicHJlcG9wdWxhdGVRdWlja2FkZEZpZWxkcyI7czoxOiIwIjtzOjEyOiJkaXNhYmxlU29ydHMiO2k6MDtzOjk6InNob3dDb3VudCI7ZDowO3M6MjA6ImVmZmVjdGl2ZURhdGVEZWZhdWx0IjtzOjA6IiI7czoxMDoibnVtUGVyUGFnZSI7ZDoxMDA7czoyMjoiYnVuZGxlVHlwZVJlc3RyaWN0aW9ucyI7czowOiIiO3M6Mzc6ImJ1bmRsZVR5cGVSZXN0cmljdGlvbnNJbmNsdWRlU3VidHlwZXMiO2k6MDt9'),(193,56,'ca_occurrences','ca_occurrences',193,'YTozMTp7czo1OiJ3aWR0aCI7czowOiIiO3M6NjoiaGVpZ2h0IjtzOjA6IiI7czo4OiJyZWFkb25seSI7ZDowO3M6MjE6ImV4cGFuZF9jb2xsYXBzZV92YWx1ZSI7czo3OiJidWJibGVzIjtzOjI0OiJleHBhbmRfY29sbGFwc2Vfbm9fdmFsdWUiO3M6NzoiYnViYmxlcyI7czozMDoicmVzdHJpY3RfdG9fcmVsYXRpb25zaGlwX3R5cGVzIjthOjE6e2k6MDtzOjA6IiI7fXM6MTc6InJlc3RyaWN0X3RvX3R5cGVzIjthOjE6e2k6MDtzOjA6IiI7fXM6MTg6InJlc3RyaWN0X3RvX3NlYXJjaCI7czowOiIiO3M6MjQ6InJlc3RyaWN0X3RvX2FjY2Vzc19wb2ludCI7czowOiIiO3M6NDE6ImRvbnRfaW5jbHVkZV9zdWJ0eXBlc19pbl90eXBlX3Jlc3RyaWN0aW9uIjtpOjA7czoxMToibGlzdF9mb3JtYXQiO3M6NzoiYnViYmxlcyI7czo0OiJzb3J0IjtzOjA6IiI7czoxMzoic29ydERpcmVjdGlvbiI7czozOiJBU0MiO3M6MTQ6ImNvbG9yRmlyc3RJdGVtIjtzOjA6IiI7czo5OiJjb2xvckl0ZW0iO3M6MDoiIjtzOjEzOiJjb2xvckxhc3RJdGVtIjtzOjA6IiI7czoyMDoiZG9udFNob3dEZWxldGVCdXR0b24iO2k6MDtzOjE2OiJkaXNwbGF5X3RlbXBsYXRlIjtzOjA6IiI7czoxNzoiZG9jdW1lbnRhdGlvbl91cmwiO3M6MDoiIjtzOjIyOiJtaW5SZWxhdGlvbnNoaXBzUGVyUm93IjtkOjA7czoyMjoibWF4UmVsYXRpb25zaGlwc1BlclJvdyI7ZDowO3M6MTU6InNob3dDdXJyZW50T25seSI7aTowO3M6MjA6InNob3dDdXJyZW50VXNpbmdEYXRlIjtzOjA6IiI7czoxNToiZGlzYWJsZVF1aWNrYWRkIjtpOjA7czoyNToicHJlcG9wdWxhdGVRdWlja2FkZEZpZWxkcyI7czoxOiIwIjtzOjEyOiJkaXNhYmxlU29ydHMiO2k6MDtzOjk6InNob3dDb3VudCI7ZDowO3M6MjA6ImVmZmVjdGl2ZURhdGVEZWZhdWx0IjtzOjA6IiI7czoxMDoibnVtUGVyUGFnZSI7ZDoxMDA7czoyMjoiYnVuZGxlVHlwZVJlc3RyaWN0aW9ucyI7czowOiIiO3M6Mzc6ImJ1bmRsZVR5cGVSZXN0cmljdGlvbnNJbmNsdWRlU3VidHlwZXMiO2k6MDt9'),(194,56,'ca_collections','ca_collections',194,'YTozMTp7czo1OiJ3aWR0aCI7czowOiIiO3M6NjoiaGVpZ2h0IjtzOjA6IiI7czo4OiJyZWFkb25seSI7ZDowO3M6MjE6ImV4cGFuZF9jb2xsYXBzZV92YWx1ZSI7czo3OiJidWJibGVzIjtzOjI0OiJleHBhbmRfY29sbGFwc2Vfbm9fdmFsdWUiO3M6NzoiYnViYmxlcyI7czozMDoicmVzdHJpY3RfdG9fcmVsYXRpb25zaGlwX3R5cGVzIjthOjE6e2k6MDtzOjA6IiI7fXM6MTc6InJlc3RyaWN0X3RvX3R5cGVzIjthOjE6e2k6MDtzOjA6IiI7fXM6MTg6InJlc3RyaWN0X3RvX3NlYXJjaCI7czowOiIiO3M6MjQ6InJlc3RyaWN0X3RvX2FjY2Vzc19wb2ludCI7czowOiIiO3M6NDE6ImRvbnRfaW5jbHVkZV9zdWJ0eXBlc19pbl90eXBlX3Jlc3RyaWN0aW9uIjtpOjA7czoxMToibGlzdF9mb3JtYXQiO3M6NzoiYnViYmxlcyI7czo0OiJzb3J0IjtzOjA6IiI7czoxMzoic29ydERpcmVjdGlvbiI7czozOiJBU0MiO3M6MTQ6ImNvbG9yRmlyc3RJdGVtIjtzOjA6IiI7czo5OiJjb2xvckl0ZW0iO3M6MDoiIjtzOjEzOiJjb2xvckxhc3RJdGVtIjtzOjA6IiI7czoyMDoiZG9udFNob3dEZWxldGVCdXR0b24iO2k6MDtzOjE2OiJkaXNwbGF5X3RlbXBsYXRlIjtzOjA6IiI7czoxNzoiZG9jdW1lbnRhdGlvbl91cmwiO3M6MDoiIjtzOjIyOiJtaW5SZWxhdGlvbnNoaXBzUGVyUm93IjtkOjA7czoyMjoibWF4UmVsYXRpb25zaGlwc1BlclJvdyI7ZDowO3M6MTU6InNob3dDdXJyZW50T25seSI7aTowO3M6MjA6InNob3dDdXJyZW50VXNpbmdEYXRlIjtzOjA6IiI7czoxNToiZGlzYWJsZVF1aWNrYWRkIjtpOjA7czoyNToicHJlcG9wdWxhdGVRdWlja2FkZEZpZWxkcyI7czoxOiIwIjtzOjEyOiJkaXNhYmxlU29ydHMiO2k6MDtzOjk6InNob3dDb3VudCI7ZDowO3M6MjA6ImVmZmVjdGl2ZURhdGVEZWZhdWx0IjtzOjA6IiI7czoxMDoibnVtUGVyUGFnZSI7ZDoxMDA7czoyMjoiYnVuZGxlVHlwZVJlc3RyaWN0aW9ucyI7czowOiIiO3M6Mzc6ImJ1bmRsZVR5cGVSZXN0cmljdGlvbnNJbmNsdWRlU3VidHlwZXMiO2k6MDt9'),(195,57,'ca_places','ca_places',195,'YTozMzp7czo1OiJ3aWR0aCI7czowOiIiO3M6NjoiaGVpZ2h0IjtzOjA6IiI7czo4OiJyZWFkb25seSI7ZDowO3M6MjE6ImV4cGFuZF9jb2xsYXBzZV92YWx1ZSI7czo3OiJidWJibGVzIjtzOjI0OiJleHBhbmRfY29sbGFwc2Vfbm9fdmFsdWUiO3M6NzoiYnViYmxlcyI7czozMDoicmVzdHJpY3RfdG9fcmVsYXRpb25zaGlwX3R5cGVzIjthOjE6e2k6MDtzOjA6IiI7fXM6MTc6InJlc3RyaWN0X3RvX3R5cGVzIjthOjE6e2k6MDtzOjA6IiI7fXM6MTg6InJlc3RyaWN0X3RvX3NlYXJjaCI7czowOiIiO3M6MjQ6InJlc3RyaWN0X3RvX2FjY2Vzc19wb2ludCI7czowOiIiO3M6NDE6ImRvbnRfaW5jbHVkZV9zdWJ0eXBlc19pbl90eXBlX3Jlc3RyaWN0aW9uIjtpOjA7czoxMToibGlzdF9mb3JtYXQiO3M6NzoiYnViYmxlcyI7czo0OiJzb3J0IjtzOjA6IiI7czoxMzoic29ydERpcmVjdGlvbiI7czozOiJBU0MiO3M6MTQ6ImNvbG9yRmlyc3RJdGVtIjtzOjA6IiI7czo5OiJjb2xvckl0ZW0iO3M6MDoiIjtzOjEzOiJjb2xvckxhc3RJdGVtIjtzOjA6IiI7czoyMDoiZG9udFNob3dEZWxldGVCdXR0b24iO2k6MDtzOjE2OiJkaXNwbGF5X3RlbXBsYXRlIjtzOjA6IiI7czoxNzoiZG9jdW1lbnRhdGlvbl91cmwiO3M6MDoiIjtzOjIyOiJtaW5SZWxhdGlvbnNoaXBzUGVyUm93IjtkOjA7czoyMjoibWF4UmVsYXRpb25zaGlwc1BlclJvdyI7ZDowO3M6MTU6InNob3dDdXJyZW50T25seSI7aTowO3M6MjA6InNob3dDdXJyZW50VXNpbmdEYXRlIjtzOjA6IiI7czoxNToiZGlzYWJsZVF1aWNrYWRkIjtpOjA7czoyNToicHJlcG9wdWxhdGVRdWlja2FkZEZpZWxkcyI7czoxOiIwIjtzOjEyOiJkaXNhYmxlU29ydHMiO2k6MDtzOjk6InNob3dDb3VudCI7ZDowO3M6MjA6ImVmZmVjdGl2ZURhdGVEZWZhdWx0IjtzOjA6IiI7czoxMDoibnVtUGVyUGFnZSI7ZDoxMDA7czoyMjoidXNlSGllcmFyY2hpY2FsQnJvd3NlciI7aToxO3M6MjU6ImhpZXJhcmNoaWNhbEJyb3dzZXJIZWlnaHQiO3M6NToiMjAwcHgiO3M6MjI6ImJ1bmRsZVR5cGVSZXN0cmljdGlvbnMiO3M6MDoiIjtzOjM3OiJidW5kbGVUeXBlUmVzdHJpY3Rpb25zSW5jbHVkZVN1YnR5cGVzIjtpOjA7fQ=='),(196,57,'ca_attribute_georeference','ca_occurrences.georeference',196,'YToxMzp7czo1OiJ3aWR0aCI7czowOiIiO3M6NjoiaGVpZ2h0IjtzOjA6IiI7czo4OiJyZWFkb25seSI7ZDowO3M6MjE6ImV4cGFuZF9jb2xsYXBzZV92YWx1ZSI7czo3OiJidWJibGVzIjtzOjI0OiJleHBhbmRfY29sbGFwc2Vfbm9fdmFsdWUiO3M6NzoiYnViYmxlcyI7czo0OiJzb3J0IjtzOjE6IjEiO3M6MTM6InNvcnREaXJlY3Rpb24iO3M6MzoiQVNDIjtzOjEzOiJjb2xvckV2ZW5JdGVtIjtzOjA6IiI7czoxMjoiY29sb3JPZGRJdGVtIjtzOjA6IiI7czoxNToiZGlzcGxheVRlbXBsYXRlIjtzOjA6IiI7czoxNzoiZG9jdW1lbnRhdGlvbl91cmwiO3M6MDoiIjtzOjIyOiJidW5kbGVUeXBlUmVzdHJpY3Rpb25zIjtzOjA6IiI7czozNzoiYnVuZGxlVHlwZVJlc3RyaWN0aW9uc0luY2x1ZGVTdWJ0eXBlcyI7aTowO30='),(197,57,'ca_attribute_geonames','ca_occurrences.geonames',197,'YToxMzp7czo1OiJ3aWR0aCI7czowOiIiO3M6NjoiaGVpZ2h0IjtzOjA6IiI7czo4OiJyZWFkb25seSI7ZDowO3M6MjE6ImV4cGFuZF9jb2xsYXBzZV92YWx1ZSI7czo3OiJidWJibGVzIjtzOjI0OiJleHBhbmRfY29sbGFwc2Vfbm9fdmFsdWUiO3M6NzoiYnViYmxlcyI7czo0OiJzb3J0IjtzOjE6IjEiO3M6MTM6InNvcnREaXJlY3Rpb24iO3M6MzoiQVNDIjtzOjEzOiJjb2xvckV2ZW5JdGVtIjtzOjA6IiI7czoxMjoiY29sb3JPZGRJdGVtIjtzOjA6IiI7czoxNToiZGlzcGxheVRlbXBsYXRlIjtzOjA6IiI7czoxNzoiZG9jdW1lbnRhdGlvbl91cmwiO3M6MDoiIjtzOjIyOiJidW5kbGVUeXBlUmVzdHJpY3Rpb25zIjtzOjA6IiI7czozNzoiYnVuZGxlVHlwZVJlc3RyaWN0aW9uc0luY2x1ZGVTdWJ0eXBlcyI7aTowO30='),(198,59,'hierarchy_navigation','hierarchy_navigation',198,'YTo5OntzOjU6IndpZHRoIjtzOjA6IiI7czo2OiJoZWlnaHQiO3M6MDoiIjtzOjg6InJlYWRvbmx5IjtkOjA7czoxNToiZXhwYW5kX2NvbGxhcHNlIjtzOjc6ImJ1YmJsZXMiO3M6MTQ6Im9wZW5faGllcmFyY2h5IjtkOjE7czoxMToiYXV0b19zaHJpbmsiO2Q6MDtzOjE3OiJkb2N1bWVudGF0aW9uX3VybCI7czowOiIiO3M6MjI6ImJ1bmRsZVR5cGVSZXN0cmljdGlvbnMiO3M6MDoiIjtzOjM3OiJidW5kbGVUeXBlUmVzdHJpY3Rpb25zSW5jbHVkZVN1YnR5cGVzIjtpOjA7fQ=='),(199,59,'preferred_labels','preferred_labels',199,'YToxMDp7czo1OiJ3aWR0aCI7czowOiIiO3M6NjoiaGVpZ2h0IjtzOjA6IiI7czo4OiJyZWFkb25seSI7ZDowO3M6MjE6ImV4cGFuZF9jb2xsYXBzZV92YWx1ZSI7czo3OiJidWJibGVzIjtzOjI0OiJleHBhbmRfY29sbGFwc2Vfbm9fdmFsdWUiO3M6NzoiYnViYmxlcyI7czoxNjoidXNld3lzaXd5Z2VkaXRvciI7ZDowO3M6MTc6ImRvY3VtZW50YXRpb25fdXJsIjtzOjA6IiI7czoxNToiZGlzcGxheVRlbXBsYXRlIjtzOjA6IiI7czoyMjoiYnVuZGxlVHlwZVJlc3RyaWN0aW9ucyI7czowOiIiO3M6Mzc6ImJ1bmRsZVR5cGVSZXN0cmljdGlvbnNJbmNsdWRlU3VidHlwZXMiO2k6MDt9'),(200,59,'idno','idno',200,'YTo5OntzOjU6IndpZHRoIjtzOjA6IiI7czo2OiJoZWlnaHQiO3M6MDoiIjtzOjg6InJlYWRvbmx5IjtkOjA7czoyMToiZXhwYW5kX2NvbGxhcHNlX3ZhbHVlIjtzOjc6ImJ1YmJsZXMiO3M6MjQ6ImV4cGFuZF9jb2xsYXBzZV9ub192YWx1ZSI7czo3OiJidWJibGVzIjtzOjE3OiJkb2N1bWVudGF0aW9uX3VybCI7czowOiIiO3M6MTY6InVzZXd5c2l3eWdlZGl0b3IiO2Q6MDtzOjIyOiJidW5kbGVUeXBlUmVzdHJpY3Rpb25zIjtzOjA6IiI7czozNzoiYnVuZGxlVHlwZVJlc3RyaWN0aW9uc0luY2x1ZGVTdWJ0eXBlcyI7aTowO30='),(201,59,'access','access',201,'YTo4OntzOjU6IndpZHRoIjtzOjA6IiI7czo2OiJoZWlnaHQiO3M6MDoiIjtzOjg6InJlYWRvbmx5IjtkOjA7czoyMToiZXhwYW5kX2NvbGxhcHNlX3ZhbHVlIjtzOjc6ImJ1YmJsZXMiO3M6MjQ6ImV4cGFuZF9jb2xsYXBzZV9ub192YWx1ZSI7czo3OiJidWJibGVzIjtzOjE3OiJkb2N1bWVudGF0aW9uX3VybCI7czowOiIiO3M6MjI6ImJ1bmRsZVR5cGVSZXN0cmljdGlvbnMiO3M6MDoiIjtzOjM3OiJidW5kbGVUeXBlUmVzdHJpY3Rpb25zSW5jbHVkZVN1YnR5cGVzIjtpOjA7fQ=='),(202,59,'status','status',202,'YTo4OntzOjU6IndpZHRoIjtzOjA6IiI7czo2OiJoZWlnaHQiO3M6MDoiIjtzOjg6InJlYWRvbmx5IjtkOjA7czoyMToiZXhwYW5kX2NvbGxhcHNlX3ZhbHVlIjtzOjc6ImJ1YmJsZXMiO3M6MjQ6ImV4cGFuZF9jb2xsYXBzZV9ub192YWx1ZSI7czo3OiJidWJibGVzIjtzOjE3OiJkb2N1bWVudGF0aW9uX3VybCI7czowOiIiO3M6MjI6ImJ1bmRsZVR5cGVSZXN0cmljdGlvbnMiO3M6MDoiIjtzOjM3OiJidW5kbGVUeXBlUmVzdHJpY3Rpb25zSW5jbHVkZVN1YnR5cGVzIjtpOjA7fQ=='),(203,59,'ca_attribute_description','ca_attribute_description',203,'YToxNDp7czo1OiJ3aWR0aCI7czowOiIiO3M6NjoiaGVpZ2h0IjtzOjA6IiI7czo4OiJyZWFkb25seSI7ZDowO3M6MjE6ImV4cGFuZF9jb2xsYXBzZV92YWx1ZSI7czo3OiJidWJibGVzIjtzOjI0OiJleHBhbmRfY29sbGFwc2Vfbm9fdmFsdWUiO3M6NzoiYnViYmxlcyI7czo0OiJzb3J0IjtzOjE6IjEiO3M6MTM6InNvcnREaXJlY3Rpb24iO3M6MzoiQVNDIjtzOjEzOiJjb2xvckV2ZW5JdGVtIjtzOjA6IiI7czoxMjoiY29sb3JPZGRJdGVtIjtzOjA6IiI7czoxNToiZGlzcGxheVRlbXBsYXRlIjtzOjA6IiI7czoxNzoiZG9jdW1lbnRhdGlvbl91cmwiO3M6MDoiIjtzOjE2OiJ1c2V3eXNpd3lnZWRpdG9yIjtzOjA6IiI7czoyMjoiYnVuZGxlVHlwZVJlc3RyaWN0aW9ucyI7czowOiIiO3M6Mzc6ImJ1bmRsZVR5cGVSZXN0cmljdGlvbnNJbmNsdWRlU3VidHlwZXMiO2k6MDt9'),(204,60,'hierarchy_navigation','hierarchy_navigation',204,'YTo5OntzOjU6IndpZHRoIjtzOjA6IiI7czo2OiJoZWlnaHQiO3M6MDoiIjtzOjg6InJlYWRvbmx5IjtkOjA7czoxNToiZXhwYW5kX2NvbGxhcHNlIjtzOjc6ImJ1YmJsZXMiO3M6MTQ6Im9wZW5faGllcmFyY2h5IjtkOjE7czoxMToiYXV0b19zaHJpbmsiO2Q6MDtzOjE3OiJkb2N1bWVudGF0aW9uX3VybCI7czowOiIiO3M6MjI6ImJ1bmRsZVR5cGVSZXN0cmljdGlvbnMiO3M6MDoiIjtzOjM3OiJidW5kbGVUeXBlUmVzdHJpY3Rpb25zSW5jbHVkZVN1YnR5cGVzIjtpOjA7fQ=='),(205,60,'ca_objects','ca_objects',205,'YTozMjp7czo1OiJ3aWR0aCI7czowOiIiO3M6NjoiaGVpZ2h0IjtzOjA6IiI7czo4OiJyZWFkb25seSI7ZDowO3M6MjE6ImV4cGFuZF9jb2xsYXBzZV92YWx1ZSI7czo3OiJidWJibGVzIjtzOjI0OiJleHBhbmRfY29sbGFwc2Vfbm9fdmFsdWUiO3M6NzoiYnViYmxlcyI7czozMDoicmVzdHJpY3RfdG9fcmVsYXRpb25zaGlwX3R5cGVzIjthOjE6e2k6MDtzOjA6IiI7fXM6MTc6InJlc3RyaWN0X3RvX3R5cGVzIjthOjE6e2k6MDtzOjA6IiI7fXM6MTg6InJlc3RyaWN0X3RvX3NlYXJjaCI7czowOiIiO3M6MjQ6InJlc3RyaWN0X3RvX2FjY2Vzc19wb2ludCI7czowOiIiO3M6NDE6ImRvbnRfaW5jbHVkZV9zdWJ0eXBlc19pbl90eXBlX3Jlc3RyaWN0aW9uIjtpOjA7czoxMToibGlzdF9mb3JtYXQiO3M6NzoiYnViYmxlcyI7czo0OiJzb3J0IjtzOjA6IiI7czoxMzoic29ydERpcmVjdGlvbiI7czozOiJBU0MiO3M6MTQ6ImNvbG9yRmlyc3RJdGVtIjtzOjA6IiI7czo5OiJjb2xvckl0ZW0iO3M6MDoiIjtzOjEzOiJjb2xvckxhc3RJdGVtIjtzOjA6IiI7czoyMDoiZG9udFNob3dEZWxldGVCdXR0b24iO2k6MDtzOjE2OiJkaXNwbGF5X3RlbXBsYXRlIjtzOjA6IiI7czoxNzoiZG9jdW1lbnRhdGlvbl91cmwiO3M6MDoiIjtzOjIyOiJtaW5SZWxhdGlvbnNoaXBzUGVyUm93IjtkOjA7czoyMjoibWF4UmVsYXRpb25zaGlwc1BlclJvdyI7ZDowO3M6MTU6InNob3dDdXJyZW50T25seSI7aTowO3M6MjA6InNob3dDdXJyZW50VXNpbmdEYXRlIjtzOjA6IiI7czoxNToiZGlzYWJsZVF1aWNrYWRkIjtpOjA7czoyNToicHJlcG9wdWxhdGVRdWlja2FkZEZpZWxkcyI7czoxOiIwIjtzOjEyOiJkaXNhYmxlU29ydHMiO2k6MDtzOjk6InNob3dDb3VudCI7ZDowO3M6MjA6ImVmZmVjdGl2ZURhdGVEZWZhdWx0IjtzOjA6IiI7czoxMDoibnVtUGVyUGFnZSI7ZDoxMDA7czoyNToic2hvd1JldHVyblRvSG9tZUxvY2F0aW9ucyI7aTowO3M6MjI6ImJ1bmRsZVR5cGVSZXN0cmljdGlvbnMiO3M6MDoiIjtzOjM3OiJidW5kbGVUeXBlUmVzdHJpY3Rpb25zSW5jbHVkZVN1YnR5cGVzIjtpOjA7fQ=='),(206,60,'ca_entities','ca_entities',206,'YTozMTp7czo1OiJ3aWR0aCI7czowOiIiO3M6NjoiaGVpZ2h0IjtzOjA6IiI7czo4OiJyZWFkb25seSI7ZDowO3M6MjE6ImV4cGFuZF9jb2xsYXBzZV92YWx1ZSI7czo3OiJidWJibGVzIjtzOjI0OiJleHBhbmRfY29sbGFwc2Vfbm9fdmFsdWUiO3M6NzoiYnViYmxlcyI7czozMDoicmVzdHJpY3RfdG9fcmVsYXRpb25zaGlwX3R5cGVzIjthOjE6e2k6MDtzOjA6IiI7fXM6MTc6InJlc3RyaWN0X3RvX3R5cGVzIjthOjE6e2k6MDtzOjA6IiI7fXM6MTg6InJlc3RyaWN0X3RvX3NlYXJjaCI7czowOiIiO3M6MjQ6InJlc3RyaWN0X3RvX2FjY2Vzc19wb2ludCI7czowOiIiO3M6NDE6ImRvbnRfaW5jbHVkZV9zdWJ0eXBlc19pbl90eXBlX3Jlc3RyaWN0aW9uIjtpOjA7czoxMToibGlzdF9mb3JtYXQiO3M6NzoiYnViYmxlcyI7czo0OiJzb3J0IjtzOjA6IiI7czoxMzoic29ydERpcmVjdGlvbiI7czozOiJBU0MiO3M6MTQ6ImNvbG9yRmlyc3RJdGVtIjtzOjA6IiI7czo5OiJjb2xvckl0ZW0iO3M6MDoiIjtzOjEzOiJjb2xvckxhc3RJdGVtIjtzOjA6IiI7czoyMDoiZG9udFNob3dEZWxldGVCdXR0b24iO2k6MDtzOjE2OiJkaXNwbGF5X3RlbXBsYXRlIjtzOjA6IiI7czoxNzoiZG9jdW1lbnRhdGlvbl91cmwiO3M6MDoiIjtzOjIyOiJtaW5SZWxhdGlvbnNoaXBzUGVyUm93IjtkOjA7czoyMjoibWF4UmVsYXRpb25zaGlwc1BlclJvdyI7ZDowO3M6MTU6InNob3dDdXJyZW50T25seSI7aTowO3M6MjA6InNob3dDdXJyZW50VXNpbmdEYXRlIjtzOjA6IiI7czoxNToiZGlzYWJsZVF1aWNrYWRkIjtpOjA7czoyNToicHJlcG9wdWxhdGVRdWlja2FkZEZpZWxkcyI7czoxOiIwIjtzOjEyOiJkaXNhYmxlU29ydHMiO2k6MDtzOjk6InNob3dDb3VudCI7ZDowO3M6MjA6ImVmZmVjdGl2ZURhdGVEZWZhdWx0IjtzOjA6IiI7czoxMDoibnVtUGVyUGFnZSI7ZDoxMDA7czoyMjoiYnVuZGxlVHlwZVJlc3RyaWN0aW9ucyI7czowOiIiO3M6Mzc6ImJ1bmRsZVR5cGVSZXN0cmljdGlvbnNJbmNsdWRlU3VidHlwZXMiO2k6MDt9'),(207,60,'ca_attribute_georeference','ca_places.georeference',207,'YToxMzp7czo1OiJ3aWR0aCI7czowOiIiO3M6NjoiaGVpZ2h0IjtzOjA6IiI7czo4OiJyZWFkb25seSI7ZDowO3M6MjE6ImV4cGFuZF9jb2xsYXBzZV92YWx1ZSI7czo3OiJidWJibGVzIjtzOjI0OiJleHBhbmRfY29sbGFwc2Vfbm9fdmFsdWUiO3M6NzoiYnViYmxlcyI7czo0OiJzb3J0IjtzOjE6IjEiO3M6MTM6InNvcnREaXJlY3Rpb24iO3M6MzoiQVNDIjtzOjEzOiJjb2xvckV2ZW5JdGVtIjtzOjA6IiI7czoxMjoiY29sb3JPZGRJdGVtIjtzOjA6IiI7czoxNToiZGlzcGxheVRlbXBsYXRlIjtzOjA6IiI7czoxNzoiZG9jdW1lbnRhdGlvbl91cmwiO3M6MDoiIjtzOjIyOiJidW5kbGVUeXBlUmVzdHJpY3Rpb25zIjtzOjA6IiI7czozNzoiYnVuZGxlVHlwZVJlc3RyaWN0aW9uc0luY2x1ZGVTdWJ0eXBlcyI7aTowO30='),(208,60,'ca_attribute_geonames','ca_places.geonames',208,'YToxMzp7czo1OiJ3aWR0aCI7czowOiIiO3M6NjoiaGVpZ2h0IjtzOjA6IiI7czo4OiJyZWFkb25seSI7ZDowO3M6MjE6ImV4cGFuZF9jb2xsYXBzZV92YWx1ZSI7czo3OiJidWJibGVzIjtzOjI0OiJleHBhbmRfY29sbGFwc2Vfbm9fdmFsdWUiO3M6NzoiYnViYmxlcyI7czo0OiJzb3J0IjtzOjE6IjEiO3M6MTM6InNvcnREaXJlY3Rpb24iO3M6MzoiQVNDIjtzOjEzOiJjb2xvckV2ZW5JdGVtIjtzOjA6IiI7czoxMjoiY29sb3JPZGRJdGVtIjtzOjA6IiI7czoxNToiZGlzcGxheVRlbXBsYXRlIjtzOjA6IiI7czoxNzoiZG9jdW1lbnRhdGlvbl91cmwiO3M6MDoiIjtzOjIyOiJidW5kbGVUeXBlUmVzdHJpY3Rpb25zIjtzOjA6IiI7czozNzoiYnVuZGxlVHlwZVJlc3RyaWN0aW9uc0luY2x1ZGVTdWJ0eXBlcyI7aTowO30='),(209,61,'hierarchy_location','hierarchy_location',209,'YTo5OntzOjU6IndpZHRoIjtzOjA6IiI7czo2OiJoZWlnaHQiO3M6MDoiIjtzOjg6InJlYWRvbmx5IjtkOjA7czoxNToiZXhwYW5kX2NvbGxhcHNlIjtzOjc6ImJ1YmJsZXMiO3M6MTQ6Im9wZW5faGllcmFyY2h5IjtkOjE7czoxMToiYXV0b19zaHJpbmsiO2Q6MDtzOjE3OiJkb2N1bWVudGF0aW9uX3VybCI7czowOiIiO3M6MjI6ImJ1bmRsZVR5cGVSZXN0cmljdGlvbnMiO3M6MDoiIjtzOjM3OiJidW5kbGVUeXBlUmVzdHJpY3Rpb25zSW5jbHVkZVN1YnR5cGVzIjtpOjA7fQ=='),(210,62,'hierarchy_navigation','hierarchy_navigation',210,'YTo5OntzOjU6IndpZHRoIjtzOjA6IiI7czo2OiJoZWlnaHQiO3M6MDoiIjtzOjg6InJlYWRvbmx5IjtkOjA7czoxNToiZXhwYW5kX2NvbGxhcHNlIjtzOjc6ImJ1YmJsZXMiO3M6MTQ6Im9wZW5faGllcmFyY2h5IjtkOjE7czoxMToiYXV0b19zaHJpbmsiO2Q6MDtzOjE3OiJkb2N1bWVudGF0aW9uX3VybCI7czowOiIiO3M6MjI6ImJ1bmRsZVR5cGVSZXN0cmljdGlvbnMiO3M6MDoiIjtzOjM3OiJidW5kbGVUeXBlUmVzdHJpY3Rpb25zSW5jbHVkZVN1YnR5cGVzIjtpOjA7fQ=='),(211,62,'nonpreferred_labels','nonpreferred_labels',211,'YToxMDp7czo1OiJ3aWR0aCI7czowOiIiO3M6NjoiaGVpZ2h0IjtzOjA6IiI7czo4OiJyZWFkb25seSI7ZDowO3M6MjE6ImV4cGFuZF9jb2xsYXBzZV92YWx1ZSI7czo3OiJidWJibGVzIjtzOjI0OiJleHBhbmRfY29sbGFwc2Vfbm9fdmFsdWUiO3M6NzoiYnViYmxlcyI7czoxNjoidXNld3lzaXd5Z2VkaXRvciI7ZDowO3M6MTc6ImRvY3VtZW50YXRpb25fdXJsIjtzOjA6IiI7czoxNToiZGlzcGxheVRlbXBsYXRlIjtzOjA6IiI7czoyMjoiYnVuZGxlVHlwZVJlc3RyaWN0aW9ucyI7czowOiIiO3M6Mzc6ImJ1bmRsZVR5cGVSZXN0cmljdGlvbnNJbmNsdWRlU3VidHlwZXMiO2k6MDt9'),(212,64,'preferred_labels','preferred_labels',212,'YToxMDp7czo1OiJ3aWR0aCI7czowOiIiO3M6NjoiaGVpZ2h0IjtzOjA6IiI7czo4OiJyZWFkb25seSI7ZDowO3M6MjE6ImV4cGFuZF9jb2xsYXBzZV92YWx1ZSI7czo3OiJidWJibGVzIjtzOjI0OiJleHBhbmRfY29sbGFwc2Vfbm9fdmFsdWUiO3M6NzoiYnViYmxlcyI7czoxNjoidXNld3lzaXd5Z2VkaXRvciI7ZDowO3M6MTc6ImRvY3VtZW50YXRpb25fdXJsIjtzOjA6IiI7czoxNToiZGlzcGxheVRlbXBsYXRlIjtzOjA6IiI7czoyMjoiYnVuZGxlVHlwZVJlc3RyaWN0aW9ucyI7czowOiIiO3M6Mzc6ImJ1bmRsZVR5cGVSZXN0cmljdGlvbnNJbmNsdWRlU3VidHlwZXMiO2k6MDt9'),(213,64,'ca_attribute_description','ca_attribute_description',213,'YToxNDp7czo1OiJ3aWR0aCI7czowOiIiO3M6NjoiaGVpZ2h0IjtzOjA6IiI7czo4OiJyZWFkb25seSI7ZDowO3M6MjE6ImV4cGFuZF9jb2xsYXBzZV92YWx1ZSI7czo3OiJidWJibGVzIjtzOjI0OiJleHBhbmRfY29sbGFwc2Vfbm9fdmFsdWUiO3M6NzoiYnViYmxlcyI7czo0OiJzb3J0IjtzOjE6IjEiO3M6MTM6InNvcnREaXJlY3Rpb24iO3M6MzoiQVNDIjtzOjEzOiJjb2xvckV2ZW5JdGVtIjtzOjA6IiI7czoxMjoiY29sb3JPZGRJdGVtIjtzOjA6IiI7czoxNToiZGlzcGxheVRlbXBsYXRlIjtzOjA6IiI7czoxNzoiZG9jdW1lbnRhdGlvbl91cmwiO3M6MDoiIjtzOjE2OiJ1c2V3eXNpd3lnZWRpdG9yIjtzOjA6IiI7czoyMjoiYnVuZGxlVHlwZVJlc3RyaWN0aW9ucyI7czowOiIiO3M6Mzc6ImJ1bmRsZVR5cGVSZXN0cmljdGlvbnNJbmNsdWRlU3VidHlwZXMiO2k6MDt9'),(214,64,'idno','idno',214,'YTo5OntzOjU6IndpZHRoIjtzOjA6IiI7czo2OiJoZWlnaHQiO3M6MDoiIjtzOjg6InJlYWRvbmx5IjtkOjA7czoyMToiZXhwYW5kX2NvbGxhcHNlX3ZhbHVlIjtzOjc6ImJ1YmJsZXMiO3M6MjQ6ImV4cGFuZF9jb2xsYXBzZV9ub192YWx1ZSI7czo3OiJidWJibGVzIjtzOjE3OiJkb2N1bWVudGF0aW9uX3VybCI7czowOiIiO3M6MTY6InVzZXd5c2l3eWdlZGl0b3IiO2Q6MDtzOjIyOiJidW5kbGVUeXBlUmVzdHJpY3Rpb25zIjtzOjA6IiI7czozNzoiYnVuZGxlVHlwZVJlc3RyaWN0aW9uc0luY2x1ZGVTdWJ0eXBlcyI7aTowO30='),(215,64,'nonpreferred_labels','nonpreferred_labels',215,'YToxMDp7czo1OiJ3aWR0aCI7czowOiIiO3M6NjoiaGVpZ2h0IjtzOjA6IiI7czo4OiJyZWFkb25seSI7ZDowO3M6MjE6ImV4cGFuZF9jb2xsYXBzZV92YWx1ZSI7czo3OiJidWJibGVzIjtzOjI0OiJleHBhbmRfY29sbGFwc2Vfbm9fdmFsdWUiO3M6NzoiYnViYmxlcyI7czoxNjoidXNld3lzaXd5Z2VkaXRvciI7ZDowO3M6MTc6ImRvY3VtZW50YXRpb25fdXJsIjtzOjA6IiI7czoxNToiZGlzcGxheVRlbXBsYXRlIjtzOjA6IiI7czoyMjoiYnVuZGxlVHlwZVJlc3RyaWN0aW9ucyI7czowOiIiO3M6Mzc6ImJ1bmRsZVR5cGVSZXN0cmljdGlvbnNJbmNsdWRlU3VidHlwZXMiO2k6MDt9'),(216,65,'ca_objects','ca_objects',216,'YTozMjp7czo1OiJ3aWR0aCI7czowOiIiO3M6NjoiaGVpZ2h0IjtzOjA6IiI7czo4OiJyZWFkb25seSI7ZDowO3M6MjE6ImV4cGFuZF9jb2xsYXBzZV92YWx1ZSI7czo3OiJidWJibGVzIjtzOjI0OiJleHBhbmRfY29sbGFwc2Vfbm9fdmFsdWUiO3M6NzoiYnViYmxlcyI7czozMDoicmVzdHJpY3RfdG9fcmVsYXRpb25zaGlwX3R5cGVzIjthOjE6e2k6MDtzOjA6IiI7fXM6MTc6InJlc3RyaWN0X3RvX3R5cGVzIjthOjE6e2k6MDtzOjA6IiI7fXM6MTg6InJlc3RyaWN0X3RvX3NlYXJjaCI7czowOiIiO3M6MjQ6InJlc3RyaWN0X3RvX2FjY2Vzc19wb2ludCI7czowOiIiO3M6NDE6ImRvbnRfaW5jbHVkZV9zdWJ0eXBlc19pbl90eXBlX3Jlc3RyaWN0aW9uIjtpOjA7czoxMToibGlzdF9mb3JtYXQiO3M6NzoiYnViYmxlcyI7czo0OiJzb3J0IjtzOjA6IiI7czoxMzoic29ydERpcmVjdGlvbiI7czozOiJBU0MiO3M6MTQ6ImNvbG9yRmlyc3RJdGVtIjtzOjA6IiI7czo5OiJjb2xvckl0ZW0iO3M6MDoiIjtzOjEzOiJjb2xvckxhc3RJdGVtIjtzOjA6IiI7czoyMDoiZG9udFNob3dEZWxldGVCdXR0b24iO2k6MDtzOjE2OiJkaXNwbGF5X3RlbXBsYXRlIjtzOjA6IiI7czoxNzoiZG9jdW1lbnRhdGlvbl91cmwiO3M6MDoiIjtzOjIyOiJtaW5SZWxhdGlvbnNoaXBzUGVyUm93IjtkOjA7czoyMjoibWF4UmVsYXRpb25zaGlwc1BlclJvdyI7ZDowO3M6MTU6InNob3dDdXJyZW50T25seSI7aTowO3M6MjA6InNob3dDdXJyZW50VXNpbmdEYXRlIjtzOjA6IiI7czoxNToiZGlzYWJsZVF1aWNrYWRkIjtpOjA7czoyNToicHJlcG9wdWxhdGVRdWlja2FkZEZpZWxkcyI7czoxOiIwIjtzOjEyOiJkaXNhYmxlU29ydHMiO2k6MDtzOjk6InNob3dDb3VudCI7ZDowO3M6MjA6ImVmZmVjdGl2ZURhdGVEZWZhdWx0IjtzOjA6IiI7czoxMDoibnVtUGVyUGFnZSI7ZDoxMDA7czoyNToic2hvd1JldHVyblRvSG9tZUxvY2F0aW9ucyI7aTowO3M6MjI6ImJ1bmRsZVR5cGVSZXN0cmljdGlvbnMiO3M6MDoiIjtzOjM3OiJidW5kbGVUeXBlUmVzdHJpY3Rpb25zSW5jbHVkZVN1YnR5cGVzIjtpOjA7fQ=='),(217,65,'ca_entities','ca_entities',217,'YTozMTp7czo1OiJ3aWR0aCI7czowOiIiO3M6NjoiaGVpZ2h0IjtzOjA6IiI7czo4OiJyZWFkb25seSI7ZDowO3M6MjE6ImV4cGFuZF9jb2xsYXBzZV92YWx1ZSI7czo3OiJidWJibGVzIjtzOjI0OiJleHBhbmRfY29sbGFwc2Vfbm9fdmFsdWUiO3M6NzoiYnViYmxlcyI7czozMDoicmVzdHJpY3RfdG9fcmVsYXRpb25zaGlwX3R5cGVzIjthOjE6e2k6MDtzOjA6IiI7fXM6MTc6InJlc3RyaWN0X3RvX3R5cGVzIjthOjE6e2k6MDtzOjA6IiI7fXM6MTg6InJlc3RyaWN0X3RvX3NlYXJjaCI7czowOiIiO3M6MjQ6InJlc3RyaWN0X3RvX2FjY2Vzc19wb2ludCI7czowOiIiO3M6NDE6ImRvbnRfaW5jbHVkZV9zdWJ0eXBlc19pbl90eXBlX3Jlc3RyaWN0aW9uIjtpOjA7czoxMToibGlzdF9mb3JtYXQiO3M6NzoiYnViYmxlcyI7czo0OiJzb3J0IjtzOjA6IiI7czoxMzoic29ydERpcmVjdGlvbiI7czozOiJBU0MiO3M6MTQ6ImNvbG9yRmlyc3RJdGVtIjtzOjA6IiI7czo5OiJjb2xvckl0ZW0iO3M6MDoiIjtzOjEzOiJjb2xvckxhc3RJdGVtIjtzOjA6IiI7czoyMDoiZG9udFNob3dEZWxldGVCdXR0b24iO2k6MDtzOjE2OiJkaXNwbGF5X3RlbXBsYXRlIjtzOjA6IiI7czoxNzoiZG9jdW1lbnRhdGlvbl91cmwiO3M6MDoiIjtzOjIyOiJtaW5SZWxhdGlvbnNoaXBzUGVyUm93IjtkOjA7czoyMjoibWF4UmVsYXRpb25zaGlwc1BlclJvdyI7ZDowO3M6MTU6InNob3dDdXJyZW50T25seSI7aTowO3M6MjA6InNob3dDdXJyZW50VXNpbmdEYXRlIjtzOjA6IiI7czoxNToiZGlzYWJsZVF1aWNrYWRkIjtpOjA7czoyNToicHJlcG9wdWxhdGVRdWlja2FkZEZpZWxkcyI7czoxOiIwIjtzOjEyOiJkaXNhYmxlU29ydHMiO2k6MDtzOjk6InNob3dDb3VudCI7ZDowO3M6MjA6ImVmZmVjdGl2ZURhdGVEZWZhdWx0IjtzOjA6IiI7czoxMDoibnVtUGVyUGFnZSI7ZDoxMDA7czoyMjoiYnVuZGxlVHlwZVJlc3RyaWN0aW9ucyI7czowOiIiO3M6Mzc6ImJ1bmRsZVR5cGVSZXN0cmljdGlvbnNJbmNsdWRlU3VidHlwZXMiO2k6MDt9'),(218,65,'ca_places','ca_places',218,'YTozMzp7czo1OiJ3aWR0aCI7czowOiIiO3M6NjoiaGVpZ2h0IjtzOjA6IiI7czo4OiJyZWFkb25seSI7ZDowO3M6MjE6ImV4cGFuZF9jb2xsYXBzZV92YWx1ZSI7czo3OiJidWJibGVzIjtzOjI0OiJleHBhbmRfY29sbGFwc2Vfbm9fdmFsdWUiO3M6NzoiYnViYmxlcyI7czozMDoicmVzdHJpY3RfdG9fcmVsYXRpb25zaGlwX3R5cGVzIjthOjE6e2k6MDtzOjA6IiI7fXM6MTc6InJlc3RyaWN0X3RvX3R5cGVzIjthOjE6e2k6MDtzOjA6IiI7fXM6MTg6InJlc3RyaWN0X3RvX3NlYXJjaCI7czowOiIiO3M6MjQ6InJlc3RyaWN0X3RvX2FjY2Vzc19wb2ludCI7czowOiIiO3M6NDE6ImRvbnRfaW5jbHVkZV9zdWJ0eXBlc19pbl90eXBlX3Jlc3RyaWN0aW9uIjtpOjA7czoxMToibGlzdF9mb3JtYXQiO3M6NzoiYnViYmxlcyI7czo0OiJzb3J0IjtzOjA6IiI7czoxMzoic29ydERpcmVjdGlvbiI7czozOiJBU0MiO3M6MTQ6ImNvbG9yRmlyc3RJdGVtIjtzOjA6IiI7czo5OiJjb2xvckl0ZW0iO3M6MDoiIjtzOjEzOiJjb2xvckxhc3RJdGVtIjtzOjA6IiI7czoyMDoiZG9udFNob3dEZWxldGVCdXR0b24iO2k6MDtzOjE2OiJkaXNwbGF5X3RlbXBsYXRlIjtzOjA6IiI7czoxNzoiZG9jdW1lbnRhdGlvbl91cmwiO3M6MDoiIjtzOjIyOiJtaW5SZWxhdGlvbnNoaXBzUGVyUm93IjtkOjA7czoyMjoibWF4UmVsYXRpb25zaGlwc1BlclJvdyI7ZDowO3M6MTU6InNob3dDdXJyZW50T25seSI7aTowO3M6MjA6InNob3dDdXJyZW50VXNpbmdEYXRlIjtzOjA6IiI7czoxNToiZGlzYWJsZVF1aWNrYWRkIjtpOjA7czoyNToicHJlcG9wdWxhdGVRdWlja2FkZEZpZWxkcyI7czoxOiIwIjtzOjEyOiJkaXNhYmxlU29ydHMiO2k6MDtzOjk6InNob3dDb3VudCI7ZDowO3M6MjA6ImVmZmVjdGl2ZURhdGVEZWZhdWx0IjtzOjA6IiI7czoxMDoibnVtUGVyUGFnZSI7ZDoxMDA7czoyMjoidXNlSGllcmFyY2hpY2FsQnJvd3NlciI7aToxO3M6MjU6ImhpZXJhcmNoaWNhbEJyb3dzZXJIZWlnaHQiO3M6NToiMjAwcHgiO3M6MjI6ImJ1bmRsZVR5cGVSZXN0cmljdGlvbnMiO3M6MDoiIjtzOjM3OiJidW5kbGVUeXBlUmVzdHJpY3Rpb25zSW5jbHVkZVN1YnR5cGVzIjtpOjA7fQ=='),(219,65,'ca_occurrences','ca_occurrences',219,'YTozMTp7czo1OiJ3aWR0aCI7czowOiIiO3M6NjoiaGVpZ2h0IjtzOjA6IiI7czo4OiJyZWFkb25seSI7ZDowO3M6MjE6ImV4cGFuZF9jb2xsYXBzZV92YWx1ZSI7czo3OiJidWJibGVzIjtzOjI0OiJleHBhbmRfY29sbGFwc2Vfbm9fdmFsdWUiO3M6NzoiYnViYmxlcyI7czozMDoicmVzdHJpY3RfdG9fcmVsYXRpb25zaGlwX3R5cGVzIjthOjE6e2k6MDtzOjA6IiI7fXM6MTc6InJlc3RyaWN0X3RvX3R5cGVzIjthOjE6e2k6MDtzOjA6IiI7fXM6MTg6InJlc3RyaWN0X3RvX3NlYXJjaCI7czowOiIiO3M6MjQ6InJlc3RyaWN0X3RvX2FjY2Vzc19wb2ludCI7czowOiIiO3M6NDE6ImRvbnRfaW5jbHVkZV9zdWJ0eXBlc19pbl90eXBlX3Jlc3RyaWN0aW9uIjtpOjA7czoxMToibGlzdF9mb3JtYXQiO3M6NzoiYnViYmxlcyI7czo0OiJzb3J0IjtzOjA6IiI7czoxMzoic29ydERpcmVjdGlvbiI7czozOiJBU0MiO3M6MTQ6ImNvbG9yRmlyc3RJdGVtIjtzOjA6IiI7czo5OiJjb2xvckl0ZW0iO3M6MDoiIjtzOjEzOiJjb2xvckxhc3RJdGVtIjtzOjA6IiI7czoyMDoiZG9udFNob3dEZWxldGVCdXR0b24iO2k6MDtzOjE2OiJkaXNwbGF5X3RlbXBsYXRlIjtzOjA6IiI7czoxNzoiZG9jdW1lbnRhdGlvbl91cmwiO3M6MDoiIjtzOjIyOiJtaW5SZWxhdGlvbnNoaXBzUGVyUm93IjtkOjA7czoyMjoibWF4UmVsYXRpb25zaGlwc1BlclJvdyI7ZDowO3M6MTU6InNob3dDdXJyZW50T25seSI7aTowO3M6MjA6InNob3dDdXJyZW50VXNpbmdEYXRlIjtzOjA6IiI7czoxNToiZGlzYWJsZVF1aWNrYWRkIjtpOjA7czoyNToicHJlcG9wdWxhdGVRdWlja2FkZEZpZWxkcyI7czoxOiIwIjtzOjEyOiJkaXNhYmxlU29ydHMiO2k6MDtzOjk6InNob3dDb3VudCI7ZDowO3M6MjA6ImVmZmVjdGl2ZURhdGVEZWZhdWx0IjtzOjA6IiI7czoxMDoibnVtUGVyUGFnZSI7ZDoxMDA7czoyMjoiYnVuZGxlVHlwZVJlc3RyaWN0aW9ucyI7czowOiIiO3M6Mzc6ImJ1bmRsZVR5cGVSZXN0cmljdGlvbnNJbmNsdWRlU3VidHlwZXMiO2k6MDt9'),(220,65,'ca_collections','ca_collections',220,'YTozMTp7czo1OiJ3aWR0aCI7czowOiIiO3M6NjoiaGVpZ2h0IjtzOjA6IiI7czo4OiJyZWFkb25seSI7ZDowO3M6MjE6ImV4cGFuZF9jb2xsYXBzZV92YWx1ZSI7czo3OiJidWJibGVzIjtzOjI0OiJleHBhbmRfY29sbGFwc2Vfbm9fdmFsdWUiO3M6NzoiYnViYmxlcyI7czozMDoicmVzdHJpY3RfdG9fcmVsYXRpb25zaGlwX3R5cGVzIjthOjE6e2k6MDtzOjA6IiI7fXM6MTc6InJlc3RyaWN0X3RvX3R5cGVzIjthOjE6e2k6MDtzOjA6IiI7fXM6MTg6InJlc3RyaWN0X3RvX3NlYXJjaCI7czowOiIiO3M6MjQ6InJlc3RyaWN0X3RvX2FjY2Vzc19wb2ludCI7czowOiIiO3M6NDE6ImRvbnRfaW5jbHVkZV9zdWJ0eXBlc19pbl90eXBlX3Jlc3RyaWN0aW9uIjtpOjA7czoxMToibGlzdF9mb3JtYXQiO3M6NzoiYnViYmxlcyI7czo0OiJzb3J0IjtzOjA6IiI7czoxMzoic29ydERpcmVjdGlvbiI7czozOiJBU0MiO3M6MTQ6ImNvbG9yRmlyc3RJdGVtIjtzOjA6IiI7czo5OiJjb2xvckl0ZW0iO3M6MDoiIjtzOjEzOiJjb2xvckxhc3RJdGVtIjtzOjA6IiI7czoyMDoiZG9udFNob3dEZWxldGVCdXR0b24iO2k6MDtzOjE2OiJkaXNwbGF5X3RlbXBsYXRlIjtzOjA6IiI7czoxNzoiZG9jdW1lbnRhdGlvbl91cmwiO3M6MDoiIjtzOjIyOiJtaW5SZWxhdGlvbnNoaXBzUGVyUm93IjtkOjA7czoyMjoibWF4UmVsYXRpb25zaGlwc1BlclJvdyI7ZDowO3M6MTU6InNob3dDdXJyZW50T25seSI7aTowO3M6MjA6InNob3dDdXJyZW50VXNpbmdEYXRlIjtzOjA6IiI7czoxNToiZGlzYWJsZVF1aWNrYWRkIjtpOjA7czoyNToicHJlcG9wdWxhdGVRdWlja2FkZEZpZWxkcyI7czoxOiIwIjtzOjEyOiJkaXNhYmxlU29ydHMiO2k6MDtzOjk6InNob3dDb3VudCI7ZDowO3M6MjA6ImVmZmVjdGl2ZURhdGVEZWZhdWx0IjtzOjA6IiI7czoxMDoibnVtUGVyUGFnZSI7ZDoxMDA7czoyMjoiYnVuZGxlVHlwZVJlc3RyaWN0aW9ucyI7czowOiIiO3M6Mzc6ImJ1bmRsZVR5cGVSZXN0cmljdGlvbnNJbmNsdWRlU3VidHlwZXMiO2k6MDt9'),(221,66,'ca_attribute_external_link','ca_collections.external_link',221,'YToxMzp7czo1OiJ3aWR0aCI7czowOiIiO3M6NjoiaGVpZ2h0IjtzOjA6IiI7czo4OiJyZWFkb25seSI7ZDowO3M6MjE6ImV4cGFuZF9jb2xsYXBzZV92YWx1ZSI7czo3OiJidWJibGVzIjtzOjI0OiJleHBhbmRfY29sbGFwc2Vfbm9fdmFsdWUiO3M6NzoiYnViYmxlcyI7czo0OiJzb3J0IjtzOjE6IjEiO3M6MTM6InNvcnREaXJlY3Rpb24iO3M6MzoiQVNDIjtzOjEzOiJjb2xvckV2ZW5JdGVtIjtzOjA6IiI7czoxMjoiY29sb3JPZGRJdGVtIjtzOjA6IiI7czoxNToiZGlzcGxheVRlbXBsYXRlIjtzOjA6IiI7czoxNzoiZG9jdW1lbnRhdGlvbl91cmwiO3M6MDoiIjtzOjIyOiJidW5kbGVUeXBlUmVzdHJpY3Rpb25zIjtzOjA6IiI7czozNzoiYnVuZGxlVHlwZVJlc3RyaWN0aW9uc0luY2x1ZGVTdWJ0eXBlcyI7aTowO30='),(222,68,'preferred_labels','preferred_labels',222,'YToxMzp7czo1OiJsYWJlbCI7YToyOntzOjU6ImVuX1VTIjtzOjEyOiJseWh5dCBrdXZhdXMiO3M6NToiZmlfRkkiO3M6MTI6Imx5aHl0IGt1dmF1cyI7fXM6OToiYWRkX2xhYmVsIjthOjE6e3M6NToiZmlfRkkiO3M6MTI6Ikxpc8Okw6QgbmltaSI7fXM6MTE6ImRlc2NyaXB0aW9uIjthOjE6e3M6NToiZmlfRkkiO3M6MjU6Ikt1dmFpbGUgaGFua2ludGEgbHloeWVzdGkiO31zOjU6IndpZHRoIjtzOjU6IjY1MHB4IjtzOjY6ImhlaWdodCI7czozOiIxZW0iO3M6ODoicmVhZG9ubHkiO2Q6MDtzOjIxOiJleHBhbmRfY29sbGFwc2VfdmFsdWUiO3M6MTA6ImRvbnRfZm9yY2UiO3M6MjQ6ImV4cGFuZF9jb2xsYXBzZV9ub192YWx1ZSI7czoxMDoiZG9udF9mb3JjZSI7czoxNjoidXNld3lzaXd5Z2VkaXRvciI7ZDowO3M6MTc6ImRvY3VtZW50YXRpb25fdXJsIjtzOjA6IiI7czoxNToiZGlzcGxheVRlbXBsYXRlIjtzOjA6IiI7czoyMjoiYnVuZGxlVHlwZVJlc3RyaWN0aW9ucyI7czowOiIiO3M6Mzc6ImJ1bmRsZVR5cGVSZXN0cmljdGlvbnNJbmNsdWRlU3VidHlwZXMiO2k6MDt9'),(223,68,'ca_entities2','ca_entities',223,'YTozMzp7czo1OiJsYWJlbCI7YToyOntzOjU6ImVuX1VTIjtzOjExOiJsYWhqb2l0dGFqYSI7czo1OiJmaV9GSSI7czoxMToibGFoam9pdHRhamEiO31zOjk6ImFkZF9sYWJlbCI7YToxOntzOjU6ImZpX0ZJIjtzOjE2OiJMaXPDpMOkIHVzZWFtcGlhIjt9czo1OiJ3aWR0aCI7czowOiIiO3M6NjoiaGVpZ2h0IjtzOjA6IiI7czo4OiJyZWFkb25seSI7ZDowO3M6MjE6ImV4cGFuZF9jb2xsYXBzZV92YWx1ZSI7czoxMDoiZG9udF9mb3JjZSI7czoyNDoiZXhwYW5kX2NvbGxhcHNlX25vX3ZhbHVlIjtzOjEwOiJkb250X2ZvcmNlIjtzOjMwOiJyZXN0cmljdF90b19yZWxhdGlvbnNoaXBfdHlwZXMiO2E6MTp7aTowO2k6MjI1O31zOjE3OiJyZXN0cmljdF90b190eXBlcyI7YToxOntpOjA7czowOiIiO31zOjE4OiJyZXN0cmljdF90b19zZWFyY2giO3M6MDoiIjtzOjI0OiJyZXN0cmljdF90b19hY2Nlc3NfcG9pbnQiO3M6MDoiIjtzOjQxOiJkb250X2luY2x1ZGVfc3VidHlwZXNfaW5fdHlwZV9yZXN0cmljdGlvbiI7aTowO3M6MTE6Imxpc3RfZm9ybWF0IjtzOjQ6Imxpc3QiO3M6NDoic29ydCI7czowOiIiO3M6MTM6InNvcnREaXJlY3Rpb24iO3M6MzoiQVNDIjtzOjE0OiJjb2xvckZpcnN0SXRlbSI7czowOiIiO3M6OToiY29sb3JJdGVtIjtzOjA6IiI7czoxMzoiY29sb3JMYXN0SXRlbSI7czowOiIiO3M6MjA6ImRvbnRTaG93RGVsZXRlQnV0dG9uIjtpOjA7czoxNjoiZGlzcGxheV90ZW1wbGF0ZSI7czowOiIiO3M6MTc6ImRvY3VtZW50YXRpb25fdXJsIjtzOjA6IiI7czoyMjoibWluUmVsYXRpb25zaGlwc1BlclJvdyI7ZDowO3M6MjI6Im1heFJlbGF0aW9uc2hpcHNQZXJSb3ciO2Q6MDtzOjE1OiJzaG93Q3VycmVudE9ubHkiO2k6MDtzOjIwOiJzaG93Q3VycmVudFVzaW5nRGF0ZSI7czoxNDoiZWZmZWN0aXZlX2RhdGUiO3M6MTU6ImRpc2FibGVRdWlja2FkZCI7aTowO3M6MjU6InByZXBvcHVsYXRlUXVpY2thZGRGaWVsZHMiO3M6MToiMCI7czoxMjoiZGlzYWJsZVNvcnRzIjtpOjA7czo5OiJzaG93Q291bnQiO2Q6MDtzOjIwOiJlZmZlY3RpdmVEYXRlRGVmYXVsdCI7czowOiIiO3M6MTA6Im51bVBlclBhZ2UiO2Q6MTAwO3M6MjI6ImJ1bmRsZVR5cGVSZXN0cmljdGlvbnMiO3M6MDoiIjtzOjM3OiJidW5kbGVUeXBlUmVzdHJpY3Rpb25zSW5jbHVkZVN1YnR5cGVzIjtpOjA7fQ=='),(224,68,'ca_attribute_accession_date3','ca_object_lots.accession_date',224,'YToxMzp7czo1OiJ3aWR0aCI7czowOiIiO3M6NjoiaGVpZ2h0IjtzOjA6IiI7czo4OiJyZWFkb25seSI7ZDowO3M6MjE6ImV4cGFuZF9jb2xsYXBzZV92YWx1ZSI7czo4OiJjb2xsYXBzZSI7czoyNDoiZXhwYW5kX2NvbGxhcHNlX25vX3ZhbHVlIjtzOjY6ImV4cGFuZCI7czo0OiJzb3J0IjtzOjE6IjEiO3M6MTM6InNvcnREaXJlY3Rpb24iO3M6MzoiQVNDIjtzOjEzOiJjb2xvckV2ZW5JdGVtIjtzOjA6IiI7czoxMjoiY29sb3JPZGRJdGVtIjtzOjA6IiI7czoxNToiZGlzcGxheVRlbXBsYXRlIjtzOjA6IiI7czoxNzoiZG9jdW1lbnRhdGlvbl91cmwiO3M6MDoiIjtzOjIyOiJidW5kbGVUeXBlUmVzdHJpY3Rpb25zIjtzOjA6IiI7czozNzoiYnVuZGxlVHlwZVJlc3RyaWN0aW9uc0luY2x1ZGVTdWJ0eXBlcyI7aTowO30='),(225,68,'ca_attribute_lot_content1','ca_object_lots.lot_content',225,'YToxNDp7czo1OiJ3aWR0aCI7czowOiIiO3M6NjoiaGVpZ2h0IjtzOjA6IiI7czo4OiJyZWFkb25seSI7ZDowO3M6MjE6ImV4cGFuZF9jb2xsYXBzZV92YWx1ZSI7czo3OiJidWJibGVzIjtzOjI0OiJleHBhbmRfY29sbGFwc2Vfbm9fdmFsdWUiO3M6NzoiYnViYmxlcyI7czo0OiJzb3J0IjtzOjE6IjEiO3M6MTM6InNvcnREaXJlY3Rpb24iO3M6MzoiQVNDIjtzOjEzOiJjb2xvckV2ZW5JdGVtIjtzOjA6IiI7czoxMjoiY29sb3JPZGRJdGVtIjtzOjA6IiI7czoxNToiZGlzcGxheVRlbXBsYXRlIjtzOjA6IiI7czoxNzoiZG9jdW1lbnRhdGlvbl91cmwiO3M6MDoiIjtzOjE2OiJ1c2V3eXNpd3lnZWRpdG9yIjtzOjA6IiI7czoyMjoiYnVuZGxlVHlwZVJlc3RyaWN0aW9ucyI7czowOiIiO3M6Mzc6ImJ1bmRsZVR5cGVSZXN0cmljdGlvbnNJbmNsdWRlU3VidHlwZXMiO2k6MDt9'),(226,69,'ca_attribute_lot_notes','ca_object_lots.notes',226,'YToxNTp7czo1OiJsYWJlbCI7YToxOntzOjU6ImZpX0ZJIjtzOjIxOiJoYW5raW5uYW4gbGlzw6R0aWVkb3QiO31zOjU6IndpZHRoIjtzOjA6IiI7czo2OiJoZWlnaHQiO3M6MDoiIjtzOjg6InJlYWRvbmx5IjtkOjA7czoyMToiZXhwYW5kX2NvbGxhcHNlX3ZhbHVlIjtzOjc6ImJ1YmJsZXMiO3M6MjQ6ImV4cGFuZF9jb2xsYXBzZV9ub192YWx1ZSI7czo3OiJidWJibGVzIjtzOjQ6InNvcnQiO3M6MToiMSI7czoxMzoic29ydERpcmVjdGlvbiI7czozOiJBU0MiO3M6MTM6ImNvbG9yRXZlbkl0ZW0iO3M6MDoiIjtzOjEyOiJjb2xvck9kZEl0ZW0iO3M6MDoiIjtzOjE1OiJkaXNwbGF5VGVtcGxhdGUiO3M6MDoiIjtzOjE3OiJkb2N1bWVudGF0aW9uX3VybCI7czowOiIiO3M6MTY6InVzZXd5c2l3eWdlZGl0b3IiO3M6MDoiIjtzOjIyOiJidW5kbGVUeXBlUmVzdHJpY3Rpb25zIjtzOjA6IiI7czozNzoiYnVuZGxlVHlwZVJlc3RyaWN0aW9uc0luY2x1ZGVTdWJ0eXBlcyI7aTowO30='),(227,69,'ca_attribute_kirjaustiedot2','ca_object_lots.kirjaustiedot',227,'YToxMzp7czo1OiJ3aWR0aCI7czowOiIiO3M6NjoiaGVpZ2h0IjtzOjA6IiI7czo4OiJyZWFkb25seSI7ZDowO3M6MjE6ImV4cGFuZF9jb2xsYXBzZV92YWx1ZSI7czo3OiJidWJibGVzIjtzOjI0OiJleHBhbmRfY29sbGFwc2Vfbm9fdmFsdWUiO3M6NzoiYnViYmxlcyI7czo0OiJzb3J0IjtzOjE6IjEiO3M6MTM6InNvcnREaXJlY3Rpb24iO3M6MzoiQVNDIjtzOjEzOiJjb2xvckV2ZW5JdGVtIjtzOjA6IiI7czoxMjoiY29sb3JPZGRJdGVtIjtzOjA6IiI7czoxNToiZGlzcGxheVRlbXBsYXRlIjtzOjA6IiI7czoxNzoiZG9jdW1lbnRhdGlvbl91cmwiO3M6MDoiIjtzOjIyOiJidW5kbGVUeXBlUmVzdHJpY3Rpb25zIjtzOjA6IiI7czozNzoiYnVuZGxlVHlwZVJlc3RyaWN0aW9uc0luY2x1ZGVTdWJ0eXBlcyI7aTowO30='),(228,70,'ca_object_representations1','ca_object_representations',228,'YToyODp7czo1OiJ3aWR0aCI7czowOiIiO3M6NjoiaGVpZ2h0IjtzOjA6IiI7czo4OiJyZWFkb25seSI7ZDowO3M6MjE6ImV4cGFuZF9jb2xsYXBzZV92YWx1ZSI7czo3OiJidWJibGVzIjtzOjI0OiJleHBhbmRfY29sbGFwc2Vfbm9fdmFsdWUiO3M6NzoiYnViYmxlcyI7czozMDoicmVzdHJpY3RfdG9fcmVsYXRpb25zaGlwX3R5cGVzIjthOjE6e2k6MDtzOjA6IiI7fXM6MTc6InJlc3RyaWN0X3RvX3R5cGVzIjthOjE6e2k6MDtzOjA6IiI7fXM6NDE6ImRvbnRfaW5jbHVkZV9zdWJ0eXBlc19pbl90eXBlX3Jlc3RyaWN0aW9uIjtpOjA7czo0OiJzb3J0IjtzOjA6IiI7czoxMzoic29ydERpcmVjdGlvbiI7czozOiJBU0MiO3M6MjA6ImRvbnRTaG93RGVsZXRlQnV0dG9uIjtpOjA7czoxNjoiZGlzcGxheV90ZW1wbGF0ZSI7czowOiIiO3M6MTc6ImRvY3VtZW50YXRpb25fdXJsIjtzOjA6IiI7czoyMjoibWluUmVsYXRpb25zaGlwc1BlclJvdyI7ZDowO3M6MjI6Im1heFJlbGF0aW9uc2hpcHNQZXJSb3ciO2Q6MDtzOjEyOiJkaXNhYmxlU29ydHMiO2k6MDtzOjk6InNob3dDb3VudCI7ZDowO3M6MjA6ImVmZmVjdGl2ZURhdGVEZWZhdWx0IjtzOjA6IiI7czoxMDoibnVtUGVyUGFnZSI7ZDoxMDA7czoyMjoiZG9udFNob3dQcmVmZXJyZWRMYWJlbCI7ZDowO3M6MTI6ImRvbnRTaG93SWRubyI7ZDowO3M6MTQ6ImRvbnRTaG93U3RhdHVzIjtkOjA7czoxNDoiZG9udFNob3dBY2Nlc3MiO2Q6MDtzOjc6InVpU3R5bGUiO3M6MDoiIjtzOjIxOiJzaG93QnVuZGxlc0ZvckVkaXRpbmciO2E6Mjp7aTowO3M6NDoiaWRubyI7aToxO3M6NjoiYWNjZXNzIjt9czoyNjoic2hvd0J1bmRsZXNGb3JFZGl0aW5nT3JkZXIiO3M6MDoiIjtzOjIyOiJidW5kbGVUeXBlUmVzdHJpY3Rpb25zIjtzOjA6IiI7czozNzoiYnVuZGxlVHlwZVJlc3RyaWN0aW9uc0luY2x1ZGVTdWJ0eXBlcyI7aTowO30='),(229,72,'hierarchy_navigation','hierarchy_navigation',229,'YTo5OntzOjU6IndpZHRoIjtzOjA6IiI7czo2OiJoZWlnaHQiO3M6MDoiIjtzOjg6InJlYWRvbmx5IjtkOjA7czoxNToiZXhwYW5kX2NvbGxhcHNlIjtzOjc6ImJ1YmJsZXMiO3M6MTQ6Im9wZW5faGllcmFyY2h5IjtkOjE7czoxMToiYXV0b19zaHJpbmsiO2Q6MDtzOjE3OiJkb2N1bWVudGF0aW9uX3VybCI7czowOiIiO3M6MjI6ImJ1bmRsZVR5cGVSZXN0cmljdGlvbnMiO3M6MDoiIjtzOjM3OiJidW5kbGVUeXBlUmVzdHJpY3Rpb25zSW5jbHVkZVN1YnR5cGVzIjtpOjA7fQ=='),(230,72,'preferred_labels','preferred_labels',230,'YToxMDp7czo1OiJ3aWR0aCI7czowOiIiO3M6NjoiaGVpZ2h0IjtzOjA6IiI7czo4OiJyZWFkb25seSI7ZDowO3M6MjE6ImV4cGFuZF9jb2xsYXBzZV92YWx1ZSI7czo3OiJidWJibGVzIjtzOjI0OiJleHBhbmRfY29sbGFwc2Vfbm9fdmFsdWUiO3M6NzoiYnViYmxlcyI7czoxNjoidXNld3lzaXd5Z2VkaXRvciI7ZDowO3M6MTc6ImRvY3VtZW50YXRpb25fdXJsIjtzOjA6IiI7czoxNToiZGlzcGxheVRlbXBsYXRlIjtzOjA6IiI7czoyMjoiYnVuZGxlVHlwZVJlc3RyaWN0aW9ucyI7czowOiIiO3M6Mzc6ImJ1bmRsZVR5cGVSZXN0cmljdGlvbnNJbmNsdWRlU3VidHlwZXMiO2k6MDt9'),(231,72,'idno','idno',231,'YTo5OntzOjU6IndpZHRoIjtzOjA6IiI7czo2OiJoZWlnaHQiO3M6MDoiIjtzOjg6InJlYWRvbmx5IjtkOjA7czoyMToiZXhwYW5kX2NvbGxhcHNlX3ZhbHVlIjtzOjc6ImJ1YmJsZXMiO3M6MjQ6ImV4cGFuZF9jb2xsYXBzZV9ub192YWx1ZSI7czo3OiJidWJibGVzIjtzOjE3OiJkb2N1bWVudGF0aW9uX3VybCI7czowOiIiO3M6MTY6InVzZXd5c2l3eWdlZGl0b3IiO2Q6MDtzOjIyOiJidW5kbGVUeXBlUmVzdHJpY3Rpb25zIjtzOjA6IiI7czozNzoiYnVuZGxlVHlwZVJlc3RyaWN0aW9uc0luY2x1ZGVTdWJ0eXBlcyI7aTowO30='),(232,72,'status','status',232,'YTo4OntzOjU6IndpZHRoIjtzOjA6IiI7czo2OiJoZWlnaHQiO3M6MDoiIjtzOjg6InJlYWRvbmx5IjtkOjA7czoyMToiZXhwYW5kX2NvbGxhcHNlX3ZhbHVlIjtzOjc6ImJ1YmJsZXMiO3M6MjQ6ImV4cGFuZF9jb2xsYXBzZV9ub192YWx1ZSI7czo3OiJidWJibGVzIjtzOjE3OiJkb2N1bWVudGF0aW9uX3VybCI7czowOiIiO3M6MjI6ImJ1bmRsZVR5cGVSZXN0cmljdGlvbnMiO3M6MDoiIjtzOjM3OiJidW5kbGVUeXBlUmVzdHJpY3Rpb25zSW5jbHVkZVN1YnR5cGVzIjtpOjA7fQ=='),(233,72,'ca_attribute_description','ca_attribute_description',233,'YToxNDp7czo1OiJ3aWR0aCI7czowOiIiO3M6NjoiaGVpZ2h0IjtzOjA6IiI7czo4OiJyZWFkb25seSI7ZDowO3M6MjE6ImV4cGFuZF9jb2xsYXBzZV92YWx1ZSI7czo3OiJidWJibGVzIjtzOjI0OiJleHBhbmRfY29sbGFwc2Vfbm9fdmFsdWUiO3M6NzoiYnViYmxlcyI7czo0OiJzb3J0IjtzOjE6IjEiO3M6MTM6InNvcnREaXJlY3Rpb24iO3M6MzoiQVNDIjtzOjEzOiJjb2xvckV2ZW5JdGVtIjtzOjA6IiI7czoxMjoiY29sb3JPZGRJdGVtIjtzOjA6IiI7czoxNToiZGlzcGxheVRlbXBsYXRlIjtzOjA6IiI7czoxNzoiZG9jdW1lbnRhdGlvbl91cmwiO3M6MDoiIjtzOjE2OiJ1c2V3eXNpd3lnZWRpdG9yIjtzOjA6IiI7czoyMjoiYnVuZGxlVHlwZVJlc3RyaWN0aW9ucyI7czowOiIiO3M6Mzc6ImJ1bmRsZVR5cGVSZXN0cmljdGlvbnNJbmNsdWRlU3VidHlwZXMiO2k6MDt9'),(234,72,'ca_attribute_internal_notes','ca_storage_locations.internal_notes',234,'YToxNDp7czo1OiJ3aWR0aCI7czowOiIiO3M6NjoiaGVpZ2h0IjtzOjA6IiI7czo4OiJyZWFkb25seSI7ZDowO3M6MjE6ImV4cGFuZF9jb2xsYXBzZV92YWx1ZSI7czo3OiJidWJibGVzIjtzOjI0OiJleHBhbmRfY29sbGFwc2Vfbm9fdmFsdWUiO3M6NzoiYnViYmxlcyI7czo0OiJzb3J0IjtzOjE6IjEiO3M6MTM6InNvcnREaXJlY3Rpb24iO3M6MzoiQVNDIjtzOjEzOiJjb2xvckV2ZW5JdGVtIjtzOjA6IiI7czoxMjoiY29sb3JPZGRJdGVtIjtzOjA6IiI7czoxNToiZGlzcGxheVRlbXBsYXRlIjtzOjA6IiI7czoxNzoiZG9jdW1lbnRhdGlvbl91cmwiO3M6MDoiIjtzOjE2OiJ1c2V3eXNpd3lnZWRpdG9yIjtzOjA6IiI7czoyMjoiYnVuZGxlVHlwZVJlc3RyaWN0aW9ucyI7czowOiIiO3M6Mzc6ImJ1bmRsZVR5cGVSZXN0cmljdGlvbnNJbmNsdWRlU3VidHlwZXMiO2k6MDt9'),(235,73,'hierarchy_location','hierarchy_location',235,'YTo5OntzOjU6IndpZHRoIjtzOjA6IiI7czo2OiJoZWlnaHQiO3M6MDoiIjtzOjg6InJlYWRvbmx5IjtkOjA7czoxNToiZXhwYW5kX2NvbGxhcHNlIjtzOjc6ImJ1YmJsZXMiO3M6MTQ6Im9wZW5faGllcmFyY2h5IjtkOjE7czoxMToiYXV0b19zaHJpbmsiO2Q6MDtzOjE3OiJkb2N1bWVudGF0aW9uX3VybCI7czowOiIiO3M6MjI6ImJ1bmRsZVR5cGVSZXN0cmljdGlvbnMiO3M6MDoiIjtzOjM3OiJidW5kbGVUeXBlUmVzdHJpY3Rpb25zSW5jbHVkZVN1YnR5cGVzIjtpOjA7fQ=='),(236,73,'ca_attribute_georeference','ca_storage_locations.georeference',236,'YToxMzp7czo1OiJ3aWR0aCI7czowOiIiO3M6NjoiaGVpZ2h0IjtzOjA6IiI7czo4OiJyZWFkb25seSI7ZDowO3M6MjE6ImV4cGFuZF9jb2xsYXBzZV92YWx1ZSI7czo3OiJidWJibGVzIjtzOjI0OiJleHBhbmRfY29sbGFwc2Vfbm9fdmFsdWUiO3M6NzoiYnViYmxlcyI7czo0OiJzb3J0IjtzOjE6IjEiO3M6MTM6InNvcnREaXJlY3Rpb24iO3M6MzoiQVNDIjtzOjEzOiJjb2xvckV2ZW5JdGVtIjtzOjA6IiI7czoxMjoiY29sb3JPZGRJdGVtIjtzOjA6IiI7czoxNToiZGlzcGxheVRlbXBsYXRlIjtzOjA6IiI7czoxNzoiZG9jdW1lbnRhdGlvbl91cmwiO3M6MDoiIjtzOjIyOiJidW5kbGVUeXBlUmVzdHJpY3Rpb25zIjtzOjA6IiI7czozNzoiYnVuZGxlVHlwZVJlc3RyaWN0aW9uc0luY2x1ZGVTdWJ0eXBlcyI7aTowO30='),(237,74,'hierarchy_navigation','hierarchy_navigation',237,'YTo5OntzOjU6IndpZHRoIjtzOjA6IiI7czo2OiJoZWlnaHQiO3M6MDoiIjtzOjg6InJlYWRvbmx5IjtkOjA7czoxNToiZXhwYW5kX2NvbGxhcHNlIjtzOjc6ImJ1YmJsZXMiO3M6MTQ6Im9wZW5faGllcmFyY2h5IjtkOjE7czoxMToiYXV0b19zaHJpbmsiO2Q6MDtzOjE3OiJkb2N1bWVudGF0aW9uX3VybCI7czowOiIiO3M6MjI6ImJ1bmRsZVR5cGVSZXN0cmljdGlvbnMiO3M6MDoiIjtzOjM3OiJidW5kbGVUeXBlUmVzdHJpY3Rpb25zSW5jbHVkZVN1YnR5cGVzIjtpOjA7fQ=='),(238,74,'ca_objects','ca_objects',238,'YTozMjp7czo1OiJ3aWR0aCI7czowOiIiO3M6NjoiaGVpZ2h0IjtzOjA6IiI7czo4OiJyZWFkb25seSI7ZDowO3M6MjE6ImV4cGFuZF9jb2xsYXBzZV92YWx1ZSI7czo3OiJidWJibGVzIjtzOjI0OiJleHBhbmRfY29sbGFwc2Vfbm9fdmFsdWUiO3M6NzoiYnViYmxlcyI7czozMDoicmVzdHJpY3RfdG9fcmVsYXRpb25zaGlwX3R5cGVzIjthOjE6e2k6MDtzOjA6IiI7fXM6MTc6InJlc3RyaWN0X3RvX3R5cGVzIjthOjE6e2k6MDtzOjA6IiI7fXM6MTg6InJlc3RyaWN0X3RvX3NlYXJjaCI7czowOiIiO3M6MjQ6InJlc3RyaWN0X3RvX2FjY2Vzc19wb2ludCI7czowOiIiO3M6NDE6ImRvbnRfaW5jbHVkZV9zdWJ0eXBlc19pbl90eXBlX3Jlc3RyaWN0aW9uIjtpOjA7czoxMToibGlzdF9mb3JtYXQiO3M6NzoiYnViYmxlcyI7czo0OiJzb3J0IjtzOjA6IiI7czoxMzoic29ydERpcmVjdGlvbiI7czozOiJBU0MiO3M6MTQ6ImNvbG9yRmlyc3RJdGVtIjtzOjA6IiI7czo5OiJjb2xvckl0ZW0iO3M6MDoiIjtzOjEzOiJjb2xvckxhc3RJdGVtIjtzOjA6IiI7czoyMDoiZG9udFNob3dEZWxldGVCdXR0b24iO2k6MDtzOjE2OiJkaXNwbGF5X3RlbXBsYXRlIjtzOjA6IiI7czoxNzoiZG9jdW1lbnRhdGlvbl91cmwiO3M6MDoiIjtzOjIyOiJtaW5SZWxhdGlvbnNoaXBzUGVyUm93IjtkOjA7czoyMjoibWF4UmVsYXRpb25zaGlwc1BlclJvdyI7ZDowO3M6MTU6InNob3dDdXJyZW50T25seSI7aTowO3M6MjA6InNob3dDdXJyZW50VXNpbmdEYXRlIjtzOjA6IiI7czoxNToiZGlzYWJsZVF1aWNrYWRkIjtpOjA7czoyNToicHJlcG9wdWxhdGVRdWlja2FkZEZpZWxkcyI7czoxOiIwIjtzOjEyOiJkaXNhYmxlU29ydHMiO2k6MDtzOjk6InNob3dDb3VudCI7ZDowO3M6MjA6ImVmZmVjdGl2ZURhdGVEZWZhdWx0IjtzOjA6IiI7czoxMDoibnVtUGVyUGFnZSI7ZDoxMDA7czoyNToic2hvd1JldHVyblRvSG9tZUxvY2F0aW9ucyI7aTowO3M6MjI6ImJ1bmRsZVR5cGVSZXN0cmljdGlvbnMiO3M6MDoiIjtzOjM3OiJidW5kbGVUeXBlUmVzdHJpY3Rpb25zSW5jbHVkZVN1YnR5cGVzIjtpOjA7fQ=='),(239,75,'hierarchy_navigation','hierarchy_navigation',239,'YTo5OntzOjU6IndpZHRoIjtzOjA6IiI7czo2OiJoZWlnaHQiO3M6MDoiIjtzOjg6InJlYWRvbmx5IjtkOjA7czoxNToiZXhwYW5kX2NvbGxhcHNlIjtzOjc6ImJ1YmJsZXMiO3M6MTQ6Im9wZW5faGllcmFyY2h5IjtkOjE7czoxMToiYXV0b19zaHJpbmsiO2Q6MDtzOjE3OiJkb2N1bWVudGF0aW9uX3VybCI7czowOiIiO3M6MjI6ImJ1bmRsZVR5cGVSZXN0cmljdGlvbnMiO3M6MDoiIjtzOjM3OiJidW5kbGVUeXBlUmVzdHJpY3Rpb25zSW5jbHVkZVN1YnR5cGVzIjtpOjA7fQ=='),(240,75,'nonpreferred_labels','nonpreferred_labels',240,'YToxMjp7czo1OiJsYWJlbCI7YToxOntzOjU6ImVuX1VTIjtzOjE1OiJBbHRlcm5hdGUgbmFtZXMiO31zOjk6ImFkZF9sYWJlbCI7YToxOntzOjU6ImVuX1VTIjtzOjE4OiJBZGQgYWx0ZXJuYXRlIG5hbWUiO31zOjU6IndpZHRoIjtzOjA6IiI7czo2OiJoZWlnaHQiO3M6MDoiIjtzOjg6InJlYWRvbmx5IjtkOjA7czoyMToiZXhwYW5kX2NvbGxhcHNlX3ZhbHVlIjtzOjc6ImJ1YmJsZXMiO3M6MjQ6ImV4cGFuZF9jb2xsYXBzZV9ub192YWx1ZSI7czo3OiJidWJibGVzIjtzOjE2OiJ1c2V3eXNpd3lnZWRpdG9yIjtkOjA7czoxNzoiZG9jdW1lbnRhdGlvbl91cmwiO3M6MDoiIjtzOjE1OiJkaXNwbGF5VGVtcGxhdGUiO3M6MDoiIjtzOjIyOiJidW5kbGVUeXBlUmVzdHJpY3Rpb25zIjtzOjA6IiI7czozNzoiYnVuZGxlVHlwZVJlc3RyaWN0aW9uc0luY2x1ZGVTdWJ0eXBlcyI7aTowO30='),(241,77,'preferred_labels','preferred_labels',241,'YTo4OntzOjU6IndpZHRoIjtzOjA6IiI7czo2OiJoZWlnaHQiO3M6MDoiIjtzOjg6InJlYWRvbmx5IjtkOjA7czoyMToiZXhwYW5kX2NvbGxhcHNlX3ZhbHVlIjtzOjc6ImJ1YmJsZXMiO3M6MjQ6ImV4cGFuZF9jb2xsYXBzZV9ub192YWx1ZSI7czo3OiJidWJibGVzIjtzOjE2OiJ1c2V3eXNpd3lnZWRpdG9yIjtkOjA7czoxNzoiZG9jdW1lbnRhdGlvbl91cmwiO3M6MDoiIjtzOjE1OiJkaXNwbGF5VGVtcGxhdGUiO3M6MDoiIjt9'),(242,77,'ca_representation_annotation_p','ca_representation_annotation_properties',242,'YTo2OntzOjU6IndpZHRoIjtzOjA6IiI7czo2OiJoZWlnaHQiO3M6MDoiIjtzOjg6InJlYWRvbmx5IjtkOjA7czoyMToiZXhwYW5kX2NvbGxhcHNlX3ZhbHVlIjtzOjc6ImJ1YmJsZXMiO3M6MjQ6ImV4cGFuZF9jb2xsYXBzZV9ub192YWx1ZSI7czo3OiJidWJibGVzIjtzOjE3OiJkb2N1bWVudGF0aW9uX3VybCI7czowOiIiO30='),(243,77,'access','access',243,'YTo2OntzOjU6IndpZHRoIjtzOjA6IiI7czo2OiJoZWlnaHQiO3M6MDoiIjtzOjg6InJlYWRvbmx5IjtkOjA7czoyMToiZXhwYW5kX2NvbGxhcHNlX3ZhbHVlIjtzOjc6ImJ1YmJsZXMiO3M6MjQ6ImV4cGFuZF9jb2xsYXBzZV9ub192YWx1ZSI7czo3OiJidWJibGVzIjtzOjE3OiJkb2N1bWVudGF0aW9uX3VybCI7czowOiIiO30='),(244,77,'status','status',244,'YTo2OntzOjU6IndpZHRoIjtzOjA6IiI7czo2OiJoZWlnaHQiO3M6MDoiIjtzOjg6InJlYWRvbmx5IjtkOjA7czoyMToiZXhwYW5kX2NvbGxhcHNlX3ZhbHVlIjtzOjc6ImJ1YmJsZXMiO3M6MjQ6ImV4cGFuZF9jb2xsYXBzZV9ub192YWx1ZSI7czo3OiJidWJibGVzIjtzOjE3OiJkb2N1bWVudGF0aW9uX3VybCI7czowOiIiO30='),(245,78,'nonpreferred_labels','nonpreferred_labels',245,'YTo4OntzOjU6IndpZHRoIjtzOjA6IiI7czo2OiJoZWlnaHQiO3M6MDoiIjtzOjg6InJlYWRvbmx5IjtkOjA7czoyMToiZXhwYW5kX2NvbGxhcHNlX3ZhbHVlIjtzOjc6ImJ1YmJsZXMiO3M6MjQ6ImV4cGFuZF9jb2xsYXBzZV9ub192YWx1ZSI7czo3OiJidWJibGVzIjtzOjE2OiJ1c2V3eXNpd3lnZWRpdG9yIjtkOjA7czoxNzoiZG9jdW1lbnRhdGlvbl91cmwiO3M6MDoiIjtzOjE1OiJkaXNwbGF5VGVtcGxhdGUiO3M6MDoiIjt9'),(246,80,'preferred_labels1','preferred_labels',246,'YToxMDp7czo1OiJ3aWR0aCI7czowOiIiO3M6NjoiaGVpZ2h0IjtzOjA6IiI7czo4OiJyZWFkb25seSI7ZDowO3M6MjE6ImV4cGFuZF9jb2xsYXBzZV92YWx1ZSI7czo3OiJidWJibGVzIjtzOjI0OiJleHBhbmRfY29sbGFwc2Vfbm9fdmFsdWUiO3M6NzoiYnViYmxlcyI7czoxNjoidXNld3lzaXd5Z2VkaXRvciI7ZDowO3M6MTc6ImRvY3VtZW50YXRpb25fdXJsIjtzOjA6IiI7czoxNToiZGlzcGxheVRlbXBsYXRlIjtzOjA6IiI7czoyMjoiYnVuZGxlVHlwZVJlc3RyaWN0aW9ucyI7czowOiIiO3M6Mzc6ImJ1bmRsZVR5cGVSZXN0cmljdGlvbnNJbmNsdWRlU3VidHlwZXMiO2k6MDt9'),(247,80,'ca_entities7','ca_entities',247,'YTozMjp7czo1OiJsYWJlbCI7YToxOntzOjU6ImZpX0ZJIjtzOjExOiJIYWFzdGF0ZWx0dSI7fXM6NToid2lkdGgiO3M6MDoiIjtzOjY6ImhlaWdodCI7czowOiIiO3M6ODoicmVhZG9ubHkiO2Q6MDtzOjIxOiJleHBhbmRfY29sbGFwc2VfdmFsdWUiO3M6NzoiYnViYmxlcyI7czoyNDoiZXhwYW5kX2NvbGxhcHNlX25vX3ZhbHVlIjtzOjc6ImJ1YmJsZXMiO3M6MzA6InJlc3RyaWN0X3RvX3JlbGF0aW9uc2hpcF90eXBlcyI7YToxOntpOjA7Tjt9czoxNzoicmVzdHJpY3RfdG9fdHlwZXMiO2E6MTp7aTowO3M6MDoiIjt9czoxODoicmVzdHJpY3RfdG9fc2VhcmNoIjtzOjA6IiI7czoyNDoicmVzdHJpY3RfdG9fYWNjZXNzX3BvaW50IjtzOjA6IiI7czo0MToiZG9udF9pbmNsdWRlX3N1YnR5cGVzX2luX3R5cGVfcmVzdHJpY3Rpb24iO2k6MDtzOjExOiJsaXN0X2Zvcm1hdCI7czo0OiJsaXN0IjtzOjQ6InNvcnQiO3M6MDoiIjtzOjEzOiJzb3J0RGlyZWN0aW9uIjtzOjM6IkFTQyI7czoxNDoiY29sb3JGaXJzdEl0ZW0iO3M6MDoiIjtzOjk6ImNvbG9ySXRlbSI7czowOiIiO3M6MTM6ImNvbG9yTGFzdEl0ZW0iO3M6MDoiIjtzOjIwOiJkb250U2hvd0RlbGV0ZUJ1dHRvbiI7aTowO3M6MTY6ImRpc3BsYXlfdGVtcGxhdGUiO3M6MDoiIjtzOjE3OiJkb2N1bWVudGF0aW9uX3VybCI7czowOiIiO3M6MjI6Im1pblJlbGF0aW9uc2hpcHNQZXJSb3ciO2Q6MDtzOjIyOiJtYXhSZWxhdGlvbnNoaXBzUGVyUm93IjtkOjA7czoxNToic2hvd0N1cnJlbnRPbmx5IjtpOjA7czoyMDoic2hvd0N1cnJlbnRVc2luZ0RhdGUiO3M6MDoiIjtzOjE1OiJkaXNhYmxlUXVpY2thZGQiO2k6MDtzOjI1OiJwcmVwb3B1bGF0ZVF1aWNrYWRkRmllbGRzIjtzOjE6IjAiO3M6MTI6ImRpc2FibGVTb3J0cyI7aTowO3M6OToic2hvd0NvdW50IjtkOjA7czoyMDoiZWZmZWN0aXZlRGF0ZURlZmF1bHQiO3M6MDoiIjtzOjEwOiJudW1QZXJQYWdlIjtkOjEwMDtzOjIyOiJidW5kbGVUeXBlUmVzdHJpY3Rpb25zIjtzOjA6IiI7czozNzoiYnVuZGxlVHlwZVJlc3RyaWN0aW9uc0luY2x1ZGVTdWJ0eXBlcyI7aTowO30='),(248,80,'ca_entities3','ca_entities',248,'YTozMjp7czo1OiJsYWJlbCI7YToxOntzOjU6ImZpX0ZJIjtzOjEzOiJIYWFzdGF0dGVsaWphIjt9czo1OiJ3aWR0aCI7czowOiIiO3M6NjoiaGVpZ2h0IjtzOjA6IiI7czo4OiJyZWFkb25seSI7ZDowO3M6MjE6ImV4cGFuZF9jb2xsYXBzZV92YWx1ZSI7czo3OiJidWJibGVzIjtzOjI0OiJleHBhbmRfY29sbGFwc2Vfbm9fdmFsdWUiO3M6NzoiYnViYmxlcyI7czozMDoicmVzdHJpY3RfdG9fcmVsYXRpb25zaGlwX3R5cGVzIjthOjE6e2k6MDtpOjIxODt9czoxNzoicmVzdHJpY3RfdG9fdHlwZXMiO2E6MTp7aTowO3M6MDoiIjt9czoxODoicmVzdHJpY3RfdG9fc2VhcmNoIjtzOjA6IiI7czoyNDoicmVzdHJpY3RfdG9fYWNjZXNzX3BvaW50IjtzOjA6IiI7czo0MToiZG9udF9pbmNsdWRlX3N1YnR5cGVzX2luX3R5cGVfcmVzdHJpY3Rpb24iO2k6MDtzOjExOiJsaXN0X2Zvcm1hdCI7czo0OiJsaXN0IjtzOjQ6InNvcnQiO3M6MDoiIjtzOjEzOiJzb3J0RGlyZWN0aW9uIjtzOjM6IkFTQyI7czoxNDoiY29sb3JGaXJzdEl0ZW0iO3M6MDoiIjtzOjk6ImNvbG9ySXRlbSI7czowOiIiO3M6MTM6ImNvbG9yTGFzdEl0ZW0iO3M6MDoiIjtzOjIwOiJkb250U2hvd0RlbGV0ZUJ1dHRvbiI7aTowO3M6MTY6ImRpc3BsYXlfdGVtcGxhdGUiO3M6MDoiIjtzOjE3OiJkb2N1bWVudGF0aW9uX3VybCI7czowOiIiO3M6MjI6Im1pblJlbGF0aW9uc2hpcHNQZXJSb3ciO2Q6MDtzOjIyOiJtYXhSZWxhdGlvbnNoaXBzUGVyUm93IjtkOjA7czoxNToic2hvd0N1cnJlbnRPbmx5IjtpOjA7czoyMDoic2hvd0N1cnJlbnRVc2luZ0RhdGUiO3M6MDoiIjtzOjE1OiJkaXNhYmxlUXVpY2thZGQiO2k6MDtzOjI1OiJwcmVwb3B1bGF0ZVF1aWNrYWRkRmllbGRzIjtzOjE6IjAiO3M6MTI6ImRpc2FibGVTb3J0cyI7aTowO3M6OToic2hvd0NvdW50IjtkOjA7czoyMDoiZWZmZWN0aXZlRGF0ZURlZmF1bHQiO3M6MDoiIjtzOjEwOiJudW1QZXJQYWdlIjtkOjEwMDtzOjIyOiJidW5kbGVUeXBlUmVzdHJpY3Rpb25zIjtzOjA6IiI7czozNzoiYnVuZGxlVHlwZVJlc3RyaWN0aW9uc0luY2x1ZGVTdWJ0eXBlcyI7aTowO30='),(249,80,'ca_attribute_description5','ca_attribute_description',249,'YToxNDp7czo1OiJ3aWR0aCI7czowOiIiO3M6NjoiaGVpZ2h0IjtzOjA6IiI7czo4OiJyZWFkb25seSI7ZDowO3M6MjE6ImV4cGFuZF9jb2xsYXBzZV92YWx1ZSI7czo3OiJidWJibGVzIjtzOjI0OiJleHBhbmRfY29sbGFwc2Vfbm9fdmFsdWUiO3M6NzoiYnViYmxlcyI7czo0OiJzb3J0IjtzOjE6IjEiO3M6MTM6InNvcnREaXJlY3Rpb24iO3M6MzoiQVNDIjtzOjEzOiJjb2xvckV2ZW5JdGVtIjtzOjA6IiI7czoxMjoiY29sb3JPZGRJdGVtIjtzOjA6IiI7czoxNToiZGlzcGxheVRlbXBsYXRlIjtzOjA6IiI7czoxNzoiZG9jdW1lbnRhdGlvbl91cmwiO3M6MDoiIjtzOjE2OiJ1c2V3eXNpd3lnZWRpdG9yIjtzOjA6IiI7czoyMjoiYnVuZGxlVHlwZVJlc3RyaWN0aW9ucyI7czowOiIiO3M6Mzc6ImJ1bmRsZVR5cGVSZXN0cmljdGlvbnNJbmNsdWRlU3VidHlwZXMiO2k6MDt9'),(250,80,'ca_objects6','ca_objects',250,'YTozMzp7czo1OiJsYWJlbCI7YToxOntzOjU6ImZpX0ZJIjtzOjE5OiJTaXPDpGx0eXkgb2JqZWt0aWluIjt9czo1OiJ3aWR0aCI7czowOiIiO3M6NjoiaGVpZ2h0IjtzOjA6IiI7czo4OiJyZWFkb25seSI7ZDowO3M6MjE6ImV4cGFuZF9jb2xsYXBzZV92YWx1ZSI7czo3OiJidWJibGVzIjtzOjI0OiJleHBhbmRfY29sbGFwc2Vfbm9fdmFsdWUiO3M6NzoiYnViYmxlcyI7czozMDoicmVzdHJpY3RfdG9fcmVsYXRpb25zaGlwX3R5cGVzIjthOjE6e2k6MDtzOjA6IiI7fXM6MTc6InJlc3RyaWN0X3RvX3R5cGVzIjthOjE6e2k6MDtzOjA6IiI7fXM6MTg6InJlc3RyaWN0X3RvX3NlYXJjaCI7czowOiIiO3M6MjQ6InJlc3RyaWN0X3RvX2FjY2Vzc19wb2ludCI7czowOiIiO3M6NDE6ImRvbnRfaW5jbHVkZV9zdWJ0eXBlc19pbl90eXBlX3Jlc3RyaWN0aW9uIjtpOjA7czoxMToibGlzdF9mb3JtYXQiO3M6NDoibGlzdCI7czo0OiJzb3J0IjtzOjA6IiI7czoxMzoic29ydERpcmVjdGlvbiI7czozOiJBU0MiO3M6MTQ6ImNvbG9yRmlyc3RJdGVtIjtzOjA6IiI7czo5OiJjb2xvckl0ZW0iO3M6MDoiIjtzOjEzOiJjb2xvckxhc3RJdGVtIjtzOjA6IiI7czoyMDoiZG9udFNob3dEZWxldGVCdXR0b24iO2k6MDtzOjE2OiJkaXNwbGF5X3RlbXBsYXRlIjtzOjA6IiI7czoxNzoiZG9jdW1lbnRhdGlvbl91cmwiO3M6MDoiIjtzOjIyOiJtaW5SZWxhdGlvbnNoaXBzUGVyUm93IjtkOjA7czoyMjoibWF4UmVsYXRpb25zaGlwc1BlclJvdyI7ZDowO3M6MTU6InNob3dDdXJyZW50T25seSI7aTowO3M6MjA6InNob3dDdXJyZW50VXNpbmdEYXRlIjtzOjA6IiI7czoxNToiZGlzYWJsZVF1aWNrYWRkIjtpOjA7czoyNToicHJlcG9wdWxhdGVRdWlja2FkZEZpZWxkcyI7czoxOiIwIjtzOjEyOiJkaXNhYmxlU29ydHMiO2k6MDtzOjk6InNob3dDb3VudCI7ZDowO3M6MjA6ImVmZmVjdGl2ZURhdGVEZWZhdWx0IjtzOjA6IiI7czoxMDoibnVtUGVyUGFnZSI7ZDoxMDA7czoyNToic2hvd1JldHVyblRvSG9tZUxvY2F0aW9ucyI7aTowO3M6MjI6ImJ1bmRsZVR5cGVSZXN0cmljdGlvbnMiO3M6MDoiIjtzOjM3OiJidW5kbGVUeXBlUmVzdHJpY3Rpb25zSW5jbHVkZVN1YnR5cGVzIjtpOjA7fQ=='),(251,82,'ca_attribute_tuottajainfo_info','ca_objects_x_entities.tuottaja_info',251,'YTo1OntzOjU6IndpZHRoIjtzOjA6IiI7czo2OiJoZWlnaHQiO3M6MDoiIjtzOjg6InJlYWRvbmx5IjtkOjA7czoyMToiZXhwYW5kX2NvbGxhcHNlX3ZhbHVlIjtzOjc6ImJ1YmJsZXMiO3M6MjQ6ImV4cGFuZF9jb2xsYXBzZV9ub192YWx1ZSI7czo3OiJidWJibGVzIjt9'),(252,84,'ca_attribute_tapahtuma_info','ca_entities_x_occurrences.tapahtuma_info',252,'YTo1OntzOjU6IndpZHRoIjtzOjA6IiI7czo2OiJoZWlnaHQiO3M6MDoiIjtzOjg6InJlYWRvbmx5IjtkOjA7czoyMToiZXhwYW5kX2NvbGxhcHNlX3ZhbHVlIjtzOjc6ImJ1YmJsZXMiO3M6MjQ6ImV4cGFuZF9jb2xsYXBzZV9ub192YWx1ZSI7czo3OiJidWJibGVzIjt9'),(253,86,'preferred_labels','preferred_labels',253,'YTo4OntzOjU6IndpZHRoIjtzOjA6IiI7czo2OiJoZWlnaHQiO3M6MDoiIjtzOjg6InJlYWRvbmx5IjtkOjA7czoyMToiZXhwYW5kX2NvbGxhcHNlX3ZhbHVlIjtzOjc6ImJ1YmJsZXMiO3M6MjQ6ImV4cGFuZF9jb2xsYXBzZV9ub192YWx1ZSI7czo3OiJidWJibGVzIjtzOjE2OiJ1c2V3eXNpd3lnZWRpdG9yIjtkOjA7czoxNzoiZG9jdW1lbnRhdGlvbl91cmwiO3M6MDoiIjtzOjE1OiJkaXNwbGF5VGVtcGxhdGUiO3M6MDoiIjt9'),(254,86,'editor_code','editor_code',254,'YTo3OntzOjU6IndpZHRoIjtzOjA6IiI7czo2OiJoZWlnaHQiO3M6MDoiIjtzOjg6InJlYWRvbmx5IjtkOjA7czoyMToiZXhwYW5kX2NvbGxhcHNlX3ZhbHVlIjtzOjc6ImJ1YmJsZXMiO3M6MjQ6ImV4cGFuZF9jb2xsYXBzZV9ub192YWx1ZSI7czo3OiJidWJibGVzIjtzOjE3OiJkb2N1bWVudGF0aW9uX3VybCI7czowOiIiO3M6MTY6InVzZXd5c2l3eWdlZGl0b3IiO2Q6MDt9'),(255,86,'color','color',255,'YTo3OntzOjU6IndpZHRoIjtzOjA6IiI7czo2OiJoZWlnaHQiO3M6MDoiIjtzOjg6InJlYWRvbmx5IjtkOjA7czoyMToiZXhwYW5kX2NvbGxhcHNlX3ZhbHVlIjtzOjc6ImJ1YmJsZXMiO3M6MjQ6ImV4cGFuZF9jb2xsYXBzZV9ub192YWx1ZSI7czo3OiJidWJibGVzIjtzOjE3OiJkb2N1bWVudGF0aW9uX3VybCI7czowOiIiO3M6MTY6InVzZXd5c2l3eWdlZGl0b3IiO2Q6MDt9'),(256,86,'ca_editor_ui_type_restrictions','ca_editor_ui_type_restrictions',256,'YTo2OntzOjU6IndpZHRoIjtzOjA6IiI7czo2OiJoZWlnaHQiO3M6MDoiIjtzOjg6InJlYWRvbmx5IjtkOjA7czoyMToiZXhwYW5kX2NvbGxhcHNlX3ZhbHVlIjtzOjc6ImJ1YmJsZXMiO3M6MjQ6ImV4cGFuZF9jb2xsYXBzZV9ub192YWx1ZSI7czo3OiJidWJibGVzIjtzOjE3OiJkb2N1bWVudGF0aW9uX3VybCI7czowOiIiO30='),(257,86,'ca_editor_ui_screens','ca_editor_ui_screens',257,'YTo2OntzOjU6IndpZHRoIjtzOjA6IiI7czo2OiJoZWlnaHQiO3M6MDoiIjtzOjg6InJlYWRvbmx5IjtkOjA7czoyMToiZXhwYW5kX2NvbGxhcHNlX3ZhbHVlIjtzOjc6ImJ1YmJsZXMiO3M6MjQ6ImV4cGFuZF9jb2xsYXBzZV9ub192YWx1ZSI7czo3OiJidWJibGVzIjtzOjE3OiJkb2N1bWVudGF0aW9uX3VybCI7czowOiIiO30='),(258,86,'is_system_ui','is_system_ui',258,'YTo2OntzOjU6IndpZHRoIjtzOjA6IiI7czo2OiJoZWlnaHQiO3M6MDoiIjtzOjg6InJlYWRvbmx5IjtkOjA7czoyMToiZXhwYW5kX2NvbGxhcHNlX3ZhbHVlIjtzOjc6ImJ1YmJsZXMiO3M6MjQ6ImV4cGFuZF9jb2xsYXBzZV9ub192YWx1ZSI7czo3OiJidWJibGVzIjtzOjE3OiJkb2N1bWVudGF0aW9uX3VybCI7czowOiIiO30='),(259,86,'ca_users','ca_users',259,'YTo2OntzOjU6IndpZHRoIjtzOjA6IiI7czo2OiJoZWlnaHQiO3M6MDoiIjtzOjg6InJlYWRvbmx5IjtkOjA7czoyMToiZXhwYW5kX2NvbGxhcHNlX3ZhbHVlIjtzOjc6ImJ1YmJsZXMiO3M6MjQ6ImV4cGFuZF9jb2xsYXBzZV9ub192YWx1ZSI7czo3OiJidWJibGVzIjtzOjE3OiJkb2N1bWVudGF0aW9uX3VybCI7czowOiIiO30='),(260,86,'ca_user_groups','ca_user_groups',260,'YTo2OntzOjU6IndpZHRoIjtzOjA6IiI7czo2OiJoZWlnaHQiO3M6MDoiIjtzOjg6InJlYWRvbmx5IjtkOjA7czoyMToiZXhwYW5kX2NvbGxhcHNlX3ZhbHVlIjtzOjc6ImJ1YmJsZXMiO3M6MjQ6ImV4cGFuZF9jb2xsYXBzZV9ub192YWx1ZSI7czo3OiJidWJibGVzIjtzOjE3OiJkb2N1bWVudGF0aW9uX3VybCI7czowOiIiO30='),(261,86,'ca_user_roles','ca_user_roles',261,'YTo2OntzOjU6IndpZHRoIjtzOjA6IiI7czo2OiJoZWlnaHQiO3M6MDoiIjtzOjg6InJlYWRvbmx5IjtkOjA7czoyMToiZXhwYW5kX2NvbGxhcHNlX3ZhbHVlIjtzOjc6ImJ1YmJsZXMiO3M6MjQ6ImV4cGFuZF9jb2xsYXBzZV9ub192YWx1ZSI7czo3OiJidWJibGVzIjtzOjE3OiJkb2N1bWVudGF0aW9uX3VybCI7czowOiIiO30='),(262,88,'preferred_labels','preferred_labels',262,'YTo4OntzOjU6IndpZHRoIjtzOjA6IiI7czo2OiJoZWlnaHQiO3M6MDoiIjtzOjg6InJlYWRvbmx5IjtkOjA7czoyMToiZXhwYW5kX2NvbGxhcHNlX3ZhbHVlIjtzOjc6ImJ1YmJsZXMiO3M6MjQ6ImV4cGFuZF9jb2xsYXBzZV9ub192YWx1ZSI7czo3OiJidWJibGVzIjtzOjE2OiJ1c2V3eXNpd3lnZWRpdG9yIjtkOjA7czoxNzoiZG9jdW1lbnRhdGlvbl91cmwiO3M6MDoiIjtzOjE1OiJkaXNwbGF5VGVtcGxhdGUiO3M6MDoiIjt9'),(263,88,'idno','idno',263,'YTo3OntzOjU6IndpZHRoIjtzOjA6IiI7czo2OiJoZWlnaHQiO3M6MDoiIjtzOjg6InJlYWRvbmx5IjtkOjA7czoyMToiZXhwYW5kX2NvbGxhcHNlX3ZhbHVlIjtzOjc6ImJ1YmJsZXMiO3M6MjQ6ImV4cGFuZF9jb2xsYXBzZV9ub192YWx1ZSI7czo3OiJidWJibGVzIjtzOjE3OiJkb2N1bWVudGF0aW9uX3VybCI7czowOiIiO3M6MTY6InVzZXd5c2l3eWdlZGl0b3IiO2Q6MDt9'),(264,88,'color','color',264,'YTo3OntzOjU6IndpZHRoIjtzOjA6IiI7czo2OiJoZWlnaHQiO3M6MDoiIjtzOjg6InJlYWRvbmx5IjtkOjA7czoyMToiZXhwYW5kX2NvbGxhcHNlX3ZhbHVlIjtzOjc6ImJ1YmJsZXMiO3M6MjQ6ImV4cGFuZF9jb2xsYXBzZV9ub192YWx1ZSI7czo3OiJidWJibGVzIjtzOjE3OiJkb2N1bWVudGF0aW9uX3VybCI7czowOiIiO3M6MTY6InVzZXd5c2l3eWdlZGl0b3IiO2Q6MDt9'),(265,88,'is_default','is_default',265,'YTo2OntzOjU6IndpZHRoIjtzOjA6IiI7czo2OiJoZWlnaHQiO3M6MDoiIjtzOjg6InJlYWRvbmx5IjtkOjA7czoyMToiZXhwYW5kX2NvbGxhcHNlX3ZhbHVlIjtzOjc6ImJ1YmJsZXMiO3M6MjQ6ImV4cGFuZF9jb2xsYXBzZV9ub192YWx1ZSI7czo3OiJidWJibGVzIjtzOjE3OiJkb2N1bWVudGF0aW9uX3VybCI7czowOiIiO30='),(266,88,'ca_editor_ui_screen_type_restr','ca_editor_ui_screen_type_restrictions',266,'YTo2OntzOjU6IndpZHRoIjtzOjA6IiI7czo2OiJoZWlnaHQiO3M6MDoiIjtzOjg6InJlYWRvbmx5IjtkOjA7czoyMToiZXhwYW5kX2NvbGxhcHNlX3ZhbHVlIjtzOjc6ImJ1YmJsZXMiO3M6MjQ6ImV4cGFuZF9jb2xsYXBzZV9ub192YWx1ZSI7czo3OiJidWJibGVzIjtzOjE3OiJkb2N1bWVudGF0aW9uX3VybCI7czowOiIiO30='),(267,88,'ca_editor_ui_bundle_placements','ca_editor_ui_bundle_placements',267,'YTo2OntzOjU6IndpZHRoIjtzOjA6IiI7czo2OiJoZWlnaHQiO3M6MDoiIjtzOjg6InJlYWRvbmx5IjtkOjA7czoyMToiZXhwYW5kX2NvbGxhcHNlX3ZhbHVlIjtzOjc6ImJ1YmJsZXMiO3M6MjQ6ImV4cGFuZF9jb2xsYXBzZV9ub192YWx1ZSI7czo3OiJidWJibGVzIjtzOjE3OiJkb2N1bWVudGF0aW9uX3VybCI7czowOiIiO30='),(268,88,'ca_users','ca_users',268,'YTo2OntzOjU6IndpZHRoIjtzOjA6IiI7czo2OiJoZWlnaHQiO3M6MDoiIjtzOjg6InJlYWRvbmx5IjtkOjA7czoyMToiZXhwYW5kX2NvbGxhcHNlX3ZhbHVlIjtzOjc6ImJ1YmJsZXMiO3M6MjQ6ImV4cGFuZF9jb2xsYXBzZV9ub192YWx1ZSI7czo3OiJidWJibGVzIjtzOjE3OiJkb2N1bWVudGF0aW9uX3VybCI7czowOiIiO30='),(269,88,'ca_user_groups','ca_user_groups',269,'YTo2OntzOjU6IndpZHRoIjtzOjA6IiI7czo2OiJoZWlnaHQiO3M6MDoiIjtzOjg6InJlYWRvbmx5IjtkOjA7czoyMToiZXhwYW5kX2NvbGxhcHNlX3ZhbHVlIjtzOjc6ImJ1YmJsZXMiO3M6MjQ6ImV4cGFuZF9jb2xsYXBzZV9ub192YWx1ZSI7czo3OiJidWJibGVzIjtzOjE3OiJkb2N1bWVudGF0aW9uX3VybCI7czowOiIiO30='),(270,88,'ca_user_roles','ca_user_roles',270,'YTo2OntzOjU6IndpZHRoIjtzOjA6IiI7czo2OiJoZWlnaHQiO3M6MDoiIjtzOjg6InJlYWRvbmx5IjtkOjA7czoyMToiZXhwYW5kX2NvbGxhcHNlX3ZhbHVlIjtzOjc6ImJ1YmJsZXMiO3M6MjQ6ImV4cGFuZF9jb2xsYXBzZV9ub192YWx1ZSI7czo3OiJidWJibGVzIjtzOjE3OiJkb2N1bWVudGF0aW9uX3VybCI7czowOiIiO30='),(271,90,'ca_attribute_description1','ca_attribute_description',271,'YToxNDp7czo1OiJ3aWR0aCI7czowOiIiO3M6NjoiaGVpZ2h0IjtzOjA6IiI7czo4OiJyZWFkb25seSI7ZDowO3M6MjE6ImV4cGFuZF9jb2xsYXBzZV92YWx1ZSI7czo3OiJidWJibGVzIjtzOjI0OiJleHBhbmRfY29sbGFwc2Vfbm9fdmFsdWUiO3M6NzoiYnViYmxlcyI7czo0OiJzb3J0IjtzOjE6IjEiO3M6MTM6InNvcnREaXJlY3Rpb24iO3M6MzoiQVNDIjtzOjEzOiJjb2xvckV2ZW5JdGVtIjtzOjA6IiI7czoxMjoiY29sb3JPZGRJdGVtIjtzOjA6IiI7czoxNToiZGlzcGxheVRlbXBsYXRlIjtzOjA6IiI7czoxNzoiZG9jdW1lbnRhdGlvbl91cmwiO3M6MDoiIjtzOjE2OiJ1c2V3eXNpd3lnZWRpdG9yIjtzOjA6IiI7czoyMjoiYnVuZGxlVHlwZVJlc3RyaWN0aW9ucyI7czowOiIiO3M6Mzc6ImJ1bmRsZVR5cGVSZXN0cmljdGlvbnNJbmNsdWRlU3VidHlwZXMiO2k6MDt9');
/*!40000 ALTER TABLE `ca_editor_ui_bundle_placements` ENABLE KEYS */;
UNLOCK TABLES;

--
-- Table structure for table `ca_editor_ui_labels`
--

DROP TABLE IF EXISTS `ca_editor_ui_labels`;
/*!40101 SET @saved_cs_client     = @@character_set_client */;
/*!40101 SET character_set_client = utf8 */;
CREATE TABLE `ca_editor_ui_labels` (
  `label_id` int(10) unsigned NOT NULL AUTO_INCREMENT,
  `ui_id` int(10) unsigned NOT NULL,
  `name` varchar(255) NOT NULL,
  `description` text NOT NULL,
  `locale_id` smallint(6) NOT NULL,
  PRIMARY KEY (`label_id`),
  KEY `i_ui_id` (`ui_id`),
  KEY `i_locale_id` (`locale_id`)
) ENGINE=InnoDB AUTO_INCREMENT=69 DEFAULT CHARSET=utf8;
/*!40101 SET character_set_client = @saved_cs_client */;

--
-- Dumping data for table `ca_editor_ui_labels`
--

LOCK TABLES `ca_editor_ui_labels` WRITE;
/*!40000 ALTER TABLE `ca_editor_ui_labels` DISABLE KEYS */;
INSERT INTO `ca_editor_ui_labels` VALUES (1,1,'Loan editor','',2),(2,1,'Loan editor','',3),(3,1,'Editeur de prt','',7),(4,1,'Ln redigerare','',15),(5,2,'Movement editor','',2),(6,2,'Movement editor','',3),(7,2,'Editeur de mouvement','',7),(8,2,'Frflyttning redigerare','',15),(9,3,'List editor','',2),(10,3,'List editor','',3),(11,3,'Editeur de liste','',7),(12,3,'List redigerare','',15),(13,4,'List item editor','',2),(14,4,'List item editor','',3),(15,4,'Editeur d\'item de liste','',7),(16,4,'Listpost redigerare','',15),(17,5,'Relationship types configuration editor','',2),(18,5,'Relationship types configuration editor','',3),(19,5,'Editeur de configuration de types de relation','',7),(20,5,'Relationstyper konfigurationsredigerare','',15),(21,6,'Set editor','',2),(22,6,'Set editor','',3),(23,6,'Editeur d\'ensemble','',7),(24,6,'Gruppering redigerare','',15),(25,7,'Set item editor','',2),(26,7,'Set item editor','',3),(27,7,'Editeur d\'ensemble d\'items','',7),(28,7,'Grupperingsobjekt redigerare','',15),(29,8,'Search forms configuration editor','',2),(30,8,'Search forms configuration editor','',3),(31,8,'Editeur de configuration de formulaires de recherche','',7),(32,8,'Sk formulr konfigurationsredigerare','',15),(33,9,'Display list configuration editor','',2),(34,9,'Display list configuration editor','',3),(35,9,'Editeur de configuration de liste','',7),(36,9,'Display list konfigurationsredigerare','',15),(37,10,'Metadata alert rule editor','',2),(38,11,'Tour editor','',2),(39,11,'Tour editor','',3),(40,11,'Tour editor','',7),(41,11,'Tur redigerare','',15),(42,12,'Tour stop editor','',2),(43,13,'Site page editor','',2),(44,14,'Object representation editor','',2),(45,14,'Object representation editor','',1),(46,15,'Data dictionary editor','',2),(47,16,'Standard object editor','',2),(48,16,'Objektilomake','',1),(49,17,'Standard entity editor','',2),(50,17,'Toimijalomake','',1),(51,18,'Occurrences editor','',2),(52,18,'Tapahtumalomake','',1),(53,19,'Place editor','',2),(54,19,'Paikkalomake','',1),(55,20,'Standard collection editor','',2),(56,20,'Kokoelmalomake','',1),(57,21,'Standard object lot editor','',2),(58,21,'Hankintalomake','',1),(59,22,'Storage locations editor','',2),(60,22,'Sijaintilomake','',1),(61,23,'Representation annotation editor','',2),(62,23,'Representation annotation editor','',1),(63,24,'Haastattelulomake','',1),(64,25,'suhteen listieto','',2),(65,26,'listieto','',1),(66,27,'UI Editor','',1),(67,28,'UI Screen Editor','',1),(68,29,'Minimilomake','',1);
/*!40000 ALTER TABLE `ca_editor_ui_labels` ENABLE KEYS */;
UNLOCK TABLES;

--
-- Table structure for table `ca_editor_ui_screen_labels`
--

DROP TABLE IF EXISTS `ca_editor_ui_screen_labels`;
/*!40101 SET @saved_cs_client     = @@character_set_client */;
/*!40101 SET character_set_client = utf8 */;
CREATE TABLE `ca_editor_ui_screen_labels` (
  `label_id` int(10) unsigned NOT NULL AUTO_INCREMENT,
  `screen_id` int(10) unsigned NOT NULL,
  `name` varchar(255) NOT NULL,
  `description` text NOT NULL,
  `locale_id` smallint(6) NOT NULL,
  PRIMARY KEY (`label_id`),
  KEY `i_screen_id` (`screen_id`),
  KEY `i_locale_id` (`locale_id`)
) ENGINE=InnoDB AUTO_INCREMENT=132 DEFAULT CHARSET=utf8;
/*!40101 SET character_set_client = @saved_cs_client */;

--
-- Dumping data for table `ca_editor_ui_screen_labels`
--

LOCK TABLES `ca_editor_ui_screen_labels` WRITE;
/*!40000 ALTER TABLE `ca_editor_ui_screen_labels` DISABLE KEYS */;
INSERT INTO `ca_editor_ui_screen_labels` VALUES (1,2,'Basic info','',2),(2,2,'Basic info','',3),(3,2,'Informations basiques','',7),(4,2,'Grundlggande info','',15),(5,3,'Relationships','',2),(6,3,'Relationships','',3),(7,3,'Relations','',7),(8,3,'Relationer','',15),(9,5,'Basic info','',2),(10,5,'Basic info','',3),(11,5,'Informations basiques','',7),(12,5,'Grundlggande info','',15),(13,6,'Relationships','',2),(14,6,'Relationships','',3),(15,6,'Relations','',7),(16,6,'Relationer','',15),(17,8,'Basic info','',2),(18,8,'Basic info','',3),(19,8,'Informations basiques','',7),(20,8,'Grundlggande info','',15),(21,10,'Basic info','',2),(22,10,'Basic info','',3),(23,10,'Informations basiques','',7),(24,10,'Grundlggande info','',15),(25,11,'Alternate names','',2),(26,11,'Alternate names','',3),(27,11,'Noms alternatifs','',7),(28,11,'Alternativa namn','',15),(29,12,'Related list items','',2),(30,12,'Related list items','',3),(31,12,'Items lis  la liste','',7),(32,12,'Relaterade listobjekt','',15),(33,14,'Basic info','',2),(34,14,'Basic info','',3),(35,16,'Set info','',2),(36,16,'Set info','',3),(37,17,'Items','',2),(38,17,'Items','',3),(39,17,'Items','',7),(40,17,'Objekt','',15),(41,19,'Basic info','',2),(42,21,'Basic info','',2),(43,23,'Basic info','',2),(44,24,'Display list','',2),(45,24,'Display list','',3),(46,24,'Liste','',7),(47,24,'Display lista','',15),(48,26,'Basic info','',2),(49,28,'Basic info','',2),(50,29,'Relationships','',2),(51,29,'Relationships','',3),(52,29,'Relations','',7),(53,29,'Relationer','',15),(54,31,'Basic info','',2),(55,32,'Relationships','',2),(56,32,'Relationships','',3),(57,32,'Relations','',7),(58,32,'Relationer','',15),(59,33,'Keywords','',2),(60,33,'Keywords','',3),(61,33,'Keywords','',7),(62,33,'Nyckelord','',15),(63,35,'Basic info','',2),(64,37,'Basic info','',2),(65,37,'Perustiedot','',1),(66,38,'Annotations','',2),(67,38,'Annotations','',1),(68,39,'Relationships','',2),(69,39,'Linkitykset','',1),(70,41,'Basic info','',2),(71,43,'Basic info','',2),(72,43,'Perustiedot','',1),(73,44,'Description','',2),(74,44,'Mitat ja merkinnt','',1),(75,45,'History','',2),(76,45,'Kytt ja historia','',1),(77,46,'Condition','',2),(78,46,'Kunto','',1),(79,47,'Storage','',2),(80,47,'Sijainti','',1),(81,48,'Media','',2),(82,48,'Tiedostot','',1),(83,49,'Administrative info','',2),(84,49,'Hallinnointi ja oikeudet','',1),(85,50,'Kuva ja repro','',1),(86,52,'Basic info','',2),(87,52,'Perustiedot','',1),(88,53,'Contact info','',2),(89,53,'Yhteystiedot','',1),(90,55,'Basic info','',2),(91,55,'Perustiedot','',1),(92,56,'Relationships','',2),(93,56,'Linkitykset','',1),(94,57,'Location','',2),(95,57,'Sijainti','',1),(96,59,'Basic info','',2),(97,59,'Perustiedot','',1),(98,60,'Relationships','',2),(99,60,'Linkitykset','',1),(100,61,'Location','',2),(101,61,'Sijainti','',1),(102,62,'Alternate names','',2),(103,62,'Muut nimet','',1),(104,64,'Basic info','',2),(105,64,'Perustiedot','',1),(106,65,'Relationships','',2),(107,65,'Linkitykset','',1),(108,66,'Links','',2),(109,66,'verkkolinkit','',1),(110,68,'Basic info','',2),(111,68,'Perustiedot','',1),(112,69,'listiedot','',1),(113,70,'Tiedostot','',1),(114,72,'Basic info','',2),(115,72,'Perustiedot','',1),(116,73,'Location','',2),(117,73,'Sijainti','',1),(118,74,'Contents','',2),(119,74,'Sislt','',1),(120,75,'Alternate names','',2),(121,75,'Muut nimet','',1),(122,77,'Basic info','',2),(123,77,'Perustiedot','',1),(124,78,'Alternate names','',2),(125,78,'Muut nimet','',1),(126,80,'perustiedot','',1),(127,82,'info','',1),(128,84,'info','',1),(129,86,'Basic','',1),(130,88,'Basic','',1),(131,90,'Perustiedot','',1);
/*!40000 ALTER TABLE `ca_editor_ui_screen_labels` ENABLE KEYS */;
UNLOCK TABLES;

--
-- Table structure for table `ca_editor_ui_screen_type_restrictions`
--

DROP TABLE IF EXISTS `ca_editor_ui_screen_type_restrictions`;
/*!40101 SET @saved_cs_client     = @@character_set_client */;
/*!40101 SET character_set_client = utf8 */;
CREATE TABLE `ca_editor_ui_screen_type_restrictions` (
  `restriction_id` int(10) unsigned NOT NULL AUTO_INCREMENT,
  `table_num` tinyint(3) unsigned NOT NULL,
  `type_id` int(10) unsigned DEFAULT NULL,
  `screen_id` int(10) unsigned NOT NULL,
  `include_subtypes` tinyint(3) unsigned NOT NULL DEFAULT 0,
  `settings` longtext NOT NULL,
  `rank` smallint(5) unsigned NOT NULL DEFAULT 0,
  PRIMARY KEY (`restriction_id`),
  KEY `i_screen_id` (`screen_id`),
  KEY `i_type_id` (`type_id`),
  CONSTRAINT `fk_ca_editor_ui_screen_type_restrictions_screen_id` FOREIGN KEY (`screen_id`) REFERENCES `ca_editor_ui_screens` (`screen_id`)
) ENGINE=InnoDB DEFAULT CHARSET=utf8;
/*!40101 SET character_set_client = @saved_cs_client */;

--
-- Dumping data for table `ca_editor_ui_screen_type_restrictions`
--

LOCK TABLES `ca_editor_ui_screen_type_restrictions` WRITE;
/*!40000 ALTER TABLE `ca_editor_ui_screen_type_restrictions` DISABLE KEYS */;
/*!40000 ALTER TABLE `ca_editor_ui_screen_type_restrictions` ENABLE KEYS */;
UNLOCK TABLES;

--
-- Table structure for table `ca_editor_ui_screens`
--

DROP TABLE IF EXISTS `ca_editor_ui_screens`;
/*!40101 SET @saved_cs_client     = @@character_set_client */;
/*!40101 SET character_set_client = utf8 */;
CREATE TABLE `ca_editor_ui_screens` (
  `screen_id` int(10) unsigned NOT NULL AUTO_INCREMENT,
  `parent_id` int(10) unsigned DEFAULT NULL,
  `ui_id` int(10) unsigned NOT NULL,
  `idno` varchar(255) NOT NULL,
  `rank` smallint(5) unsigned NOT NULL DEFAULT 0,
  `is_default` tinyint(3) unsigned NOT NULL,
  `color` char(6) DEFAULT NULL,
  `icon` longblob NOT NULL,
  `hier_left` decimal(30,20) NOT NULL,
  `hier_right` decimal(30,20) NOT NULL,
  PRIMARY KEY (`screen_id`),
  KEY `i_ui_id` (`ui_id`),
  KEY `i_parent_id` (`parent_id`),
  KEY `i_hier_left` (`hier_left`),
  KEY `i_hier_right` (`hier_right`),
  CONSTRAINT `fk_ca_editor_ui_screens_parent_id` FOREIGN KEY (`parent_id`) REFERENCES `ca_editor_ui_screens` (`screen_id`)
) ENGINE=InnoDB AUTO_INCREMENT=91 DEFAULT CHARSET=utf8;
/*!40101 SET character_set_client = @saved_cs_client */;

--
-- Dumping data for table `ca_editor_ui_screens`
--

LOCK TABLES `ca_editor_ui_screens` WRITE;
/*!40000 ALTER TABLE `ca_editor_ui_screens` DISABLE KEYS */;
INSERT INTO `ca_editor_ui_screens` VALUES (1,NULL,1,'',1,0,'','',1.00000000000000000000,4294967296.00000000000000000000),(2,1,1,'basic',2,1,'','',4295.96729500000000000000,8590.93459000000000000000),(3,1,1,'relationships',3,0,'','',12885.89329506500000000000,17180.85200013100000000000),(4,NULL,2,'',4,0,'','',1.00000000000000000000,4294967296.00000000000000000000),(5,4,2,'basic',5,1,'','',4295.96729500000000000000,8590.93459000000000000000),(6,4,2,'relationships',6,0,'','',12885.89329506500000000000,17180.85200013100000000000),(7,NULL,3,'',7,0,'','',1.00000000000000000000,4294967296.00000000000000000000),(8,7,3,'basic',8,1,'','',4295.96729500000000000000,8590.93459000000000000000),(9,NULL,4,'',9,0,'','',1.00000000000000000000,4294967296.00000000000000000000),(10,9,4,'basic',10,1,'','',4295.96729500000000000000,8590.93459000000000000000),(11,9,4,'altnames',11,0,'','',12885.89329506500000000000,17180.85200013100000000000),(12,9,4,'related',12,0,'','',21475.80211527900000000000,25770.75223042700000000000),(13,NULL,5,'',13,0,'','',1.00000000000000000000,4294967296.00000000000000000000),(14,13,5,'basic',14,1,'','',4295.96729500000000000000,8590.93459000000000000000),(15,NULL,6,'',15,0,'','',1.00000000000000000000,4294967296.00000000000000000000),(16,15,6,'set_info',16,1,'','',4295.96729500000000000000,8590.93459000000000000000),(17,15,6,'items',17,0,'','',12885.89329506500000000000,17180.85200013100000000000),(18,NULL,7,'',18,0,'','',1.00000000000000000000,4294967296.00000000000000000000),(19,18,7,'basic',19,1,'','',4295.96729500000000000000,8590.93459000000000000000),(20,NULL,8,'',20,0,'','',1.00000000000000000000,4294967296.00000000000000000000),(21,20,8,'basic',21,1,'','',4295.96729500000000000000,8590.93459000000000000000),(22,NULL,9,'',22,0,'','',1.00000000000000000000,4294967296.00000000000000000000),(23,22,9,'basic',23,1,'','',4295.96729500000000000000,8590.93459000000000000000),(24,22,9,'placements',24,0,'','',12885.89329506500000000000,17180.85200013100000000000),(25,NULL,10,'',25,0,'','',1.00000000000000000000,4294967296.00000000000000000000),(26,25,10,'basic',26,1,'','',4295.96729500000000000000,8590.93459000000000000000),(27,NULL,11,'',27,0,'','',1.00000000000000000000,4294967296.00000000000000000000),(28,27,11,'basic',28,1,'','',4295.96729500000000000000,8590.93459000000000000000),(29,27,11,'relationships',29,0,'','',12885.89329506500000000000,17180.85200013100000000000),(30,NULL,12,'',30,0,'','',1.00000000000000000000,4294967296.00000000000000000000),(31,30,12,'basic',31,1,'','',4295.96729500000000000000,8590.93459000000000000000),(32,30,12,'relationships',32,0,'','',12885.89329506500000000000,17180.85200013100000000000),(33,30,12,'keywords',33,0,'','',21475.80211527900000000000,25770.75223042700000000000),(34,NULL,13,'',34,0,'','',1.00000000000000000000,4294967296.00000000000000000000),(35,34,13,'basic',35,1,'','',4295.96729500000000000000,8590.93459000000000000000),(36,NULL,14,'',36,0,'','',1.00000000000000000000,4294967296.00000000000000000000),(37,36,14,'basic',37,1,'','',4295.96729500000000000000,8590.93459000000000000000),(38,36,14,'annotations',38,0,'','',12885.89329506500000000000,17180.85200013100000000000),(39,36,14,'relationships',39,0,'','',21475.80211527900000000000,25770.75223042700000000000),(40,NULL,15,'',40,0,'','',1.00000000000000000000,4294967296.00000000000000000000),(41,40,15,'basic',41,0,'000000','',4295.96729500000000000000,8590.93459000000000000000),(42,NULL,16,'',42,0,'','',1.00000000000000000000,4294967296.00000000000000000000),(43,42,16,'basic',43,1,'','',4295.96729500000000000000,8590.93459000000000000000),(44,42,16,'kuvailu',44,0,'','',12885.89329506500000000000,17180.85200013100000000000),(45,42,16,'history',45,0,'','',21475.80211527900000000000,25770.75223042700000000000),(46,42,16,'condition',46,0,'','',30065.69375567500000000000,34360.63528092300000000000),(47,42,16,'storage',47,0,'','',38655.56821628800000000000,42950.50115165200000000000),(48,42,16,'media',48,0,'','',47245.42549715100000000000,51540.34984265000000000000),(49,42,16,'admin',49,0,'','',55835.26559830000000000000,60130.18135395000000000000),(50,42,16,'screen_15_7',50,0,'000000','',64425.08851976900000000000,68719.99568558700000000000),(51,NULL,17,'',51,0,'','',1.00000000000000000000,4294967296.00000000000000000000),(52,51,17,'basic',52,1,'','',4295.96729500000000000000,8590.93459000000000000000),(53,51,17,'yhteystiedot',53,0,'','',12885.89329506500000000000,17180.85200013100000000000),(54,NULL,18,'',54,0,'','',1.00000000000000000000,4294967296.00000000000000000000),(55,54,18,'basic',55,1,'','',4295.96729500000000000000,8590.93459000000000000000),(56,54,18,'relationships',56,0,'','',12885.89329506500000000000,17180.85200013100000000000),(57,54,18,'location',57,0,'','',21475.80211527900000000000,25770.75223042700000000000),(58,NULL,19,'',58,0,'','',1.00000000000000000000,4294967296.00000000000000000000),(59,58,19,'basic',59,1,'','',4295.96729500000000000000,8590.93459000000000000000),(60,58,19,'relationships',60,0,'','',12885.89329506500000000000,17180.85200013100000000000),(61,58,19,'location',61,0,'','',21475.80211527900000000000,25770.75223042700000000000),(62,58,19,'altnames',62,0,'','',30065.69375567500000000000,34360.63528092300000000000),(63,NULL,20,'',63,0,'','',1.00000000000000000000,4294967296.00000000000000000000),(64,63,20,'basic',64,1,'','',4295.96729500000000000000,8590.93459000000000000000),(65,63,20,'relationships',65,0,'','',12885.89329506500000000000,17180.85200013100000000000),(66,63,20,'links',66,0,'','',21475.80211527900000000000,25770.75223042700000000000),(67,NULL,21,'',67,0,'','',1.00000000000000000000,4294967296.00000000000000000000),(68,67,21,'basic',68,1,'','',4295.96729500000000000000,8590.93459000000000000000),(69,67,21,'screen_20_2',69,0,'000000','',12885.89329506500000000000,17180.85200013100000000000),(70,67,21,'screen_18_3',70,0,'000000','',21475.80211527900000000000,25770.75223042700000000000),(71,NULL,22,'',71,0,'','',1.00000000000000000000,4294967296.00000000000000000000),(72,71,22,'basic',72,1,'','',4295.96729500000000000000,8590.93459000000000000000),(73,71,22,'location',73,0,'','',12885.89329506500000000000,17180.85200013100000000000),(74,71,22,'contents',74,0,'','',21475.80211527900000000000,25770.75223042700000000000),(75,71,22,'altnames',75,0,'','',30065.69375567500000000000,34360.63528092300000000000),(76,NULL,23,'',76,0,'','',1.00000000000000000000,4294967296.00000000000000000000),(77,76,23,'basic',77,1,'','',4295.96729500000000000000,8590.93459000000000000000),(78,76,23,'altnames',78,0,'','',12885.89329506500000000000,17180.85200013100000000000),(79,NULL,24,'',79,0,'','',1.00000000000000000000,4294967296.00000000000000000000),(80,79,24,'screen_24_0',80,0,'000000','',4295.96729500000000000000,8590.93459000000000000000),(81,NULL,25,'',81,0,'','',1.00000000000000000000,4294967296.00000000000000000000),(82,81,25,'screen_23_0',82,0,'000000','',4295.96729500000000000000,8590.93459000000000000000),(83,NULL,26,'',83,0,'','',1.00000000000000000000,4294967296.00000000000000000000),(84,83,26,'screen_23_1',84,0,'000000','',4295.96729500000000000000,8590.93459000000000000000),(85,NULL,27,'',85,0,'','',1.00000000000000000000,4294967296.00000000000000000000),(86,85,27,'basic_26',86,1,'','',4295.96729500000000000000,8590.93459000000000000000),(87,NULL,28,'',87,0,'','',1.00000000000000000000,4294967296.00000000000000000000),(88,87,28,'basic_27',88,1,'','',4295.96729500000000000000,8590.93459000000000000000),(89,NULL,29,'',89,0,'','',1.00000000000000000000,4294967296.00000000000000000000),(90,89,29,'screen_28_0',90,0,'000000','',4295.96729500000000000000,8590.93459000000000000000);
/*!40000 ALTER TABLE `ca_editor_ui_screens` ENABLE KEYS */;
UNLOCK TABLES;

--
-- Table structure for table `ca_editor_ui_screens_x_roles`
--

DROP TABLE IF EXISTS `ca_editor_ui_screens_x_roles`;
/*!40101 SET @saved_cs_client     = @@character_set_client */;
/*!40101 SET character_set_client = utf8 */;
CREATE TABLE `ca_editor_ui_screens_x_roles` (
  `relation_id` int(10) unsigned NOT NULL AUTO_INCREMENT,
  `screen_id` int(10) unsigned NOT NULL,
  `role_id` int(10) unsigned NOT NULL,
  `access` tinyint(3) unsigned NOT NULL DEFAULT 0,
  PRIMARY KEY (`relation_id`),
  KEY `i_screen_id` (`screen_id`),
  KEY `i_role_id` (`role_id`)
) ENGINE=InnoDB DEFAULT CHARSET=utf8;
/*!40101 SET character_set_client = @saved_cs_client */;

--
-- Dumping data for table `ca_editor_ui_screens_x_roles`
--

LOCK TABLES `ca_editor_ui_screens_x_roles` WRITE;
/*!40000 ALTER TABLE `ca_editor_ui_screens_x_roles` DISABLE KEYS */;
/*!40000 ALTER TABLE `ca_editor_ui_screens_x_roles` ENABLE KEYS */;
UNLOCK TABLES;

--
-- Table structure for table `ca_editor_ui_screens_x_user_groups`
--

DROP TABLE IF EXISTS `ca_editor_ui_screens_x_user_groups`;
/*!40101 SET @saved_cs_client     = @@character_set_client */;
/*!40101 SET character_set_client = utf8 */;
CREATE TABLE `ca_editor_ui_screens_x_user_groups` (
  `relation_id` int(10) unsigned NOT NULL AUTO_INCREMENT,
  `screen_id` int(10) unsigned NOT NULL,
  `group_id` int(10) unsigned NOT NULL,
  `access` tinyint(3) unsigned NOT NULL DEFAULT 0,
  PRIMARY KEY (`relation_id`),
  KEY `i_screen_id` (`screen_id`),
  KEY `i_group_id` (`group_id`)
) ENGINE=InnoDB DEFAULT CHARSET=utf8;
/*!40101 SET character_set_client = @saved_cs_client */;

--
-- Dumping data for table `ca_editor_ui_screens_x_user_groups`
--

LOCK TABLES `ca_editor_ui_screens_x_user_groups` WRITE;
/*!40000 ALTER TABLE `ca_editor_ui_screens_x_user_groups` DISABLE KEYS */;
/*!40000 ALTER TABLE `ca_editor_ui_screens_x_user_groups` ENABLE KEYS */;
UNLOCK TABLES;

--
-- Table structure for table `ca_editor_ui_screens_x_users`
--

DROP TABLE IF EXISTS `ca_editor_ui_screens_x_users`;
/*!40101 SET @saved_cs_client     = @@character_set_client */;
/*!40101 SET character_set_client = utf8 */;
CREATE TABLE `ca_editor_ui_screens_x_users` (
  `relation_id` int(10) unsigned NOT NULL AUTO_INCREMENT,
  `screen_id` int(10) unsigned NOT NULL,
  `user_id` int(10) unsigned NOT NULL,
  `access` tinyint(3) unsigned NOT NULL DEFAULT 0,
  PRIMARY KEY (`relation_id`),
  KEY `i_screen_id` (`screen_id`),
  KEY `i_user_id` (`user_id`)
) ENGINE=InnoDB DEFAULT CHARSET=utf8;
/*!40101 SET character_set_client = @saved_cs_client */;

--
-- Dumping data for table `ca_editor_ui_screens_x_users`
--

LOCK TABLES `ca_editor_ui_screens_x_users` WRITE;
/*!40000 ALTER TABLE `ca_editor_ui_screens_x_users` DISABLE KEYS */;
/*!40000 ALTER TABLE `ca_editor_ui_screens_x_users` ENABLE KEYS */;
UNLOCK TABLES;

--
-- Table structure for table `ca_editor_ui_type_restrictions`
--

DROP TABLE IF EXISTS `ca_editor_ui_type_restrictions`;
/*!40101 SET @saved_cs_client     = @@character_set_client */;
/*!40101 SET character_set_client = utf8 */;
CREATE TABLE `ca_editor_ui_type_restrictions` (
  `restriction_id` int(10) unsigned NOT NULL AUTO_INCREMENT,
  `table_num` tinyint(3) unsigned NOT NULL,
  `type_id` int(10) unsigned DEFAULT NULL,
  `ui_id` int(10) unsigned NOT NULL,
  `include_subtypes` tinyint(3) unsigned NOT NULL DEFAULT 0,
  `settings` longtext NOT NULL,
  `rank` smallint(5) unsigned NOT NULL DEFAULT 0,
  PRIMARY KEY (`restriction_id`),
  KEY `i_ui_id` (`ui_id`),
  KEY `i_type_id` (`type_id`),
  CONSTRAINT `fk_ca_editor_ui_type_restrictions_ui_id` FOREIGN KEY (`ui_id`) REFERENCES `ca_editor_uis` (`ui_id`)
) ENGINE=InnoDB AUTO_INCREMENT=2 DEFAULT CHARSET=utf8;
/*!40101 SET character_set_client = @saved_cs_client */;

--
-- Dumping data for table `ca_editor_ui_type_restrictions`
--

LOCK TABLES `ca_editor_ui_type_restrictions` WRITE;
/*!40000 ALTER TABLE `ca_editor_ui_type_restrictions` DISABLE KEYS */;
INSERT INTO `ca_editor_ui_type_restrictions` VALUES (1,67,107,24,0,'Tjs=',1);
/*!40000 ALTER TABLE `ca_editor_ui_type_restrictions` ENABLE KEYS */;
UNLOCK TABLES;

--
-- Table structure for table `ca_editor_uis`
--

DROP TABLE IF EXISTS `ca_editor_uis`;
/*!40101 SET @saved_cs_client     = @@character_set_client */;
/*!40101 SET character_set_client = utf8 */;
CREATE TABLE `ca_editor_uis` (
  `ui_id` int(10) unsigned NOT NULL AUTO_INCREMENT,
  `user_id` int(10) unsigned DEFAULT NULL,
  `is_system_ui` tinyint(3) unsigned NOT NULL,
  `editor_type` tinyint(3) unsigned NOT NULL,
  `editor_code` varchar(100) DEFAULT NULL,
  `color` char(6) DEFAULT NULL,
  `icon` longblob NOT NULL,
  PRIMARY KEY (`ui_id`),
  UNIQUE KEY `u_code` (`editor_code`),
  KEY `i_user_id` (`user_id`)
) ENGINE=InnoDB AUTO_INCREMENT=30 DEFAULT CHARSET=utf8;
/*!40101 SET character_set_client = @saved_cs_client */;

--
-- Dumping data for table `ca_editor_uis`
--

LOCK TABLES `ca_editor_uis` WRITE;
/*!40000 ALTER TABLE `ca_editor_uis` DISABLE KEYS */;
INSERT INTO `ca_editor_uis` VALUES (1,NULL,1,133,'loan_cataloguers_ui','',''),(2,NULL,1,137,'movement_cataloguers_ui','',''),(3,NULL,1,36,'list_cataloguers_ui','',''),(4,NULL,1,33,'list_item_cataloguers_ui','',''),(5,NULL,1,79,'relationship_types_config_ui','',''),(6,NULL,1,103,'set_cataloguers_ui','',''),(7,NULL,1,105,'set_item_cataloguers_ui','',''),(8,NULL,1,121,'search_forms_config_ui','',''),(9,NULL,1,124,'bundle_display_config_ui','',''),(10,NULL,1,238,'metadata_alert_rule_config_ui','',''),(11,NULL,1,153,'tour_editor_ui','',''),(12,NULL,1,155,'tour_stop_editor_ui','',''),(13,NULL,1,235,'site_page_editor_ui','',''),(14,NULL,1,56,'standard_representation_ui','',''),(15,NULL,1,214,'data_dictionary','',''),(16,NULL,1,57,'objects_ui','',''),(17,NULL,1,20,'entities_ui','',''),(18,NULL,1,67,'occurrences_ui','',''),(19,NULL,1,72,'places_ui','',''),(20,NULL,1,13,'collections_ui','',''),(21,NULL,1,51,'object_lots_ui','',''),(22,NULL,1,89,'storage_locations_ui','',''),(23,NULL,1,82,'representation_annotation_ui','',''),(24,NULL,1,67,'haastattelulomake','',''),(25,NULL,1,59,'tuottaja_rel_info_ui','',''),(26,NULL,1,22,'tapahtuma_rel_info_ui','',''),(27,NULL,1,101,'ui_editor','000000',''),(28,NULL,1,100,'ui_screen_editor','CC0000',''),(29,NULL,1,57,'object_minimi_ui','','');
/*!40000 ALTER TABLE `ca_editor_uis` ENABLE KEYS */;
UNLOCK TABLES;

--
-- Table structure for table `ca_editor_uis_x_roles`
--

DROP TABLE IF EXISTS `ca_editor_uis_x_roles`;
/*!40101 SET @saved_cs_client     = @@character_set_client */;
/*!40101 SET character_set_client = utf8 */;
CREATE TABLE `ca_editor_uis_x_roles` (
  `relation_id` int(10) unsigned NOT NULL AUTO_INCREMENT,
  `ui_id` int(10) unsigned NOT NULL,
  `role_id` int(10) unsigned NOT NULL,
  `access` tinyint(3) unsigned NOT NULL DEFAULT 0,
  PRIMARY KEY (`relation_id`),
  KEY `i_ui_id` (`ui_id`),
  KEY `i_role_id` (`role_id`)
) ENGINE=InnoDB DEFAULT CHARSET=utf8;
/*!40101 SET character_set_client = @saved_cs_client */;

--
-- Dumping data for table `ca_editor_uis_x_roles`
--

LOCK TABLES `ca_editor_uis_x_roles` WRITE;
/*!40000 ALTER TABLE `ca_editor_uis_x_roles` DISABLE KEYS */;
/*!40000 ALTER TABLE `ca_editor_uis_x_roles` ENABLE KEYS */;
UNLOCK TABLES;

--
-- Table structure for table `ca_editor_uis_x_user_groups`
--

DROP TABLE IF EXISTS `ca_editor_uis_x_user_groups`;
/*!40101 SET @saved_cs_client     = @@character_set_client */;
/*!40101 SET character_set_client = utf8 */;
CREATE TABLE `ca_editor_uis_x_user_groups` (
  `relation_id` int(10) unsigned NOT NULL AUTO_INCREMENT,
  `ui_id` int(10) unsigned NOT NULL,
  `group_id` int(10) unsigned NOT NULL,
  `access` tinyint(3) unsigned NOT NULL DEFAULT 0,
  PRIMARY KEY (`relation_id`),
  KEY `i_ui_id` (`ui_id`),
  KEY `i_group_id` (`group_id`)
) ENGINE=InnoDB DEFAULT CHARSET=utf8;
/*!40101 SET character_set_client = @saved_cs_client */;

--
-- Dumping data for table `ca_editor_uis_x_user_groups`
--

LOCK TABLES `ca_editor_uis_x_user_groups` WRITE;
/*!40000 ALTER TABLE `ca_editor_uis_x_user_groups` DISABLE KEYS */;
/*!40000 ALTER TABLE `ca_editor_uis_x_user_groups` ENABLE KEYS */;
UNLOCK TABLES;

--
-- Table structure for table `ca_editor_uis_x_users`
--

DROP TABLE IF EXISTS `ca_editor_uis_x_users`;
/*!40101 SET @saved_cs_client     = @@character_set_client */;
/*!40101 SET character_set_client = utf8 */;
CREATE TABLE `ca_editor_uis_x_users` (
  `relation_id` int(10) unsigned NOT NULL AUTO_INCREMENT,
  `ui_id` int(10) unsigned NOT NULL,
  `user_id` int(10) unsigned NOT NULL,
  `access` tinyint(3) unsigned NOT NULL DEFAULT 0,
  PRIMARY KEY (`relation_id`),
  KEY `i_ui_id` (`ui_id`),
  KEY `i_user_id` (`user_id`)
) ENGINE=InnoDB AUTO_INCREMENT=3 DEFAULT CHARSET=utf8;
/*!40101 SET character_set_client = @saved_cs_client */;

--
-- Dumping data for table `ca_editor_uis_x_users`
--

LOCK TABLES `ca_editor_uis_x_users` WRITE;
/*!40000 ALTER TABLE `ca_editor_uis_x_users` DISABLE KEYS */;
INSERT INTO `ca_editor_uis_x_users` VALUES (1,24,1,2),(2,29,1,2);
/*!40000 ALTER TABLE `ca_editor_uis_x_users` ENABLE KEYS */;
UNLOCK TABLES;

--
-- Table structure for table `ca_entities`
--

DROP TABLE IF EXISTS `ca_entities`;
/*!40101 SET @saved_cs_client     = @@character_set_client */;
/*!40101 SET character_set_client = utf8 */;
CREATE TABLE `ca_entities` (
  `entity_id` int(10) unsigned NOT NULL AUTO_INCREMENT,
  `parent_id` int(10) unsigned DEFAULT NULL,
  `locale_id` smallint(5) unsigned DEFAULT NULL,
  `source_id` int(10) unsigned DEFAULT NULL,
  `type_id` int(10) unsigned NOT NULL,
  `idno` varchar(255) NOT NULL,
  `idno_sort` varchar(255) NOT NULL,
  `is_template` tinyint(3) unsigned NOT NULL DEFAULT 0,
  `commenting_status` tinyint(3) unsigned NOT NULL DEFAULT 0,
  `tagging_status` tinyint(3) unsigned NOT NULL DEFAULT 0,
  `rating_status` tinyint(3) unsigned NOT NULL DEFAULT 0,
  `view_count` int(10) unsigned NOT NULL DEFAULT 0,
  `source_info` longtext NOT NULL,
  `life_sdatetime` decimal(30,20) DEFAULT NULL,
  `life_edatetime` decimal(30,20) DEFAULT NULL,
  `hier_entity_id` int(10) unsigned NOT NULL,
  `hier_left` decimal(30,20) NOT NULL,
  `hier_right` decimal(30,20) NOT NULL,
  `access` tinyint(3) unsigned NOT NULL DEFAULT 0,
  `status` tinyint(3) unsigned NOT NULL DEFAULT 0,
  `deleted` tinyint(3) unsigned NOT NULL DEFAULT 0,
  `rank` int(10) unsigned NOT NULL DEFAULT 0,
  `submission_user_id` int(10) unsigned DEFAULT NULL,
  `submission_group_id` int(10) unsigned DEFAULT NULL,
  `submission_status_id` int(10) unsigned DEFAULT NULL,
  `submission_via_form` varchar(100) DEFAULT NULL,
  PRIMARY KEY (`entity_id`),
  KEY `i_source_id` (`source_id`),
  KEY `i_type_id` (`type_id`),
  KEY `i_idno` (`idno`),
  KEY `i_idno_sort` (`idno_sort`),
  KEY `i_hier_entity_id` (`hier_entity_id`),
  KEY `i_locale_id` (`locale_id`),
  KEY `i_parent_id` (`parent_id`),
  KEY `i_hier_left` (`hier_left`),
  KEY `i_hier_right` (`hier_right`),
  KEY `i_life_sdatetime` (`life_sdatetime`),
  KEY `i_life_edatetime` (`life_edatetime`),
  KEY `i_view_count` (`view_count`),
  KEY `i_entity_filter` (`entity_id`,`deleted`,`access`),
  KEY `i_submission_user_id` (`submission_user_id`),
  KEY `i_submission_group_id` (`submission_group_id`),
  KEY `i_submission_status_id` (`submission_status_id`),
  KEY `i_submission_via_form` (`submission_via_form`),
  CONSTRAINT `fk_ca_entities_locale_id` FOREIGN KEY (`locale_id`) REFERENCES `ca_locales` (`locale_id`),
  CONSTRAINT `fk_ca_entities_parent_id` FOREIGN KEY (`parent_id`) REFERENCES `ca_entities` (`entity_id`),
  CONSTRAINT `fk_ca_entities_source_id` FOREIGN KEY (`source_id`) REFERENCES `ca_list_items` (`item_id`),
  CONSTRAINT `fk_ca_entities_submission_group_id` FOREIGN KEY (`submission_group_id`) REFERENCES `ca_user_groups` (`group_id`),
  CONSTRAINT `fk_ca_entities_submission_status_id` FOREIGN KEY (`submission_status_id`) REFERENCES `ca_list_items` (`item_id`),
  CONSTRAINT `fk_ca_entities_submission_user_id` FOREIGN KEY (`submission_user_id`) REFERENCES `ca_users` (`user_id`),
  CONSTRAINT `fk_ca_entities_type_id` FOREIGN KEY (`type_id`) REFERENCES `ca_list_items` (`item_id`)
) ENGINE=InnoDB DEFAULT CHARSET=utf8;
/*!40101 SET character_set_client = @saved_cs_client */;

--
-- Dumping data for table `ca_entities`
--

LOCK TABLES `ca_entities` WRITE;
/*!40000 ALTER TABLE `ca_entities` DISABLE KEYS */;
/*!40000 ALTER TABLE `ca_entities` ENABLE KEYS */;
UNLOCK TABLES;

--
-- Table structure for table `ca_entities_x_collections`
--

DROP TABLE IF EXISTS `ca_entities_x_collections`;
/*!40101 SET @saved_cs_client     = @@character_set_client */;
/*!40101 SET character_set_client = utf8 */;
CREATE TABLE `ca_entities_x_collections` (
  `relation_id` int(10) unsigned NOT NULL AUTO_INCREMENT,
  `entity_id` int(10) unsigned NOT NULL,
  `collection_id` int(10) unsigned NOT NULL,
  `type_id` smallint(5) unsigned NOT NULL,
  `source_info` longtext NOT NULL,
  `sdatetime` decimal(30,20) DEFAULT NULL,
  `edatetime` decimal(30,20) DEFAULT NULL,
  `label_left_id` int(10) unsigned DEFAULT NULL,
  `label_right_id` int(10) unsigned DEFAULT NULL,
  `rank` int(10) unsigned NOT NULL DEFAULT 0,
  PRIMARY KEY (`relation_id`),
  UNIQUE KEY `u_all` (`entity_id`,`collection_id`,`type_id`,`sdatetime`,`edatetime`),
  KEY `i_entity_id` (`entity_id`),
  KEY `i_collection_id` (`collection_id`),
  KEY `i_type_id` (`type_id`),
  KEY `i_label_left_id` (`label_left_id`),
  KEY `i_label_right_id` (`label_right_id`),
  CONSTRAINT `fk_ca_entities_x_collections_collection_id` FOREIGN KEY (`collection_id`) REFERENCES `ca_collections` (`collection_id`),
  CONSTRAINT `fk_ca_entities_x_collections_entity_id` FOREIGN KEY (`entity_id`) REFERENCES `ca_entities` (`entity_id`),
  CONSTRAINT `fk_ca_entities_x_collections_label_left_id` FOREIGN KEY (`label_left_id`) REFERENCES `ca_entity_labels` (`label_id`),
  CONSTRAINT `fk_ca_entities_x_collections_label_right_id` FOREIGN KEY (`label_right_id`) REFERENCES `ca_collection_labels` (`label_id`),
  CONSTRAINT `fk_ca_entities_x_collections_type_id` FOREIGN KEY (`type_id`) REFERENCES `ca_relationship_types` (`type_id`)
) ENGINE=InnoDB DEFAULT CHARSET=utf8;
/*!40101 SET character_set_client = @saved_cs_client */;

--
-- Dumping data for table `ca_entities_x_collections`
--

LOCK TABLES `ca_entities_x_collections` WRITE;
/*!40000 ALTER TABLE `ca_entities_x_collections` DISABLE KEYS */;
/*!40000 ALTER TABLE `ca_entities_x_collections` ENABLE KEYS */;
UNLOCK TABLES;

--
-- Table structure for table `ca_entities_x_entities`
--

DROP TABLE IF EXISTS `ca_entities_x_entities`;
/*!40101 SET @saved_cs_client     = @@character_set_client */;
/*!40101 SET character_set_client = utf8 */;
CREATE TABLE `ca_entities_x_entities` (
  `relation_id` int(10) unsigned NOT NULL AUTO_INCREMENT,
  `entity_left_id` int(10) unsigned NOT NULL,
  `entity_right_id` int(10) unsigned NOT NULL,
  `type_id` smallint(5) unsigned NOT NULL,
  `source_info` longtext NOT NULL,
  `sdatetime` decimal(30,20) DEFAULT NULL,
  `edatetime` decimal(30,20) DEFAULT NULL,
  `label_left_id` int(10) unsigned DEFAULT NULL,
  `label_right_id` int(10) unsigned DEFAULT NULL,
  `rank` int(10) unsigned NOT NULL DEFAULT 0,
  PRIMARY KEY (`relation_id`),
  UNIQUE KEY `u_all` (`entity_left_id`,`entity_right_id`,`type_id`,`sdatetime`,`edatetime`),
  KEY `i_entity_left_id` (`entity_left_id`),
  KEY `i_entity_right_id` (`entity_right_id`),
  KEY `i_type_id` (`type_id`),
  KEY `i_label_left_id` (`label_left_id`),
  KEY `i_label_right_id` (`label_right_id`),
  CONSTRAINT `fk_ca_entities_x_entities_entity_left_id` FOREIGN KEY (`entity_left_id`) REFERENCES `ca_entities` (`entity_id`),
  CONSTRAINT `fk_ca_entities_x_entities_entity_right_id` FOREIGN KEY (`entity_right_id`) REFERENCES `ca_entities` (`entity_id`),
  CONSTRAINT `fk_ca_entities_x_entities_label_left_id` FOREIGN KEY (`label_left_id`) REFERENCES `ca_entity_labels` (`label_id`),
  CONSTRAINT `fk_ca_entities_x_entities_label_right_id` FOREIGN KEY (`label_right_id`) REFERENCES `ca_entity_labels` (`label_id`),
  CONSTRAINT `fk_ca_entities_x_entities_type_id` FOREIGN KEY (`type_id`) REFERENCES `ca_relationship_types` (`type_id`)
) ENGINE=InnoDB DEFAULT CHARSET=utf8;
/*!40101 SET character_set_client = @saved_cs_client */;

--
-- Dumping data for table `ca_entities_x_entities`
--

LOCK TABLES `ca_entities_x_entities` WRITE;
/*!40000 ALTER TABLE `ca_entities_x_entities` DISABLE KEYS */;
/*!40000 ALTER TABLE `ca_entities_x_entities` ENABLE KEYS */;
UNLOCK TABLES;

--
-- Table structure for table `ca_entities_x_occurrences`
--

DROP TABLE IF EXISTS `ca_entities_x_occurrences`;
/*!40101 SET @saved_cs_client     = @@character_set_client */;
/*!40101 SET character_set_client = utf8 */;
CREATE TABLE `ca_entities_x_occurrences` (
  `relation_id` int(10) unsigned NOT NULL AUTO_INCREMENT,
  `occurrence_id` int(10) unsigned NOT NULL,
  `type_id` smallint(5) unsigned NOT NULL,
  `entity_id` int(10) unsigned NOT NULL,
  `source_info` longtext NOT NULL,
  `sdatetime` decimal(30,20) DEFAULT NULL,
  `edatetime` decimal(30,20) DEFAULT NULL,
  `label_left_id` int(10) unsigned DEFAULT NULL,
  `label_right_id` int(10) unsigned DEFAULT NULL,
  `rank` int(10) unsigned NOT NULL DEFAULT 0,
  PRIMARY KEY (`relation_id`),
  UNIQUE KEY `u_all` (`occurrence_id`,`type_id`,`entity_id`,`sdatetime`,`edatetime`),
  KEY `i_entity_id` (`entity_id`),
  KEY `i_occurrence_id` (`occurrence_id`),
  KEY `i_type_id` (`type_id`),
  KEY `i_label_left_id` (`label_left_id`),
  KEY `i_label_right_id` (`label_right_id`),
  CONSTRAINT `fk_ca_entities_x_occurrences_entity_id` FOREIGN KEY (`entity_id`) REFERENCES `ca_entities` (`entity_id`),
  CONSTRAINT `fk_ca_entities_x_occurrences_label_left_id` FOREIGN KEY (`label_left_id`) REFERENCES `ca_entity_labels` (`label_id`),
  CONSTRAINT `fk_ca_entities_x_occurrences_label_right_id` FOREIGN KEY (`label_right_id`) REFERENCES `ca_occurrence_labels` (`label_id`),
  CONSTRAINT `fk_ca_entities_x_occurrences_occurrence_id` FOREIGN KEY (`occurrence_id`) REFERENCES `ca_occurrences` (`occurrence_id`),
  CONSTRAINT `fk_ca_entities_x_occurrences_type_id` FOREIGN KEY (`type_id`) REFERENCES `ca_relationship_types` (`type_id`)
) ENGINE=InnoDB DEFAULT CHARSET=utf8;
/*!40101 SET character_set_client = @saved_cs_client */;

--
-- Dumping data for table `ca_entities_x_occurrences`
--

LOCK TABLES `ca_entities_x_occurrences` WRITE;
/*!40000 ALTER TABLE `ca_entities_x_occurrences` DISABLE KEYS */;
/*!40000 ALTER TABLE `ca_entities_x_occurrences` ENABLE KEYS */;
UNLOCK TABLES;

--
-- Table structure for table `ca_entities_x_places`
--

DROP TABLE IF EXISTS `ca_entities_x_places`;
/*!40101 SET @saved_cs_client     = @@character_set_client */;
/*!40101 SET character_set_client = utf8 */;
CREATE TABLE `ca_entities_x_places` (
  `relation_id` int(10) unsigned NOT NULL AUTO_INCREMENT,
  `entity_id` int(10) unsigned NOT NULL,
  `place_id` int(10) unsigned NOT NULL,
  `type_id` smallint(5) unsigned NOT NULL,
  `source_info` longtext NOT NULL,
  `sdatetime` decimal(30,20) DEFAULT NULL,
  `edatetime` decimal(30,20) DEFAULT NULL,
  `label_left_id` int(10) unsigned DEFAULT NULL,
  `label_right_id` int(10) unsigned DEFAULT NULL,
  `rank` int(10) unsigned NOT NULL DEFAULT 0,
  PRIMARY KEY (`relation_id`),
  UNIQUE KEY `u_all` (`entity_id`,`place_id`,`type_id`,`sdatetime`,`edatetime`),
  KEY `i_place_id` (`place_id`),
  KEY `i_entity_id` (`entity_id`),
  KEY `i_type_id` (`type_id`),
  KEY `i_label_left_id` (`label_left_id`),
  KEY `i_label_right_id` (`label_right_id`),
  CONSTRAINT `fk_ca_entities_x_places_entity_id` FOREIGN KEY (`entity_id`) REFERENCES `ca_entities` (`entity_id`),
  CONSTRAINT `fk_ca_entities_x_places_label_left_id` FOREIGN KEY (`label_left_id`) REFERENCES `ca_entity_labels` (`label_id`),
  CONSTRAINT `fk_ca_entities_x_places_label_right_id` FOREIGN KEY (`label_right_id`) REFERENCES `ca_place_labels` (`label_id`),
  CONSTRAINT `fk_ca_entities_x_places_place_id` FOREIGN KEY (`place_id`) REFERENCES `ca_places` (`place_id`),
  CONSTRAINT `fk_ca_entities_x_places_type_id` FOREIGN KEY (`type_id`) REFERENCES `ca_relationship_types` (`type_id`)
) ENGINE=InnoDB DEFAULT CHARSET=utf8;
/*!40101 SET character_set_client = @saved_cs_client */;

--
-- Dumping data for table `ca_entities_x_places`
--

LOCK TABLES `ca_entities_x_places` WRITE;
/*!40000 ALTER TABLE `ca_entities_x_places` DISABLE KEYS */;
/*!40000 ALTER TABLE `ca_entities_x_places` ENABLE KEYS */;
UNLOCK TABLES;

--
-- Table structure for table `ca_entities_x_storage_locations`
--

DROP TABLE IF EXISTS `ca_entities_x_storage_locations`;
/*!40101 SET @saved_cs_client     = @@character_set_client */;
/*!40101 SET character_set_client = utf8 */;
CREATE TABLE `ca_entities_x_storage_locations` (
  `relation_id` int(10) unsigned NOT NULL AUTO_INCREMENT,
  `entity_id` int(10) unsigned NOT NULL,
  `location_id` int(10) unsigned NOT NULL,
  `type_id` smallint(5) unsigned NOT NULL,
  `source_info` longtext NOT NULL,
  `sdatetime` decimal(30,20) DEFAULT NULL,
  `edatetime` decimal(30,20) DEFAULT NULL,
  `label_left_id` int(10) unsigned DEFAULT NULL,
  `label_right_id` int(10) unsigned DEFAULT NULL,
  `rank` int(10) unsigned NOT NULL DEFAULT 0,
  PRIMARY KEY (`relation_id`),
  UNIQUE KEY `u_all` (`entity_id`,`location_id`,`type_id`,`sdatetime`,`edatetime`),
  KEY `i_entity_id` (`entity_id`),
  KEY `i_location_id` (`location_id`),
  KEY `i_type_id` (`type_id`),
  KEY `i_label_left_id` (`label_left_id`),
  KEY `i_label_right_id` (`label_right_id`),
  CONSTRAINT `fk_ca_entities_x_storage_locations_entity_id` FOREIGN KEY (`entity_id`) REFERENCES `ca_entities` (`entity_id`),
  CONSTRAINT `fk_ca_entities_x_storage_locations_label_left_id` FOREIGN KEY (`label_left_id`) REFERENCES `ca_entity_labels` (`label_id`),
  CONSTRAINT `fk_ca_entities_x_storage_locations_label_right_id` FOREIGN KEY (`label_right_id`) REFERENCES `ca_storage_location_labels` (`label_id`),
  CONSTRAINT `fk_ca_entities_x_storage_locations_location_id` FOREIGN KEY (`location_id`) REFERENCES `ca_storage_locations` (`location_id`),
  CONSTRAINT `fk_ca_entities_x_storage_locations_type_id` FOREIGN KEY (`type_id`) REFERENCES `ca_relationship_types` (`type_id`)
) ENGINE=InnoDB DEFAULT CHARSET=utf8;
/*!40101 SET character_set_client = @saved_cs_client */;

--
-- Dumping data for table `ca_entities_x_storage_locations`
--

LOCK TABLES `ca_entities_x_storage_locations` WRITE;
/*!40000 ALTER TABLE `ca_entities_x_storage_locations` DISABLE KEYS */;
/*!40000 ALTER TABLE `ca_entities_x_storage_locations` ENABLE KEYS */;
UNLOCK TABLES;

--
-- Table structure for table `ca_entities_x_vocabulary_terms`
--

DROP TABLE IF EXISTS `ca_entities_x_vocabulary_terms`;
/*!40101 SET @saved_cs_client     = @@character_set_client */;
/*!40101 SET character_set_client = utf8 */;
CREATE TABLE `ca_entities_x_vocabulary_terms` (
  `relation_id` int(10) unsigned NOT NULL AUTO_INCREMENT,
  `entity_id` int(10) unsigned NOT NULL,
  `type_id` smallint(5) unsigned NOT NULL,
  `item_id` int(10) unsigned NOT NULL,
  `source_info` longtext NOT NULL,
  `sdatetime` decimal(30,20) DEFAULT NULL,
  `edatetime` decimal(30,20) DEFAULT NULL,
  `label_left_id` int(10) unsigned DEFAULT NULL,
  `label_right_id` int(10) unsigned DEFAULT NULL,
  `rank` int(10) unsigned NOT NULL DEFAULT 0,
  PRIMARY KEY (`relation_id`),
  UNIQUE KEY `u_all` (`entity_id`,`type_id`,`sdatetime`,`edatetime`,`item_id`),
  KEY `i_object_id` (`entity_id`),
  KEY `i_item_id` (`item_id`),
  KEY `i_type_id` (`type_id`),
  KEY `i_label_left_id` (`label_left_id`),
  KEY `i_label_right_id` (`label_right_id`),
  CONSTRAINT `fk_ca_entities_x_vocabulary_terms_entity_id` FOREIGN KEY (`entity_id`) REFERENCES `ca_entities` (`entity_id`),
  CONSTRAINT `fk_ca_entities_x_vocabulary_terms_item_id` FOREIGN KEY (`item_id`) REFERENCES `ca_list_items` (`item_id`),
  CONSTRAINT `fk_ca_entities_x_vocabulary_terms_label_left_id` FOREIGN KEY (`label_left_id`) REFERENCES `ca_entity_labels` (`label_id`),
  CONSTRAINT `fk_ca_entities_x_vocabulary_terms_label_right_id` FOREIGN KEY (`label_right_id`) REFERENCES `ca_list_item_labels` (`label_id`),
  CONSTRAINT `fk_ca_entities_x_vocabulary_terms_type_id` FOREIGN KEY (`type_id`) REFERENCES `ca_relationship_types` (`type_id`)
) ENGINE=InnoDB DEFAULT CHARSET=utf8;
/*!40101 SET character_set_client = @saved_cs_client */;

--
-- Dumping data for table `ca_entities_x_vocabulary_terms`
--

LOCK TABLES `ca_entities_x_vocabulary_terms` WRITE;
/*!40000 ALTER TABLE `ca_entities_x_vocabulary_terms` DISABLE KEYS */;
/*!40000 ALTER TABLE `ca_entities_x_vocabulary_terms` ENABLE KEYS */;
UNLOCK TABLES;

--
-- Table structure for table `ca_entity_labels`
--

DROP TABLE IF EXISTS `ca_entity_labels`;
/*!40101 SET @saved_cs_client     = @@character_set_client */;
/*!40101 SET character_set_client = utf8 */;
CREATE TABLE `ca_entity_labels` (
  `label_id` int(10) unsigned NOT NULL AUTO_INCREMENT,
  `entity_id` int(10) unsigned NOT NULL,
  `locale_id` smallint(5) unsigned NOT NULL,
  `type_id` int(10) unsigned DEFAULT NULL,
  `displayname` varchar(512) NOT NULL,
  `forename` varchar(100) NOT NULL,
  `other_forenames` varchar(100) NOT NULL,
  `middlename` varchar(100) NOT NULL,
  `surname` varchar(512) NOT NULL,
  `prefix` varchar(100) NOT NULL,
  `suffix` varchar(100) NOT NULL,
  `name_sort` varchar(512) NOT NULL,
  `source_info` longtext NOT NULL,
  `is_preferred` tinyint(3) unsigned NOT NULL,
  PRIMARY KEY (`label_id`),
  UNIQUE KEY `u_all` (`entity_id`,`forename`(50),`other_forenames`(50),`middlename`(50),`surname`(50),`type_id`,`locale_id`),
  KEY `i_entity_id` (`entity_id`),
  KEY `i_forename` (`forename`),
  KEY `i_surname` (`surname`(128)),
  KEY `i_locale_id` (`locale_id`),
  KEY `i_type_id` (`type_id`),
  KEY `i_name_sort` (`name_sort`(128)),
  CONSTRAINT `fk_ca_entity_labels_entity_id` FOREIGN KEY (`entity_id`) REFERENCES `ca_entities` (`entity_id`),
  CONSTRAINT `fk_ca_entity_labels_locale_id` FOREIGN KEY (`locale_id`) REFERENCES `ca_locales` (`locale_id`),
  CONSTRAINT `fk_ca_entity_labels_type_id` FOREIGN KEY (`type_id`) REFERENCES `ca_list_items` (`item_id`)
) ENGINE=InnoDB DEFAULT CHARSET=utf8;
/*!40101 SET character_set_client = @saved_cs_client */;

--
-- Dumping data for table `ca_entity_labels`
--

LOCK TABLES `ca_entity_labels` WRITE;
/*!40000 ALTER TABLE `ca_entity_labels` DISABLE KEYS */;
/*!40000 ALTER TABLE `ca_entity_labels` ENABLE KEYS */;
UNLOCK TABLES;

--
-- Table structure for table `ca_eventlog`
--

DROP TABLE IF EXISTS `ca_eventlog`;
/*!40101 SET @saved_cs_client     = @@character_set_client */;
/*!40101 SET character_set_client = utf8 */;
CREATE TABLE `ca_eventlog` (
  `date_time` int(10) unsigned NOT NULL,
  `code` char(4) NOT NULL,
  `message` text NOT NULL,
  `source` varchar(255) NOT NULL,
  KEY `i_when` (`date_time`),
  KEY `i_source` (`source`)
) ENGINE=InnoDB DEFAULT CHARSET=utf8;
/*!40101 SET character_set_client = @saved_cs_client */;

--
-- Dumping data for table `ca_eventlog`
--

LOCK TABLES `ca_eventlog` WRITE;
/*!40000 ALTER TABLE `ca_eventlog` DISABLE KEYS */;
INSERT INTO `ca_eventlog` VALUES (1616482369,'LOGF','Failed login with redirect for user id \'\' (/providence/index.php?action=login); IP=172.18.0.1; user agent=\'Mozilla/5.0 (X11; Linux x86_64; rv:78.0) Gecko/20100101 Firefox/78.0\'','Auth'),(1616482381,'LOGN','Successful login for \'administrator\'; IP=172.18.0.1; user agent=172.18.0.1','Auth'),(1616488002,'LOGF','Failed login for \'administrator\' (/providence/service.php/auth/login); IP=172.18.0.1; user agent=\'axios/0.21.1\'','Auth'),(1616488002,'LOGF','Failed login for \'administrator\' (/providence/service.php/auth/login); IP=172.18.0.1; user agent=\'axios/0.21.1\'','Auth'),(1616488028,'LOGN','Successful login for \'administrator\'; IP=172.18.0.1; user agent=172.18.0.1','Auth'),(1616488049,'LOGF','Failed login for \'administrator\' (/providence/service.php/auth/login); IP=172.18.0.1; user agent=\'axios/0.21.1\'','Auth'),(1616488049,'LOGF','Failed login for \'administrator\' (/providence/service.php/auth/login); IP=172.18.0.1; user agent=\'axios/0.21.1\'','Auth');
/*!40000 ALTER TABLE `ca_eventlog` ENABLE KEYS */;
UNLOCK TABLES;

--
-- Table structure for table `ca_groups_x_roles`
--

DROP TABLE IF EXISTS `ca_groups_x_roles`;
/*!40101 SET @saved_cs_client     = @@character_set_client */;
/*!40101 SET character_set_client = utf8 */;
CREATE TABLE `ca_groups_x_roles` (
  `relation_id` int(10) unsigned NOT NULL AUTO_INCREMENT,
  `group_id` int(10) unsigned NOT NULL,
  `role_id` smallint(5) unsigned NOT NULL,
  `rank` int(10) unsigned NOT NULL DEFAULT 0,
  PRIMARY KEY (`relation_id`),
  KEY `i_group_id` (`group_id`),
  KEY `i_role_id` (`role_id`),
  KEY `u_all` (`group_id`,`role_id`),
  CONSTRAINT `fk_ca_groups_x_roles_group_id` FOREIGN KEY (`group_id`) REFERENCES `ca_user_groups` (`group_id`),
  CONSTRAINT `fk_ca_groups_x_roles_role_id` FOREIGN KEY (`role_id`) REFERENCES `ca_user_roles` (`role_id`)
) ENGINE=InnoDB AUTO_INCREMENT=6 DEFAULT CHARSET=utf8;
/*!40101 SET character_set_client = @saved_cs_client */;

--
-- Dumping data for table `ca_groups_x_roles`
--

LOCK TABLES `ca_groups_x_roles` WRITE;
/*!40000 ALTER TABLE `ca_groups_x_roles` DISABLE KEYS */;
INSERT INTO `ca_groups_x_roles` VALUES (1,2,1,1),(2,2,2,2),(3,2,3,3),(4,2,4,4),(5,3,2,5);
/*!40000 ALTER TABLE `ca_groups_x_roles` ENABLE KEYS */;
UNLOCK TABLES;

--
-- Table structure for table `ca_guids`
--

DROP TABLE IF EXISTS `ca_guids`;
/*!40101 SET @saved_cs_client     = @@character_set_client */;
/*!40101 SET character_set_client = utf8 */;
CREATE TABLE `ca_guids` (
  `guid_id` int(10) unsigned NOT NULL AUTO_INCREMENT,
  `table_num` tinyint(3) unsigned NOT NULL,
  `row_id` int(10) unsigned NOT NULL,
  `guid` varchar(36) NOT NULL,
  PRIMARY KEY (`guid_id`),
  UNIQUE KEY `u_guid` (`guid`),
  KEY `i_table_num_row_id` (`table_num`,`row_id`)
) ENGINE=InnoDB AUTO_INCREMENT=2182 DEFAULT CHARSET=utf8;
/*!40101 SET character_set_client = @saved_cs_client */;

--
-- Dumping data for table `ca_guids`
--

LOCK TABLES `ca_guids` WRITE;
/*!40000 ALTER TABLE `ca_guids` DISABLE KEYS */;
INSERT INTO `ca_guids` VALUES (1,37,1,'67fb890d-8695-4124-96d7-316efa262b6e'),(2,37,2,'a8fb0feb-0d2b-4530-b8ac-5ab586243ec9'),(3,37,3,'9e64aa60-a799-4e55-994e-aa86dcba1302'),(4,37,4,'8f4b7a6f-efd5-41bc-8a27-7bdcf531220a'),(5,37,5,'383e1199-e96c-485b-b3e8-b832d7cdbe64'),(6,37,6,'0c1848e1-65c0-4b0b-9d78-6e875cc808a2'),(7,37,7,'28e0bd42-d330-4e27-999a-cad8840acb11'),(8,37,8,'cf69969a-048b-473a-a693-a5c18884b2ca'),(9,37,9,'3b4caca1-ee64-42ba-a016-b8b9bfaca7a8'),(10,37,10,'4c06774b-97cf-4585-8220-1d96af3838c0'),(11,37,11,'8627d4cf-52bf-4b9a-841b-2acdcae9f719'),(12,37,12,'58206537-85bc-4d9d-a602-032f272347be'),(13,37,13,'139f25cc-8713-408e-8b5a-8c54872b5044'),(14,37,14,'efe94d94-0d95-4dbb-b1c8-2dd075d272ac'),(15,37,15,'48337fa7-3f2f-431d-8253-af9f4d6b39a5'),(16,36,1,'d197fc03-dcfb-4863-9971-98eee1092efa'),(17,33,1,'d362644b-3b86-4054-9e80-b96871ef153d'),(18,32,1,'aeb6171f-49f6-461b-9025-7f3bcf5b1e9e'),(19,35,1,'b31d7c17-583f-451f-8621-ec9ecb65b950'),(20,35,2,'1720876d-096a-4019-84f9-2e0c0d2938ea'),(21,35,3,'1bcb3692-2409-4f1e-a6f7-883599e913d3'),(22,35,4,'fcd01886-afd8-4d6f-9a14-ac2759148e63'),(23,33,2,'b33370a1-fc43-4c10-b957-7d2631f0e1ea'),(24,32,2,'a77783a3-d589-4ee5-be26-9191124a50d4'),(25,32,3,'e1323649-b6ee-4d32-910d-8cb73655c20f'),(26,32,4,'0645a5b5-46c4-4e6f-8ccc-b381b3592345'),(27,32,5,'32826f32-7e42-49a0-88b1-7208a7359507'),(28,33,3,'4a22180c-31b8-4c6f-9aa7-fc28dd9b3be8'),(29,32,6,'7e21b899-9abe-46ba-a34a-886304a01256'),(30,32,7,'e09c722c-b3e0-498f-8f24-17d7322473e2'),(31,32,8,'219c289e-2327-46b0-b3fb-f4e98c83b748'),(32,32,9,'7fb7cbb8-1ac0-4b9c-93c5-9f36e4d60615'),(33,33,4,'a21659be-ae40-4898-9ba7-94ced8841d1d'),(34,32,10,'1bcaeddc-7f00-4262-a975-62eafcad74f3'),(35,32,11,'0a079d00-37f6-424f-b8c7-05ca1d022331'),(36,32,12,'19e4eb9d-19cf-4139-88e4-9d86cf66d3a1'),(37,32,13,'d726d3f4-f1b6-4583-a662-66ec387413dd'),(38,33,5,'c44f2a78-15dc-48c9-a008-ad489663018f'),(39,32,14,'0fceb12f-a437-4033-b4ec-c49da8bcff0a'),(40,32,15,'b5459a69-6ce6-46b4-8455-21bcf3901773'),(41,32,16,'18fd81dd-9f7b-4473-9057-e2b934f5098c'),(42,32,17,'b05464c4-2988-4fb1-91bd-ce4d6c724447'),(43,36,2,'398ca5a1-edba-4a36-8a51-cfb2bfb26d79'),(44,33,6,'ee96ebad-2ce6-4079-b416-4316032c6422'),(45,32,18,'05e2efe0-4f51-4292-9cb5-45eb17e67949'),(46,35,5,'7e1dd330-c302-4621-8ab4-bb77aeaae83d'),(47,35,6,'20dcef5d-a7e9-4fb9-9b5d-b513fb5f8354'),(48,33,7,'8f2286d4-f7eb-4cc7-91d6-85e915a3c11a'),(49,32,19,'c1dfb74a-86fa-412e-8f6a-4c3945586ebe'),(50,36,3,'598c7991-9bce-4629-9264-9a1a701544eb'),(51,33,8,'ea895862-cb20-4471-aa35-e7caf2da54ee'),(52,32,20,'247eeb2f-6d16-441e-ac07-a558b8faf9de'),(53,35,7,'21f6aafa-fcb7-4705-896c-5dab4de4ef59'),(54,35,8,'e22db95f-6b65-4f63-86b3-546875a8135b'),(55,35,9,'1e781a59-689e-4f06-9e36-e578972020cc'),(56,35,10,'ccb01fc5-a698-4396-835b-3ef89807edae'),(57,33,9,'5b9a6848-c493-4fdd-897f-1b4b9e56a192'),(58,32,21,'4099f3ac-30cd-43ba-90fb-2596f3a11bf8'),(59,32,22,'0d502449-7288-4270-ad8c-73ae69d5c2fd'),(60,32,23,'7784ac28-a888-4247-a8f5-120b4496f165'),(61,32,24,'8d5cafcb-238e-413b-9adb-75207bb0fb44'),(62,33,10,'06feb99d-3bb6-4192-8437-a099137b1583'),(63,32,25,'d91d8d88-92af-4f43-84c8-70efcc845c6b'),(64,32,26,'4b5bc1cf-8051-4e2d-9f24-2b97ea61a6ad'),(65,32,27,'cfa978d1-4dac-4ea7-a738-ed67ac1a10e0'),(66,32,28,'78bd6de3-09ea-4396-86b1-c151acd90420'),(67,36,4,'d437b266-df36-49bf-838c-d3da6e397213'),(68,33,11,'0ea23517-1939-4d9c-ac16-2650c387f802'),(69,32,29,'a84f151a-8fad-456e-91d6-a61066d2ddda'),(70,35,11,'420b7308-93aa-4303-8e59-57deaa4cf192'),(71,35,12,'9138826e-e4ef-4eba-9744-04cfda2b884b'),(72,35,13,'215bf143-e34d-4575-a69a-429aeab90e66'),(73,35,14,'948969b5-deea-4389-a467-8918084d9a88'),(74,33,12,'98a829d1-9b45-43b9-8b4f-1c95bf7789ca'),(75,32,30,'c996638b-7cd8-419f-826f-ba4aabdab2a3'),(76,32,31,'45b6ae86-a047-4bfd-9046-a443eb4488f8'),(77,32,32,'679a3205-c4c2-4e93-8655-58c0c6eb5812'),(78,32,33,'9c4bb84b-6829-490f-b5ec-8cb6bfeec50c'),(79,33,13,'6def2bd3-2749-4fc2-ad5b-9177e66529f4'),(80,32,34,'fc4bf97c-7e98-4789-8d12-a3d2527de673'),(81,32,35,'831bdcff-7185-4206-8efb-a468d2795195'),(82,32,36,'68543fd9-86a4-45a5-baa7-45c7bb3a6749'),(83,32,37,'d4bd2f4a-e48d-4752-a55c-133ca15c895f'),(84,36,5,'5755da11-45a9-4234-9456-a8ba1ca2d8ac'),(85,33,14,'317dc94a-1b36-4040-be44-13f33e3a7308'),(86,32,38,'860a1953-b3c3-470a-982a-f3e112c290bf'),(87,35,15,'899dc98a-ac21-4d61-8c5e-020cdc9ae235'),(88,35,16,'1a7afa49-a645-4f14-a4f0-713246a14e62'),(89,35,17,'57c2af12-8c7a-434d-8a7b-37b1b4bf48ae'),(90,35,18,'cc343b9b-5e39-4d46-83d7-9b55051bf018'),(91,33,15,'87b3edc0-1fa2-40f2-8c2f-87b5a05a347e'),(92,32,39,'0ae4b03d-caa6-4d76-958c-af0793bcac03'),(93,32,40,'636561d7-a5a6-4b24-a3f3-3a0f0d8a7227'),(94,32,41,'0ab8dee3-c4f8-48a9-9e6d-37370c06f52c'),(95,32,42,'15043a06-e58f-4727-b1d5-e7ff065149c9'),(96,33,16,'c6df5c3c-740d-4d29-a8b9-0b479a2bf8f2'),(97,32,43,'7e648a4e-57d7-42f1-8dc1-0bece4c2542a'),(98,32,44,'137e3f2d-8041-4dcb-bd05-23211795706b'),(99,32,45,'15dfa5a3-62b0-436a-b483-056c79c463c2'),(100,32,46,'f7dc31ba-d147-4e72-8b58-3127d0cefb6d'),(101,33,17,'9cbb8583-4eeb-49a1-9ca7-788416c6e710'),(102,32,47,'d73d1724-06da-4b05-828e-e4a0fd116f4a'),(103,32,48,'88ce8789-e4d8-4dc0-9348-cc531bb62125'),(104,32,49,'036f53e0-f159-40a8-841c-8b193a165ad2'),(105,32,50,'fc16797f-e11d-4ed0-ba14-a830ac6ae4ea'),(106,33,18,'18457360-286a-4323-a1c7-ecb55137f6e9'),(107,32,51,'d7494c28-2457-41a8-ba10-681aba130361'),(108,32,52,'91a759d2-4113-47ba-95f8-a0bc5c0f1626'),(109,32,53,'45db0f09-0d38-4807-8a75-eaa2fc9cc024'),(110,32,54,'6fb91bdb-6303-467e-9dba-3d667a79f5ed'),(111,36,6,'ae36c14c-c963-4bcf-a760-de3f8c46a246'),(112,33,19,'8c29b0cc-7323-4c19-b06b-06904acb9762'),(113,32,55,'7d990857-9a08-4903-83c6-becd42f7e36e'),(114,35,19,'0fe15911-98a2-4936-bfd7-43547d6c2858'),(115,35,20,'b8b724f5-8ef6-4155-9cdf-c6f49f2125ff'),(116,35,21,'154117e5-03f8-4681-bbd5-d5d471f1c47e'),(117,35,22,'6bb6fd33-bd98-463b-aa09-096506249632'),(118,33,20,'aecf9a56-40df-45d9-982f-54147c1458ad'),(119,32,56,'e1a7b4de-328a-4ebe-8ed2-44a6eab1a06f'),(120,32,57,'b8ec3a23-acd5-440e-8321-a1a4d9b0058c'),(121,32,58,'6b22ce07-81fb-4c80-900f-61fdbbe6dc90'),(122,32,59,'2b35776e-e299-4fc8-99f0-1449061f7add'),(123,33,21,'4abc8134-aff4-4ad4-9516-c199e31d9449'),(124,32,60,'108a830a-26ae-4ec1-983e-d40f96d0c939'),(125,32,61,'f1885a0e-e8d4-431c-b1c1-f5a56795238f'),(126,32,62,'3c047ba4-761c-4665-9af0-4030ed1f7949'),(127,32,63,'c7ac87cf-0fa8-4539-aa42-b03e9c0b9f90'),(128,36,7,'549013c2-42bf-4169-9e17-6d817e73705f'),(129,33,22,'f05c990e-58a7-4e78-9481-bde4f0c246a6'),(130,32,64,'978d3c09-8138-47f9-a478-c31c1af71faa'),(131,35,23,'dff8c556-45d0-4e67-ab75-fdce6d6c3a31'),(132,35,24,'b74946ca-99c7-4c20-9155-351b3cdb3436'),(133,33,23,'cb35d1e7-3910-4e22-889c-0c1aba31a5b8'),(134,32,65,'3fa12db7-f571-40da-a97e-4c811daf30f9'),(135,32,66,'0edf94a5-ba78-4f5d-90f5-105ff501f261'),(136,33,24,'ec37868f-a621-40fe-9a5a-124ff991c7ba'),(137,32,67,'220e0075-505c-4b37-bb01-3ed4020257d2'),(138,32,68,'79283f39-d2a7-4085-8647-7559f3de7121'),(139,33,25,'f9f6e8a7-eb56-4a08-b4c0-04321b6b8c2f'),(140,32,69,'909551b8-602d-4dd5-9c2d-ac9a137903d1'),(141,32,70,'5212e43f-30a9-425b-9d47-102bae40ad03'),(142,33,26,'607b7f93-4ac1-4d25-b953-4fb018e2f6f9'),(143,32,71,'b0313ff5-020d-4c7b-b98e-10a17d7965d8'),(144,32,72,'46924c77-4286-40bc-b5c5-e28531054171'),(145,33,27,'9422dccd-a619-477e-ad39-6aa3ec8974e9'),(146,32,73,'1b0ff149-4588-4a7a-948d-2ae1e4e9abc1'),(147,32,74,'59757bbd-e4d8-440d-92be-eeb79d93a227'),(148,33,28,'997f4f26-6ed9-4080-a2a1-25ba4af1154f'),(149,32,75,'689f3c04-9c80-4638-bce3-3a1cac2fa97d'),(150,32,76,'5d86841b-e7a8-4e7e-a81e-5f9df09315d7'),(151,36,8,'bb0bc8d6-2545-470b-8e8f-4af87fb921a5'),(152,33,29,'9fbf8216-4664-4f99-9e4e-520671228ffa'),(153,32,77,'8207d917-25c5-42a4-8c09-c068994b00d3'),(154,35,25,'69db5428-4a13-47a9-8495-a95e9ab18543'),(155,35,26,'f800e161-f1f0-4e77-b981-085ef528132e'),(156,35,27,'25617df8-4379-418e-ad7a-4957f87309af'),(157,35,28,'aff1b9ba-3ddf-4bcb-9773-46941f9c64ee'),(158,36,9,'280c8907-eb58-4b5c-94c3-4172331a25b5'),(159,33,30,'04006f35-114a-41be-822a-39fed4fca4ff'),(160,32,78,'8d2d19d3-6a8a-4ef8-bfef-06a280d6fce4'),(161,35,29,'ad9a33cc-2d43-4ae2-8f4a-799ec4561aae'),(162,35,30,'5887ce1d-f44f-4376-b1a2-d98ac9cdd077'),(163,33,31,'08c050be-f360-4c30-868a-ddb72cc2f2fb'),(164,32,79,'27b89789-7837-4e70-9b28-2c941f79ee1e'),(165,32,80,'7f8aee4f-8714-4834-a7de-e68cc9612fe6'),(166,33,32,'85b87dec-6296-44c5-9ca1-e828624b32fc'),(167,32,81,'c316f3f7-c33d-4f9d-a888-7b585b5b05a7'),(168,32,82,'ad9d1c40-21dc-4482-acf6-071178c23a83'),(169,36,10,'40702d60-eb39-42ca-aa4c-a68fa92795b1'),(170,33,33,'92853138-9d71-45c4-920d-c08f7c239a7d'),(171,32,83,'f0254230-1b0f-4a9f-a81b-b8221f64b9e2'),(172,35,31,'a5dfe9d3-b907-49e8-82e0-b8fff5c92628'),(173,33,34,'45d1b85b-ad5b-4f81-8154-ec63d722feba'),(174,32,84,'ada68200-ef40-4c3a-8a3f-061f62508c36'),(175,36,11,'de451842-3b7f-4e34-a514-4d935cdb1ad7'),(176,33,35,'3d6d844e-3833-45a1-9ba5-f25592f1bcd5'),(177,32,85,'db78ca39-38d5-49ad-a658-c99ece0dcc57'),(178,35,32,'2a743cce-9e81-42b5-9407-f43e349d91e4'),(179,35,33,'71e47878-2f8c-4c13-a4bf-c6f237bcf7f6'),(180,35,34,'489e36f7-fc65-4671-929f-4db8cec21e54'),(181,35,35,'20c08d91-bd0c-41e4-bc9f-3a66c350b9e0'),(182,33,36,'3b7fde40-6d58-4976-b910-ff7e8277d79e'),(183,32,86,'150f92f9-d5e7-4ccd-a773-42058fe04127'),(184,32,87,'fb8838b1-9fe9-49e3-a276-ace961747096'),(185,32,88,'962db339-da16-4c28-9ae2-d846e1096089'),(186,32,89,'c10d9aae-111d-49d2-80a1-53d4bd21762d'),(187,33,37,'2d717732-2515-433b-b780-6a03b2607442'),(188,32,90,'2f4be183-d3ed-41c3-820c-33169d845891'),(189,32,91,'042c505c-110f-4dfd-a5be-4687e987b304'),(190,32,92,'06e37e87-edcc-4649-8a08-e2f4b2a6d34d'),(191,32,93,'c4e58d23-6764-4b3d-a7fc-025021061198'),(192,33,38,'06ec297f-220f-45cd-83f1-38410cbcda65'),(193,32,94,'a19f5577-ac6d-435f-9be3-872085a946c8'),(194,32,95,'896ba964-e4ba-4c6a-8e8b-489533bdf405'),(195,32,96,'67c73abf-a935-4e23-bd46-4fc26f6a9560'),(196,32,97,'397c5be5-6dc5-42a1-924f-e77e03860ef4'),(197,33,39,'6b8789e4-fc27-44d7-9f5b-4c420429995f'),(198,32,98,'435a3795-d14f-43cd-8f35-5a33ec76e741'),(199,32,99,'37513cc4-2422-4a11-b481-b6b044d0df71'),(200,32,100,'3564cb0f-1f70-4d3f-9099-f4e4180ef0b4'),(201,32,101,'5a372d52-553b-471b-b4a1-dedfcf331125'),(202,33,40,'1c328652-bf3d-46e8-8ab4-1309d87c2134'),(203,32,102,'04aceabe-0242-4bcc-84d8-c48e8a1c12a6'),(204,32,103,'d624d772-fdfb-41e7-95a7-ea620752e640'),(205,32,104,'739d5142-797d-4019-a451-0650c15c7eed'),(206,32,105,'cc0a8980-6eba-48d0-b6cc-e57936728e9a'),(207,36,12,'94ecb462-5431-4ac4-bedb-b2ea9de899b7'),(208,33,41,'13213aa6-7a0d-43ce-8d77-ac6938a1870c'),(209,32,106,'7a1eb714-b93a-4fbd-a9d5-6965d46a523e'),(210,35,36,'f309ce6e-038f-4af5-8db5-72ee1ebbb97b'),(211,35,37,'5d3d0cfe-46a7-40d6-bb2e-8f2aaa025890'),(212,35,38,'614536a7-8c86-432f-9335-5023d990e69f'),(213,35,39,'3c42f129-afd9-45d0-ada3-24107ce784a7'),(214,33,42,'fb9c1836-662b-4f4b-b2f1-0d608973561a'),(215,32,107,'c25b744b-6ed3-480a-80fd-8ad146307338'),(216,32,108,'7dceb437-4776-4dff-b635-31933c75ae45'),(217,32,109,'44af6818-d620-4d30-9940-69d43690d7fa'),(218,32,110,'f505fca4-2a9a-4680-ba84-9fac442d741f'),(219,33,43,'20523ddf-1454-4ccb-bcdd-b59e87383da0'),(220,32,111,'e49be308-1556-44e8-89ad-4e63e0944b3f'),(221,32,112,'a3dcf1e1-529a-4180-8d32-38f88c2b8bed'),(222,32,113,'a0f277ea-ac3d-420c-9430-474cad471d82'),(223,32,114,'314ea9b6-e0bd-4dc7-96fc-2948f10946a9'),(224,36,13,'fa314938-5929-407e-aceb-c2eed459e472'),(225,33,44,'e7038b54-d37c-432e-a465-25225e560506'),(226,32,115,'33bde1c7-9445-435f-9261-b12a8bacbb8a'),(227,35,40,'349c4bad-55e0-4300-8de4-c5b93c1c87ca'),(228,33,45,'9fc4a711-37a0-4e1b-96ab-a78b8794231c'),(229,32,116,'02d472e5-7745-4967-9d6e-a4fd7d9d190d'),(230,32,117,'aaa97e80-7754-4ee1-93bc-d6db4b14aba7'),(231,33,46,'24e2ed80-0e8c-436b-ba53-33b42e6fdae4'),(232,32,118,'eba692be-c44f-45b3-87c4-6525936cb414'),(233,32,119,'55f0bd09-f9ac-4887-b32f-6da83ad810f5'),(234,33,47,'1f18aa00-cef1-4a44-8015-25f60f7ca9db'),(235,32,120,'9841ef6a-588d-4b8f-8814-5996783f67e9'),(236,32,121,'5d2ff18c-6018-417f-bf13-014d01c772f4'),(237,36,14,'8ead3163-7bc9-491a-a694-fad1e13160c3'),(238,33,48,'52e629dd-524b-45c5-bc86-3181ee012d80'),(239,32,122,'c8e4258a-4597-481c-92eb-5d8b569a658d'),(240,35,41,'a5a3798a-28f3-48ab-905d-b698f7d88cdc'),(241,35,42,'61faf627-7b0f-4e11-bbe8-41bb1ac01b18'),(242,33,49,'86597af9-cd43-4c61-a039-f05d8ee801b0'),(243,32,123,'a0031791-a2dd-45fd-991a-57513be9a663'),(244,32,124,'bb505944-074c-4ca3-a360-5f32ddface87'),(245,33,50,'526f3f2d-012a-4344-902a-d4011fdb2ad1'),(246,32,125,'fabeaa7b-458c-4484-b455-c94bfd439b1c'),(247,32,126,'7222a3b0-9480-4349-8aa5-07f5a625c2a8'),(248,33,51,'c2987d46-ed5e-41a6-b451-e01dff4bab84'),(249,32,127,'4808380a-7687-4c37-96c8-13e2ffe925ac'),(250,32,128,'8de8559c-9948-4973-adf5-b75018a19181'),(251,36,15,'560d5be4-0954-4187-a9f0-c9932b43913b'),(252,33,52,'6c04a6c4-6814-4afc-a103-bb94cc8e3dcf'),(253,32,129,'e0b7978a-1eee-4f66-b9e7-d9b9be74bde4'),(254,35,43,'5af7373c-b0ba-48c8-b272-4ccc9672b54e'),(255,33,53,'a18be693-26b6-4898-a4e0-e1ebfbfc8b18'),(256,32,130,'a23744c9-3b82-40a7-b963-355915d31a16'),(257,33,54,'d44c0689-d762-4535-bb5b-f233346860cd'),(258,32,131,'c184135b-88a6-4706-928a-2627d1c021c3'),(259,33,55,'f73caee7-76fc-4b4a-85b2-d6522bb036da'),(260,32,132,'ee35c309-0de6-4cdd-bdd5-c5c057e7f2be'),(261,36,16,'43670389-b3b1-4b41-9a63-f226ef3e7aae'),(262,33,56,'cad596a3-558a-43d0-ae29-d0094f43ed93'),(263,32,133,'ed258ef7-08fd-461f-b5db-bfacb97f4523'),(264,35,44,'c7decb4f-c56e-4e6d-adcb-0dd21302d09f'),(265,35,45,'40e2c2ef-ac3b-45d4-bf5a-b7039751372a'),(266,33,57,'d62f3df5-8ca6-47a7-9b17-8f8a7059078d'),(267,32,134,'63967754-318c-4a62-9d46-d144e4816c13'),(268,32,135,'f09986e8-596e-42f3-902e-bca5f83ec792'),(269,33,58,'6f285da1-6984-4155-80a2-764053a7a07a'),(270,32,136,'ed1a1db3-3bf8-4c7d-a9fe-2adf678d3f46'),(271,32,137,'7aea5a2e-467e-48db-bd33-4d4ca8c49700'),(272,33,59,'c63ed35e-60b3-44e6-b409-0f8fedd9a149'),(273,32,138,'336c3578-d5e4-43b4-8fed-94fa421b08eb'),(274,32,139,'4867d4ed-63b5-4cd4-9fa0-51ce2e2b4211'),(275,33,60,'0ff73f5c-9eb8-4283-9138-ab8420224913'),(276,32,140,'44e0cacf-2cca-473b-bfab-b8992a8ce835'),(277,32,141,'e9eddea6-b7b7-457c-969e-2666fb4a38b2'),(278,33,61,'e01d9863-e3c0-4a0d-aa44-7ae91bb0caad'),(279,32,142,'dab33b04-926d-4f7a-8b52-24fe1c41ae62'),(280,32,143,'df52abd5-d51b-4c57-82ed-2e4877d8ac11'),(281,33,62,'26570356-21cf-4d37-96ff-070310668b6e'),(282,32,144,'988e0542-dcde-47ad-a25e-8b23331681bb'),(283,32,145,'28ed22cd-a107-4692-b629-6961ffa3b5af'),(284,33,63,'7de9bf18-b2b8-40b9-b5aa-4f3d385a9efc'),(285,32,146,'c5a60c49-0be2-4690-8540-5e840948569e'),(286,32,147,'a9562e25-d810-4380-a99c-150f214c5876'),(287,36,17,'75778502-d4dd-40e1-bc0f-95cf115b5586'),(288,33,64,'b1327687-3968-4a46-8fb1-162b69693948'),(289,32,148,'0e58bbc2-75c8-4227-b038-bb3e11be538e'),(290,35,46,'5ab42798-77e7-499d-9d93-bf896a3102c1'),(291,35,47,'aebad745-b8d6-4a58-b253-5296bfabf9fe'),(292,36,18,'ed3664d3-f329-4571-b136-2ebb58042bbb'),(293,33,65,'148f8e04-1f0c-4f79-b9a2-a5f82baef7eb'),(294,32,149,'dc1179cd-c224-4cf2-b648-9867c3ce4df2'),(295,35,48,'b61d6fe6-b98a-4115-a930-08e869e6526c'),(296,33,66,'a1b0bb69-4f28-41a2-8fd8-58e980bf62b0'),(297,32,150,'cf6bd961-9e9a-405c-82ef-b05d8ba73b23'),(298,33,67,'2186a6d5-d262-4dde-8e5b-aed283fbfac7'),(299,32,151,'22fba0ce-563c-424a-9d30-6d89359dc55f'),(300,33,68,'3a9c70c6-6db8-44ba-a419-ac174e8b0def'),(301,32,152,'9c750028-2097-4406-8a69-4d5caadc887b'),(302,36,19,'64172e65-6643-4323-b2cc-e0d1177fbf3f'),(303,33,69,'131f654b-6845-4a2d-804b-f8678b2ea386'),(304,32,153,'bd98e871-6188-4eea-8243-d1c3b8fc4aee'),(305,35,49,'fb05098b-6d7e-47dd-90c3-0b6087f63a5d'),(306,35,50,'fdbbd8ac-7ee0-4b2d-84d7-21645484cc7c'),(307,35,51,'6bd64be0-5f70-4c0c-927d-e6f7ea442232'),(308,35,52,'ba31b53a-6c84-4724-9c2f-eb0d26b870e9'),(309,33,70,'f8170800-1abb-4ae2-a4b0-32b34af5962a'),(310,32,154,'8c482059-a0e7-4af4-bacc-202254474fc8'),(311,32,155,'dbda6fce-22c8-4ecb-be59-fce1ce96fa67'),(312,32,156,'57bb386e-093a-4dcd-95ca-6414e732021b'),(313,32,157,'45a3351b-4739-466b-b778-04d9d47ddf8d'),(314,33,71,'2f69fe4c-e196-4f73-ba95-3cdbbc74b036'),(315,32,158,'e11a5d72-5329-4ff4-bec5-1bdf8ae5f3c3'),(316,32,159,'93a10fc4-1a18-42ae-b773-f0c800745ec9'),(317,32,160,'9cafb263-e80c-4bd6-9bf2-49c0a0173ea8'),(318,32,161,'365af115-6759-4996-8929-9762394a0a19'),(319,36,20,'a139a58b-e787-40d3-a1ad-c184f0c11a2c'),(320,33,72,'355ca3c7-a18b-4d91-a133-0ec9d0d24b25'),(321,32,162,'f282d332-b3cd-4247-98ae-8ae861c34865'),(322,35,53,'a07e5351-9953-4edf-af53-2c25cd99cd31'),(323,35,54,'20c1f01d-a721-4ff5-9966-e06e27a21e0b'),(324,33,73,'e2c5ce00-9952-4313-8842-e5cf65af0c0d'),(325,32,163,'3b12282b-313d-43f9-9522-1c216339ef65'),(326,32,164,'1c6bf4d4-6e2f-42f8-b91a-9f79e6c4aac0'),(327,32,165,'9b70e512-94b8-43c3-be1d-79e53f4796dc'),(328,32,166,'4f1c0bb0-60d3-427f-b69a-f9ea740efda1'),(329,33,74,'52f3b065-1613-46cc-a81f-d602e5383b6e'),(330,32,167,'ce292a6a-7365-43b6-a9de-164b987915bc'),(331,32,168,'bf12bcbd-1bd1-4827-ab16-c55165c11d1c'),(332,32,169,'670f3498-7a48-410c-afec-e195b8607b60'),(333,32,170,'6d8b851e-5f72-4491-bc75-d8b6ac9a5a5c'),(334,36,21,'71ae12a0-413b-4bba-af58-cb4f6d0e07b3'),(335,33,75,'0d222a3c-35d4-41ce-875d-cc5ed405951d'),(336,32,171,'824b014e-3660-46d0-9710-e8a3a92bd1c9'),(337,35,55,'271b19a6-9673-4f78-92d7-5d837a3c4b07'),(338,35,56,'34fbd06d-07fc-4f26-b171-024e764d1d16'),(339,36,22,'cf4d870e-a3ae-4429-9a2f-2c7322f8d65a'),(340,33,76,'87ef0eb9-6c2a-4053-bc20-6867922ae0d1'),(341,32,172,'fdb0fabf-4090-4886-8c58-a0b8b1b314fe'),(342,35,57,'aeec2303-8171-4c1f-8008-6014b2eed6af'),(343,35,58,'6503d8b1-b632-4b7c-8005-7d7d78554aee'),(344,35,59,'846cc5b3-b9f2-4be9-850a-3c15150a30a0'),(345,35,60,'70e2d065-a7d7-4fb7-83c4-e27e8c99406c'),(346,33,77,'cf63593b-707a-4196-ab0d-a3a9af17b45b'),(347,32,173,'2cd785a2-40ab-42b1-b8d2-dd4fe610ca8b'),(348,32,174,'1047b84f-4d0f-4c19-81f8-11db2473828d'),(349,32,175,'07cdf54e-f0c0-4adf-b501-b2f75a4c5ac3'),(350,32,176,'f57273b1-d4f8-4da1-a475-873cbd908da4'),(351,36,23,'d41346e8-0687-4b79-bee2-04b90e3d4a36'),(352,33,78,'3a3eae24-2d54-421f-88a3-db5d797dceca'),(353,32,177,'a5468bea-0461-4272-af58-415cc7571d26'),(354,35,61,'006f5cef-69fd-4d02-9b70-652058f7e1e4'),(355,35,62,'d72fb47b-eb73-49d5-8735-921e6bb690d1'),(356,36,24,'8ece7b16-8a48-401e-b4c5-ab2fee15bc32'),(357,33,79,'680bd426-9180-425e-985f-774c54daceac'),(358,32,178,'4a73ec9a-453a-44b2-850e-26e1047eec71'),(359,35,63,'687caa82-899e-4dce-93af-e5b5edc8984f'),(360,35,64,'7e992a6a-5ed6-4598-8679-5e92a06ff73a'),(361,33,80,'3e3bad9f-5614-4974-983c-ec0c41ef35a0'),(362,32,179,'95e99581-9c09-4419-917c-ba348e2b7011'),(363,33,81,'c821bca8-1628-4870-81be-b1d354a62aa0'),(364,32,180,'1dcd52a4-c512-43b2-9ca8-00b0c43c6edc'),(365,33,82,'a536c318-901a-4714-a3f1-6fd482d47d2d'),(366,32,181,'aaeee65b-f428-4537-b673-6d807da0ba11'),(367,33,83,'34ed2dc3-dd0c-4d6b-8488-2e700fbe06a0'),(368,32,182,'3d1b38e3-d5b4-4486-9cf9-0e92d1407f28'),(369,36,25,'283d98cd-983b-45e3-a1c6-7ff852638bd4'),(370,33,84,'3eef3df3-7b4a-4d1e-a112-08b93724d86e'),(371,32,183,'dbcacbc3-1182-45bb-879a-789accdbfdfa'),(372,35,65,'cff25f0a-ab4e-4d52-a931-3037ba829dde'),(373,35,66,'bd657a94-a910-4e26-8fd7-2cef9f96ba64'),(374,35,67,'869a4af2-2c10-47d3-b677-2b5cc9ba76b4'),(375,35,68,'8c70099f-c094-4301-be9f-60d794266e50'),(376,36,26,'b1b5139d-83a3-49ce-8729-9afce9383542'),(377,33,85,'d965bd62-3c9c-4135-bfe8-83afe4efe4d2'),(378,32,184,'c3baecba-15d6-436d-b098-3054da8f8a6f'),(379,35,69,'a62234a3-fd54-4bf3-828f-7f6045fcbb4a'),(380,35,70,'f9aa7cbf-9901-4587-adca-172d644b6514'),(381,35,71,'61730c8e-ac71-451c-9f3f-36342ac0a1ea'),(382,35,72,'c309a64b-e874-4c23-bb11-a73ec56505d1'),(383,33,86,'1de543a1-db87-4fe9-912d-209d96c36124'),(384,32,185,'39149b81-3a19-4413-adc2-7e8ba5c705b0'),(385,32,186,'27c204bd-9562-48df-85f5-c30a98dcef7f'),(386,32,187,'607ee201-0596-442a-8bd2-a5afdd582534'),(387,32,188,'0fb8d724-68a1-4fe0-9ee8-91862cb1bc0d'),(388,33,87,'58381432-2cad-43c2-b176-a4e35570b2a0'),(389,32,189,'6a1f895c-4a2b-4e5d-b4cb-292d51d6196e'),(390,32,190,'7f23f745-62da-463b-8e57-87a6a6a5cd71'),(391,32,191,'ffdd314c-ca78-40a6-a566-4f0b463deedd'),(392,32,192,'6703d4e9-d840-471f-8a84-6b931f87e35c'),(393,36,27,'e626dc62-913a-40b2-965d-022b18b30662'),(394,33,88,'165851f8-a0c8-41a9-863a-c8bd33f78983'),(395,32,193,'3e49f239-5e5e-4b91-a777-8c47aaec086e'),(396,35,73,'99176372-3500-44fc-82bf-b256b58d0fd6'),(397,35,74,'46a1378a-04ff-4b37-bbd1-5d0492b23ef1'),(398,35,75,'69a5c47f-477a-48ef-962e-548eab52936e'),(399,35,76,'6714b93c-b86f-4679-8574-5cc90aa213e0'),(400,33,89,'0a457673-cb73-4ffc-ac7b-b35f4160bc72'),(401,32,194,'5b1edb62-4f9b-4bfe-af2c-6fffe9f69f6e'),(402,32,195,'42d2b796-663d-4679-8a49-aba5e5ee430b'),(403,32,196,'bc58f0b8-0a28-4951-8fc3-0c52c1c81193'),(404,32,197,'d19d12d7-8e7d-4114-9e0a-2f586a66ca73'),(405,33,90,'f5048847-de96-48cf-9645-74926c1e5667'),(406,32,198,'f223c0cb-5b6e-40f6-9ea3-442268cf8cc2'),(407,32,199,'d886b322-0258-4c08-80d1-cd4de65751ef'),(408,32,200,'c01e25b3-3e22-4c55-ac6b-45fb8460f97e'),(409,32,201,'00707cba-e5c2-4996-a6d8-e27b04095db2'),(410,33,91,'acc13797-a60d-44ce-a491-86d74f43e2b7'),(411,32,202,'34004292-831b-4759-9532-b3822518e638'),(412,32,203,'10045c70-ceb8-40b9-92b6-9c924f3067e3'),(413,32,204,'f0075d1f-0111-439c-acdb-9f900cc007ad'),(414,32,205,'224c7dd2-5801-4db9-af61-7d315136157b'),(415,33,92,'e070a828-e0d5-44aa-8a0f-81f4ca06f95d'),(416,32,206,'2b9b9d64-a800-4f6e-8c77-ceba1648d920'),(417,32,207,'398d75e5-edb3-4cc6-baba-af4c7261b14c'),(418,32,208,'c6afd0d6-d8aa-4d96-bac0-7359bdd2b1cc'),(419,32,209,'697b3dd6-57ac-4243-b5e8-f13309f791ec'),(420,33,93,'132db13a-4374-43a5-917c-d27b122dc577'),(421,32,210,'3f0c93be-6f1e-4b35-8191-a1e71f611651'),(422,32,211,'38486245-e1a0-4a6c-8493-6e5835c31b9f'),(423,33,94,'a815f7d4-f728-4b5c-bc34-42d5a382b607'),(424,32,212,'690fdbc4-40f3-4bac-86ae-5c699cbd9f32'),(425,32,213,'7f4a831e-6ace-4078-bfb4-95df694af467'),(426,32,214,'973b9573-0c78-4db5-8be0-92eb60bd6fc3'),(427,32,215,'2ced141f-1067-41e7-a62b-e23fa8db94c9'),(428,33,95,'2dfda21c-6c97-4810-977f-b459112724d4'),(429,32,216,'b700d4f9-f60a-4689-a055-9f25ba01c412'),(430,32,217,'7e78391f-dd49-47c1-ab8c-d75c36002c51'),(431,32,218,'dfbc9eb0-4583-4b4b-a8f5-0a33d54bb673'),(432,32,219,'d5dc356c-c2bc-4ecc-8753-c19b95c0905f'),(433,33,96,'f15cbd86-81b4-4019-beac-89e746a33549'),(434,32,220,'0f28ccbe-788d-42b9-b53e-023e73d4ebe5'),(435,32,221,'a8bb5c55-8a4d-4df4-8498-3903c232ebfd'),(436,32,222,'959c8db3-b83b-4df1-b284-7ba1084f43e3'),(437,32,223,'4cca31bc-d1a1-415c-abff-80be28f042c8'),(438,33,97,'f964c00b-5729-45c2-83cb-a0eff49f12de'),(439,32,224,'26233324-259b-4c61-9a00-7546e0f7a31c'),(440,32,225,'3232b3a8-8a9a-477d-86d3-412c88acaa82'),(441,32,226,'3afdd2a8-15ab-4a0c-898c-ca01e265c9c8'),(442,33,98,'11f9a3b2-7a79-471e-8f47-c44e11666be9'),(443,32,227,'ea3dfebc-9b03-4600-9369-b46e3d7464a2'),(444,32,228,'2d9a8721-1789-450f-9e38-35c79e7d4958'),(445,32,229,'fe343e6a-17ed-4509-bb46-7d1b3402451e'),(446,32,230,'fc7d0885-3fb0-4132-ac5e-0c8394a9414c'),(447,36,28,'c6d6bbea-a860-4c6a-954c-529c6cbd1bd1'),(448,33,99,'280fb2aa-af4f-4988-a48a-4006355a84e6'),(449,32,231,'c8e2333a-5cb6-411a-9ad0-82be9d1923ee'),(450,35,77,'fba64fe3-d87e-41b8-94d6-59db3025c71e'),(451,35,78,'f221c0de-39ce-4d13-b71b-9974e539c21c'),(452,35,79,'90971f4e-096c-4935-97fd-67f260e6048e'),(453,35,80,'24eb2672-c425-4848-a61e-35559c998047'),(454,33,100,'9ac9ba04-79f9-49d7-a564-f4f8c848a465'),(455,32,232,'264fd945-c3cf-4b5c-ac8f-075b6b367a84'),(456,32,233,'f49b6f29-36b7-4ce9-8621-1fae3f3eb447'),(457,32,234,'a33eae88-78c9-4b2b-ad7b-63c064b33f85'),(458,33,101,'1faabb6a-eb46-4f3f-9af1-a09e9f3c67f7'),(459,32,235,'fa82c794-6d1e-4541-8766-a742c5b1275b'),(460,32,236,'28dc3038-651d-48a6-93e8-80487faf26da'),(461,32,237,'20d6dd68-d5f7-407f-bca2-e2f1277119cd'),(462,32,238,'92fb4b74-3188-42ee-af93-c09f4edfd5dc'),(463,36,29,'26b372cf-b5f9-4d90-806e-0ef70c739447'),(464,33,102,'2b496bae-0bcd-45ea-b74b-b5dda78a3cdc'),(465,32,239,'9be80f1b-4c8c-4906-a660-f25470e3f59b'),(466,35,81,'a4058bf5-a15e-4173-9c53-7c67ff544067'),(467,35,82,'818dc7e9-378a-4872-9480-d5e0bc522bb8'),(468,35,83,'5bb888f1-513d-4d82-aa02-a7b2173f48b5'),(469,35,84,'2739dbaf-1a94-4a94-881a-c2aa8c1b488b'),(470,36,30,'6f0f5469-7028-4307-ae25-6a69a934a121'),(471,33,103,'fd835916-f973-45b8-a244-04d5299e6dd1'),(472,32,240,'8dc65fe8-8c24-4615-b643-0e7859fde62d'),(473,35,85,'c906632b-29ee-4a46-872c-12cb84c60ccf'),(474,35,86,'c9979853-3508-41f9-8be5-ab4e52a317df'),(475,33,104,'95568c68-5bf4-44d4-8d84-7228e4af2c25'),(476,32,241,'62c2925c-e6ef-49f6-b8bf-fcb7b7f28cf1'),(477,32,242,'0946b575-e861-48fe-a8f1-193c120ddd1f'),(478,33,105,'9698eb92-3350-4b27-b46a-d90c0f769d0a'),(479,32,243,'ddced9f6-8f2b-4c82-ac7a-d07c1863df6f'),(480,32,244,'b050bb54-af62-4a2b-87bb-461e41400e64'),(481,33,106,'40414d22-8640-425a-a3db-eddace7a0eda'),(482,32,245,'15ce7ac5-4bcc-4d7f-9372-6e2590b77028'),(483,32,246,'7f483e52-823c-455f-9e79-55e02e3c2cf4'),(484,33,107,'4effdd3b-4381-4a28-9e03-b84a12d50e80'),(485,32,247,'3b26cbfe-e9ce-4d11-8ffc-231c175acbb9'),(486,32,248,'784b4abb-e742-4b1f-b281-634b2c738f9e'),(487,33,108,'35b4bb0c-0ba8-462c-ade9-e6f4c8883275'),(488,32,249,'5f71fd0e-9c55-4e06-8b77-da94c2323154'),(489,32,250,'70e83ea7-1131-4cff-a6f7-e3d86ab9ff6d'),(490,33,109,'43040bbf-6003-4a7b-834f-989c2a6b5a7d'),(491,32,251,'ad4aff63-8568-41a8-9b31-3b6bef5e3f92'),(492,32,252,'64ee4849-8fe9-4e98-8bd0-56b9a7671303'),(493,33,110,'37e1d360-f37d-4965-8db4-a890e15c3923'),(494,32,253,'737628b3-a9d5-4fab-9b48-34cc003b70f6'),(495,32,254,'a32dd1e6-04b9-489e-b42b-32e090c4e207'),(496,33,111,'d50d6c11-0054-463a-a019-724045b329b3'),(497,32,255,'903a8677-7c5b-4ad6-8cd1-0d9c19ebf3d1'),(498,32,256,'f8af6fba-f52f-43e5-9adb-b9d43046d719'),(499,33,112,'009ee741-c68f-41cb-a3ec-667a91ec5fb7'),(500,32,257,'8a38e961-45e3-4ee1-89cf-ca8c58f50286'),(501,32,258,'df8649df-2279-4524-94c8-c9d5badf4139'),(502,36,31,'de0c8c33-6b19-4991-bddd-b7d6c4963786'),(503,33,113,'3fe38dc9-ec39-43b7-937e-40b049aa0046'),(504,32,259,'4d330926-1b29-46ce-8e44-a2dc60b136cc'),(505,35,87,'11898188-4344-482f-bd51-827c98c194b1'),(506,35,88,'072fad8e-c582-428d-a8ab-e8e217750d1c'),(507,35,89,'3a00a75c-a893-431b-820f-d144b9d06b4c'),(508,35,90,'31f12036-a4a0-4e51-998b-1fb5993b0e19'),(509,33,114,'19609764-4088-4123-a12a-9ae88d0a046e'),(510,32,260,'6077f0ef-8764-497e-9eeb-020104d216c1'),(511,32,261,'27b9849d-e501-4593-ac89-06ed7dfcef04'),(512,32,262,'5c6a34f5-5310-4378-9e0d-7426e5806599'),(513,32,263,'ac7cc53d-6ca7-42c9-aad1-ae6ebfaaa1f7'),(514,33,115,'6733dda7-2846-413b-a85b-7d99c4c862c7'),(515,32,264,'a20e828a-cafc-4b33-a7fa-68840c851d2f'),(516,32,265,'9cce1505-7c60-4aa5-9cdc-ed3b8e0c9036'),(517,32,266,'9cfd01b1-54f5-4fdd-b012-10366ef002eb'),(518,32,267,'85d52197-8331-4639-9fb7-885e608414fd'),(519,36,32,'1824fd32-381a-4cb8-98ec-0907fca55984'),(520,33,116,'6d13d8d1-542d-4bea-be79-c4824ccd4a70'),(521,32,268,'26af26a6-192c-4cf4-8881-bd574c137be7'),(522,35,91,'f9bb4cbd-f633-4982-9047-23f08701cd46'),(523,35,92,'17d3c5df-befd-41d4-927c-888f4c98950d'),(524,35,93,'a2221afc-90fc-4204-a94c-e949acefcadf'),(525,35,94,'49e693b4-396f-4460-a8f1-1c93383959d6'),(526,36,33,'3eca351a-a100-41fe-b702-05f378e360d5'),(527,33,117,'57a4cfd6-fe58-412a-86a7-7d0f427e8df6'),(528,32,269,'8e359d7a-0ae8-4d58-9df3-b57eb4d08b4b'),(529,35,95,'1e28475c-2a24-44a2-9e50-0cfb8db691cb'),(530,35,96,'95a19a31-2bf2-45a8-a705-25fea04fcbc5'),(531,33,118,'46acfcfa-4189-4bbe-b2f7-94e70731b186'),(532,32,270,'976752ea-243f-4fe0-9399-b616cdfa1355'),(533,32,271,'cd372aaf-0e94-45d8-97e3-afde0ccf5b91'),(534,33,119,'5e430085-236e-41b8-b9d3-b6a6e7f824e8'),(535,32,272,'8639c82c-3882-4011-b373-ba2648f43d4e'),(536,32,273,'b0e6c856-3815-405c-aa08-4c2cb2295baf'),(537,33,120,'844535fc-6a5b-4b7c-b96b-54b2d4f509f0'),(538,32,274,'ef66a2b3-8820-4da1-848d-551707324198'),(539,32,275,'19612f0a-96fa-4037-9f0a-d5283c45b9a0'),(540,33,121,'8e9dfa58-85a1-455c-8672-2889cffcdfab'),(541,32,276,'2cc37526-3e87-401d-b729-4ca5868dd61b'),(542,32,277,'c257b5f0-056c-4e42-b703-62e42e2c9487'),(543,36,34,'0e197b35-19c7-4799-9445-6f01254b0e35'),(544,33,122,'0f6ca09f-d281-4793-b717-4e15504ec124'),(545,32,278,'b959a193-e353-4bcc-bab6-3392e8f33441'),(546,35,97,'04770922-9a3d-40ee-b9ec-b5ef9417aa68'),(547,35,98,'20490800-7f83-47e1-872d-77dc94811730'),(548,35,99,'b1faac83-8f56-4aaa-9faa-e10a3735841a'),(549,35,100,'b0533c49-1d9b-4234-ac06-ddb910c5e0bf'),(550,36,35,'7eeb2406-e4da-4a62-9327-d944e37a8f1c'),(551,33,123,'2ce30426-9628-48a1-a7b3-3ae0abb6caa9'),(552,32,279,'2e7200f7-a59e-4248-a920-4c656aa2d279'),(553,35,101,'472f083d-c48f-4d8e-b92f-03627d41fc98'),(554,35,102,'93685a11-7abf-4219-869a-6fdf00f27ba2'),(555,35,103,'99b4f58d-5a9e-4f43-aebd-ed0223b13cd9'),(556,35,104,'2f4e8e6d-ec4e-41f2-8d7a-ac49ae48febd'),(557,33,124,'17ad0b2a-aa7f-48a5-ba51-e30c97063c74'),(558,32,280,'d2f41596-e268-4b60-9ed0-053a4bd4f1ea'),(559,32,281,'24858bef-bdb2-4349-baf5-632ff7344f58'),(560,32,282,'0c609b44-25ac-41fa-9138-a46a1806a6da'),(561,32,283,'06780be1-f236-42b6-a0da-02fc44750514'),(562,33,125,'403903e7-1f7f-4a06-9abe-c884a54247d8'),(563,32,284,'f0226dcb-61d3-40d4-812a-95e4516275ff'),(564,32,285,'aa885759-b766-4406-ab99-03ee564851c8'),(565,32,286,'848d5e3e-7036-4951-bb1c-935ba5bacb3f'),(566,32,287,'3499885e-6d08-4318-b44a-972c1bd624f6'),(567,36,36,'6a644e3f-81ff-4025-8117-cb552b7c4e39'),(568,33,126,'4989ed35-e738-4c60-b243-4f5f6b2df6aa'),(569,32,288,'ad4129f9-7c7a-4852-b73e-9f1e62b81480'),(570,35,105,'7580e3e8-743f-4fe6-b672-f2944f079f14'),(571,35,106,'ab68c149-8a0d-44b0-97e0-9556d3dfd563'),(572,33,127,'43214c79-2a48-4e13-abed-f96132b15a46'),(573,32,289,'7540dfd9-4053-4211-98c4-5e8ea3912241'),(574,32,290,'45973e15-4800-47dc-ba14-009001370579'),(575,33,128,'837acbf2-f53d-45b9-81cd-60f397399a74'),(576,32,291,'d141067d-c72a-45fc-8eb0-e766a21f5643'),(577,32,292,'0cf2e516-0bdc-4f99-8cff-1818f948dfee'),(578,36,37,'3a0bd109-e97c-4816-acee-32ce771ccea2'),(579,33,129,'937bf07d-d924-49b9-8add-3fb3de58030a'),(580,32,293,'7495d1e0-74fa-446e-9998-5e2de48088e8'),(581,35,107,'2b053f74-d85f-4ad1-908c-8d4e2a212633'),(582,35,108,'8367b4c6-82d0-4c14-a256-724c22224a3a'),(583,36,38,'74850ad7-6703-471e-95a6-0314e5452de3'),(584,33,130,'a172f0ca-2c79-4d8f-aa35-c93c05e239df'),(585,32,294,'7dfd3869-5576-4db9-9227-cd0b0aff0bee'),(586,35,109,'6c106feb-6d63-4203-8d7d-2225e7e05e8f'),(587,35,110,'19cb2cc2-243b-4a4b-a3a5-6a7ba6e10d52'),(588,35,111,'c987f5d0-6408-4fcc-b437-f2f2d47dd051'),(589,35,112,'de93d6f5-67cc-4997-aefd-8c16eec0bffb'),(590,33,131,'b1a91922-d83a-4c42-8d83-94bc71961a50'),(591,32,295,'86b05478-ad5c-4f3a-aca7-34d3b5829f6b'),(592,32,296,'0a588020-9576-4177-872a-524abe06a341'),(593,32,297,'efdb28bf-4731-426d-b78f-e34f11cae30b'),(594,32,298,'580f5f74-5fb8-4dd4-9e14-af1b03cdb616'),(595,33,132,'842afe9d-a9df-4d8c-92ac-dc110a6c3d3f'),(596,32,299,'fb08d3cd-bfa1-4937-bb6a-c2db09a70176'),(597,32,300,'c9cff25a-00c2-4b57-b92b-44b3170db0fe'),(598,32,301,'dc11c02e-9d32-442b-8951-e64824bf3db9'),(599,32,302,'f0507689-ae75-4738-a743-7e5bef3aac51'),(600,36,39,'996f94e3-d71d-4fa9-9cce-6193c459b1eb'),(601,33,133,'5abc985b-4944-4860-83fa-1527e66db797'),(602,32,303,'c2fda600-9f59-4ddd-9b46-0f98546718f2'),(603,35,113,'99c96d8a-db3c-4f91-bb51-9cdbf671b6f4'),(604,35,114,'63c97b1a-e961-4d28-ac91-a3d153925834'),(605,35,115,'9d700367-ce75-4732-bb3c-2154b8909a91'),(606,35,116,'0aeab9c7-9660-4fd9-8d71-8fcafd9888f7'),(607,33,134,'260e4afa-47ec-4e62-9bd8-1a74b837d16f'),(608,32,304,'8fb600aa-e1d3-4291-9030-834286cf3848'),(609,32,305,'58ac7fe3-006d-4658-bfad-da9fbb6684ee'),(610,32,306,'1106bf0d-6519-4a6a-92e8-dc493182eeea'),(611,32,307,'3d22b578-e34e-460d-83da-7a2f9be83332'),(612,33,135,'dabc70e7-c87a-4041-b50f-1ebe0e077f6f'),(613,32,308,'b7a7b584-27d7-43d5-8b58-50928ad495f1'),(614,32,309,'303147ae-fd8e-4498-8f7c-72d1e51e1e80'),(615,32,310,'521199d3-3286-4cf5-aa22-cf5ade685f6f'),(616,32,311,'66abba9f-c603-4a9b-b1b6-fc09cd8b1c39'),(617,36,40,'bcadfa55-0a37-4166-95f5-993b74b1e906'),(618,33,136,'71009e98-6b08-487b-b6d3-44878ca6080f'),(619,32,312,'ca7ff00a-5e86-435d-b81b-89ca43bc054b'),(620,35,117,'3152848f-8b8f-4f1f-9ed6-9350ace19ecd'),(621,35,118,'9d881f35-56d7-4738-838d-8b2dca84669d'),(622,36,41,'7e615fdc-238d-45f5-9870-3eb00b6b0d47'),(623,33,137,'3ba06223-8b1a-4285-84cf-2960772589c8'),(624,32,313,'ff26e437-0271-4fa1-9d67-08945e979938'),(625,35,119,'73b06fd7-bccb-410d-82b6-89afd8792164'),(626,35,120,'1e7a04c6-7468-4231-801a-4fac08935cea'),(627,35,121,'636fb807-250a-4681-9afc-e23842f0bcba'),(628,35,122,'6c4c2910-e4ee-48f4-8706-c97e9d7ccac3'),(629,33,138,'e1d49282-dc73-4101-b184-a0f34dbff4ed'),(630,32,314,'fdca8251-9430-4984-b062-4102b0e4dff2'),(631,32,315,'e69069a2-0a5d-40a2-a468-1b329981434f'),(632,32,316,'71d7808c-b2d4-4afd-a043-2b58a93afa90'),(633,32,317,'8796f8a5-f07d-4519-900f-7498acc1ed7b'),(634,33,139,'c4fddd17-5c05-423a-8e84-35bdd7fe06bc'),(635,32,318,'ba13ce1d-a028-4618-8be6-8d9d426d8b90'),(636,32,319,'3bbf3791-d6ba-4dfe-97bf-a216522cfe05'),(637,32,320,'1a5adb46-0323-4410-8193-df9370cc6253'),(638,32,321,'3a0b0d68-adf4-4431-8aed-3076fc7461b9'),(639,36,42,'6ca25563-aa61-4b57-b09a-9b5862839f08'),(640,33,140,'5d5d5e5d-d90c-4b5b-9103-b33c19ce5b79'),(641,32,322,'eb539f7f-9bd7-40f1-8dc8-6ae6d25cf296'),(642,35,123,'cc2874d2-104b-4b1d-b6b6-ad0afd94a871'),(643,35,124,'b81c01be-fdac-4ce0-b5b9-3bfe3b46aa1f'),(644,36,43,'0aae1544-22c9-4144-8021-aaa2235ab553'),(645,33,141,'1ee34af7-e05d-4aea-8cb4-1f4c46132d49'),(646,32,323,'33f808ab-8640-47f1-9189-336d670e7bb6'),(647,35,125,'e8df37fc-aeb8-429c-a9fc-a6e17231e233'),(648,35,126,'ae5a45a3-b676-4d38-8244-b7fdd23d6085'),(649,35,127,'2fbe593d-be1e-41d9-a8ef-4d0a0fd63a74'),(650,35,128,'76a76d3f-4509-443c-b8a9-16d33ca81bce'),(651,33,142,'ef19d086-fb20-41c8-9824-0905bb981c95'),(652,32,324,'77319923-1e68-40df-8429-787eef768dac'),(653,32,325,'f1468643-356e-4f3f-bfb8-d7baaba69e3f'),(654,32,326,'ab07f6ea-2793-4f85-aa6b-b076253fc28b'),(655,32,327,'f91c67f1-ed54-4c72-9616-794ef771e367'),(656,33,143,'b53f4ca1-6972-47cc-94df-2e0fa0a98315'),(657,32,328,'8cb32ce9-e664-42a8-8f4b-32b33bca950f'),(658,32,329,'3a6c31d0-1d5d-4d69-95ac-396bb59498f9'),(659,32,330,'3f0fd4ff-4831-4004-b4d8-2b04a899fe79'),(660,32,331,'bbed0770-c548-47d3-8571-f688fdc1dc9e'),(661,36,44,'d74fa5a7-2200-46eb-b1a3-64ee3668b6f5'),(662,33,144,'49d3ba2c-f8bb-4d63-a2cb-050279b52d56'),(663,32,332,'c8e947bf-3115-409b-b447-a73ea73c337f'),(664,35,129,'f6657f83-59d3-42c9-bfef-3ec453a4d932'),(665,36,45,'b6a726c0-f1f1-47e2-b463-77297a9b57c8'),(666,33,145,'20bcd696-82c5-4c14-8e69-4a23200e83d7'),(667,32,333,'7213866a-a3d8-4ebb-a3a1-821a380f35a6'),(668,35,130,'b43d5024-0ccb-437b-9cf9-4cf7c7297469'),(669,36,46,'0c448337-43e7-4176-b045-e7e476be9f3a'),(670,33,146,'6d65bddc-633b-4781-a802-de451837a2b4'),(671,32,334,'b5932f40-f05a-46aa-8c50-a9f90ab3c0c9'),(672,35,131,'9f17ce75-5f27-4dee-b6ef-91267f4b0624'),(673,36,47,'bff8cee9-e55f-4ca9-83d6-c9504ccbffd7'),(674,33,147,'0ded5477-8505-4b7b-accc-e664d0ad081a'),(675,32,335,'fe6826cd-43f6-451d-b553-76398c3dd4c8'),(676,35,132,'a775248b-86d2-461f-bee5-2a72be854164'),(677,36,48,'90ca9723-ef6c-47fe-9ae9-69e1473125e9'),(678,33,148,'c63f526c-d703-47fe-ab2a-5a682b6bb2f1'),(679,32,336,'7ee10bb8-ba4f-4309-8c98-ffcaa15b9c41'),(680,35,133,'a6a4bba2-36c8-450f-bb55-ee1df84e4b9a'),(681,36,49,'7e85400b-8543-4dc4-be6c-3a4d7add2cf5'),(682,33,149,'c362a6df-9680-4c72-a1f8-cdf159bb830b'),(683,32,337,'a2c1d46f-b951-470b-bf55-6ae7716552bf'),(684,35,134,'e5c08ae5-4459-4ed0-9c92-178d85f36262'),(685,36,50,'81d7b7bc-1b7d-4d0f-9106-6b6b6dfc1a89'),(686,33,150,'a5da1304-c7f1-4d22-b8cc-5dda95637ace'),(687,32,338,'574f8261-e07c-4b59-aa49-aee4bad90619'),(688,35,135,'cfd374ac-9296-4149-b030-255ea61932f2'),(689,35,136,'b6c29ee0-4a2f-41f6-867e-81a699bb9a97'),(690,36,51,'70307a27-378e-4590-8630-176d0c191c85'),(691,33,151,'59df4e34-70dc-4b6d-87cc-32d8e9773820'),(692,32,339,'57ca1145-8d58-4bce-b32d-06c3da619d0e'),(693,35,137,'d58177ae-72ae-4143-a1ab-ba6852e700d3'),(694,36,52,'1ca88cb5-e751-4bf9-837a-da8a471dd6f9'),(695,33,152,'e017d13b-a012-4817-9ab8-28f78a3a984b'),(696,32,340,'bad0723e-8857-4d18-b490-959eec534193'),(697,35,138,'48c3dd51-034b-4bd6-b3b8-4049be9772c0'),(698,36,53,'6c95dfec-fbce-419c-be0b-4f9de1722b05'),(699,33,153,'c3f2a46e-edaa-4db2-bb3d-d15d4a744ac0'),(700,32,341,'3594c457-8be3-49d2-a069-f6ffd87a5711'),(701,35,139,'ef8b70b0-a397-41b0-a17f-580dd23a01e0'),(702,33,154,'e49966ed-8cbc-4508-973f-e5ed9b32af67'),(703,32,342,'88926296-0869-4081-b5f0-9dcfa4e9665d'),(704,33,155,'957dee58-a1bb-4767-a494-b1471b022433'),(705,32,343,'9be58130-e2dd-4331-8b26-cc976da29376'),(706,33,156,'2e4149e5-24af-4ad0-8aca-10dc2c52013f'),(707,32,344,'ee1acc89-8915-4035-b961-c39cc24e39c2'),(708,33,157,'885e5821-3e32-4bfb-81c2-9a981a07b348'),(709,32,345,'cab38d98-ad67-4130-9981-332d3603a318'),(710,33,158,'93f4d9e0-312f-424c-ab94-facb98a58b8e'),(711,32,346,'949d93e7-f2fb-4241-9ebb-4fe807aeccc7'),(712,33,159,'e609bf40-418b-437b-91c3-42ff5d3b3c6a'),(713,32,347,'ad9a79e0-e0db-4e7e-8181-2efdea1eb99c'),(714,36,54,'13931221-6329-4bbe-93f3-f351c3dae458'),(715,33,160,'8b7ea10a-d9f1-4f64-a647-ac3d480144b8'),(716,32,348,'8b1cc77d-49de-43fa-a912-7551f8791931'),(717,35,140,'0742f83a-b56d-4ef0-aa95-897d2fb68407'),(718,36,55,'6bcee0bf-700e-4c17-a7e1-b21ad8c044b4'),(719,33,161,'098c2281-5fee-462b-8889-1068374bd383'),(720,32,349,'246f358c-4818-4014-a3bf-483699f1d61d'),(721,35,141,'e7986299-fd78-4385-aa93-f870d6cddb74'),(722,35,142,'aac8cb47-e94b-4cf7-ba5d-eb142075e45b'),(723,33,162,'3eaa4c8f-d4f6-45e1-b408-64a1133f2689'),(724,32,350,'b750c739-847c-4e66-b33f-a9d90aa3b494'),(725,32,351,'0ddd562c-5554-48f4-8f6d-6dc7d338fbc3'),(726,33,163,'acf473fc-7d46-442b-a38a-57137d14c890'),(727,32,352,'6a06f0ff-5873-4fd8-be2f-8c8d6e6db3e7'),(728,32,353,'feb7335b-1d1f-4271-b873-1d8274896714'),(729,33,164,'5ba91e7c-e835-47a4-b80e-215e094273b9'),(730,32,354,'436d72fa-7b9e-48fc-babf-e2f241ce71cb'),(731,32,355,'ea9af06c-96b6-4bf4-ae84-0884a32c1969'),(732,33,165,'3af8beaf-addc-4226-924b-538253c1491d'),(733,32,356,'05eda2da-c03e-4e21-b09c-75d65bc785c9'),(734,32,357,'944b25ac-f21a-46f0-84bd-58bace66fd5b'),(735,33,166,'2dcfb0fe-cf6d-4470-8be8-4a5df3bf9de8'),(736,32,358,'dd17b707-6a5a-465c-90f5-e1e6e1250907'),(737,32,359,'9a578505-6dc0-4e8f-b741-f64e408b4525'),(738,36,56,'14665717-1d4e-4bc5-b722-19e15052b314'),(739,33,167,'a2ba9e6b-3afa-4ccf-9ada-bf6b5ae26f13'),(740,32,360,'04f21598-b90a-42d6-be5a-aa9a4b1b7115'),(741,35,143,'72d46897-11a9-44d2-8514-b080f1a7c13d'),(742,35,144,'1d1fc556-c376-4f69-b5ca-99b147326c64'),(743,33,168,'45d08e7e-6d71-4aec-a407-b9f8a0504eaf'),(744,32,361,'fb261454-1ad9-4388-9c19-908398b77669'),(745,32,362,'94717a15-d258-4214-b299-d0b2b739038a'),(746,33,169,'8b28fcb1-9fd7-44ae-be34-831fbca55523'),(747,32,363,'9ed50025-57a9-4cb2-b747-feea72cc3724'),(748,32,364,'946bc96a-5bd2-43d1-9382-3cf7ad26be4d'),(749,36,57,'70a14114-5fb4-43e0-a136-b84bf8a95da4'),(750,33,170,'97c7cf6e-1afd-4e1e-a025-69be53f7a8e7'),(751,32,365,'49cf8105-03c4-4e1d-b567-4c83f55f8891'),(752,35,145,'bb748c78-1656-4c2a-adda-0226f14413a8'),(753,35,146,'ca9e4a44-1767-4691-ad46-f20a495edd28'),(754,33,171,'47eb7966-4b56-4ca8-a3fa-702a3d008303'),(755,72,1,'9454838e-48a2-4f04-9439-fde1a8dcb654'),(756,71,1,'478995f9-3f0c-4338-ab22-69887a2b0a55'),(757,32,366,'4a542f4a-8d37-457e-8083-f69fbd279aef'),(758,32,367,'89d37786-5b56-4438-be51-d3ee5b82deab'),(759,36,58,'902ecd69-79e3-43f1-afcc-29a6a52acf94'),(760,33,172,'8638dc92-46fb-4736-81ff-4a762f4d1ab1'),(761,32,368,'a95f16f1-4b98-492f-8580-b8c11346f073'),(762,35,147,'86f0ed11-f9c4-46e7-a430-f2301ced9bbe'),(763,35,148,'3a111b34-5566-4d9e-b5cd-4dac7c03f69c'),(764,33,173,'7acbd3ec-1025-4bff-82a1-a35b92d1e06a'),(765,32,369,'31fb5e16-4164-4389-a861-41efc87172dd'),(766,32,370,'9cf6a361-1cff-4e54-a2e0-8606eba05509'),(767,33,174,'fa4f1daa-edb0-45d6-a9d3-f471e5c755ba'),(768,32,371,'07b35176-1699-4323-8f43-e9f8b83fbeb9'),(769,32,372,'36d8f2b4-27c7-4bd8-8963-16319dcf192f'),(770,36,59,'ae91a960-d5d2-4487-9221-84659eedf6ee'),(771,33,175,'f063d98f-8db8-4d8c-b538-57c6c3ce343e'),(772,32,373,'1fdfa39e-33f3-42e8-b4ce-e415f1d32aee'),(773,35,149,'8444bd40-3562-43a2-b60b-c250a7890975'),(774,35,150,'31f2de4d-4d83-4e25-9611-5ee2727cc3a8'),(775,33,176,'c9ce4e32-ef2d-4df7-be03-befaf51d2e73'),(776,32,374,'d948bb51-a685-40df-8d89-e1b37ac6096a'),(777,32,375,'72f5a274-c5ad-4ca6-b5c1-f72864c808f8'),(778,33,177,'8dc9db32-ae96-4ff4-a54d-2f3d013ac436'),(779,32,376,'2c0e11cb-aac2-4461-8160-5b9771e62658'),(780,32,377,'ad818bc9-585b-44ae-8710-143c69e1bea5'),(781,33,178,'e6e40f73-096b-41fa-8f5c-23d600755464'),(782,32,378,'1ec8fc07-cca8-498a-9a76-0599a60aaade'),(783,32,379,'605bd179-6f13-4443-b152-ff2775fea866'),(784,33,179,'61b02cd9-fbc9-4963-94d3-bb964dcf3a5c'),(785,32,380,'ddd9e559-90b9-44ee-8d50-027477c67207'),(786,32,381,'8d406c11-ccbf-4f17-8764-c23db85e4a95'),(787,36,60,'2cde382d-0410-4a5d-a839-f6763e1d6766'),(788,33,180,'1ae48a28-977f-4706-9bce-e47a1b625cba'),(789,32,382,'0a54fd37-7825-493d-b0ea-83ab535274d8'),(790,35,151,'cd863691-81fd-4e79-9048-eeefe3bf50aa'),(791,35,152,'6694cdfc-e8b7-4f72-9fcf-6b41f3a4b713'),(792,33,181,'f386ed4a-fd7c-471d-b9e6-429ffe02963b'),(793,32,383,'f88e7008-976f-4e86-848f-50e08d50da7e'),(794,32,384,'7417c29c-0961-464f-8076-652736dc15e7'),(795,33,182,'c81903eb-2444-4e1b-90a5-7877c8d5ee9a'),(796,32,385,'5e152740-d14f-439c-b24a-393193ee1137'),(797,32,386,'8423039a-8890-4f8a-a7f2-9b2042f938c1'),(798,33,183,'b9889ce4-0613-4a07-88b0-69b43ed32f6d'),(799,32,387,'63ef56da-5334-4e33-b890-27efe91bf5d3'),(800,32,388,'c11816a4-bc8c-4817-a0cc-65d7b51225ad'),(801,36,61,'3c38ef04-e74e-410d-9d97-3974bc047d24'),(802,33,184,'d7d59983-4c99-42ef-a340-33d637230c82'),(803,32,389,'e3613470-d6aa-40e7-9f86-cdd56cd940ad'),(804,35,153,'6a26b3d7-434a-46a1-9f7c-82c0516ac4e8'),(805,35,154,'accc4f50-c499-4442-90bd-4546741d8cba'),(806,33,185,'964317ac-9f22-4eb3-8e1a-4339a02bdae7'),(807,32,390,'c2b9c71d-fa55-49c4-a75f-bb77d7d39044'),(808,32,391,'a13edb7e-4f07-47a6-acc5-c16096ac14e2'),(809,33,186,'26a70fc4-a83c-4cea-85ae-d39590f8b7d2'),(810,32,392,'894fc046-d03b-43e8-b57a-ec4943cdebed'),(811,32,393,'419a5abf-a89c-45d5-a3c9-f11e59f333b5'),(812,33,187,'47c770f0-8933-4fab-8ddb-664b812f826d'),(813,32,394,'e4d60002-54a6-4ec6-817c-cfbee2d57b95'),(814,32,395,'7f5a06af-acc5-4ea3-9917-29b541214d08'),(815,36,62,'4c5d5156-9bc9-4a45-8df8-8ba4d5c48bd7'),(816,33,188,'08aa673f-8f93-4040-96cd-a3b8f32d4ece'),(817,32,396,'12959fdc-b043-4f22-abd8-5f633c184b5e'),(818,35,155,'89305b15-e08d-436e-9798-3441bc90ed4f'),(819,35,156,'86e68a1b-d305-4820-bb4e-440b80e7beae'),(820,33,189,'25c38cf9-28fc-4b3c-89d7-6f823a50c6ca'),(821,32,397,'f5392204-8f58-4edd-9cfb-d6272c3b56bf'),(822,32,398,'8d0e5268-a6ab-4cbe-92e0-ddbe70849275'),(823,33,190,'1ff2643d-3b67-4b06-b520-bffd5cf79018'),(824,32,399,'f93f2040-5113-4b46-954f-6f083f0290aa'),(825,32,400,'37ce3bae-8c20-4e95-a610-544494efcba3'),(826,33,191,'5a3af485-2d0c-482c-a8e7-d2259143b05f'),(827,32,401,'2dfef813-3103-47b1-92ad-a1c6eda16734'),(828,32,402,'acdb23e5-2ebc-4acd-92ba-2637130c08d6'),(829,36,63,'89c07397-845b-4c59-bf01-dc9adc4eb80e'),(830,33,192,'ea6902bd-5c45-4aaa-8792-8fd4d2cdf0ed'),(831,32,403,'4eb48cfc-ae55-4a91-9847-d7e4edeec4db'),(832,35,157,'7e5d2699-5946-4619-8a48-11d4dd28bd4f'),(833,36,64,'c114fdd0-00bb-4e72-98b3-d66d77682977'),(834,33,193,'04e1a214-0caa-452e-be53-f961d349f98c'),(835,32,404,'e276c19a-bdcd-4740-971a-734dfb28a341'),(836,35,158,'0203ab60-12f0-4011-a43e-b660aeb1a418'),(837,33,194,'5bd54869-7deb-429b-bc80-88c564f2afb9'),(838,32,405,'34a02b74-fa7b-4c95-b1a0-11c16ae6670d'),(839,33,195,'3763b058-9272-49c4-ad0b-d5c92a356027'),(840,32,406,'2f7eb42b-e34b-43b9-b76a-4f92d9720d7a'),(841,33,196,'1cf40f25-28d7-4ec0-8b9d-f7b10fa3cae9'),(842,32,407,'1036dfe7-b437-4aaf-9fa2-e5c31a5ad443'),(843,33,197,'97399afd-9aa6-42b4-8e3f-ba8fb0d2f730'),(844,32,408,'665f4976-2d18-41f3-b1f7-a9081ea65a83'),(845,79,1,'ef25fd85-efe5-4398-9ddd-fcd908d106c0'),(846,79,2,'e300964c-9b9f-46a2-8aca-68782d844ba1'),(847,78,1,'89b5a842-3ca5-42c4-b477-ed44fc80ecfc'),(848,78,2,'4ab2d0ed-869d-4815-ba2a-de69b9ee6e1b'),(849,78,3,'2aaae96b-c750-4d8a-8542-26e97b4ec5f9'),(850,78,4,'4b38b307-a165-4531-b4f6-ebdce6601bb1'),(851,79,3,'4634f34f-6606-4da4-960c-32ed7d018a2c'),(852,78,5,'7e8dd323-99a8-451a-9043-f33b496e913a'),(853,78,6,'ba5ea3e7-f02e-4c5f-ba49-680b808a4ff7'),(854,78,7,'0eec3022-530b-4618-8eab-ddcda7451f38'),(855,78,8,'09af20fb-810a-41c7-bdaa-62bd26bc548c'),(856,79,4,'f136901b-c554-46ca-9489-973beb8ebc62'),(857,78,9,'07d083b2-4c03-4ebf-be79-09e05a5b816f'),(858,78,10,'c4f55f09-bd30-4e3d-9566-3783afdee542'),(859,78,11,'0c400c96-55aa-4234-8934-cf5ef37dd7ad'),(860,78,12,'17706aee-6c5d-4772-8d67-cc8aa1cf5fb5'),(861,79,5,'5cd0c633-aca7-4bf3-ab3d-dcec29d10368'),(862,79,6,'e9bd40d5-2ab7-4508-a49f-350ecb0dec3d'),(863,78,13,'f4e2f0af-a89e-4f01-b33d-3aefb8dadecc'),(864,78,14,'6bc93731-55f8-421e-b111-2a02d59b5019'),(865,78,15,'ff4ab4db-9b32-4e01-977c-8d52597d570f'),(866,78,16,'e9cb20fe-69fb-4fd6-aa06-9502a0c7cd18'),(867,79,7,'f048a574-6504-4337-a13f-8caa89da4b26'),(868,79,8,'f21e88b0-b8ab-4fda-9f41-ca53f8cf6191'),(869,78,17,'4f9a1338-e6bb-442c-96e6-93cb0fad853c'),(870,78,18,'5f4276f2-f49e-490c-afc7-dc8c24919c49'),(871,78,19,'15289979-16d6-40a2-b60f-8d4d432e0b13'),(872,78,20,'dc66b3d3-8a30-4a8c-9e2e-e3d48aa3612e'),(873,79,9,'1a7201a1-4fd5-41c4-88d7-b5a15d4eae14'),(874,79,10,'f44a5257-ee4c-4d9f-9254-cf906dc7191e'),(875,78,21,'f629c513-0803-4710-81c2-88409a58fdb4'),(876,78,22,'19521368-063e-46dd-831c-dd1fc0d5daa6'),(877,78,23,'47e34e89-41ed-41fb-8920-258a83c6251b'),(878,78,24,'0cd0b48d-9d97-4287-ba11-39f5b3c0b778'),(879,79,11,'1d90d73e-28b4-4204-91bb-09694acf3e30'),(880,78,25,'1a3652cb-053f-40d6-bfa4-7aa23500a93e'),(881,78,26,'7cdac1cb-9bd3-496a-a63d-1b04b24adb75'),(882,78,27,'a5b5f6aa-b5dc-4bc9-acd3-041df88fdf54'),(883,78,28,'da4e6579-7b21-4114-9405-3f5ed1591461'),(884,79,12,'31f30902-8801-40a5-b6a8-61fdeaec9d7a'),(885,79,13,'6c0d423b-6f84-4d84-8d59-512e59e03085'),(886,78,29,'db2a1921-315c-4b01-8d27-3b375ad5e2f4'),(887,78,30,'cd2c0e81-62c3-474c-b189-0dd4f08fd5e6'),(888,78,31,'42e2c372-8f31-4058-a583-309559f58998'),(889,78,32,'a4854507-327a-4c12-85a3-c15650e6779a'),(890,79,14,'128e4691-ddea-496f-9380-4680a19c4b39'),(891,79,15,'26ee7151-a69c-40a1-8819-78579a110c05'),(892,78,33,'1f84925d-a2dd-4e4e-a852-6abd0532bfb2'),(893,78,34,'a3f59580-1437-45ff-bcc7-39fec2d06257'),(894,78,35,'66892344-53fe-47d9-8974-9a42a35b3539'),(895,78,36,'e6a0c58e-1d9b-431d-b5ec-dc5ce51cb721'),(896,79,16,'8b37bf1a-a89b-40d7-befa-b12e89d0ff84'),(897,79,17,'b5a107a2-8e71-4f99-8baf-2a6abfe999c2'),(898,78,37,'8af7b59d-7f12-451b-ab04-8fae7de314d2'),(899,78,38,'2383271b-ce46-4634-b447-fa00a78400ab'),(900,79,18,'abb47428-a1e0-42d6-84f7-8b8bb0ff7b33'),(901,79,19,'fd69ad27-1121-4583-aca9-12cd36ef944d'),(902,78,39,'b8eefc5d-cd44-461d-8111-e2592b73215b'),(903,78,40,'820d15e5-5906-48b1-afbf-6d3804c26e7a'),(904,78,41,'e850d322-cee7-4feb-9f66-2b7f45baa341'),(905,78,42,'8e78db3a-dfe8-46f7-b8cd-027503554fa8'),(906,79,20,'741d68e3-9e88-47b6-b07d-2b6fa12d43c1'),(907,79,21,'baf2d639-3fb4-432f-a9cc-0047ff4d98d2'),(908,78,43,'b7860b25-c56d-4b79-9a77-a47bb3b0746a'),(909,78,44,'12ce5a8b-db8a-4cee-b52a-261a1b0a5f0f'),(910,78,45,'f937c2af-88d1-470b-82aa-47017a2c318f'),(911,78,46,'79e0a7fe-d34a-4042-a33a-fe7d8a82eedf'),(912,79,22,'18bf51eb-804b-4e1f-ace0-b38fb83351f9'),(913,79,23,'dc7ea5d5-5441-4a18-8b97-51bfa5ca3392'),(914,78,47,'07c4213e-4b31-4c07-a061-0b2ebb740c6f'),(915,78,48,'1e0c7f48-82f5-4aa4-821c-42010fe60080'),(916,78,49,'a9436c32-eb06-43f3-9c50-9eec388d8a35'),(917,78,50,'e4fffd28-4a97-45e0-8b8a-bdb8a197c788'),(918,79,24,'825294fc-b901-4b2b-bdf0-2237fa7aed99'),(919,78,51,'950f5a6f-ca8f-4246-8720-e69957652d4a'),(920,78,52,'94d38323-372d-4624-ac54-e60ced0a4b20'),(921,78,53,'9d019944-f144-46d2-9ad3-70a07f4359fd'),(922,78,54,'8da2ddff-4a8f-4669-bebf-b0e4dcd06dff'),(923,79,25,'c84b70b7-2dde-4701-9754-592c028c0d11'),(924,79,26,'1887e075-7c6f-4177-9e3a-196d674a31ce'),(925,78,55,'7ec1d191-ed86-4d29-a821-574cbce81b0d'),(926,78,56,'f49809e7-78fc-4798-9125-b098f71d4254'),(927,78,57,'bf0c97a9-3f67-4e6f-8108-7064ebc942a9'),(928,78,58,'ecd073ca-5d81-4511-995d-135ce8f4cd50'),(929,79,27,'24059b6d-e8f7-42db-b78a-ea184bb40a05'),(930,79,28,'f4ecdf8d-33f2-4227-9a21-dadcea578133'),(931,78,59,'df514440-0b85-43c7-b992-9fc917b12719'),(932,78,60,'9eeb4834-6b9f-4bb9-bdef-ee2be7af1547'),(933,78,61,'c0a61e22-f18c-412c-ba19-0e2ae3bf1e05'),(934,78,62,'d619fd0e-ef80-45ad-8255-c527f812b13e'),(935,79,29,'f6755c14-1f21-446a-a7da-fd55fb84de06'),(936,79,30,'9ea182e1-a73a-4ed8-bf73-4e4f736ada58'),(937,78,63,'49bd370e-9301-485d-af20-b261c9904e7d'),(938,78,64,'8c3176a6-2357-40a4-8b10-eaf80d619f69'),(939,78,65,'115bdd5c-c6cd-4c47-a0fc-291154c1206b'),(940,78,66,'627211d4-08b3-4b73-acd4-ad49935ba430'),(941,79,31,'546276eb-e6e6-456f-941e-5101b7afb3ea'),(942,79,32,'daa63a52-0355-43bc-887f-9b60e71ebe8c'),(943,78,67,'960d63ef-a1f4-4451-b22f-608afa8ab4a1'),(944,78,68,'6a05a694-322d-461e-bedd-1569d9f2f198'),(945,78,69,'c0936fca-5bdb-4cee-a3b5-1652999582cf'),(946,78,70,'c619ee4c-2f72-4737-960e-ddc29eac64d9'),(947,79,33,'81089caa-922d-4b47-b8db-bfd83da4fb52'),(948,79,34,'bdd22aa6-d448-4873-8e0b-ef1a7d9f142e'),(949,78,71,'c79119a7-12b6-4f53-ae36-0f9a08ef2ac2'),(950,78,72,'394994cf-6638-4990-83af-a6d8bc6b5b57'),(951,78,73,'5b4805db-30d6-4e34-9d17-3a1706e8fc17'),(952,78,74,'233e5189-e70f-4196-aa91-da5dfaee9cbf'),(953,79,35,'c56b8aab-3180-47f6-a39d-413d6ea985ff'),(954,79,36,'fa0e18d0-4d33-40db-a42d-a79a7c069694'),(955,78,75,'c2d5dd50-91d4-49e3-8e19-ea9e812ede17'),(956,78,76,'cb8d45d7-e8b2-44d8-b151-1f7b2fc86585'),(957,78,77,'cc459a77-8f1a-432a-bdf8-50fc8e14f269'),(958,79,37,'9ce7fef1-753c-41e3-a950-0c0833cf8ea9'),(959,79,38,'182e3ffc-61c2-451c-b71a-23ae70bc1e7a'),(960,78,78,'c7b461dd-2fc7-4848-8d75-9a6ff5cbcd88'),(961,78,79,'9df250bd-1b41-490c-8e57-f1497698f686'),(962,78,80,'3fff1902-6b78-4d26-8721-d92bb8a026c2'),(963,79,39,'f5da08bc-891e-45b0-96d6-822bdce3a022'),(964,79,40,'ec13057c-bc04-44c1-8b14-3f6ca721ebe0'),(965,78,81,'23dea431-6f79-49b2-8a6c-6e3f1d57d08f'),(966,78,82,'47635610-ee24-4aca-934e-038f10bee98d'),(967,78,83,'2919ab06-e1e5-49dd-9e03-fcd0c8e68eb7'),(968,79,41,'b2cb6929-49b4-4d7a-9357-4bb2960e1543'),(969,79,42,'cd01173b-b3e9-4a46-8754-4d410f129c9e'),(970,78,84,'c7f260d7-43a6-41f2-9f0d-ec2636d8ba9c'),(971,78,85,'d0e9f321-e897-4013-9039-1ae08c8162d7'),(972,78,86,'9b580f78-3515-4141-8ec0-4adcf7b7a464'),(973,78,87,'8b9e9bce-c85c-437b-93b1-f7e37ede2519'),(974,79,43,'ccbc60d6-5ec3-4ec1-b3e0-76212b27e891'),(975,79,44,'5c175458-c970-42ae-8a1d-3af8cac12187'),(976,78,88,'46c9309a-0e90-4f40-9d06-b78fc09197e0'),(977,78,89,'85b95b8c-f230-4619-8c17-6f1e566a3c05'),(978,78,90,'5c9b3a67-5427-4af6-94d9-2fc4c8c1c60d'),(979,78,91,'071d2987-dfae-4931-bdda-fba5fc081b66'),(980,79,45,'ea45fb9c-adcc-421e-9a7d-6bff3e9075e8'),(981,79,46,'f21078ae-4b3a-4024-a017-d1a6efbdb300'),(982,78,92,'89103943-d2f8-420e-b1d4-a45d0b6716ec'),(983,78,93,'5a5c2d75-52c3-4fcd-8bdf-17608275912d'),(984,78,94,'dd04e8b2-a042-416c-ba1d-fa347040fd64'),(985,78,95,'5c5c5393-881d-4ddd-bc78-29a1b3012c82'),(986,79,47,'25104b79-bc01-4f0e-add7-6583259f3dab'),(987,79,48,'93d4ba54-c585-496a-afb5-983e30d0fa31'),(988,78,96,'78d16b38-b26b-403f-9054-2514382f8ebb'),(989,78,97,'76065c48-8e06-409a-9c1a-3b703783a0fa'),(990,78,98,'9c9c573b-ce2e-4a6a-bea3-31d868bec726'),(991,78,99,'a84aed4e-ad10-40a6-ad72-8be0f896fb17'),(992,79,49,'ec3b541e-c45f-4e6e-ae0a-c55f63ba144d'),(993,79,50,'49a785ac-823a-4173-a876-9df471da311d'),(994,78,100,'6b9ec77b-78d4-4759-ba96-4486637125ee'),(995,78,101,'5cf1c38b-f835-4273-b4c6-2489e9569240'),(996,78,102,'c2b47303-b120-4197-a7c5-3e91475589d3'),(997,78,103,'a53ebb06-fabf-4995-907f-9d38969b68a4'),(998,79,51,'2905eb67-1177-4c79-b15d-8edd9aef488a'),(999,79,52,'9c4f6388-33c7-4335-8307-1d9ab1b93fc9'),(1000,78,104,'3b42c430-7877-4c95-8733-c021e7fe5ec4'),(1001,78,105,'a75a4452-c39b-4f14-8b6c-d3d09708fc5c'),(1002,78,106,'63024664-afcf-4ad5-b58b-f86a004e9318'),(1003,78,107,'5c9c1d6b-eaf4-4684-96c5-7a8f6031a6f5'),(1004,79,53,'cec413e6-28cf-48ef-aa94-7f0bd03b76f5'),(1005,79,54,'f33c3a08-e14a-4141-a7ad-35d52494b9dd'),(1006,78,108,'4f07ae2a-b66a-4fa1-a6b2-0a675327592d'),(1007,78,109,'b160d84c-d9a4-47b6-83ac-83f6df06d8cd'),(1008,78,110,'1c921b6b-689f-4ce3-aeb4-798b5db8ccfa'),(1009,78,111,'0bb87bba-1fc9-49fc-b636-47b83c15c5b0'),(1010,79,55,'a5f11b5c-c380-4717-9f06-366d14598188'),(1011,79,56,'35028c8f-a9e9-4299-bbf8-ecd1a698ac72'),(1012,78,112,'82e4545c-8acf-4873-9fec-1c1542401154'),(1013,78,113,'e6c7d35e-3f13-4acf-8e07-53696fb4f1df'),(1014,78,114,'ca14da77-e562-4752-8ca4-44c3dd079b4b'),(1015,78,115,'cdb8d6f5-38b1-42b9-a7e2-0788928530ab'),(1016,79,57,'c954ed16-0677-4181-9f07-098b6ac149d5'),(1017,79,58,'bce010f6-e84c-43cf-83d3-50febe7e1301'),(1018,78,116,'9bbbe8ef-12f1-406c-b621-8012b87d4121'),(1019,78,117,'f96f5302-a223-4032-a5cd-20ee2ce4ea31'),(1020,78,118,'b2f71826-e5fb-4a66-906d-ed1b8709ed6f'),(1021,78,119,'62251efd-9847-4bfe-94fc-9295602a7308'),(1022,79,59,'688ce4c0-977d-49d4-9bed-a3dc03a5874e'),(1023,79,60,'b4700f02-c5a9-4a75-a284-bfe780575ef5'),(1024,78,120,'29e69753-8db6-456b-ad1e-2eebb448b786'),(1025,78,121,'b4b01d5f-525b-4ee8-a328-b556bf05365d'),(1026,78,122,'1f966cc8-538a-4bad-99c2-42d72f299005'),(1027,78,123,'816cdffe-03ac-4387-a640-281a0230a241'),(1028,79,61,'08497964-ee3f-4f92-ab78-61be1a760e99'),(1029,79,62,'1243f51e-e94e-4aab-a52b-61e03c2414f1'),(1030,78,124,'3d37eb1a-830c-4b46-b134-511d51c8e891'),(1031,78,125,'8c50c014-4336-4bfc-b6b8-1b8dbab73c8e'),(1032,78,126,'ba944097-3be5-466a-ba9c-4035a3f19f26'),(1033,78,127,'5dffa68e-5141-4a69-8358-ca0e373bd327'),(1034,79,63,'42022103-0fdc-4941-b3be-03e9d77fd1e6'),(1035,79,64,'5446c91d-d1c8-439e-953f-c1bae9adb963'),(1036,78,128,'76fc282e-5c14-4b8c-bceb-ca0039f00d2e'),(1037,78,129,'ff07e7fd-1b5c-4752-b665-03dfe764f76a'),(1038,78,130,'d230cd0b-50b8-424f-8209-52e10b9724e5'),(1039,78,131,'aa023605-f560-48bb-9c5b-b6faac982a32'),(1040,79,65,'215e1067-e469-4267-86db-ff5e5d0b9094'),(1041,79,66,'a9c036d7-f264-48dd-aa96-92a639c1bd79'),(1042,78,132,'bc992040-9e9d-4b06-855a-92167165c4a8'),(1043,78,133,'15ed5e86-6330-4264-a3bc-e65dd8d0ecce'),(1044,78,134,'6542a9a0-0321-4e06-9545-58a605118197'),(1045,78,135,'63b5d487-0fda-416a-9078-06cb0c22f0b6'),(1046,79,67,'8ea98c2f-f9ad-4975-b41d-eca5c14d6b9e'),(1047,79,68,'57d1e27f-f7d4-44bf-b3dd-a5c5503ce363'),(1048,78,136,'35c49196-eee5-4062-b3fe-279cbc429ddf'),(1049,78,137,'1a71fc4d-2239-43f6-b1c4-0e371f1882a6'),(1050,78,138,'242606a8-4594-481f-bafe-d5f9cf2ab40c'),(1051,78,139,'db06c4f7-7033-4dbd-8448-5c697e8da6ee'),(1052,79,69,'c0472ca4-dc83-408a-9508-2da5ac7b1346'),(1053,79,70,'aa1a4a47-287c-4440-a81a-940ef9733eed'),(1054,78,140,'36852d1d-8c6d-48df-a0a9-da35e2597594'),(1055,78,141,'3789e397-3f35-4214-9047-aed560991492'),(1056,78,142,'e9484963-a1eb-4964-a2e2-ef6bde4f560e'),(1057,78,143,'a814ecd9-468e-4d69-8d24-f4621088f6f3'),(1058,79,71,'984ef3ed-0b16-44f9-817d-b98202b43d5f'),(1059,79,72,'ce1436fa-0be5-40c9-8e51-500c9340882e'),(1060,78,144,'5d84be20-e038-4f21-90fb-bde7ed738b5f'),(1061,78,145,'00c76604-ffab-4ac1-ba74-7a2b907e39c5'),(1062,78,146,'69e5db58-ab1c-4193-919c-3d028e91ac33'),(1063,78,147,'9a74faa3-5f21-4388-ac86-c9a11b92a7b6'),(1064,79,73,'4e86f5b5-5313-43f8-8d8d-36974471a75a'),(1065,79,74,'a19ecab7-3473-4a86-a850-ee91f406805e'),(1066,78,148,'696a9da2-9cc6-459b-9164-a27cef9bafb8'),(1067,78,149,'7b2f9a9c-0540-407d-ba64-ff60f67a7fc5'),(1068,78,150,'d9064ad8-5db8-473d-84fa-bc08b9195abd'),(1069,78,151,'06946fce-46cc-4a83-9e7e-2237dd12fe7b'),(1070,79,75,'00068604-e4b7-4523-8da9-acaf4b4a2260'),(1071,79,76,'d55f8b21-e0fd-4e12-81fa-474fe468c289'),(1072,78,152,'5a34e169-bcb0-4575-9e94-27882b6e4e2c'),(1073,78,153,'b932f2da-19ed-4ce6-9c38-992fd4e43674'),(1074,78,154,'6b2ef494-f7bf-4d43-9991-6d6bde5d99c0'),(1075,78,155,'7e1acffe-029b-4e3d-a4e6-7ee7400a3a8f'),(1076,79,77,'15a6c460-a166-4eb5-a467-648fde12f97f'),(1077,79,78,'d16c13ab-a820-485e-9cb4-ff21a37b2d93'),(1078,78,156,'bc6b1582-c2fc-4dcb-9fcf-28d6142eac08'),(1079,78,157,'4fb9ce6c-0c4b-4138-9700-d1ea4cfa87d1'),(1080,78,158,'a6fb954a-91bc-40da-bd01-2cde6e0b5166'),(1081,78,159,'1748b486-1c2e-4ccf-99bb-35d6037ed516'),(1082,79,79,'fc85cf45-0bfc-432a-9548-6d947ea4dd95'),(1083,79,80,'aad0c407-5459-4718-bd1d-185d549c15ea'),(1084,78,160,'32428731-ade9-4e5e-980f-0e27be1c01cf'),(1085,78,161,'9a3f9462-d72f-4279-bbba-9869ed0eba5c'),(1086,78,162,'0ce51b12-58ee-4071-9ce1-f689ebab651e'),(1087,78,163,'14dfb105-2383-4589-b691-d37a421dd284'),(1088,79,81,'da680df0-8d5f-4c94-a674-dee4d69c7914'),(1089,79,82,'ad66325e-4e7f-44b5-a3db-e8ffa670c173'),(1090,78,164,'ca2e94ce-5287-4913-a258-b15ccd11699c'),(1091,78,165,'31a443ec-b7ce-4150-b848-83b671e20fdf'),(1092,78,166,'a969ec4c-0793-4d10-8943-92e0df17e4d2'),(1093,78,167,'8c053290-8946-4e12-b2a6-ce0d68fa8442'),(1094,79,83,'f11d3538-05ca-4275-b82c-7c40c736923e'),(1095,79,84,'12f9103e-1ee6-4737-b9f6-84302c9fd5d5'),(1096,78,168,'922ebf1b-7498-4310-891d-ad5373ca0c39'),(1097,78,169,'268224ae-379a-4424-ba08-7f7823f2e356'),(1098,78,170,'177cefc3-c52a-4715-9cf8-195cb398d016'),(1099,78,171,'d5099115-d358-4026-97c2-f03253c7cd07'),(1100,79,85,'716f84d9-3d44-491e-a106-dbcf75440f1b'),(1101,79,86,'cf59bd0c-1c2c-4a0b-abc1-566c26da3ddb'),(1102,78,172,'755aa121-37d2-4ae4-aed4-eb0c5245a122'),(1103,78,173,'44da65f0-63e8-496e-94e7-5d3d72b602b4'),(1104,78,174,'b82f39ae-7d01-4eb1-8ebf-2a8932c95922'),(1105,78,175,'e765b49f-0a05-46d5-92e9-404f8bb8a741'),(1106,79,87,'8cb46054-2f94-499c-9cc0-2eaf4a2912d2'),(1107,79,88,'26167b68-7591-4622-a733-ccd650e2e96c'),(1108,78,176,'c235591f-84c6-47c6-abaf-cb029c85b54f'),(1109,78,177,'037bafe0-f7e5-45b3-8500-c86676402d83'),(1110,78,178,'00a7af22-53f5-4e34-bdf4-969e5596c056'),(1111,78,179,'0925b7f9-10e4-410f-b4fd-3549b060c5e5'),(1112,79,89,'fa5c9385-87af-48d9-852c-932997ccc877'),(1113,79,90,'ff093fc7-50e7-44cb-952a-5c17fc959487'),(1114,78,180,'9e60daa7-abb3-4844-9fd0-f592f1043e95'),(1115,78,181,'e72a2793-93a9-4f09-9780-8b70461439f5'),(1116,78,182,'cd47cc76-c59e-4529-a6a9-4f4d8af50dfe'),(1117,78,183,'0c339350-e81c-465a-8910-9044953b916f'),(1118,79,91,'82960169-382c-4315-a7ab-d28d2fd81585'),(1119,79,92,'1d9808d5-5893-498d-b97f-8cdb61103a28'),(1120,78,184,'ad367426-b70a-4984-ab59-4d54d1157504'),(1121,78,185,'e801e88c-68cd-4ae4-a398-0aa864b722a0'),(1122,78,186,'168d3416-2b92-4ae3-ad5a-134f6d1ca510'),(1123,78,187,'2bc9d913-5960-4c91-9f4f-99834511f49a'),(1124,79,93,'f5110078-5fb0-4497-b286-0317f8a3658f'),(1125,79,94,'e387f46b-8c6a-44fd-b072-661af8912629'),(1126,78,188,'4ffe52a6-4139-4db5-a4b1-01f79a94d669'),(1127,78,189,'7a30a077-64ca-45d9-a146-0d3c6982ff57'),(1128,78,190,'332efca6-c6c0-4b39-8c3f-a0bf3fe412ae'),(1129,78,191,'df27d02a-05a7-4f50-b2a7-281c398db84b'),(1130,79,95,'50f6b1f4-7073-4090-b378-664d6139dcfc'),(1131,79,96,'f6c8e743-12fa-4bfa-ac08-4d05fbe5a842'),(1132,78,192,'7df1b0d5-7a72-424c-a4b1-70bfe949adb6'),(1133,78,193,'80ab89d9-6e27-48d1-b066-9d8469787047'),(1134,78,194,'453c37a2-9b13-459e-8675-d47a385b019c'),(1135,78,195,'6aa0063d-66f5-45ac-bc60-9955afaa3408'),(1136,79,97,'068c67c9-8e5a-4e7a-9c38-e5b51b63a93c'),(1137,79,98,'0006ab09-9577-4cb2-9f9c-f0f14974e0b6'),(1138,78,196,'91bd043f-76bd-494c-a7ac-d010a58fe763'),(1139,78,197,'b57c26b9-4b0a-4156-aec4-808a19042e36'),(1140,78,198,'54345bde-0139-4699-96fd-5895112fe702'),(1141,78,199,'b1555ebf-707f-4dc7-89ea-a2cdd8806194'),(1142,79,99,'856ea2b6-dbd6-47ec-a7db-c03866e7be1b'),(1143,79,100,'02288417-2b47-42ac-a31d-e67f348d4810'),(1144,78,200,'d224fd8f-0fb1-493f-863c-7dfd139ab4d2'),(1145,79,101,'57076d7e-315d-4221-ab33-78a30f0d1ef2'),(1146,78,201,'a2686161-89b5-4354-b3db-9841a88711b9'),(1147,79,102,'c3e95caf-fbcc-4413-8f0a-34f29fab6fdd'),(1148,78,202,'23b91759-24a0-41d2-930d-37ce24a7a29e'),(1149,79,103,'6cc9c609-e6bc-4c07-bb0f-9913cec01567'),(1150,78,203,'4f390c74-6501-45fd-8d9a-30f524ed3579'),(1151,79,104,'285b0b6c-c006-4635-b073-5cad4bb92fbd'),(1152,78,204,'aed3e14b-f14d-440b-93a9-65917f92959d'),(1153,79,105,'e4c21a96-92fd-4606-bd41-2dd56dfb30bf'),(1154,78,205,'f33805bb-5b54-4e22-857b-e4795c907f7d'),(1155,79,106,'b9b6ab41-0551-42da-a32c-cc299c80571d'),(1156,78,206,'66daa10c-77ad-4a85-ac70-21f39a705d0d'),(1157,79,107,'dc0c6509-34f1-46a3-b121-5482d97f532f'),(1158,78,207,'76fb7e9b-8fe0-40b2-8f4b-613d80cab326'),(1159,79,108,'ad9fb33d-ccb3-4747-930b-9797a5e3b4d5'),(1160,78,208,'bcbe8960-4e28-4ce8-a3a7-12e5209c489a'),(1161,79,109,'ff1b58c9-f19e-4997-96d4-aba5a9b5d8d2'),(1162,78,209,'2f15a7af-d270-4d8a-90ff-d1dfda1a75c0'),(1163,79,110,'c8eb0c48-286e-410c-9f15-2709bda620c1'),(1164,78,210,'998f3f80-ebe0-4682-81d3-0df0c77205dc'),(1165,79,111,'75c23f60-7fbe-4361-bf05-89c270685b81'),(1166,78,211,'a2f1500e-ef4a-4423-ad8b-c53382eae96b'),(1167,79,112,'c714c646-535a-429a-973a-bc98fb7518c9'),(1168,78,212,'4447052b-3fe6-4ca1-9fe3-7c3705749fb2'),(1169,79,113,'f03f8c49-9b8a-4fb7-b022-dd07cf4621ff'),(1170,78,213,'1900b3cd-b0d1-43aa-9165-714963924ce6'),(1171,79,114,'009d8968-599c-4bb2-b217-426c28265e9f'),(1172,78,214,'3a76963c-94dd-44dc-9dc7-783008302b0f'),(1173,79,115,'aaa9d26c-7e2a-4548-838b-955b910a0981'),(1174,78,215,'e1e43bff-95b3-4442-bb34-c7abe5ee0db9'),(1175,79,116,'c39597dc-4849-4cd6-a437-f70f6101c9c2'),(1176,78,216,'d47b4c69-2f0e-4d80-a72e-f211eb93ee33'),(1177,79,117,'afc68558-c093-42bf-bdf6-155523601618'),(1178,78,217,'30531376-b952-4845-85a0-599663b44711'),(1179,79,118,'ed73b354-cf6a-4fde-a7f2-cd6c752795cb'),(1180,78,218,'2b9558a7-dfda-470f-9265-c30a601100b2'),(1181,79,119,'c33d6a71-a24d-4455-9b31-334228ab9d32'),(1182,78,219,'ed16aa30-bb1a-4b10-9790-0cb197c06208'),(1183,79,120,'6bedd088-4f75-40e8-a90d-d6f6c3140af6'),(1184,78,220,'2acc4d54-3cd2-45fd-a58e-5b6da6c0b21d'),(1185,79,121,'35b5386b-5ad2-4eab-a86c-cf7208267f52'),(1186,78,221,'053cf879-f6e4-4012-b579-7d7d1304545c'),(1187,79,122,'c804f151-40ea-44e7-adb9-482ae945f782'),(1188,78,222,'1fcbe6b1-76c1-4f35-92b3-656e8a6a9fdc'),(1189,79,123,'9b90c5a3-ff40-4c74-a6b9-05cbb1607d32'),(1190,78,223,'bccfd7e3-a8be-44c8-8503-a8a51e4249eb'),(1191,79,124,'6efa29b7-1f0e-40a8-8579-c0be3b6d9a9a'),(1192,78,224,'d4b147f9-5859-4e62-acdc-8f21a7e71f78'),(1193,79,125,'6ddfc09c-9837-4cdc-8c19-c9ac47b03d0a'),(1194,78,225,'75817e92-769a-45dc-8418-51b773dedb6f'),(1195,79,126,'95936203-2c67-4815-a3ce-9759ba8fd467'),(1196,78,226,'78a9edd5-b7bf-4bf5-a305-6e6e0652345d'),(1197,79,127,'43721bc8-c456-42ab-8f92-aff0ef1bbea6'),(1198,78,227,'e2e10a64-d70d-47e6-8d58-59d252db6b17'),(1199,79,128,'2bbe21a6-d9c1-4888-a8cd-26bfc72bfd1a'),(1200,78,228,'b11bfe33-6d50-48dd-8d74-5cb3e85c9579'),(1201,79,129,'8f39d79f-f48f-4381-a7a0-d92fa2f67bea'),(1202,78,229,'70a9ecb7-d0d5-4e9a-a1ae-ac659f1aa799'),(1203,79,130,'9bad55d5-fa8f-46e5-956c-ef07c0bab339'),(1204,78,230,'00eedb8b-d6c9-4072-8fda-2cfeb8bb839d'),(1205,79,131,'b0740a83-b87c-4779-9b7b-c4742efec910'),(1206,78,231,'a7096dac-a6f9-42f1-a639-a742b6904be2'),(1207,79,132,'6565a6d1-3ca0-4520-b1cc-915b5f3324bc'),(1208,78,232,'38e04248-1b4d-4056-b895-8baaf3eb8efd'),(1209,79,133,'536d1ee2-b862-4a02-bafb-9b1d5369885a'),(1210,78,233,'5fa70e7c-1d72-4c68-9e23-f303ef232a39'),(1211,79,134,'7e75c020-ef22-4abf-99f6-38f5f1236eed'),(1212,78,234,'c5dae1b2-1c94-411b-b0e3-26a19e6e738a'),(1213,79,135,'9bff5c18-a20d-4168-85e3-cc97dedcd5e9'),(1214,78,235,'7dd930ea-6b3e-48c7-b5a5-cd2f08648da1'),(1215,79,136,'5ec23713-c2a9-4a08-84c6-6cd39746ecba'),(1216,78,236,'29d6032e-52e3-46d8-b66b-77339ac05075'),(1217,79,137,'0e352a2b-1e10-4e5f-a398-1eb72351f5b6'),(1218,78,237,'6dc4f6d9-c443-4537-860a-6f5e5eedcd4d'),(1219,79,138,'c3072519-edad-4acd-986c-e1b7a8d81c3d'),(1220,78,238,'9f30b8cf-581b-455b-b23c-1caf2791dfd5'),(1221,79,139,'dfcdb0fc-8338-49c4-a7d8-0d8edebbbdda'),(1222,78,239,'0c5b15c0-f81f-4c06-9347-45b8dd00dc82'),(1223,79,140,'beda84c1-75ef-4634-a7ad-59fe034b13f8'),(1224,78,240,'8d8f9687-baf2-4c49-a2bc-f58ce78bb4b7'),(1225,79,141,'8c1013ce-68f8-4038-a212-3fc177c28e35'),(1226,78,241,'05bea66d-239c-4152-bdba-e589695350c8'),(1227,79,142,'f1dbc358-07ee-4017-82a6-803b4b317a40'),(1228,78,242,'f83d1986-4221-4414-8bcd-914c15efa963'),(1229,79,143,'b6ea2286-0633-4de2-812a-4ac591e87182'),(1230,78,243,'e67de130-804b-4db9-b032-12afa1def709'),(1231,79,144,'7ce3aa7f-3d49-4e2d-b65b-95c2aecdf2d5'),(1232,78,244,'a7a12a87-35da-4633-8fc7-4ae0065c8ee8'),(1233,79,145,'4af11312-2f8b-4a27-9ef6-4333217c9f5c'),(1234,78,245,'c7bf7549-4c30-4462-a120-99c5324fc2bb'),(1235,79,146,'f67d7355-0625-46a8-bf00-9047910dbed3'),(1236,78,246,'fc68f045-32ec-49ed-8dd4-ca580afe3234'),(1237,79,147,'6eac3b0b-6389-4515-b6f1-544153b6f6aa'),(1238,78,247,'8c3c9972-365f-4218-80a0-3f6f410b422a'),(1239,79,148,'8b7fa4a8-7171-42ce-aa7e-6dc895bdcbfb'),(1240,78,248,'63ccc1ef-efae-4fd1-a406-2b15331fab34'),(1241,79,149,'0422ec04-7e8d-454c-8a5e-1ab206f5de25'),(1242,78,249,'34419b56-6c22-457c-9de8-bf5f5a3b04a0'),(1243,79,150,'8fd5b71d-441e-488b-8a93-47147deab473'),(1244,78,250,'94a3327b-5d51-4f5f-93fb-a587c9ea5f88'),(1245,79,151,'07ac03c5-75c5-418d-940b-7a5bf6946036'),(1246,78,251,'1fe984e2-bbe7-438f-af68-7a6f71b43b9a'),(1247,79,152,'4e919c37-2641-484f-845b-2723b6c05cab'),(1248,78,252,'87e8116c-a9ac-438c-9d14-fade49508cc8'),(1249,79,153,'aa5471ac-c6ee-45e4-996d-fe6421c2f446'),(1250,78,253,'baeaf104-1a76-4aa5-872c-ed1cb05dc922'),(1251,79,154,'2d3f92c4-2797-46a4-a5de-d8cf89fdbbb6'),(1252,78,254,'f3d9ed77-2762-489f-bd38-46b8c6c672f6'),(1253,79,155,'4708f500-c287-472f-b3e9-4f6fc5a4a1a1'),(1254,78,255,'38aeec66-a768-438d-9317-14ca2ce508b7'),(1255,79,156,'6e0d12a7-e1a5-4fd8-8729-0d55ed21cccc'),(1256,78,256,'15d9e30f-5852-421d-8fe9-39fdb09b4499'),(1257,79,157,'f24f54ba-931c-4dbf-b231-1270b0a58548'),(1258,78,257,'159e869d-bdb7-43ad-b06f-b668759d89fe'),(1259,79,158,'e816774c-b8f1-4f98-9e46-c19d0c3547ec'),(1260,78,258,'9ffbf129-952e-4418-b1b1-ccc924ebbb6d'),(1261,79,159,'7ae3041e-90a6-47b1-ba5a-af24eb842614'),(1262,78,259,'685b08cd-145d-414c-b34e-39500ae23160'),(1263,79,160,'bf57b450-bd0a-4116-8057-eafeeba2da75'),(1264,78,260,'29069c11-da34-464c-af4b-3919d9538f11'),(1265,79,161,'6ac2af7d-3d30-411a-93d2-015a740b7bbd'),(1266,78,261,'c58336de-c281-4c5d-b2d6-b494ed8af095'),(1267,79,162,'47bbe549-f712-42e9-802c-9c24014ad4c3'),(1268,78,262,'e3acbff0-bb11-45a0-a8bb-f088b209b497'),(1269,79,163,'e716a5d6-4baa-4f55-be26-aacb2373a280'),(1270,78,263,'21373a7c-67af-4089-bc33-7371d41107b5'),(1271,79,164,'e61f7607-cd13-4cb8-870a-ea93879fc141'),(1272,78,264,'d4e05a7b-d072-4ea9-b4c4-3613af774ee8'),(1273,79,165,'5fa55c5c-ef5d-432c-a795-7f99cd8ffe1f'),(1274,78,265,'f68c219d-6d0f-4ef4-be16-b7633dfd7836'),(1275,79,166,'fa69ebb2-a0ef-4776-ab4f-1b9d36716dba'),(1276,78,266,'15ba1006-22f3-42c8-a27f-4e586b7d02c3'),(1277,79,167,'5d7bd68a-da1f-47d4-bbb9-7a7db5b2da88'),(1278,78,267,'0c633887-71d8-494a-8262-b13e7775ee48'),(1279,79,168,'e3a0518d-7006-41da-b5d9-9871a8b214a9'),(1280,78,268,'e50fca02-794f-4814-ab58-b104ba1ffada'),(1281,79,169,'314f57d9-d4c6-48d7-812b-7979c007fa68'),(1282,78,269,'558b796f-0347-4739-a1e7-c5b5b9fe9a1b'),(1283,79,170,'1d09cd6a-4c4c-4a61-b053-77d24f616d5f'),(1284,78,270,'64adb1af-ea47-4c87-86c6-31484aab7ccd'),(1285,79,171,'407c7247-1c54-47ee-b5ac-ed4dc4caf7b5'),(1286,78,271,'9f0c155b-4f4f-4d5d-823f-ecb3306a438e'),(1287,79,172,'7bdddaa4-66ff-43e4-bfca-d5f513daab7d'),(1288,78,272,'cf43c17f-2fd4-404b-a09f-ed802d7dfcdf'),(1289,79,173,'160f517d-c87f-4763-a9a4-72637fdfce14'),(1290,78,273,'5597accf-2dfe-4db2-9d47-ec254d370d9a'),(1291,79,174,'deec3ce4-d381-46ce-8057-4628ac5d9372'),(1292,78,274,'1d67b4f0-4341-4a4b-8291-bf4a2611172b'),(1293,79,175,'a04bb041-e9e5-4fe9-a451-9d0e68f08c5d'),(1294,78,275,'8ff9a72a-5b54-42b9-ac74-7ad290ee5f3f'),(1295,79,176,'c6241da2-f151-4164-8b78-6917b3ff8cbc'),(1296,78,276,'5874460e-53aa-4e19-9588-b00876e949d5'),(1297,79,177,'676a8d7e-d203-4342-9f85-b21c8b3509ff'),(1298,78,277,'076931cd-d561-40a9-8873-3ee7d82406e3'),(1299,79,178,'bba89e48-76ff-46a0-8958-f18430c85d2c'),(1300,78,278,'4f9eeddd-6c63-426e-92be-e6847bef9c0a'),(1301,79,179,'254325d7-cf40-4ebd-b53a-21630c8bb2e1'),(1302,78,279,'50fa0c92-bb6b-44d3-9dd9-726fd7bb823e'),(1303,79,180,'b11c818b-a1d6-4c0d-88de-b1bc5dffe46f'),(1304,78,280,'c706b138-417e-4514-b2f9-5932e839822e'),(1305,79,181,'7064d226-adaf-4840-abd3-98d06e7eb471'),(1306,78,281,'016db472-f0e1-4bed-a03c-4382db79effa'),(1307,79,182,'c7135aec-fde3-4e09-b80a-b5203b234f41'),(1308,78,282,'c524b32a-11be-4292-90b0-a9687cb86670'),(1309,79,183,'a8b97eb1-562a-4b36-9d1e-f714ac24a3d4'),(1310,78,283,'4acf3796-54c5-45d4-ae6c-754c127ee1d3'),(1311,79,184,'7ba1d553-6fdc-42fc-915d-3a2ee429a855'),(1312,78,284,'97141e89-93b7-4a4a-8eff-df118db5aa5c'),(1313,78,285,'3ccd22f5-7104-4ff6-8899-eb5cfe06f0ba'),(1314,79,185,'5ed6ad24-f675-4bfb-9a7c-5a2979fab510'),(1315,78,286,'aab0b297-5134-4cba-82ed-2bbe50540d93'),(1316,78,287,'c1834824-74de-4eaf-9a95-c7fc85f50144'),(1317,79,186,'53f7fb3b-abc6-4731-b0ea-0723a8302cdc'),(1318,78,288,'19bc0e20-9ce6-443d-9f5f-488815dd8df6'),(1319,78,289,'7e9794c3-b25e-4010-a7a9-f13c7606768a'),(1320,79,187,'0c916ded-dfb0-450a-8983-592024362a1d'),(1321,78,290,'85f7fb21-41e5-4bee-b17e-dac32f5eb08d'),(1322,78,291,'8633775c-9dcd-4d7e-8362-dbde5a99e7a4'),(1323,79,188,'bc489c9a-62e9-446c-9c9f-18406b6ae598'),(1324,78,292,'fa531c19-fc9a-4108-9661-8dc829537377'),(1325,78,293,'7783b2dc-70a5-43d4-b278-39577d9119c0'),(1326,79,189,'7e5a184b-ef9a-4a4b-860c-9ae711c4c221'),(1327,79,190,'1940aca9-25de-4515-a7b9-391e31c5b2bc'),(1328,78,294,'4006e696-7f96-4821-adc9-f9ad493723df'),(1329,79,191,'e0664b09-36f6-4bbf-b95e-4cd9dc0d264c'),(1330,79,192,'0182339d-60f0-4d03-92e0-f274f92bd136'),(1331,78,295,'c2220fcd-cc09-408b-83b6-b4805c21f0cd'),(1332,79,193,'3a18184a-e159-471a-b73c-b89a202a0720'),(1333,78,296,'6cd6493b-d8a2-44f8-8792-f6a6e857713b'),(1334,78,297,'9cc93a8d-2c2d-436d-81a0-25e7c637158e'),(1335,79,194,'204e6819-36d7-405c-a776-2ad7330ec079'),(1336,78,298,'80fe046f-3879-4881-af5e-f4d8ad22a6f8'),(1337,78,299,'b35091ad-164a-4ed3-a567-e44c0ceba069'),(1338,79,195,'7fc18eb1-63e6-47dd-9566-f101f9892475'),(1339,78,300,'64ba33cc-f5fb-40a0-900b-e3fe400437a4'),(1340,78,301,'5dd14433-b421-48f8-b6f1-933ca18efdc0'),(1341,79,196,'909134da-5bc5-4eb2-bcbc-f3d82a1b31a2'),(1342,79,197,'90a9a771-f8e9-42ab-ad74-a9f1656bcd1f'),(1343,78,302,'a996908f-fa58-4c7a-a65c-913ae0ae1f5b'),(1344,79,198,'0b5d1d8b-5288-46bc-b29c-781d26542259'),(1345,78,303,'f0ab1ef8-c520-4b68-83bf-5bb7b5b7b779'),(1346,79,199,'0ce03057-a1db-4d0c-a194-49739d7a70e3'),(1347,78,304,'2b90a2cf-c52c-40ed-a114-012743c0aa90'),(1348,79,200,'9cd11f58-c268-40f1-a9eb-92439ab0c1e0'),(1349,79,201,'ad1af3b7-68f7-4dcc-ad77-c41bb1856eff'),(1350,78,305,'fef1310b-dd8e-4da8-af2e-a3b3ff201e5e'),(1351,79,202,'834394b9-15bd-4ded-9c26-af520304effa'),(1352,78,306,'6e48ef30-8066-43f0-b845-31cf63eb8530'),(1353,79,203,'49cfd13e-2183-4cf2-999b-5537533e5f7f'),(1354,78,307,'b07b9184-9df8-42f5-b67b-42cfe8fcc4b7'),(1355,79,204,'76bc0031-0583-42e5-807d-9cf167e496e9'),(1356,78,308,'8d34b19d-fa66-459b-a73c-0443c1498e1d'),(1357,79,205,'0df6aa3b-be7a-4c7c-85de-dd4b32be5447'),(1358,79,206,'dc0f5cfa-f353-43f2-828b-f67f429e584a'),(1359,78,309,'caa5777e-6cd8-4e3f-b185-e897b56e3569'),(1360,79,207,'cc831c3c-aab4-4d04-be7a-201835070f20'),(1361,78,310,'fc36b73e-ebb4-4846-9fbe-55929d872ca2'),(1362,79,208,'b710c20a-6668-4021-85a9-72da85e7662a'),(1363,79,209,'d5d6bbd8-8c90-41ad-a5ee-306317a4ef92'),(1364,78,311,'93a6eff8-36e2-4e04-b84a-64ccf7249f8e'),(1365,79,210,'95bbdc05-1494-4e32-bdae-e902872d1202'),(1366,78,312,'a0cc2592-eab5-4599-82f1-7e0a1773210b'),(1367,79,211,'96197b9e-3697-458f-baf8-6ca9518fc5e4'),(1368,78,313,'115ed24d-2fc3-4488-88d9-0e85eebf0676'),(1369,78,314,'fd086c82-3e58-49d6-bf72-5b8f9ad88e3b'),(1370,79,212,'e2c6c572-e59a-4045-bc91-0825ad2c2fcb'),(1371,79,213,'0bf956b5-bc1e-43eb-b2d1-ceb7580dfb19'),(1372,78,315,'d5f3d40f-85dd-4430-ac9d-b506606b6b39'),(1373,78,316,'2d0be6a6-3d8a-43b1-ae86-a086e04b36fd'),(1374,79,214,'e45d6106-7493-46ff-ac39-7fcf9c1469a5'),(1375,78,317,'2a61ebc9-3d12-4c0c-9f17-c7156545dc3b'),(1376,78,318,'2b3c46ec-b39c-4674-8bd8-4765b1ed1937'),(1377,79,215,'99bef215-569d-4de0-8fe5-46ac677c6a11'),(1378,78,319,'eb30d7bd-aa32-49cd-b9a1-e48e252272d8'),(1379,78,320,'dc467cfa-409d-40fd-afa9-cc5d9eef2acb'),(1380,79,216,'eb1e3eee-aab7-41dd-8088-736181afbe7e'),(1381,79,217,'d414ec9b-f0a2-46cb-b33f-418e16d428c6'),(1382,78,321,'e085625a-03fc-45cd-8934-1183874ffc6f'),(1383,79,218,'fdac72cd-cb55-492e-8092-c4b491fc5e8e'),(1384,78,322,'464f494b-2be3-48cb-9e1f-639aa50e654c'),(1385,79,219,'7f05cba8-d2ae-488e-aeb0-eed776ee1253'),(1386,78,323,'f64de188-a151-4d43-a96c-0566395e92a4'),(1387,79,220,'423537bf-f040-422f-b6c3-8046a6710f68'),(1388,78,324,'04db141e-83c2-4ef2-a2f0-161ab2938275'),(1389,79,221,'170118df-0421-4078-a610-573718f84959'),(1390,78,325,'e057bc34-d700-42ee-99f4-bcd1d114c2a0'),(1391,79,222,'bbcbd890-ffc2-489e-8020-f75f7c1930cb'),(1392,78,326,'dfb90a4f-f213-4046-9a7b-ebd111c3bde6'),(1393,79,223,'728a32c4-ea38-41dd-beb8-7d6266f1d8bd'),(1394,78,327,'d9efd545-bc78-4c90-8384-f6632e3621aa'),(1395,79,224,'cfac8ecf-9028-4ff7-bf41-33a1796da23d'),(1396,79,225,'540d5182-aef5-4695-9400-b28583af6c16'),(1397,78,328,'1088aee4-fb79-4ae2-ace9-a36ade181d1a'),(1398,79,226,'c5038d0c-1dfc-44dd-b43d-65d01f5e25f1'),(1399,78,329,'561220f6-6b33-4448-ba49-28bd16192821'),(1400,79,227,'eafcede8-e656-41e1-a909-304fbc6ac211'),(1401,79,228,'f4625839-4bbf-42e8-abe7-dcfede1b4ebc'),(1402,78,330,'0df157b2-4024-4534-9183-10f9fe1b4e99'),(1403,78,331,'7c711ef7-efc7-4c27-af82-68e3d4422eb4'),(1404,79,229,'945d55f5-0c9e-46a7-94ac-54b933aea553'),(1405,79,230,'ee22d635-0198-4a06-9672-dc67d757bf26'),(1406,78,332,'0fcc545a-a75f-4c08-8920-ec183542a73c'),(1407,79,231,'738a6f49-08b5-4548-ae12-d31319f36658'),(1408,79,232,'59b5b984-e732-439f-ab50-09181a16600d'),(1409,78,333,'dfdd5738-4a36-4271-ba3c-2717f4d5ce4f'),(1410,79,233,'629de6a9-d308-49a5-b295-d0ed8b4e508d'),(1411,79,234,'473ee79c-0c1e-4880-94de-6a6bfecb154a'),(1412,78,334,'3856c3db-a5de-463c-b1c9-b7f2537ae2b8'),(1413,79,235,'c3b03788-ace4-4526-9549-dbe85a958acd'),(1414,79,236,'2b03c0b3-0a4d-4a09-8628-389fd310e10d'),(1415,78,335,'487a3f2b-4d5d-4791-8616-14df8b60fd35'),(1416,79,237,'94b0607b-937c-4730-b732-8f4f2c473e57'),(1417,79,238,'dff13bf0-d145-48c2-94e4-05746452d045'),(1418,78,336,'359d5726-5d15-4baa-86d5-e215623d4452'),(1419,79,239,'47a2abf1-6fb2-4a88-8a28-e26ea6ebcbd2'),(1420,79,240,'06e3ef24-19c0-41a9-b35a-72aeeb94a82e'),(1421,78,337,'ecf4bbbe-013a-4494-b033-50d00c7b61c9'),(1422,78,338,'b83870b8-be00-40b0-bfed-690ad93b0825'),(1423,79,241,'dcd57823-b8d6-44b0-a888-8732ec61f941'),(1424,79,242,'f699b636-4350-431c-8b89-a96b3b0ac93e'),(1425,78,339,'ec851723-de42-4f0e-b36b-272457c75e77'),(1426,78,340,'678561b0-ba2f-4fe5-9c7d-ae6ad306d1fa'),(1427,79,243,'9425eed6-a2dd-4b22-84cf-b57955aacde3'),(1428,79,244,'3e6beac2-d588-4d7b-ac25-56fdfc96e897'),(1429,78,341,'852b8cf2-8d75-4766-a0e6-66c534b472c6'),(1430,78,342,'ced67ace-8920-4a3a-920d-eb05b2043911'),(1431,79,245,'f2fd2b43-a2a9-4b28-8ef4-88d34e2eae73'),(1432,79,246,'84d01f58-6d26-4bc8-84a8-06bb29d75564'),(1433,78,343,'b4684a48-787e-41fa-9864-b850399a9744'),(1434,78,344,'c2a718d2-bf5b-43ba-b1d7-27c6b6aca081'),(1435,79,247,'79ae8ad6-89f5-414d-8a09-2fd4b48a28bb'),(1436,79,248,'6add3f55-32be-4c23-8a02-43e94aac5d63'),(1437,78,345,'9443574e-4ab0-4368-a414-8c1265c3893d'),(1438,78,346,'209d47eb-a7eb-4b04-8935-1fc454e5a65c'),(1439,79,249,'5ae68a69-0ce9-48d8-80bb-fff80b47fb53'),(1440,79,250,'aa0d9184-7781-4dc3-adfd-246918514c1d'),(1441,78,347,'d8cd2b9e-98d1-4a59-97b4-30a6c3e4f89c'),(1442,78,348,'877c1cef-1c95-48f2-86d6-7255dbdbb9cf'),(1443,79,251,'73f75fe9-7a3d-457f-8251-00c0d6988908'),(1444,79,252,'61f3d180-06ab-4b6e-a69f-bc8ad369c887'),(1445,78,349,'53986f6c-8889-4ee0-8ee2-4dc5c01f5754'),(1446,79,253,'8ed521c6-9ba3-4ab1-b1cb-6351642d26aa'),(1447,78,350,'363cfbf0-feda-42f2-9c02-88d2ec5ef8db'),(1448,79,254,'a922ae13-1ec8-4119-817c-a8235e62bb72'),(1449,79,255,'cd2b1fc4-86e6-423b-83cd-b6f29a9fe42b'),(1450,78,351,'96b23b8f-0f7e-474b-ba49-4ab8601cfa36'),(1451,78,352,'b6e9e980-ea33-41c3-b84c-3653ac847ddc'),(1452,79,256,'4adb1a7a-fc17-4f95-8166-284ca319481b'),(1453,78,353,'6d97416b-ac8e-486b-b9e1-d54d16e755bd'),(1454,78,354,'5ba8578c-918c-493b-b3a0-95aa2c18bbee'),(1455,79,257,'94f377d3-49c0-4220-8ed7-6f595a196860'),(1456,79,258,'6c875c9e-8f36-4c5b-bec5-f93d0276e921'),(1457,78,355,'6736c28f-964d-411a-b96c-7a6c11553863'),(1458,78,356,'ff835ea2-ac2f-47b3-8413-63a36e80294a'),(1459,79,259,'28918b42-8c33-4741-b54f-2a1d9ff09029'),(1460,78,357,'0db55aea-d395-4c13-b476-5ea2babd8b85'),(1461,78,358,'b671fd4a-4c9d-4590-becf-6e0559371bda'),(1462,79,260,'26541e2d-3233-44b3-be6f-219602bcf70a'),(1463,79,261,'fd73a31b-02f5-45ef-aa27-72c7fb10fd9d'),(1464,78,359,'d92ada96-d8de-446d-9e93-abc763cb899c'),(1465,78,360,'efd10a21-3fd6-49c0-961a-0596010bcd2b'),(1466,79,262,'3e9d0e61-4b5c-4f8b-8bad-33a376e2a576'),(1467,78,361,'4ebebcfd-d226-4287-bda3-817d4b8f53e9'),(1468,78,362,'64601038-90f7-4afa-a9ae-341f0ce38557'),(1469,79,263,'999ff1e4-2f97-4144-9484-4eb7eb2e2bc9'),(1470,79,264,'21a91a99-2e89-4ff6-9e32-eb84642a7ed6'),(1471,78,363,'4d29ecd7-d2b6-496f-88d6-6608e882d364'),(1472,78,364,'e5b63b41-e35c-4750-b41c-245d57a89415'),(1473,42,1,'d704cc6b-ab33-460f-9b62-a8d927f0edcd'),(1474,41,1,'ec152524-73bb-4af4-ab3b-80b210ee18ac'),(1475,41,2,'1b4f4b18-fa4d-491b-a776-667852c978c1'),(1476,41,3,'401ffe1e-ec56-429f-b79f-0a05ebb272ba'),(1477,41,4,'1eccbdfa-8330-4429-89c1-f62e2e30a2df'),(1478,42,2,'9b28f7d2-5090-4ef8-bfe3-8e58fd32ea81'),(1479,41,5,'1e5cf255-42f5-4986-9d1d-f157e44e4fc2'),(1480,41,6,'7863421e-80c1-443e-a9b0-e4032e0d6b6b'),(1481,41,7,'82dc3607-61d8-4b3d-8ab3-33f3abb65532'),(1482,41,8,'bd458d33-74fe-4be2-b82f-b66f455b4f32'),(1483,42,3,'d5764448-23ba-4d10-ae33-36c9d915dca7'),(1484,41,9,'68393c8a-faa4-44aa-afe4-83d4ef63ed6c'),(1485,41,10,'cb743d39-ada5-4041-a7da-353f7d5256bf'),(1486,41,11,'1c8cf589-25ba-4538-892b-77c380e4d677'),(1487,41,12,'e81ddafe-4814-4744-8977-3bd9dfafcb50'),(1488,42,4,'c1c05d0f-20e5-414b-a0b9-65c1d663c21c'),(1489,41,13,'cd8aeeb6-ddf3-4b91-b13d-f930fdff486a'),(1490,41,14,'e0a86df5-5a68-4c69-977e-f6f8f03905e3'),(1491,41,15,'4992e535-ace3-4ff3-ab29-e68cc852b904'),(1492,41,16,'308e1872-1c55-46d5-bbe0-361622c9a5b2'),(1493,42,5,'e42e4516-c6ba-41a0-b916-2844ea69588b'),(1494,41,17,'f1a1498d-48e3-4fa7-b4a4-6bea86c8c536'),(1495,41,18,'9bf3838a-e2d9-4c28-b4f4-4b308fbff677'),(1496,41,19,'bbc523d0-b000-44cf-86bd-0471bb46959a'),(1497,41,20,'ad85337a-4072-4403-9421-3a3b9f541496'),(1498,42,6,'82acd6ab-912e-43ce-b4db-fd02b90416d6'),(1499,41,21,'fcbe1a2c-0dab-43ed-a242-bdbc52fba8c2'),(1500,41,22,'6d0f9bbd-5ba2-4a3a-9aff-c3b80ea7c767'),(1501,41,23,'665e32df-bfda-4f33-ba81-b8737cf9dc98'),(1502,41,24,'f9964478-3f58-4338-90f8-e2c4fff34bf5'),(1503,42,7,'a754fa3d-c3e0-439c-b7e6-22f2db3daf1c'),(1504,41,25,'81660858-7503-4238-9208-5f0893c3da9d'),(1505,41,26,'6f80bd62-713f-435c-93fb-cc1b73fd01b1'),(1506,41,27,'f2d7fe25-741f-4ea5-95c0-468e4e055a76'),(1507,41,28,'ebf52184-bf8a-47f1-9115-154222616e3e'),(1508,42,8,'a04ef99e-2a3b-4ae3-80ab-1fc4d07a71de'),(1509,41,29,'3187ad41-67f3-47a4-ac61-52e6c9fa26bf'),(1510,41,30,'94dde0a1-856e-49b1-8f68-0f05dba15409'),(1511,41,31,'ceb3d18f-92b8-4782-b42a-f8a4774159a3'),(1512,41,32,'1d45a3c1-e2ae-4e4b-9173-e447724a2890'),(1513,42,9,'6594d6aa-06db-4b15-b323-ec590384be0b'),(1514,41,33,'ec8b2f1d-0ddb-4736-8b5f-241504b01a45'),(1515,41,34,'aa08e63e-1fd2-4c59-a7d8-190f1446fcc4'),(1516,41,35,'e0285627-b91e-4390-8006-a98423b7e9c9'),(1517,41,36,'cbbe85e6-9c79-44e7-b7bf-e11f6c248e5c'),(1518,42,10,'688d0b2e-160d-460d-ac2d-97ff903f7d48'),(1519,41,37,'b09115ee-dbd3-485e-a4c6-5977649e607d'),(1520,41,38,'03a00969-4eaa-4565-9ffb-db41c48ef817'),(1521,41,39,'d89ad091-1c99-460d-be76-28b539816cf3'),(1522,41,40,'7dbbac80-bf69-4767-8d9f-20540366e4ec'),(1523,42,11,'948e7fb6-48e1-42a1-aec2-27554f833b6b'),(1524,41,41,'0385393c-c29e-49a7-8133-02ce54e65bc4'),(1525,41,42,'0f907a95-32e2-4a22-93da-1fa160d9f5f0'),(1526,41,43,'5b465e38-bb63-46ed-b0a0-e6d397ea8660'),(1527,41,44,'a6ffb5d5-c28e-4114-9051-aa7e6f2f7e83'),(1528,42,12,'4cef0ca1-6bf3-453a-86d8-edbf3ffa684a'),(1529,41,45,'3d252702-32b2-45a2-ad86-23cced5b673b'),(1530,41,46,'5969ed48-b8cc-4664-bfa7-19aa0061df2b'),(1531,41,47,'7d9ac1b0-367e-41d2-91be-f5f7c4522943'),(1532,41,48,'6a585187-b639-46a8-8707-188f74d329af'),(1533,42,13,'41ae0992-da8f-44a8-b20e-795593fc9e1f'),(1534,41,49,'b6416a6d-badd-42a8-995c-d20fcfb98439'),(1535,41,50,'f459becf-046e-400c-9edd-ff767fd881bf'),(1536,41,51,'36c59b1e-bc9e-4fee-844d-c523bf26588d'),(1537,41,52,'feeb5cc3-178f-400e-b429-1e63cc431ae4'),(1538,42,14,'3c39875a-176a-42ba-bc50-478c66dfcef3'),(1539,41,53,'6785c7ac-8125-4a4d-9f96-af229cc530e0'),(1540,41,54,'34975dff-7604-4665-90c8-7bf6d89f1841'),(1541,41,55,'60a64040-7794-4e5b-b909-43f09171dfb5'),(1542,41,56,'a3608abf-13d5-4e22-b2d9-77dd2edfdde5'),(1543,42,15,'b42a6306-f3fe-4766-a9f2-356893b1f0b7'),(1544,41,57,'1e7c5204-2bc1-4940-8b5b-942c4fa4ce5b'),(1545,41,58,'2e8ef0d9-74f6-40fd-94cb-a30203c7f2c4'),(1546,41,59,'7a614a9e-86ac-4cdc-bd85-601a79d52a3b'),(1547,41,60,'4741ad7c-ff5a-4ef5-ac5f-ef0ff62e1c98'),(1548,42,16,'a54a30cd-c26e-4acd-838b-17d36641e47d'),(1549,41,61,'9bbabf0d-30fd-44a6-8aea-936b097d5472'),(1550,41,62,'8ea57203-0bc4-44a0-9b2c-dacca3c6141b'),(1551,41,63,'c92e1ab8-5bed-48c9-9a99-dc95cc163ada'),(1552,41,64,'a331e69b-cc00-4c85-b76c-3f85c76321cf'),(1553,42,17,'acf62580-cd56-4542-a3b7-745990e9c3f5'),(1554,41,65,'58d5a553-e174-4600-95a1-1940b07fd6b2'),(1555,41,66,'40193683-4ff2-4791-a8ca-c9694ed68fae'),(1556,41,67,'14fdc38b-20a5-4cc1-b7ad-332aeb18b099'),(1557,41,68,'c3231a66-48fc-406e-94ea-0dabf51c48da'),(1558,42,18,'623ac7ac-9bf7-4f10-9684-277c7d8913b0'),(1559,41,69,'32a8930c-6eac-404d-9d74-5d82d2a6f630'),(1560,41,70,'efa0aa42-ae42-4f3a-84ed-b565a8ef6316'),(1561,41,71,'965bbb16-babe-425c-9242-5045ad11cb61'),(1562,41,72,'aba0c68e-6dbc-406e-a274-5f81c95ff757'),(1563,42,19,'61caf900-9024-488f-8d95-a2424a5c2b34'),(1564,41,73,'f4363a7f-e87d-4712-b688-8ee46fd50f00'),(1565,41,74,'af124e79-38c6-4d9e-b311-654afdd7f5f3'),(1566,41,75,'0f327603-816b-4c2c-8bf2-12f6869b7577'),(1567,41,76,'b0a41c4c-ce15-4a59-97f2-b9d580f85ccd'),(1568,42,20,'a5e7d51c-ab83-4eb3-b43b-37111bc5863e'),(1569,41,77,'f55527b2-559c-48b3-baa2-b67aa7ca3e84'),(1570,41,78,'f368ce24-7b64-4058-99f2-b89929896835'),(1571,41,79,'dce7b8ef-13d3-4763-a4a2-c19a3b6ea913'),(1572,41,80,'0d15161f-e7aa-4d2d-a0fe-b5c2eb6b7751'),(1573,42,21,'f34a9ef2-c8e3-49ae-b632-6a859a2711b5'),(1574,41,81,'7b47758c-d850-44de-b9c4-c87ce98b76cd'),(1575,41,82,'c79c8cfa-122d-4be2-abc4-7ee490fef703'),(1576,41,83,'9a3defbb-97da-47be-9ad5-8cb26a168465'),(1577,41,84,'29fdd665-6f12-43a3-8bbb-4e358daae55d'),(1578,42,22,'8bb1cd0b-1579-46f7-b068-03a202a43327'),(1579,41,85,'27837d91-566c-45b4-ab7d-e6f3164be5d5'),(1580,41,86,'4d5ca4e8-6b2f-40b7-bf1a-eb203dd2769c'),(1581,42,23,'bd08de38-ce81-46d0-8bc5-59a624f5d6f7'),(1582,41,87,'fbab81e5-9d08-42dc-a948-09769f9340ae'),(1583,41,88,'a9107643-e215-4921-9b01-ef99ff5da281'),(1584,42,24,'a52449c2-cbb5-42f6-bbba-b2a60ce48cf3'),(1585,41,89,'2205fd8b-23a2-417f-aa86-f3870c96297c'),(1586,42,25,'c5668ecd-618b-44ce-ae55-b7e62e098c36'),(1587,41,90,'3da83584-df98-4bdd-864c-49509a31ea44'),(1588,42,26,'5cb0c8cc-dc63-4dd5-9376-c6259836b490'),(1589,41,91,'cd17d2ce-03db-4bb9-b7ee-0fb16d0df4a8'),(1590,42,27,'eeede00f-ccbb-44d8-af2d-1dcb21bcf975'),(1591,41,92,'4f86d91e-797a-45ef-9f12-6c04c871e57b'),(1592,42,28,'7ac0c94d-c907-483a-ae8d-2a13d127dcb0'),(1593,41,93,'73d466dc-c899-4a59-9a1e-0cdab4291afe'),(1594,42,29,'3f4b7270-0e66-4e2f-b2bd-658e163e88b3'),(1595,41,94,'819c38fc-6f7d-4172-a3df-607749382008'),(1596,42,30,'2ad6b422-d79d-4a80-bd59-9284eab35628'),(1597,41,95,'c782de82-9ffe-450f-bec1-3e85fe32232d'),(1598,42,31,'076860f4-2d99-439a-8507-c2c9422dc12c'),(1599,41,96,'09d03c5b-4ca6-4e74-a88b-841189312b37'),(1600,41,97,'b3b89997-0752-414e-9124-f36635674d71'),(1601,42,32,'3f114806-8365-49ab-b531-8ac969e4cb9d'),(1602,41,98,'13b0a562-cf37-46d2-810b-91e47d5a3c58'),(1603,41,99,'b22bbbf8-8979-4882-ad0c-b3a75e0e37c5'),(1604,42,33,'e152f23d-62c8-4f37-99cc-bf139acee217'),(1605,41,100,'63fda74b-acf0-4bec-85f6-56aac7118f7f'),(1606,42,34,'726ae72c-9a7f-4206-80fe-64e5d861d2e0'),(1607,41,101,'0bd3a181-054c-4f7b-b6b0-0c3dc7e8c1a1'),(1608,42,35,'942afdbf-6e5c-4758-b1cc-c42c6a00393a'),(1609,41,102,'58e117b0-6c18-4c2f-9637-935e7cdd4ce6'),(1610,42,36,'95e91f67-b008-4318-91c8-5ae15e37be61'),(1611,41,103,'23956fad-ea49-4e78-b71c-1e1ef2db5cd5'),(1612,42,37,'be3a50bd-1c32-4859-bc95-1ea57dc629fc'),(1613,41,104,'87c2b921-42a8-48e9-b2ce-3756ecc7a7fb'),(1614,42,38,'325a4c12-8b56-4439-8637-5262c0f54628'),(1615,41,105,'57fc92f7-bb6b-4333-99d3-734712caad25'),(1616,42,39,'32a6ab11-3622-4c61-a2b7-1f910bfc637a'),(1617,41,106,'80195a80-fa1b-4758-ac7c-3b44f0424393'),(1618,42,40,'8669057e-c9ff-471c-803a-1a853d6dc4d2'),(1619,41,107,'cdc4169d-2816-4626-bb04-ee9acbe895d9'),(1620,42,41,'3b204767-19ef-4221-a759-42950061bec9'),(1621,41,108,'994e1b3f-4351-45f4-b9a3-be1911a9c707'),(1622,41,109,'82d6aa75-dee4-4e75-9aa8-b1de97a584d4'),(1623,42,42,'d0494cc0-5d1c-4679-aebb-bb634b5b5930'),(1624,41,110,'0347046b-f64b-43fc-b54b-27f387a56e37'),(1625,41,111,'f76bb3b7-708c-4bcd-9262-1929d7f73427'),(1626,42,43,'e8ef2b52-3e87-4b4f-8933-2bddde4404f4'),(1627,41,112,'71a6bf8b-d9b7-4118-b941-35a31fb8891c'),(1628,41,113,'123b644d-e67a-4cb7-ae45-c36ec1b2d760'),(1629,42,44,'79f92514-ef40-4534-b9be-8b5819ab1796'),(1630,41,114,'5f341da4-0679-4b2a-81cc-410f4d9993e7'),(1631,41,115,'67117d10-e92f-4c82-a519-0231a8b7cca2'),(1632,42,45,'e3bc952a-63fb-4d4b-90e2-e1930fece6e6'),(1633,41,116,'f5eef6bc-5cf5-48a7-a7d8-eee2fcccc81a'),(1634,41,117,'e12d6d1b-560b-4d79-ba8b-d9fadf733e97'),(1635,42,46,'8de23d68-f1cf-46b7-8d2b-3cbba5254238'),(1636,41,118,'110478a8-fe06-4374-b1a4-d7ad9dbf2865'),(1637,41,119,'3e706a3e-cfa2-4ec0-bbc1-ee3c36768d21'),(1638,42,47,'9f13aee8-dbd6-4674-bc13-ed77581d761e'),(1639,41,120,'0d5bd5a4-a146-49f4-af55-463185aa98cb'),(1640,41,121,'3b08ef02-eb8e-4291-8902-be973693f217'),(1641,42,48,'4bf5ad71-ab2e-4e59-9382-75a6e4d95381'),(1642,41,122,'89800a0c-24da-4382-b7c4-66e22a4f0940'),(1643,41,123,'41826024-0543-43cf-bec5-185acf901d4b'),(1644,42,49,'3a754785-fb1f-462a-b402-4307e1f26f8a'),(1645,41,124,'25d081a9-74e0-48ec-8584-7013f69be6ff'),(1646,41,125,'137d4f9f-767b-40d4-9b85-0043e22329ff'),(1647,42,50,'cb97d645-0a5e-4cb1-9156-00106ca48c0f'),(1648,41,126,'c68b9ca6-e85e-4296-a428-1ec873a4827d'),(1649,41,127,'b7c35b6a-6a99-4edf-a782-2e76ed21a4d4'),(1650,42,51,'69654dde-b89f-416b-a152-8b895be54851'),(1651,41,128,'904ae8b3-59b9-4b4a-9d1e-209a812db1df'),(1652,41,129,'05c2749a-17c9-4d56-b33f-d02b5c864d8e'),(1653,42,52,'98988f82-6334-45af-9966-b545fd34c24f'),(1654,41,130,'b2695619-e9f4-407b-a2ad-e9e0deff3ec3'),(1655,41,131,'b50640a6-32a2-4583-bb64-bf9d63203ca7'),(1656,42,53,'e285cb82-2459-4e4c-8c8b-0d2f6411ea42'),(1657,41,132,'1328498a-9c4f-4ccb-9f39-98104db6b75c'),(1658,41,133,'806d8b7d-b181-461d-91db-80aff8676ac9'),(1659,42,54,'6766678c-f731-415b-9b56-0d6a5836869f'),(1660,41,134,'c962da3f-63f2-4f20-880d-d9fc5c12f2c0'),(1661,41,135,'a13c42df-f106-4198-bedf-d4370003dd42'),(1662,42,55,'4b0d91da-a435-4f0c-9857-2cf1883317ad'),(1663,41,136,'844c992c-aeed-48dd-9c03-618cbbc7229e'),(1664,41,137,'ff30b329-8dea-4c3f-bc98-5a07fce7547d'),(1665,42,56,'79e7ee73-b412-4401-9d08-8893f73b1af3'),(1666,41,138,'b330a8e5-ee67-4b44-a8e1-4310eb3d45af'),(1667,42,57,'757fdc99-682b-4596-8d00-545694a78c49'),(1668,41,139,'e90cbc1d-ee38-4202-9cf0-2082a15d5166'),(1669,41,140,'43dea3c6-e2a1-4627-873a-e193e79cde2d'),(1670,42,58,'900fc64d-e4cb-4960-b58d-6808ffea285e'),(1671,41,141,'2cd48c10-823c-4033-b972-ace91b398a2c'),(1672,41,142,'ca19d410-b056-4df9-b396-ca9f203c583c'),(1673,42,59,'42a387da-d4f5-46fc-b6a4-e534b4511bbd'),(1674,41,143,'123e650a-31f3-458f-af49-a5f9edab8644'),(1675,41,144,'89df456b-82f4-4096-abd2-733cf126c972'),(1676,42,60,'839652d9-9ba3-40d9-9721-b1cfbf8fff82'),(1677,41,145,'f696e781-e99a-4dd6-a787-f4d6e28428c3'),(1678,42,61,'39335068-fce0-46d7-9f8a-6f1ded780466'),(1679,41,146,'ad4c6c56-7344-4818-a5f8-2b69cf915f5c'),(1680,42,62,'79552637-b485-45b8-bf7d-b39c5a7bdcd9'),(1681,41,147,'03898e2c-5ca2-472d-817f-452ab3e5e6f9'),(1682,42,63,'fdce877a-e70c-48ef-8f58-5500f67b9582'),(1683,41,148,'071e6389-6c1f-4bb0-b197-76e9b16110cd'),(1684,42,64,'a1d88c42-b100-40ed-b6d7-0a9301ef30cb'),(1685,41,149,'68365e0b-cbfa-451d-9464-324dc42867d0'),(1686,42,65,'8116e39e-2efd-4978-8e64-c0140ebf931f'),(1687,41,150,'da77b4b5-5ca6-4cb5-9d19-0ff3fb6bb0db'),(1688,42,66,'cdaf5255-39cc-42b4-82c7-25d2f1bac65c'),(1689,41,151,'50743bc9-9688-4361-963a-cd6071d2f75b'),(1690,41,152,'09ec59b7-5427-479d-bd8e-9cb7721d6904'),(1691,42,67,'b0cf64fa-e6d5-469a-a33c-23b09dbc45af'),(1692,41,153,'59dcc9f6-364a-43a6-b507-b5ab861ecef8'),(1693,41,154,'e0a4e0aa-ad11-4956-80d0-0c93c5e776d4'),(1694,42,68,'f497b7ab-baec-4a6e-adac-e5318f513310'),(1695,41,155,'7b709cd8-3884-459b-814e-8d1aff1affe1'),(1696,41,156,'032d2aa8-dc56-4300-9951-5eb341fccf67'),(1697,42,69,'7a953f4c-317a-4800-8f2d-137dd5dcc506'),(1698,41,157,'c60d19b1-f640-4d37-b4c2-0748009cfea7'),(1699,41,158,'6a084cf3-04a9-4c15-8afc-272cc64a8140'),(1700,42,70,'aa7ce3af-9130-4f8b-83dc-41515cb6e5fc'),(1701,41,159,'a0d9df1c-657d-4b5d-b6c2-325f165b30e6'),(1702,41,160,'11248e57-fdfe-415d-b920-c58deda001b0'),(1703,42,71,'29f0ae50-3e9b-4b00-9207-5bad22015121'),(1704,41,161,'1ec4dfae-07fc-4ae2-a51d-1a877e01d751'),(1705,41,162,'c0b48742-dd95-4c3f-932d-12b6633529a8'),(1706,42,72,'22800830-ae93-4af4-bb89-067060c285e0'),(1707,41,163,'0444eb2e-1f8a-4dac-8637-e17a1f011b07'),(1708,41,164,'96bc5178-80a2-417b-a8ec-b62db57feefd'),(1709,42,73,'58891141-e032-4e75-8ca5-e33a7b1c934e'),(1710,41,165,'be1c2eef-3f85-4b07-9d58-e5abd140d3ad'),(1711,41,166,'1f66f790-0b83-4c31-a3ce-51246dbd81bb'),(1712,42,74,'bf6ba66e-90c0-4fec-b201-c5c0f56673bf'),(1713,41,167,'5eae09d3-2393-4b7b-842c-dcfc15362591'),(1714,41,168,'af925217-5675-41b9-bbdc-bfd050db980c'),(1715,42,75,'9a0d5d8f-0375-444a-aeb5-a53649280838'),(1716,41,169,'54820eb7-3ad8-4af3-9553-cf9f8f419d0d'),(1717,41,170,'6025d2b0-3165-4580-b55e-839c9af91bee'),(1718,42,76,'fd40f2b1-dae4-4857-b3c4-783978d8ce66'),(1719,41,171,'cbd79ef4-f327-42b2-9a62-f33d5d216d16'),(1720,41,172,'59a661b4-31eb-40fa-991b-ef7881f5982d'),(1721,42,77,'3d4610e9-5c5b-4bf9-9433-1012d264484b'),(1722,41,173,'00ca5f72-a87d-441c-8bd2-eb1bd540e1ae'),(1723,41,174,'7f925c66-41b4-4c65-ab23-b89a9568a533'),(1724,42,78,'30d02c5e-9739-4be2-80df-67a3119cbba6'),(1725,41,175,'38115ae3-cb73-49f9-8d2b-c7105055fce1'),(1726,41,176,'3508203a-2a82-4705-8f10-58d0941f9cf1'),(1727,42,79,'a837b935-0061-4201-aa79-217cd3394334'),(1728,41,177,'ecd2b9bd-e647-4800-a58d-d56e9769d731'),(1729,41,178,'885453af-eb9f-45ea-adfe-a43cc2879800'),(1730,42,80,'cc54436c-3a34-40b9-8baf-bf46b4d1ce83'),(1731,41,179,'310263dd-c499-4a04-a6aa-845a9744419c'),(1732,42,81,'c4f38ac1-b47c-4f8c-8cc0-9166f605551d'),(1733,41,180,'fc7204de-9c47-4500-beb2-43c12a27cec7'),(1734,42,82,'db78e054-12c9-4fd2-97d4-929154150179'),(1735,41,181,'a5b40295-e467-4f49-a8bb-704dd11b2770'),(1736,42,83,'77f39c66-661d-440f-8b7e-8b723b57865a'),(1737,41,182,'da31aa7b-7d05-43ed-b136-fbe8b8e9697a'),(1738,42,84,'0b88de2c-71ef-441b-8099-3b6d6b34d869'),(1739,41,183,'1facf94a-c7d9-4735-b904-640048d3032d'),(1740,41,184,'51d742b8-c32a-49d1-a6e7-4d2df89bd5be'),(1741,42,85,'9c3ec908-97da-4a55-baeb-2f8d894dbce9'),(1742,41,185,'c6370c73-bd96-4024-8430-db1c9da19f7d'),(1743,41,186,'81cce067-436e-4a68-bced-48183f6ac4f5'),(1744,42,86,'e4e29f3c-618c-4dfa-b415-2bf4af3e958d'),(1745,41,187,'8462ba69-f1b5-4b19-b42d-51e04c28de90'),(1746,42,87,'c9a7c14f-6b49-4acb-b206-4c3b062c5ca6'),(1747,41,188,'2451591c-a27f-4e21-843f-989dd588a4b2'),(1748,41,189,'3a794136-2a8f-4d8d-87fc-17274178ba40'),(1749,42,88,'26496690-e722-445f-9bb6-008a279d8b4c'),(1750,41,190,'3332b406-2ec1-42da-b6e7-bdca81619f18'),(1751,41,191,'26d9696e-b1af-4f64-b0b4-d80b7c8c8395'),(1752,42,89,'fbe4d7bd-9aa4-40d6-9fec-073bd65ada4f'),(1753,41,192,'9d114a23-2f01-4d38-bfb5-b008a6b105f4'),(1754,41,193,'7db193a9-d643-47b7-91b7-13aa2fd65644'),(1755,42,90,'49b7b644-4efb-4fa2-bc7c-4977939ce44e'),(1756,41,194,'4548906c-110b-457a-a6f1-a1905bebcf53'),(1757,41,195,'1a8f610c-8d49-4803-8c07-a799015e6b30'),(1758,42,91,'bba504ba-8a54-4ad0-9eb1-8cede3057515'),(1759,41,196,'d76ce769-ac7a-4722-862d-80bba61559c2'),(1760,42,92,'57f3ed8a-8674-485f-808d-1b47039fe5b4'),(1761,41,197,'9ee6609e-bb5d-4c99-bed5-743902745709'),(1762,42,93,'86a36f7e-317b-4d3a-886e-897817deeb92'),(1763,41,198,'fe74eaec-fac0-478a-ae38-6c8586323274'),(1764,42,94,'c0bffe31-fd2d-4fea-af91-2ed86352daf8'),(1765,41,199,'8452e2e2-aba4-4131-80f1-a1376cbbb43f'),(1766,42,95,'c3d9a624-4477-488e-9c2f-f110f37c751c'),(1767,41,200,'2f5b0ad9-6940-41d8-ac6e-d58c597b2421'),(1768,42,96,'bf985ea0-54e7-48ce-81cc-8a7dfb2408df'),(1769,41,201,'45dc62d2-5488-4bd7-a425-08748991bc52'),(1770,42,97,'3389149c-7b82-4919-91e9-f18e7f08cd0e'),(1771,41,202,'68f57dab-ebb7-47fb-bd49-f11cddaf42f6'),(1772,42,98,'722b07f8-b434-4795-a72f-59e339ffa0e0'),(1773,41,203,'7e843291-c53e-491f-8b82-d5c944d78cef'),(1774,42,99,'d8331689-c77b-4156-8b60-4afbf8efbebf'),(1775,41,204,'4389f619-9e28-4ebf-91a9-369d88b63874'),(1776,42,100,'54f437bb-ef45-4c7b-866d-b5ac68d47754'),(1777,41,205,'9ed8d1b4-3555-43ff-8cb2-20fb91835e76'),(1778,42,101,'9f96622a-d226-4386-8177-20db40f13dd8'),(1779,41,206,'503438c8-be78-41f6-8151-f4a5a27cd608'),(1780,42,102,'72858fd7-6c76-4639-808f-7042d1bb225a'),(1781,41,207,'a30d4138-2d7c-40ac-9945-2f584ccd6fb6'),(1782,42,103,'0245175b-16d1-4e65-854f-b5a5c9586c1b'),(1783,41,208,'49fa3912-4adf-4c30-8cb2-db74c05549c6'),(1784,42,104,'e88ffd53-61b2-48ad-8a87-75555a42eb8c'),(1785,41,209,'8f7be3b9-2aa0-403a-82ff-8e87ce014f35'),(1786,42,105,'862c0920-8fc9-420a-ab0d-2426ab6e0400'),(1787,41,210,'3444ea34-2a98-4c2c-8eb1-d3ef510250c9'),(1788,42,106,'37d90a55-87f6-41e2-9065-01547bfb2c19'),(1789,41,211,'e036fd7b-71ae-428b-b822-0c861189ed58'),(1790,42,107,'88e0ec73-53ab-43c5-995d-6def383dff11'),(1791,41,212,'09b85601-6697-4ab6-9761-24eee8cdac22'),(1792,42,108,'8568fd73-88e4-4347-891d-a23a662ce7a3'),(1793,41,213,'11393709-f319-4493-bae7-78fdeb847410'),(1794,42,109,'9726d9b0-e2ad-4609-8418-1411ee01f9a7'),(1795,41,214,'01ea30cd-13ff-48a5-bae5-a22967823b26'),(1796,42,110,'641a3d30-de83-4fb4-9426-752fd6d14913'),(1797,41,215,'838329e4-21f8-42ea-99c2-f95a3df5b743'),(1798,42,111,'d14ccdaa-7331-419b-bf3c-570f163dcd9a'),(1799,41,216,'a58cead3-11b4-483f-a5a3-07c88d90439f'),(1800,42,112,'00d143fb-d895-4a80-86f7-9adc2aaea7ab'),(1801,41,217,'e825f28c-b29f-44b5-a2cf-ad199a524ac3'),(1802,42,113,'42514437-e4e8-45aa-8e4c-99e54884a735'),(1803,41,218,'d37f5c48-ad7b-40cd-a6a3-fd4d2cb59e7b'),(1804,42,114,'4afaa127-651b-48b4-86ee-6be81ba18783'),(1805,41,219,'e2c68fcc-42f1-474b-8289-3bc186560868'),(1806,42,115,'d48a91c1-10fb-4ade-a007-a9bf344bbf74'),(1807,41,220,'f5d5d0c1-7e0c-48c4-81a6-9909c8571575'),(1808,42,116,'2ae388eb-273c-4cb1-bb8e-ed246cc396eb'),(1809,41,221,'e65f6dff-0fc1-4619-957f-89d3145956b0'),(1810,41,222,'aae9a786-44a5-417c-bd16-d6275c724a47'),(1811,30,1,'23241407-d1df-4964-babf-f09553329288'),(1812,30,2,'d21c10c1-5e1a-45c4-a109-49fc30f03a1d'),(1813,30,3,'0cdf6ecf-04a0-4aa9-a45e-08d3b9a7ee49'),(1814,30,4,'ca875ba9-af37-49bd-b65c-d54005f5dc1d'),(1815,30,5,'2692cdfc-33cb-48f3-9ee9-f41adb3aa27e'),(1816,94,1,'17f9fb94-5ded-418d-8458-5ae1086e5835'),(1817,101,1,'4dc63270-f694-4f56-8b24-2909677deeb5'),(1818,100,1,'59c83f89-f2a4-42a0-8135-852bb87730c6'),(1819,98,1,'93d98d98-460d-4d1e-9ff8-06bd52a971c7'),(1820,98,2,'a5e9c0c8-0d79-437b-bfc0-47a084f1847d'),(1821,98,3,'2a2157d1-c570-436c-ab83-1a11eb9d1112'),(1822,98,4,'c9f8ab2c-7aa0-473a-ab1f-1bdead3ae322'),(1823,100,2,'72e05dd5-dc70-4183-9a26-02f8ba4686cc'),(1824,99,1,'6d9d9a79-c31f-4c5d-afb8-3bed2888175b'),(1825,99,2,'0186c079-51fa-429e-b66a-4c89a6c94fca'),(1826,99,3,'97e20ba6-51a7-4865-a358-a02d97afd4ba'),(1827,99,4,'0c2b551c-ef2e-4ae4-8924-2bda492356e6'),(1828,100,3,'a2e10082-5034-4e2f-ac34-9badff920e37'),(1829,99,5,'af497044-d510-434f-81ca-0969e10d61df'),(1830,99,6,'812bcfe8-0cc4-4935-a46b-1593f958eb21'),(1831,99,7,'dc768d0b-4a10-4149-bbfb-442140113f59'),(1832,99,8,'bc42472a-0441-4ece-81a7-c08e895c52c3'),(1833,101,2,'46f56504-eeff-406e-bdc5-5e0adf91c6a5'),(1834,100,4,'71481ad2-d62e-4cd6-8ea4-701ece9016ab'),(1835,98,5,'ad2f2cfd-405e-4925-a23b-47ecc789942b'),(1836,98,6,'c361a9a2-c5c9-4b5a-ae53-9b41bfdecead'),(1837,98,7,'b625b317-0c69-403c-91ca-4379d2c22daa'),(1838,98,8,'ac35d743-fc25-4f86-8631-e3ca405e57fb'),(1839,100,5,'20ef0960-aa9c-48f1-b54b-958ae9a39d78'),(1840,99,9,'d248888b-f93a-4aa4-b4ba-fbf41ac27303'),(1841,99,10,'f0ae922e-d6c7-457d-aca4-6f7effbc5acc'),(1842,99,11,'a3f752d0-bc8b-4d06-9089-84234a0e9b85'),(1843,99,12,'9f978df3-2b9f-4a3a-a0b9-6a4bb6315a1f'),(1844,100,6,'869b1db6-39d3-4b4a-b7c6-c9f75220166b'),(1845,99,13,'33d3c1af-347c-4d2d-9fe0-4b52623d4e48'),(1846,99,14,'7b74c8dd-200d-4241-a769-b222f0c3a939'),(1847,99,15,'0dd2e333-932f-4297-8539-cca9a5c01fb3'),(1848,99,16,'f37624c5-4ac9-4d2b-8693-fabb6c3d06eb'),(1849,101,3,'0cfad325-76c8-412b-a7cc-09d500748cf3'),(1850,100,7,'2333f7be-725a-4b99-9fb8-d2bc5ab9b444'),(1851,98,9,'519b01a4-6b43-41b5-a278-4030c0b49d1c'),(1852,98,10,'79bd3e78-de57-452c-9f30-1b282fe3d148'),(1853,98,11,'3fd14366-589a-4544-a84d-06f749f9022e'),(1854,98,12,'4226f45f-ec07-4709-ac09-3b6cac6e7fcf'),(1855,100,8,'e4721759-2269-49d7-9cee-8ec8b8ae7111'),(1856,99,17,'1f586daa-4eb3-4720-ab97-4ad2c3085120'),(1857,99,18,'2afd877b-1ed3-422c-ae3c-72f9e45aa56f'),(1858,99,19,'d741eefe-7bbc-42c1-9ba5-ecfcb637d03e'),(1859,99,20,'75b881f5-8ebd-4dc0-8945-935651917385'),(1860,101,4,'8981655c-fc3e-4869-8ef0-594543fa6105'),(1861,100,9,'d935f3a7-ea9f-4dcf-8dcf-6cd282d777e3'),(1862,98,13,'efdff546-b3f4-40cc-991f-e7e0bed297bd'),(1863,98,14,'1a9bec1f-85e4-4a19-92bb-61531c86fb08'),(1864,98,15,'748fb072-4f58-4ad4-8152-273ba3ff494d'),(1865,98,16,'e0e58f32-2848-4787-b203-51c0d1641dd6'),(1866,100,10,'c8fd74ba-a43b-4c81-8cfb-26806c74a1e8'),(1867,99,21,'c6ee0cb3-dbff-47ad-92c7-ebd66bf5e7ce'),(1868,99,22,'67aa7936-02a7-4a02-b732-0bb39ea8fb0d'),(1869,99,23,'0ed2a6da-5037-4001-9e41-9f425b93263d'),(1870,99,24,'f4f2431e-303d-4d0c-b88e-a186ee150cc0'),(1871,100,11,'622fde94-8181-41a4-a222-d4f621252aa7'),(1872,99,25,'c7fc0d46-15fd-480f-87fd-bc46ad2ab954'),(1873,99,26,'2aca3392-077b-4058-9a61-e6b35facea8a'),(1874,99,27,'12487432-c373-4807-9fd1-6f077a31c6ac'),(1875,99,28,'1d4df263-49fd-4112-9639-fbfa361b716c'),(1876,100,12,'27f1e993-31d6-4676-8e48-25eceb76d0af'),(1877,99,29,'13f74981-d159-434c-8fe7-03c4acd2d826'),(1878,99,30,'3eb68a7e-eb22-4444-8d87-b8c87be8958b'),(1879,99,31,'1b6cf84c-bd2f-4ac5-bf46-b5fd76317074'),(1880,99,32,'18557a3d-b184-4d72-849e-8c780dcc3d02'),(1881,101,5,'60ec0911-f888-4dd8-bc42-3d0f30c49736'),(1882,100,13,'1a3d2c9b-0592-410d-a82a-8d6012ed5754'),(1883,98,17,'7b49e11d-d46a-4e01-bc32-1f6a9178afe3'),(1884,98,18,'b57b9be7-14fa-4b25-893c-47d68f2289a3'),(1885,98,19,'193354af-43b6-4ee9-9595-e93728e89531'),(1886,98,20,'aa9cb8cd-3ca7-4afe-abfa-1cb0e653765b'),(1887,100,14,'6a3fc344-8408-4cf2-a3b8-fd4495b3f427'),(1888,99,33,'c27a0e6b-421b-42c5-b9d8-e47b2ec134c7'),(1889,99,34,'4f28a0d4-b3b6-4223-9797-b1108190278e'),(1890,101,6,'01e3b59b-496b-4462-94af-eb10525a622a'),(1891,100,15,'9e2e078e-30bb-4370-b330-8177a7b066bb'),(1892,98,21,'8530a160-cd06-4dbf-897b-4adbc8dc7f89'),(1893,98,22,'5d0a335f-bb6d-4d46-9ea3-21e570981781'),(1894,98,23,'f4861dab-6026-42b8-8aca-fbc9291a0043'),(1895,98,24,'3f8aa7ee-9ee8-4497-b1e0-e28fce81f9fe'),(1896,100,16,'42f1f27d-376e-4ae8-b5c2-cce386a7a9ca'),(1897,99,35,'7f11418d-9659-4a4a-a0fb-23187e52ab62'),(1898,99,36,'fa45003b-f867-4eb7-9486-5e18361ab111'),(1899,100,17,'654df005-8a1b-4db9-b5c6-c4ae999e194a'),(1900,99,37,'4228fc15-3351-49ee-94c9-b6e4eee53a88'),(1901,99,38,'0ac099d3-d0eb-42b0-974e-33b41e5adc21'),(1902,99,39,'7d7c54ab-bad3-44ba-8632-2ced688c72fa'),(1903,99,40,'52ef007e-a059-4ce0-a6d8-38812b0b459f'),(1904,101,7,'55bbb3d3-5f67-4563-9c4c-8164553d1fad'),(1905,100,18,'2db28326-e352-4316-803f-6b335ffd0780'),(1906,98,25,'f35081b3-13b7-42c8-bcec-0b616ee69281'),(1907,98,26,'d0fbf31a-94de-45df-9e23-19b6552592ff'),(1908,98,27,'dbcff80e-47cf-4e94-b6a0-54d19ae4c851'),(1909,98,28,'dc45f364-a0f0-410a-b404-77335c9a8c38'),(1910,100,19,'a71c079f-b295-4b59-81f8-833cf6b3dc8a'),(1911,99,41,'441910d3-570b-49fe-93f1-198b3480cefd'),(1912,101,8,'d04a499b-86f8-4620-bdc3-4fa8f56e4421'),(1913,100,20,'7c071900-c8ac-4eff-83e7-adb09e0ed88f'),(1914,98,29,'d0bd63e8-f6a3-472a-afbe-d55b7e4194b0'),(1915,98,30,'35adf4d3-3a1b-4036-8deb-58b1526eaf97'),(1916,98,31,'28adaa3e-c402-4e6a-90a7-cada59f7d471'),(1917,98,32,'be883a64-f7ff-4d1b-9835-e62054dd767a'),(1918,100,21,'036d4960-58c3-41cc-97e8-017121bd6693'),(1919,99,42,'8e43c23b-71ed-4f40-9c9a-ca2dcb2511eb'),(1920,101,9,'9a997c2b-f170-42ed-a840-db63dcc12304'),(1921,100,22,'e0e082fc-a6f4-412d-94d4-d69ee44c26a7'),(1922,98,33,'93df6387-3417-43de-82ba-d7049e86eb9e'),(1923,98,34,'ac4dc064-54d3-45c9-9153-cf416da2169d'),(1924,98,35,'a6972d3b-c6dc-4391-a189-0932bfc5a765'),(1925,98,36,'9a2f0668-04d3-4ca1-b219-b3e2b36c6d71'),(1926,100,23,'d6f5b4fd-9d38-4986-86bd-1c7e6fa659b6'),(1927,99,43,'2bb78b1a-5f99-4757-baaa-16db2acea477'),(1928,100,24,'ce5a4b44-5747-418d-adf3-d1be928b7335'),(1929,99,44,'01f7c653-67ab-4669-88d9-a6a46abe4a19'),(1930,99,45,'f12366a5-a8e4-4061-8dfc-6a11f4375ce1'),(1931,99,46,'4ce7b191-f182-4485-878f-f561155a9cf2'),(1932,99,47,'5eb8a1fe-26eb-4863-a736-aa09bb50881b'),(1933,101,10,'9d0277cb-60e2-4131-9601-4ae9df98de2d'),(1934,100,25,'d0cdac89-3300-4bd0-ae0b-eff068b4472b'),(1935,98,37,'b1790c47-5f21-400a-8b49-6fc95d836e68'),(1936,100,26,'663e9431-418d-4378-b627-b607b6c66c52'),(1937,99,48,'10be1dd2-d3f9-4305-b8e8-ada5f626dbd9'),(1938,101,11,'3ab0a073-08d7-42e5-a652-51b8d685d29a'),(1939,100,27,'9f608171-64d2-4f8e-ab71-a9fd30ed14c2'),(1940,98,38,'9aa928bc-3a1a-48af-b1e8-dec9db9e34ad'),(1941,98,39,'3ca40937-f152-4307-981e-154c2917eeb5'),(1942,98,40,'3276b2d3-e3aa-4ff7-86dc-d6219c8386f2'),(1943,98,41,'3eed1b46-0f23-4096-bbf2-2d4e24512175'),(1944,100,28,'73357582-37ea-4edc-ae8f-c3a414f3e8dc'),(1945,99,49,'eb5834a8-50d9-41a7-9345-606138c75037'),(1946,100,29,'04769c5b-3dbe-4c29-9112-9cc38cc7dfeb'),(1947,99,50,'e7569203-baf3-4010-b9b7-91b1adda8abc'),(1948,99,51,'a0f49c89-6a8b-4291-8eec-eb3cb946294f'),(1949,99,52,'4baa050d-bc8e-467c-9e0e-0f88c7446b3d'),(1950,99,53,'2b879253-b0f6-4024-b2f6-aac4b0c3dc3d'),(1951,101,12,'1e960903-106a-40ac-bf72-10fb57d013ed'),(1952,100,30,'0dd47d59-520d-4a35-afc5-99a82a2dc348'),(1953,98,42,'329425b2-77b9-4430-93cd-bfa3a5502f73'),(1954,100,31,'b583883d-deb8-41a3-8d25-6b91edaa5764'),(1955,99,54,'32c2ca6b-ee97-45d4-8427-2b4f3ad7efbf'),(1956,100,32,'473cc603-00da-40d4-b650-7d36c61161cd'),(1957,99,55,'1c0b1fc8-4358-4cbc-8713-37a6f59894a4'),(1958,99,56,'09536e2b-04b7-465d-8fc6-d57a149ac4ec'),(1959,99,57,'dfab5c0f-5285-4b1c-9d17-154efc99cfee'),(1960,99,58,'36de2443-54e6-4918-9759-72293cb5e852'),(1961,100,33,'62db562d-76d6-4c52-8397-4523a18343ce'),(1962,99,59,'66793d24-dc92-4797-acc5-96a71ab886b0'),(1963,99,60,'9c8c53d4-5b83-4375-a1d6-0bd462516595'),(1964,99,61,'7790dbfd-9091-4507-97ff-5dcfe58ab013'),(1965,99,62,'56b3b7fe-ea4d-4059-8b39-c5cec3f9011f'),(1966,101,13,'84618227-baaf-4524-8a5e-e30173a54cfe'),(1967,100,34,'42e3cfcb-0d18-4b86-bab1-a3d0aa2b57f1'),(1968,98,43,'21886b39-aa84-49e4-8329-ed5004abc99f'),(1969,100,35,'4ce1aeca-07c9-48ea-b67c-f37d728a378e'),(1970,99,63,'8c6abf21-7127-4da0-a3cd-ea1ed6eaad1a'),(1971,101,14,'3ef4698b-c2e0-4c37-ac79-7aa5ab202506'),(1972,100,36,'d40eee86-cc0d-4a92-a303-db150b4cbb7d'),(1973,98,44,'a7667812-dc81-4dcc-9f0b-dd26f9086a6d'),(1974,98,45,'06ad1d6b-09be-4a69-bca2-693fdb30f6f2'),(1975,100,37,'e8c63b7a-9417-4a29-977e-32e174054b2f'),(1976,99,64,'724c100a-a5f5-435a-a858-c8aecd7229b0'),(1977,99,65,'e4f8dc0c-f5ea-4d57-8cfb-1ffdb13608cc'),(1978,100,38,'f124e112-a6be-46d8-aad7-43354e318129'),(1979,99,66,'3d0be829-b65c-44bb-82a6-de7efd7d3401'),(1980,99,67,'96d77340-3100-4aa2-93ad-c2f13f6beecb'),(1981,100,39,'a7212e39-f6de-42de-98a5-d1e6d6b5b7bf'),(1982,99,68,'dad1600d-8775-406a-aa50-e7feb1f4b36e'),(1983,99,69,'06652b98-50e3-4870-a229-25d60ab41077'),(1984,101,15,'5e6e885e-dee6-41b1-a611-ba88ef6632af'),(1985,100,40,'3460ee86-7e6e-40b6-aaf0-def6f0dac133'),(1986,98,46,'558f5ef9-91b8-42ad-b42e-f2f319b4c282'),(1987,100,41,'a8a6a91c-03ae-424e-84ab-d06962bb22cf'),(1988,99,70,'4e4a6859-838e-4017-bc51-6e6286225dfd'),(1989,101,16,'ee31d5c2-a91b-4a9f-be49-76b861707110'),(1990,100,42,'173925b2-9499-4ed2-818a-58f96ada28a8'),(1991,98,47,'2fb59cca-121a-4f44-9c8b-6d32a3ad5689'),(1992,98,48,'cc89c4c2-7479-4556-a334-b9bafdb04e04'),(1993,100,43,'306751ac-0ad6-4438-bef4-7c132cf29220'),(1994,99,71,'df3d3414-f5f1-4aba-9c57-546386ab81aa'),(1995,99,72,'33a00b0a-033f-4b0d-8ca9-5cfe28cfa6eb'),(1996,100,44,'c492597c-34fb-4421-ac08-4ea007f64013'),(1997,99,73,'966f1007-06c5-4877-969b-16e2960fed42'),(1998,99,74,'86184881-bb88-4796-931b-548772051adb'),(1999,100,45,'adae5884-e0e0-4cdb-93d1-d087f441b8ff'),(2000,99,75,'062c792e-f901-468d-97a5-d4830ce28e1e'),(2001,99,76,'3f1eb25d-7f68-4b0c-8baa-b0b3eda3fc0b'),(2002,100,46,'a03318f2-ae59-452d-8116-1f869a794af2'),(2003,99,77,'dd3eb2ef-39b3-41a0-8796-9a9a336bd937'),(2004,99,78,'0e6ee1a5-cbb5-4d46-870f-8e3ee1365ba2'),(2005,100,47,'d77a30d6-73c0-41af-95a2-bd087dbd6f8e'),(2006,99,79,'c2c45fb2-98b1-4a6a-bcef-edad35e2e8e1'),(2007,99,80,'87dd68a6-51fd-42ab-a6ce-56dd543c264a'),(2008,100,48,'8db65395-d98a-4256-8458-f547e84647d8'),(2009,99,81,'b08d0bb6-cab9-45d1-a5fa-48a2efdc3029'),(2010,99,82,'381d1172-7c6e-4680-8b5c-fb9c53009665'),(2011,100,49,'a7ee2336-4f9b-45e6-ba2d-86729739ee6d'),(2012,99,83,'6d854693-c6f0-4501-9030-c5fc5ff8fd85'),(2013,99,84,'72fa3856-0e1a-48d5-98a4-33ae62253455'),(2014,100,50,'626c2abb-bd4f-457c-84dc-b057abaa0471'),(2015,99,85,'52779064-b425-4302-a233-ad2077901770'),(2016,101,17,'4db86c4c-1570-40bd-89ee-07517222101e'),(2017,100,51,'0e359e78-ce2e-4c48-97b4-5edc0999f295'),(2018,98,49,'8bd541b0-2855-4cfe-bb65-6284bb432d49'),(2019,98,50,'83a63571-7969-4b68-b588-3075481a0cd5'),(2020,100,52,'778414fa-6b0f-4493-a20f-b598999156a4'),(2021,99,86,'f180ec55-582b-4670-9568-2f1e0500c4e8'),(2022,99,87,'40b017fa-f0aa-4a48-928e-ed4412e6749b'),(2023,100,53,'dd416e68-9d9e-422c-bc26-4916a1f581f1'),(2024,99,88,'0449dc6e-d35b-4790-8bbd-d464edf322bf'),(2025,99,89,'24186408-4ca1-47b5-89a5-46972b0c0b3a'),(2026,101,18,'065498d2-c847-4441-b812-5ac4a1a3d98a'),(2027,100,54,'b28f6694-5ca0-4c8d-bb11-2b0a58629337'),(2028,98,51,'5ebe94c1-5eaa-4dc4-adbc-2acd13073067'),(2029,98,52,'675b3ef4-601b-4540-8a9f-42dcb579c8b1'),(2030,100,55,'026a8f6f-9b54-4e2b-8f71-3f2546547c0c'),(2031,99,90,'77afd386-a188-47d3-895b-ca392d559fac'),(2032,99,91,'c8f6a62d-a948-49b5-9083-ee0b82be08fe'),(2033,100,56,'f580eb3b-ef1d-48ff-be2f-83b0f582e865'),(2034,99,92,'0e404291-9efd-43ce-9592-260a3d85f0b2'),(2035,99,93,'6e3bbccd-361c-41ba-a65e-3877ae3fca21'),(2036,100,57,'15739741-1ded-4524-945b-b6b5af454501'),(2037,99,94,'6f18152f-7ffa-4bde-a602-c8e48849aa37'),(2038,99,95,'d9276134-61b0-4434-b59d-1c5c782f376a'),(2039,101,19,'9637815b-f304-4a72-b176-4a3698c100b1'),(2040,100,58,'6e4b416f-a808-4a7e-8289-c8b499ffdf80'),(2041,98,53,'e9bd8981-cc97-4a8b-a03d-59fc7a6839e6'),(2042,98,54,'28c05211-8b57-432a-b4ee-7e359f7ee72d'),(2043,100,59,'2c7c7c54-7a95-47eb-ad7c-0f71e77cc993'),(2044,99,96,'57bcf6af-a574-434f-ab23-99872e17b145'),(2045,99,97,'303a5b83-1779-4d45-8d64-ab6e13c9a5d4'),(2046,100,60,'78895f57-1f83-440f-a38f-fb67d110b2ef'),(2047,99,98,'cc37eb53-1aff-4da9-abb1-a28b6078646c'),(2048,99,99,'d92e5db5-7e38-46d7-a81c-1ea5410b4af1'),(2049,100,61,'390e939a-320c-4ab2-9a07-f05c6b3bd121'),(2050,99,100,'0828b7f8-3f61-44e8-b84f-be79a7655511'),(2051,99,101,'ceefe6fb-dce5-4773-872e-625bd013a2da'),(2052,100,62,'e1128283-ba2e-4b26-b4bf-177cd5b28185'),(2053,99,102,'d0b0d934-7eca-4909-8aa5-9559d0a56279'),(2054,99,103,'3a21b04a-92f0-4920-98e6-f03f42ca4ab4'),(2055,101,20,'27e2abf2-7c2b-4904-8063-3ad56315c4df'),(2056,100,63,'e32b4b50-0460-45a8-b312-cc6a70ed8546'),(2057,98,55,'e6371b60-37fc-4aca-99e1-143dc6a50bae'),(2058,98,56,'fb75c511-e703-4c95-a8cc-6907cb97fdd0'),(2059,100,64,'e8037d7c-4a6e-47da-a569-9a601787c661'),(2060,99,104,'41553b3a-6e95-4723-be86-7c60a7dd99b5'),(2061,99,105,'b56bc235-f51e-46c4-b7ca-af51702159ee'),(2062,100,65,'bef54428-cb6f-49bb-a414-6daf3ee57230'),(2063,99,106,'9c57c5e9-94fa-4f18-9fd9-d6f6e90495b1'),(2064,99,107,'299315a3-24d1-4169-a147-c8223caf2bb6'),(2065,100,66,'2e2c5bd7-89dd-4d88-92d2-d0982c23d957'),(2066,99,108,'dd239d37-6108-404c-a4de-3f8857cf55cc'),(2067,99,109,'93817dc0-060b-402f-a0e1-41b7e7a80618'),(2068,101,21,'9731ba04-fa11-4061-b060-7a45224ace02'),(2069,100,67,'2ea20dcd-f408-4877-9f72-9c5a81e2cc0f'),(2070,98,57,'46c8f5f8-7739-42b4-a0cc-3caacb381906'),(2071,98,58,'1441f461-3486-4948-82d7-7aeb1559341f'),(2072,100,68,'e2187952-6e4e-4f21-bc21-1e8dd81277c5'),(2073,99,110,'c61b694d-47a5-44a8-bd10-a36f92c3188e'),(2074,99,111,'6e96b9d9-d6fe-4727-941f-8dc18e3b9555'),(2075,100,69,'3b6d6297-e9a1-4f5b-9481-40bc2aaa6ddf'),(2076,99,112,'b0d1d058-6fee-4d85-a069-816abb5ffd24'),(2077,100,70,'724499aa-51e3-460b-b12a-3eb8eb5a8c1b'),(2078,99,113,'824f4404-aa3b-43c3-8de1-4b962efe2ad4'),(2079,101,22,'4e9ec22f-21f4-4e54-994f-028d2dec0f9b'),(2080,100,71,'3f621675-5093-4c0d-bc18-6d3c35f584b1'),(2081,98,59,'53eeef8f-f974-4431-be54-eda371c249de'),(2082,98,60,'90ceda85-5a56-46db-93b5-f6c6c518cc6f'),(2083,100,72,'6e146b4d-653d-44d2-9893-f96b453dad32'),(2084,99,114,'bf7d4ec1-4513-467e-92c0-5294a6cec749'),(2085,99,115,'1a2199c6-e623-4d7f-8a8c-36dcabbb2aad'),(2086,100,73,'afa4e825-9186-4b0f-87f4-14d401acc603'),(2087,99,116,'ce95ca0d-64fc-4a4d-a509-27347926a82f'),(2088,99,117,'24ed7575-d0de-4a8d-8b6d-dcbae884b8f3'),(2089,100,74,'c15a9ab9-2974-4a9a-a6a7-e492f874540e'),(2090,99,118,'608ec898-e685-4092-9b7e-e8654c0cb601'),(2091,99,119,'b3b5952e-fcce-454a-951e-cdbcf8eb3955'),(2092,100,75,'d8e5cef8-1c67-4a3a-9ee0-30dc3601f2a4'),(2093,99,120,'d27a30b5-d79b-49d2-8961-6017e331f723'),(2094,99,121,'32256426-a792-4f5f-b8f8-a3965ee34a98'),(2095,101,23,'21b19ae7-2132-485c-9865-d659a3d06bcc'),(2096,100,76,'3f5e8797-d23f-464c-822f-def2b28f0faa'),(2097,98,61,'284edc53-4ae1-46b0-a1f4-50969be3f13b'),(2098,98,62,'c0f7373d-58a0-475c-92fc-5ae97073fc6a'),(2099,100,77,'42e29d3d-858b-47ed-81f5-14cb11e02346'),(2100,99,122,'0f3d262f-9b8a-4138-af07-cc00c97f1c96'),(2101,99,123,'59a47f12-1bd1-4aa5-a3f1-349e10e2ba21'),(2102,100,78,'8ea4c8ad-361e-4531-a495-da1c9f3952ec'),(2103,99,124,'4bff3167-0780-4e2a-abbd-face0de6ec72'),(2104,99,125,'ac67a22d-cbda-4ea9-ac2f-0f5faf30b0dc'),(2105,101,24,'7f4f0807-21e8-462e-9a91-b8b61642bdb6'),(2106,100,79,'7d9b0b67-8707-43fa-922e-967c5500bb79'),(2107,98,63,'77f58c8b-b5ac-4530-b35c-510f4cd7176d'),(2108,100,80,'55fc7dd1-5e9b-4338-8ea2-f795bb984f30'),(2109,99,126,'996b7e49-35a4-46e2-9a74-3406d51cf751'),(2110,151,1,'c378cc21-b687-45b7-b653-4224abcebe35'),(2111,101,25,'1656fcab-c79c-4600-8be4-c297059c1651'),(2112,100,81,'59eb82b3-437c-4a70-af01-65c31c979e6d'),(2113,98,64,'cc13c8f3-e077-4c57-bf65-adb72f576516'),(2114,100,82,'5f30a7c4-b93b-45ec-86d0-cacb739d0b0e'),(2115,99,127,'95e31139-d33f-4789-8c7a-54ee6962698e'),(2116,101,26,'3a20b19e-711c-4d1a-9344-e1a347c2dfe1'),(2117,100,83,'3e50d70c-1b54-4b60-882e-a369bfd4c666'),(2118,98,65,'1cba9bed-6429-4eb5-b519-f814d89eaf16'),(2119,100,84,'83155904-d1d7-4064-bf25-14fdd85d654c'),(2120,99,128,'3171ab14-83da-4911-86b5-75836d6349dd'),(2121,101,27,'68b7f259-bbbf-44d8-96f9-72a7cab6a97c'),(2122,100,85,'77ed4925-b853-46e9-a463-98ada8f3c901'),(2123,98,66,'3525b0a8-8c2a-402a-ab8f-512237c002ed'),(2124,100,86,'34fcedb3-5b16-45cf-867c-e8987d382add'),(2125,99,129,'ae52e5c6-410e-46d8-9338-c2c7dbd2d8c6'),(2126,101,28,'0bdff53b-bbc8-47d7-86f5-ec7d082d50db'),(2127,100,87,'894e92e6-9f81-4f68-b47f-d7de00eca0d0'),(2128,98,67,'218a3a77-91d6-43f7-8c9d-f5b8cacf37fa'),(2129,100,88,'91b56692-07f1-4810-8a3f-36169b8e508e'),(2130,99,130,'ace04ea4-9c56-452c-9a4d-33a8e256dce1'),(2131,101,29,'d31228a8-2e18-4906-b4d2-c6e2caf4b3ca'),(2132,100,89,'d2d27691-d9b5-42ff-b436-527b70063d8d'),(2133,98,68,'ebd5924c-6a0a-4682-be84-9bd98f763142'),(2134,100,90,'904d2f62-3ab8-48f8-836d-bd0a3c76ff36'),(2135,99,131,'ccdb01cf-62ad-4dbf-907f-a21157e0a1de'),(2136,151,2,'0e8bf1bc-5a73-428a-ba09-10575040045a'),(2137,124,1,'95f3bf61-a104-4556-88d4-cf20e378b10e'),(2138,126,1,'e43ddf34-80d6-492c-bc85-cc8f9f3cb871'),(2139,149,1,'92c1010f-9f27-4a18-b162-fa0bd17ec1a6'),(2140,124,2,'abe25c7a-0a9d-44b9-bd40-cc09f3181cfb'),(2141,126,2,'3c46b2c8-6efb-45f0-a8c8-7b46d30e6786'),(2142,149,2,'f245fa0e-43d8-457a-9c6b-3d692dbca262'),(2143,124,3,'73cd0371-4642-4540-9226-ad6bb09761ef'),(2144,126,3,'7f970ce3-4d76-4109-a1e1-eafcc4bf92a7'),(2145,149,3,'59ca0bf9-a587-47f2-b48f-0304e421c445'),(2146,124,4,'3d86e45e-e9c1-4faf-9c5a-a0b018534a5d'),(2147,126,4,'99278825-24b1-4a26-bbb3-f9d23f121697'),(2148,121,1,'126312ed-3c05-47ff-aead-563dd798ff35'),(2149,122,1,'8de4a8ee-49bd-4a25-8d61-0d13fe8e94ef'),(2150,122,2,'68782b57-7b57-4413-bf06-846ad6ad9d52'),(2151,121,2,'c0bac0fe-0669-4a0b-b6a1-32097e044830'),(2152,122,3,'533e8967-b455-4607-9119-d3ee19940fdf'),(2153,122,4,'176ba9ae-c103-4c34-82b9-9acf2a922414'),(2154,121,3,'2ac194ee-1b89-4999-a547-d0c9d86a3d52'),(2155,122,5,'c109d4fe-5a74-4d00-b774-48876e1064fa'),(2156,122,6,'be100c66-2a66-4a7f-8162-5678c0367252'),(2157,122,7,'01211513-37bc-45fe-b4a8-afe14ca9503e'),(2158,121,4,'452a01f6-b559-4400-aab4-cf39763e82ec'),(2159,122,8,'3c9ae8b2-40e4-438a-b193-44656cb8dafb'),(2160,122,9,'e92dbae1-c278-4684-954e-cc5d907181d1'),(2161,122,10,'97944213-9d0b-470c-b4f1-d31a5d737833'),(2162,121,5,'2175cc79-765e-4c1a-b0fc-25f6dce7678c'),(2163,122,11,'0d5b82e7-cd2a-41f7-b6e1-0bed75688d13'),(2164,122,12,'cb02a6c1-b682-4910-aa47-73115a9af924'),(2165,122,13,'9ca2f5c1-4e44-4a70-85f7-5ba266f0d26b'),(2166,121,6,'964ee6e3-8f45-4c6d-9a3b-9e32c2e9cde9'),(2167,122,14,'109225f9-c1ae-49c7-b12d-3e598a6969d6'),(2168,122,15,'3cc78671-3694-46fd-bcf3-7f73a9baf4cb'),(2169,122,16,'5fc40bb2-a3db-42a1-b203-834b66c7300a'),(2170,121,7,'39c5bf12-ead2-4f92-9dbb-41ef2c684a3c'),(2171,122,17,'8ec78864-02cc-4607-b11c-5d253f976d89'),(2172,122,18,'6ff2e828-1e60-4514-9dcc-e17fff20041c'),(2173,122,19,'9a071f36-75e8-4136-97b8-69c2e654b187'),(2174,121,8,'4f05bc67-baa5-4b40-99b6-b0fd86805cc1'),(2175,122,20,'3a8a8b84-14df-403e-915e-b623b9bc4d41'),(2176,122,21,'86e15644-1808-4a7e-b042-561e8c489d83'),(2177,121,9,'ac965826-56aa-4537-8ea0-8966551d6d35'),(2178,122,22,'ac49ea11-951a-45b5-9f1f-0d52569f8a8b'),(2179,148,1,'770a244c-e7b7-4df0-9e26-845e2beecabb'),(2180,89,1,'cd8899e5-f30a-4d81-bf9d-27346153c93b'),(2181,94,2,'79106e67-2fe3-4e7f-82b2-7a2e09abc8b5');
/*!40000 ALTER TABLE `ca_guids` ENABLE KEYS */;
UNLOCK TABLES;

--
-- Table structure for table `ca_history_tracking_current_values`
--

DROP TABLE IF EXISTS `ca_history_tracking_current_values`;
/*!40101 SET @saved_cs_client     = @@character_set_client */;
/*!40101 SET character_set_client = utf8 */;
CREATE TABLE `ca_history_tracking_current_values` (
  `tracking_id` int(10) unsigned NOT NULL AUTO_INCREMENT,
  `policy` varchar(50) NOT NULL,
  `table_num` tinyint(3) unsigned NOT NULL,
  `type_id` int(10) unsigned DEFAULT NULL,
  `row_id` int(10) unsigned NOT NULL,
  `current_table_num` tinyint(3) unsigned DEFAULT NULL,
  `current_type_id` int(10) unsigned DEFAULT NULL,
  `current_row_id` int(10) unsigned DEFAULT NULL,
  `tracked_table_num` tinyint(3) unsigned DEFAULT NULL,
  `tracked_type_id` int(10) unsigned DEFAULT NULL,
  `tracked_row_id` int(10) unsigned DEFAULT NULL,
  `is_future` int(10) unsigned DEFAULT NULL,
  PRIMARY KEY (`tracking_id`),
  UNIQUE KEY `u_all` (`row_id`,`table_num`,`policy`,`type_id`,`is_future`),
  KEY `i_policy` (`policy`),
  KEY `i_row_id` (`row_id`),
  KEY `i_current` (`current_row_id`,`current_table_num`,`current_type_id`),
  KEY `i_tracked` (`tracked_row_id`,`tracked_table_num`,`tracked_type_id`),
  KEY `i_is_future` (`is_future`)
) ENGINE=InnoDB DEFAULT CHARSET=utf8;
/*!40101 SET character_set_client = @saved_cs_client */;

--
-- Dumping data for table `ca_history_tracking_current_values`
--

LOCK TABLES `ca_history_tracking_current_values` WRITE;
/*!40000 ALTER TABLE `ca_history_tracking_current_values` DISABLE KEYS */;
/*!40000 ALTER TABLE `ca_history_tracking_current_values` ENABLE KEYS */;
UNLOCK TABLES;

--
-- Table structure for table `ca_ip_bans`
--

DROP TABLE IF EXISTS `ca_ip_bans`;
/*!40101 SET @saved_cs_client     = @@character_set_client */;
/*!40101 SET character_set_client = utf8 */;
CREATE TABLE `ca_ip_bans` (
  `ban_id` int(10) unsigned NOT NULL AUTO_INCREMENT,
  `reason` varchar(255) NOT NULL,
  `created_on` int(10) unsigned NOT NULL,
  `expires_on` int(10) unsigned DEFAULT NULL,
  `ip_addr` varchar(39) NOT NULL,
  PRIMARY KEY (`ban_id`),
  KEY `i_created_on` (`created_on`),
  KEY `i_expires_on` (`expires_on`),
  KEY `i_ip_addr` (`ip_addr`)
) ENGINE=InnoDB DEFAULT CHARSET=utf8;
/*!40101 SET character_set_client = @saved_cs_client */;

--
-- Dumping data for table `ca_ip_bans`
--

LOCK TABLES `ca_ip_bans` WRITE;
/*!40000 ALTER TABLE `ca_ip_bans` DISABLE KEYS */;
/*!40000 ALTER TABLE `ca_ip_bans` ENABLE KEYS */;
UNLOCK TABLES;

--
-- Table structure for table `ca_ips`
--

DROP TABLE IF EXISTS `ca_ips`;
/*!40101 SET @saved_cs_client     = @@character_set_client */;
/*!40101 SET character_set_client = utf8 */;
CREATE TABLE `ca_ips` (
  `ip_id` int(10) unsigned NOT NULL AUTO_INCREMENT,
  `user_id` int(10) unsigned NOT NULL,
  `ip1` tinyint(3) unsigned NOT NULL,
  `ip2` tinyint(3) unsigned DEFAULT NULL,
  `ip3` tinyint(3) unsigned DEFAULT NULL,
  `ip4s` tinyint(3) unsigned DEFAULT NULL,
  `ip4e` tinyint(3) unsigned DEFAULT NULL,
  `notes` text NOT NULL,
  PRIMARY KEY (`ip_id`),
  UNIQUE KEY `u_ip` (`ip1`,`ip2`,`ip3`,`ip4s`,`ip4e`),
  KEY `i_user_id` (`user_id`),
  CONSTRAINT `fk_ca_ips_user_id` FOREIGN KEY (`user_id`) REFERENCES `ca_users` (`user_id`)
) ENGINE=InnoDB DEFAULT CHARSET=utf8;
/*!40101 SET character_set_client = @saved_cs_client */;

--
-- Dumping data for table `ca_ips`
--

LOCK TABLES `ca_ips` WRITE;
/*!40000 ALTER TABLE `ca_ips` DISABLE KEYS */;
/*!40000 ALTER TABLE `ca_ips` ENABLE KEYS */;
UNLOCK TABLES;

--
-- Table structure for table `ca_item_comments`
--

DROP TABLE IF EXISTS `ca_item_comments`;
/*!40101 SET @saved_cs_client     = @@character_set_client */;
/*!40101 SET character_set_client = utf8 */;
CREATE TABLE `ca_item_comments` (
  `comment_id` int(10) unsigned NOT NULL AUTO_INCREMENT,
  `table_num` tinyint(3) unsigned NOT NULL,
  `row_id` int(10) unsigned NOT NULL,
  `user_id` int(10) unsigned DEFAULT NULL,
  `locale_id` smallint(5) unsigned NOT NULL,
  `media1` longblob NOT NULL,
  `media2` longblob NOT NULL,
  `media3` longblob NOT NULL,
  `media4` longblob NOT NULL,
  `comment` text DEFAULT NULL,
  `rating` tinyint(4) DEFAULT NULL,
  `email` varchar(255) DEFAULT NULL,
  `name` varchar(255) DEFAULT NULL,
  `location` varchar(255) DEFAULT NULL,
  `created_on` int(10) unsigned NOT NULL,
  `access` tinyint(3) unsigned NOT NULL DEFAULT 0,
  `ip_addr` varchar(39) DEFAULT NULL,
  `moderated_on` int(10) unsigned DEFAULT NULL,
  `moderated_by_user_id` int(10) unsigned DEFAULT NULL,
  PRIMARY KEY (`comment_id`),
  KEY `i_row_id` (`row_id`),
  KEY `i_table_num` (`table_num`),
  KEY `i_email` (`email`),
  KEY `i_user_id` (`user_id`),
  KEY `i_created_on` (`created_on`),
  KEY `i_access` (`access`),
  KEY `i_moderated_on` (`moderated_on`)
) ENGINE=InnoDB DEFAULT CHARSET=utf8;
/*!40101 SET character_set_client = @saved_cs_client */;

--
-- Dumping data for table `ca_item_comments`
--

LOCK TABLES `ca_item_comments` WRITE;
/*!40000 ALTER TABLE `ca_item_comments` DISABLE KEYS */;
/*!40000 ALTER TABLE `ca_item_comments` ENABLE KEYS */;
UNLOCK TABLES;

--
-- Table structure for table `ca_item_tags`
--

DROP TABLE IF EXISTS `ca_item_tags`;
/*!40101 SET @saved_cs_client     = @@character_set_client */;
/*!40101 SET character_set_client = utf8 */;
CREATE TABLE `ca_item_tags` (
  `tag_id` int(10) unsigned NOT NULL AUTO_INCREMENT,
  `locale_id` smallint(5) unsigned NOT NULL,
  `tag` varchar(255) NOT NULL,
  PRIMARY KEY (`tag_id`),
  KEY `u_tag` (`tag`,`locale_id`)
) ENGINE=InnoDB DEFAULT CHARSET=utf8;
/*!40101 SET character_set_client = @saved_cs_client */;

--
-- Dumping data for table `ca_item_tags`
--

LOCK TABLES `ca_item_tags` WRITE;
/*!40000 ALTER TABLE `ca_item_tags` DISABLE KEYS */;
/*!40000 ALTER TABLE `ca_item_tags` ENABLE KEYS */;
UNLOCK TABLES;

--
-- Table structure for table `ca_items_x_tags`
--

DROP TABLE IF EXISTS `ca_items_x_tags`;
/*!40101 SET @saved_cs_client     = @@character_set_client */;
/*!40101 SET character_set_client = utf8 */;
CREATE TABLE `ca_items_x_tags` (
  `relation_id` int(10) unsigned NOT NULL AUTO_INCREMENT,
  `table_num` tinyint(3) unsigned NOT NULL,
  `row_id` int(10) unsigned NOT NULL,
  `tag_id` int(10) unsigned NOT NULL,
  `user_id` int(10) unsigned DEFAULT NULL,
  `access` tinyint(3) unsigned NOT NULL DEFAULT 0,
  `ip_addr` varchar(39) DEFAULT NULL,
  `created_on` int(10) unsigned NOT NULL,
  `moderated_on` int(10) unsigned DEFAULT NULL,
  `moderated_by_user_id` int(10) unsigned DEFAULT NULL,
  `rank` int(10) unsigned NOT NULL DEFAULT 0,
  PRIMARY KEY (`relation_id`),
  KEY `i_row_id` (`row_id`),
  KEY `i_table_num` (`table_num`),
  KEY `i_tag_id` (`tag_id`),
  KEY `i_user_id` (`user_id`),
  KEY `i_access` (`access`),
  KEY `i_created_on` (`created_on`),
  KEY `i_moderated_on` (`moderated_on`),
  KEY `i_rank` (`rank`)
) ENGINE=InnoDB DEFAULT CHARSET=utf8;
/*!40101 SET character_set_client = @saved_cs_client */;

--
-- Dumping data for table `ca_items_x_tags`
--

LOCK TABLES `ca_items_x_tags` WRITE;
/*!40000 ALTER TABLE `ca_items_x_tags` DISABLE KEYS */;
/*!40000 ALTER TABLE `ca_items_x_tags` ENABLE KEYS */;
UNLOCK TABLES;

--
-- Table structure for table `ca_list_item_labels`
--

DROP TABLE IF EXISTS `ca_list_item_labels`;
/*!40101 SET @saved_cs_client     = @@character_set_client */;
/*!40101 SET character_set_client = utf8 */;
CREATE TABLE `ca_list_item_labels` (
  `label_id` int(10) unsigned NOT NULL AUTO_INCREMENT,
  `item_id` int(10) unsigned NOT NULL,
  `locale_id` smallint(5) unsigned NOT NULL,
  `type_id` int(10) unsigned DEFAULT NULL,
  `name_singular` varchar(255) NOT NULL,
  `name_plural` varchar(255) NOT NULL,
  `name_sort` varchar(255) NOT NULL,
  `description` text NOT NULL,
  `source_info` longtext NOT NULL,
  `is_preferred` tinyint(3) unsigned NOT NULL DEFAULT 0,
  PRIMARY KEY (`label_id`),
  UNIQUE KEY `u_all` (`item_id`,`name_singular`,`name_plural`,`type_id`,`locale_id`),
  KEY `fk_ca_list_item_labels_locale_id` (`locale_id`),
  KEY `i_name_singular` (`item_id`,`name_singular`(128)),
  KEY `i_name` (`item_id`,`name_plural`(128)),
  KEY `i_item_id` (`item_id`),
  KEY `i_name_sort` (`name_sort`(128)),
  KEY `i_type_id` (`type_id`),
  CONSTRAINT `fk_ca_list_item_labels_item_id` FOREIGN KEY (`item_id`) REFERENCES `ca_list_items` (`item_id`),
  CONSTRAINT `fk_ca_list_item_labels_locale_id` FOREIGN KEY (`locale_id`) REFERENCES `ca_locales` (`locale_id`),
  CONSTRAINT `fk_ca_list_item_labels_type_id` FOREIGN KEY (`type_id`) REFERENCES `ca_list_items` (`item_id`)
) ENGINE=InnoDB AUTO_INCREMENT=409 DEFAULT CHARSET=utf8;
/*!40101 SET character_set_client = @saved_cs_client */;

--
-- Dumping data for table `ca_list_item_labels`
--

LOCK TABLES `ca_list_item_labels` WRITE;
/*!40000 ALTER TABLE `ca_list_item_labels` DISABLE KEYS */;
INSERT INTO `ca_list_item_labels` VALUES (1,1,2,NULL,'Root node for list_item_types','Root node for list_item_types','Root node for list item types','','',1),(2,2,2,NULL,'concept','concepts','concept','','',1),(3,2,3,NULL,'concept','concepts','concept','','',1),(4,2,7,NULL,'concept','concepts','concept','','',1),(5,2,15,NULL,'koncept','koncept','koncept','','',1),(6,3,2,NULL,'facet','facets','facet','','',1),(7,3,3,NULL,'facet','facets','facet','','',1),(8,3,7,NULL,'facette','facettes','facette','','',1),(9,3,15,NULL,'fasett','fasetter','fasett','','',1),(10,4,2,NULL,'guide term','guide terms','guide term','','',1),(11,4,3,NULL,'guide term','guide terms','guide term','','',1),(12,4,7,NULL,'terme du guide','termes du guide','terme du guide','','',1),(13,4,15,NULL,'guide term','guide termer','guide term','','',1),(14,5,2,NULL,'hierarchy name','hierarchy names','hierarchy name','','',1),(15,5,3,NULL,'hierarchy name','hierarchy names','hierarchy name','','',1),(16,5,7,NULL,'nom de hirarchie','noms de hirarchie','nom de hirarchie','','',1),(17,5,15,NULL,'hierarki namn','hierarki namn','hierarki namn','','',1),(18,6,2,NULL,'Root node for list_item_sources','Root node for list_item_sources','Root node for list item sources','','',1),(19,7,2,NULL,'Local','Local','Local','','',1),(20,8,2,NULL,'Root node for list_item_label_types','Root node for list_item_label_types','Root node for list item label types','','',1),(21,9,2,NULL,'Use for','Use for','Use for','','',1),(22,9,3,NULL,'Use for','Use for','Use for','','',1),(23,9,7,NULL,'Utiliser pour','Utiliser pour','Utiliser pour','','',1),(24,9,15,NULL,'Anvnds fr','Anvnds fr','Anvnds fr','','',1),(25,10,2,NULL,'Alternate','Alternate','Alternate','','',1),(26,10,3,NULL,'Alternate','Alternate','Alternate','','',1),(27,10,7,NULL,'Alternatif','Alternatifs','Alternatif','','',1),(28,10,15,NULL,'Alternativ','Alternativ','Alternativ','','',1),(29,11,2,NULL,'Root node for set_types','Root node for set_types','Root node for set types','','',1),(30,12,2,NULL,'User set','User sets','User set','','',1),(31,12,3,NULL,'User set','User sets','User set','','',1),(32,12,7,NULL,'Ensemble cr par un utilisateur','Ensembles crs par des utilisateurs','Ensemble cr par un utilisateur','','',1),(33,12,15,NULL,'Anvndargruppering','Anvndargrupperingar','Anvndargruppering','','',1),(34,13,2,NULL,'Public presentation','Public presentations','Public presentation','','',1),(35,13,3,NULL,'Public presentation','Public presentations','Public presentation','','',1),(36,13,7,NULL,'Prsentation publique','Prsentations publiques','Prsentation publique','','',1),(37,13,15,NULL,'Publik presentation','publik presentationer','Publik presentation','','',1),(38,14,2,NULL,'Root node for set_presentation_types','Root node for set_presentation_types','Root node for set presentation types','','',1),(39,15,2,NULL,'Slideshow','Slideshows','Slideshow','','',1),(40,15,3,NULL,'Slideshow','Slideshows','Slideshow','','',1),(41,15,7,NULL,'Diaporama','Diaporamas','Diaporama','','',1),(42,15,15,NULL,'Bildspel','Bildspel','Bildspel','','',1),(43,16,2,NULL,'Thumbnail image list','Thumbnail image lists','Thumbnail image list','','',1),(44,16,3,NULL,'Thumbnail image list','Thumbnail image lists','Thumbnail image list','','',1),(45,16,7,NULL,'Liste de miniatures d\'images','Listes de miniatures d\'images','Liste de miniatures d images','','',1),(46,16,15,NULL,'Miniatyrbild lista','Miniatyrbild listor','Miniatyrbild lista','','',1),(47,17,2,NULL,'Title list','Title lists','Title list','','',1),(48,17,3,NULL,'Title list','Title lists','Title list','','',1),(49,17,7,NULL,'Liste de titres','Listes de titres','Liste de titres','','',1),(50,17,15,NULL,'Titellista','Titellistor','Titellista','','',1),(51,18,2,NULL,'Chronology','Chronologies','Chronology','','',1),(52,18,3,NULL,'Chronology','Chronologies','Chronology','','',1),(53,18,7,NULL,'Chronologie','Chronologies','Chronologie','','',1),(54,18,15,NULL,'Kronologi','Kronologier','Kronologi','','',1),(55,19,2,NULL,'Root node for set_item_is_primary','Root node for set_item_is_primary','Root node for set item is primary','','',1),(56,20,2,NULL,'Is primary','Is primary','Is primary','','',1),(57,20,3,NULL,'Is primary','Is primary','Is primary','','',1),(58,20,7,NULL,'Principal','Principaux','Principal','','',1),(59,20,15,NULL,'r primr','r primr','r primr','','',1),(60,21,2,NULL,'Is not primary','Is not primary','Is not primary','','',1),(61,21,3,NULL,'Is not primary','Is not primary','Is not primary','','',1),(62,21,7,NULL,'Secondaire','Secondaires','Secondaire','','',1),(63,21,15,NULL,'r inte primr','r inte primr','r inte primr','','',1),(64,22,2,NULL,'Root node for object_types','Root node for object_types','Root node for object types','','',1),(65,23,2,NULL,'Object','Objects','Object','','',0),(66,23,1,NULL,'esine','esineet','esine','','',1),(67,24,2,NULL,'Photo','Photo','Photo','','',0),(68,24,1,NULL,'valokuva','valokuvat','valokuva','','',1),(69,25,2,NULL,'Book','Books','Book','','',0),(70,25,1,NULL,'kirja','kirjat','kirja','','',1),(71,26,2,NULL,'Recording','Recordings','Recording','','',0),(72,26,1,NULL,'tallenne','tallenne','tallenne','','',1),(73,27,2,NULL,'Clipping','Clippings','Clipping','','',0),(74,27,1,NULL,'lehtileike','lehtileikkeet','lehtileike','','',1),(75,28,2,NULL,'Archive item','Archive items','Archive item','','',0),(76,28,1,NULL,'arkistodokumentti','arkistodokumentit','arkistodokumentti','','',1),(77,29,2,NULL,'Root node for object_sources','Root node for object_sources','Root node for object sources','','',1),(78,30,2,NULL,'Root node for object_statuses','Root node for object_statuses','Root node for object statuses','','',1),(79,31,2,NULL,'loan','loans','loan','','',1),(80,31,1,NULL,'lainassa','lainassa','lainassa','','',1),(81,32,2,NULL,'missing','missing','missing','','',1),(82,32,1,NULL,'kadonnut','kadonnut','kadonnut','','',1),(83,33,2,NULL,'Root node for object_deaccession_types','Root node for object_deaccession_types','Root node for object deaccession types','','',1),(84,34,2,NULL,'disposed','disposed','disposed','','',1),(85,35,2,NULL,'Root node for object_acq_types','Root node for object_acq_types','Root node for object acq types','','',1),(86,36,2,NULL,'gift','gifts','gift','','',1),(87,36,3,NULL,'gift','gifts','gift','','',1),(88,36,7,NULL,'don','dons','don','','',1),(89,36,15,NULL,'gva','gvor','gva','','',1),(90,37,2,NULL,'bequest','bequests','bequest','','',1),(91,37,3,NULL,'bequest','bequests','bequest','','',1),(92,37,7,NULL,'leg','legs','leg','','',1),(93,37,15,NULL,'donation','donation','donation','','',1),(94,38,2,NULL,'purchase','purchases','purchase','','',1),(95,38,3,NULL,'purchase','purchases','purchase','','',1),(96,38,7,NULL,'achat','achats','achat','','',1),(97,38,15,NULL,'kp','kp','kp','','',1),(98,39,2,NULL,'loan','loans','loan','','',1),(99,39,3,NULL,'loan','loans','loan','','',1),(100,39,7,NULL,'prt','prts','prt','','',1),(101,39,15,NULL,'ln','ln','ln','','',1),(102,40,2,NULL,'long-term loan','long-term loans','long term loan','','',1),(103,40,3,NULL,'long-term loan','long-term loans','long term loan','','',1),(104,40,7,NULL,'prt longue dure','prts longue dure','prt longue dure','','',1),(105,40,15,NULL,'lngfristigt ln','lngfristigt ln','lngfristigt ln','','',1),(106,41,2,NULL,'Root node for object_label_types','Root node for object_label_types','Root node for object label types','','',1),(107,42,2,NULL,'use for','use for','use for','','',1),(108,42,3,NULL,'use for','use for','use for','','',1),(109,42,7,NULL,'utiliser pour','utilise pour','utiliser pour','','',1),(110,42,15,NULL,'anvnda fr','anvnda fr','anvnda fr','','',1),(111,43,2,NULL,'alternate','alternates','alternate','','',1),(112,43,3,NULL,'alternate','alternates','alternate','','',1),(113,43,7,NULL,'alternatif','alternatifs','alternatif','','',1),(114,43,15,NULL,'alternativ','alternativa','alternativ','','',1),(115,44,2,NULL,'Root node for workflow_statuses','Root node for workflow_statuses','Root node for workflow statuses','','',1),(116,45,2,NULL,'new','new','new','','',1),(117,45,1,NULL,'uusi','uudet','uusi','','',1),(118,46,2,NULL,'editing in progress','editing in progress','editing in progress','','',1),(119,46,1,NULL,'keskenerinen','keskeneriset','keskenerinen','','',1),(120,47,2,NULL,'completed','completed','completed','','',1),(121,47,1,NULL,'valmis','valmiit','valmis','','',1),(122,48,2,NULL,'Root node for access_statuses','Root node for access_statuses','Root node for access statuses','','',1),(123,49,2,NULL,'not accessible to public','not accessible to public','not accessible to public','','',1),(124,49,1,NULL,'ei-julkinen','ei-julkiset','ei julkinen','','',1),(125,50,2,NULL,'restricted public access','restricted public access','restricted public access','','',1),(126,50,1,NULL,'rajoitettu julkinen psy','rajoitetusti julkiset','rajoitettu julkinen psy','','',1),(127,51,2,NULL,'accessible to public','accessible to public','accessible to public','','',1),(128,51,1,NULL,'julkinen','julkiset','julkinen','','',1),(129,52,2,NULL,'Root node for object_circulation_statuses','Root node for object_circulation_statuses','Root node for object circulation statuses','','',1),(130,53,2,NULL,'Available','Available','Available','','',1),(131,54,2,NULL,'In-library use only','In-library use only','In library use only','','',1),(132,55,2,NULL,'Unavailable','Unavailable','Unavailable','','',1),(133,56,2,NULL,'Root node for object_lot_types','Root node for object_lot_types','Root node for object lot types','','',1),(134,57,2,NULL,'donation','donations','donation','','',1),(135,57,1,NULL,'lahjoitus','lahjoitukset','lahjoitus','','',1),(136,58,2,NULL,'loan','loans','loan','','',1),(137,58,1,NULL,'deponointi','deponoinnit','deponointi','','',1),(138,59,2,NULL,'purchase','purchases','purchase','','',1),(139,59,1,NULL,'osto','osto','osto','','',1),(140,60,2,NULL,'photographed/copied','photographed/copied','photographed copied','','',1),(141,60,1,NULL,'kuvattu/kopioitu museon toimesta','kuvattu/kopioitu museon toimesta','kuvattu kopioitu museon toimesta','','',1),(142,61,2,NULL,'recorded by the museum','recorded by the museum','recorded by the museum','','',1),(143,61,1,NULL,'nauhoitettu museon toimesta','nauhoitettu museon toimesta','nauhoitettu museon toimesta','','',1),(144,62,2,NULL,'museum finding','museum finding','museum finding','','',1),(145,62,1,NULL,'museolyt','museolyt','museolyt','','',1),(146,63,2,NULL,'other','others','other','','',1),(147,63,1,NULL,'muu','muu','muu','','',1),(148,64,2,NULL,'Root node for object_lot_sources','Root node for object_lot_sources','Root node for object lot sources','','',1),(149,65,2,NULL,'Root node for object_lot_statuses','Root node for object_lot_statuses','Root node for object lot statuses','','',1),(150,66,1,NULL,'saapunut','saapuneet','saapunut','','',1),(151,67,1,NULL,'ksittelyss','ksittelyss','ksittelyss','','',1),(152,68,1,NULL,'hyvksytty','hyvksytyt','hyvksytty','','',1),(153,69,2,NULL,'Root node for object_lot_label_types','Root node for object_lot_label_types','Root node for object lot label types','','',1),(154,70,2,NULL,'use for','use for','use for','','',1),(155,70,3,NULL,'use for','use for','use for','','',1),(156,70,7,NULL,'utiliser pour','utiliser pour','utiliser pour','','',1),(157,70,15,NULL,'anvnda fr','anvnda fr','anvnda fr','','',1),(158,71,2,NULL,'alternate','alternates','alternate','','',1),(159,71,3,NULL,'alternate','alternates','alternate','','',1),(160,71,7,NULL,'alternatif','alternatifs','alternatif','','',1),(161,71,15,NULL,'alternativ','alternativa','alternativ','','',1),(162,72,2,NULL,'Root node for loan_types','Root node for loan_types','Root node for loan types','','',1),(163,73,2,NULL,'loan in','loans in','loan in','','',1),(164,73,3,NULL,'loan in','loans in','loan in','','',1),(165,73,7,NULL,'prt','prts','prt','','',1),(166,73,15,NULL,'inln','inln','inln','','',1),(167,74,2,NULL,'loan out','loans out','loan out','','',1),(168,74,3,NULL,'loan out','loans out','loan out','','',1),(169,74,7,NULL,'retour','retours','retour','','',1),(170,74,15,NULL,'utln','utln','utln','','',1),(171,75,2,NULL,'Root node for loan_sources','Root node for loan_sources','Root node for loan sources','','',1),(172,76,2,NULL,'Root node for movement_types','Root node for movement_types','Root node for movement types','','',1),(173,77,2,NULL,'Movement','Movements','Movement','','',1),(174,77,3,NULL,'Movement','Movements','Movement','','',1),(175,77,7,NULL,'Mouvement','Mouvements','Mouvement','','',1),(176,77,15,NULL,'Frflyttning','Frflyttningar','Frflyttning','','',1),(177,78,2,NULL,'Root node for movement_sources','Root node for movement_sources','Root node for movement sources','','',1),(178,79,2,NULL,'Root node for entity_types','Root node for entity_types','Root node for entity types','','',1),(179,80,1,NULL,'henkil','henkilt','henkil','','',1),(180,81,1,NULL,'organisaatio/ryhm','organisaatiot/ryhmt','organisaatio ryhm','','',1),(181,82,1,NULL,'fiktiivinen henkil','fiktiiviset henkilt','fiktiivinen henkil','','',1),(182,83,1,NULL,'elin/lemmikki','elimet/lemmikit','elin lemmikki','','',1),(183,84,2,NULL,'Root node for entity_sources','Root node for entity_sources','Root node for entity sources','','',1),(184,85,2,NULL,'Root node for entity_label_types','Root node for entity_label_types','Root node for entity label types','','',1),(185,86,2,NULL,'use for','use for','use for','','',1),(186,86,3,NULL,'use for','use for','use for','','',1),(187,86,7,NULL,'utiliser pour','utiliser pour','utiliser pour','','',1),(188,86,15,NULL,'anvnda fr','anvnda fr','anvnda fr','','',1),(189,87,2,NULL,'alternate','alternates','alternate','','',1),(190,87,3,NULL,'alternate','alternates','alternate','','',1),(191,87,7,NULL,'alternatif','alternatifs','alternatif','','',1),(192,87,15,NULL,'alternativ','alternativa','alternativ','','',1),(193,88,2,NULL,'Root node for place_types','Root node for place_types','Root node for place types','','',1),(194,89,2,NULL,'continent','continents','continent','','',1),(195,89,3,NULL,'continent','continents','continent','','',1),(196,89,7,NULL,'continent','continents','continent','','',1),(197,89,15,NULL,'kontinent','kontinenter','kontinent','','',1),(198,90,2,NULL,'country','countries','country','','',1),(199,90,3,NULL,'country','countries','country','','',1),(200,90,7,NULL,'pays','pays','pays','','',1),(201,90,15,NULL,'land','lnder','land','','',1),(202,91,2,NULL,'state/province','state/province','state province','','',1),(203,91,3,NULL,'state/province','state/province','state province','','',1),(204,91,7,NULL,'tat/rgion','tat/rgion','tat rgion','','',1),(205,91,15,NULL,'ln/region','ln/regioner','ln region','','',1),(206,92,2,NULL,'city','cities','city','','',1),(207,92,3,NULL,'city','cities','city','','',1),(208,92,7,NULL,'ville','villes','ville','','',1),(209,92,15,NULL,'kommun','kommuner','kommun','','',1),(210,93,2,NULL,'county','counties','county','','',1),(211,93,3,NULL,'county','counties','county','','',1),(212,94,2,NULL,'neighborhood','neighborhoods','neighborhood','','',1),(213,94,3,NULL,'neighborhood','neighborhoods','neighborhood','','',1),(214,94,7,NULL,'quartier','quartiers','quartier','','',1),(215,94,15,NULL,'kvarter','kvarter','kvarter','','',1),(216,95,2,NULL,'location','locations','location','','',1),(217,95,3,NULL,'location','locations','location','','',1),(218,95,7,NULL,'emplacement','emplacements','emplacement','','',1),(219,95,15,NULL,'plats','platser','plats','','',1),(220,96,2,NULL,'river','rivers','river','','',1),(221,96,3,NULL,'river','rivers','river','','',1),(222,96,7,NULL,'fleuve/rivire','fleuves/rivires','fleuve rivire','','',1),(223,96,15,NULL,'flod','floder','flod','','',1),(224,97,2,NULL,'parrish','parrishes','parrish','','',1),(225,97,3,NULL,'parrish','parrishes','parrish','','',1),(226,97,15,NULL,'socken','socknar','socken','','',1),(227,98,2,NULL,'other feature','other features','other feature','','',1),(228,98,3,NULL,'other feature','other features','other feature','','',1),(229,98,7,NULL,'autre caractristique','autres caractristiques','autre caractristique','','',1),(230,98,15,NULL,'annan typ','andra typer','annan typ','','',1),(231,99,2,NULL,'Root node for place_label_types','Root node for place_label_types','Root node for place label types','','',1),(232,100,2,NULL,'use for','use for','use for','','',1),(233,100,7,NULL,'utiliser pour','utiliser pour','utiliser pour','','',1),(234,100,15,NULL,'anvnda fr','anvnda fr','anvnda fr','','',1),(235,101,2,NULL,'alternate','alternates','alternate','','',1),(236,101,3,NULL,'alternate','alternates','alternate','','',1),(237,101,7,NULL,'alternatif','alternatifs','alternatif','','',1),(238,101,15,NULL,'alternativ','alternativa','alternativ','','',1),(239,102,2,NULL,'Root node for place_sources','Root node for place_sources','Root node for place sources','','',1),(240,103,2,NULL,'Root node for occurrence_types','Root node for occurrence_types','Root node for occurrence types','','',1),(241,104,2,NULL,'Event','Events','Event','','',1),(242,104,1,NULL,'tapahtuma','tapahtumat','tapahtuma','','',1),(243,105,2,NULL,'exhibition','exhibitions','exhibition','','',1),(244,105,1,NULL,'nyttely','nyttelyt','nyttely','','',1),(245,106,2,NULL,'conference','conferences','conference','','',1),(246,106,1,NULL,'konferenssi','konferenssi','konferenssi','','',1),(247,107,2,NULL,'Interview','Interview','Interview','','',1),(248,107,1,NULL,'haastattelu','haastattelut','haastattelu','','',1),(249,108,2,NULL,'Lecture or presentation','Lectures and presentations','Lecture or presentation','','',1),(250,108,1,NULL,'luento tai esitys','luennot tai esitykset','luento tai esitys','','',1),(251,109,2,NULL,'Discussion','Discussion','Discussion','','',1),(252,109,1,NULL,'keskustelu','keskustelut','keskustelu','','',1),(253,110,2,NULL,'Recollection','Recollections','Recollection','','',1),(254,110,1,NULL,'muistelu','muistelut','muistelu','','',1),(255,111,2,NULL,'Convervation','Convervations','Convervation','','',1),(256,111,1,NULL,'konservointi','konservoinnit','konservointi','','',1),(257,112,2,NULL,'Work documentation','Work documentation','Work documentation','','',1),(258,112,1,NULL,'tymaadokumentointi','tymaadokumentoinnit','tymaadokumentointi','','',1),(259,113,2,NULL,'Root node for occurrence_label_types','Root node for occurrence_label_types','Root node for occurrence label types','','',1),(260,114,2,NULL,'use for','use for','use for','','',1),(261,114,3,NULL,'use for','use for','use for','','',1),(262,114,7,NULL,'utiliser pour','utiliser pour','utiliser pour','','',1),(263,114,15,NULL,'anvnda fr','anvnda fr','anvnda fr','','',1),(264,115,2,NULL,'alternate','alternates','alternate','','',1),(265,115,3,NULL,'alternate','alternates','alternate','','',1),(266,115,7,NULL,'alternatif','alternatifs','alternatif','','',1),(267,115,15,NULL,'alternativ','alternativa','alternativ','','',1),(268,116,2,NULL,'Root node for occurrence_sources','Root node for occurrence_sources','Root node for occurrence sources','','',1),(269,117,2,NULL,'Root node for collection_types','Root node for collection_types','Root node for collection types','','',1),(270,118,2,NULL,'Art collection','Art collections','Art collection','','',1),(271,118,1,NULL,'taidekokoelma','taidekokoelmat','taidekokoelma','','',1),(272,119,2,NULL,'Item collection','Item collections','Item collection','','',1),(273,119,1,NULL,'esinekokoelma','esinekokoelmat','esinekokoelma','','',1),(274,120,2,NULL,'Diario','Diarios','Diario','','',1),(275,120,1,NULL,'diaario','diaariot','diaario','','',1),(276,121,2,NULL,'bunch','bunches','bunch','','',1),(277,121,1,NULL,'nippu','niput','nippu','','',1),(278,122,2,NULL,'Root node for collection_sources','Root node for collection_sources','Root node for collection sources','','',1),(279,123,2,NULL,'Root node for collection_label_types','Root node for collection_label_types','Root node for collection label types','','',1),(280,124,2,NULL,'use for','use for','use for','','',1),(281,124,3,NULL,'use for','use for','use for','','',1),(282,124,7,NULL,'utiliser pour','utiliser pour','utiliser pour','','',1),(283,124,15,NULL,'anvnda fr','anvnda fr','anvnda fr','','',1),(284,125,2,NULL,'alternate','alternates','alternate','','',1),(285,125,3,NULL,'alternate','alternates','alternate','','',1),(286,125,7,NULL,'alternatif','alternatifs','alternatif','','',1),(287,125,15,NULL,'alternativ','alternativa','alternativ','','',1),(288,126,2,NULL,'Root node for storage_location_types','Root node for storage_location_types','Root node for storage location types','','',1),(289,127,2,NULL,'storage space','storage spaces','storage space','','',1),(290,127,1,NULL,'silytystila','silytystilat','silytystila','','',1),(291,128,2,NULL,'storage location','storage locations','storage location','','',1),(292,128,1,NULL,'sijoituspaikka','sijoituspaikat','sijoituspaikka','','',1),(293,129,2,NULL,'Root node for storage_location_sources','Root node for storage_location_sources','Root node for storage location sources','','',1),(294,130,2,NULL,'Root node for storage_location_label_types','Root node for storage_location_label_types','Root node for storage location label types','','',1),(295,131,2,NULL,'use for','use for','use for','','',1),(296,131,3,NULL,'use for','use for','use for','','',1),(297,131,7,NULL,'utiliser pour','utiliser pour','utiliser pour','','',1),(298,131,15,NULL,'anvnda fr','anvnda fr','anvnda fr','','',1),(299,132,2,NULL,'alternate','alternates','alternate','','',1),(300,132,3,NULL,'alternate','alternates','alternate','','',1),(301,132,7,NULL,'alternatif','alternatifs','alternatif','','',1),(302,132,15,NULL,'alternativ','alternativa','alternativ','','',1),(303,133,2,NULL,'Root node for object_representation_types','Root node for object_representation_types','Root node for object representation types','','',1),(304,134,2,NULL,'front','front','front','','',1),(305,134,3,NULL,'front','front','front','','',1),(306,134,7,NULL,'de face','de face','de face','','',1),(307,134,15,NULL,'framsida','framsidor','framsida','','',1),(308,135,2,NULL,'back','back','back','','',1),(309,135,3,NULL,'back','back','back','','',1),(310,135,7,NULL,'de derrire','de derrire','de derrire','','',1),(311,135,15,NULL,'baksida','baksidor','baksida','','',1),(312,136,2,NULL,'Root node for object_representation_sources','Root node for object_representation_sources','Root node for object representation sources','','',1),(313,137,2,NULL,'Root node for tour_types','Root node for tour_types','Root node for tour types','','',1),(314,138,2,NULL,'full tour','full tours','full tour','','',1),(315,138,3,NULL,'full tour','full tours','full tour','','',1),(316,138,7,NULL,'full tour','full tours','full tour','','',1),(317,138,15,NULL,'fullstndig tur','fullstndiga turer','fullstndig tur','','',1),(318,139,2,NULL,'short tour','short tours','short tour','','',1),(319,139,3,NULL,'short tour','short tours','short tour','','',1),(320,139,7,NULL,'short tour','short tours','short tour','','',1),(321,139,15,NULL,'kort tur','korta turer','kort tur','','',1),(322,140,2,NULL,'Root node for tour_sources','Root node for tour_sources','Root node for tour sources','','',1),(323,141,2,NULL,'Root node for tour_stop_types','Root node for tour_stop_types','Root node for tour stop types','','',1),(324,142,2,NULL,'primary stop','primary stops','primary stop','','',1),(325,142,3,NULL,'primary stop','primary stops','primary stop','','',1),(326,142,7,NULL,'primary stop','primary stops','primary stop','','',1),(327,142,15,NULL,'primrt stopp','primrt stopp','primrt stopp','','',1),(328,143,2,NULL,'optional stop','optional stops','optional stop','','',1),(329,143,3,NULL,'optional stop','optional stops','optional stop','','',1),(330,143,7,NULL,'optional stop','optional stops','optional stop','','',1),(331,143,15,NULL,'valfritt stopp','valfritt stopp','valfritt stopp','','',1),(332,144,2,NULL,'Root node for materiaalinimet','Root node for materiaalinimet','Root node for materiaalinimet','','',1),(333,145,2,NULL,'Root node for negatiivikoot','Root node for negatiivikoot','Root node for negatiivikoot','','',1),(334,146,2,NULL,'Root node for negatiivityypit','Root node for negatiivityypit','Root node for negatiivityypit','','',1),(335,147,2,NULL,'Root node for negpohjamateriaalit','Root node for negpohjamateriaalit','Root node for negpohjamateriaalit','','',1),(336,148,2,NULL,'Root node for pohjamateriaalit','Root node for pohjamateriaalit','Root node for pohjamateriaalit','','',1),(337,149,2,NULL,'Root node for kategoriat','Root node for kategoriat','Root node for kategoriat','','',1),(338,150,2,NULL,'Root node for yleisnimet','Root node for yleisnimet','Root node for yleisnimet','','',1),(339,151,2,NULL,'Root node for ammatit','Root node for ammatit','Root node for ammatit','','',1),(340,152,2,NULL,'Root node for paikat','Root node for paikat','Root node for paikat','','',1),(341,153,2,NULL,'Root node for hankintatavat','Root node for hankintatavat','Root node for hankintatavat','','',1),(342,154,1,NULL,'lahjoitus','lahjoitus','lahjoitus','','',1),(343,155,1,NULL,'kuvattu/kopioitu museon toimesta','kuvattu/kopioitu museon toimesta','kuvattu kopioitu museon toimesta','','',1),(344,156,1,NULL,'museolyt','museolyt','museolyt','','',1),(345,157,1,NULL,'osto','osto','osto','','',1),(346,158,1,NULL,'deponointi','deponointi','deponointi','','',1),(347,159,1,NULL,'muu','muu','muu','','',1),(348,160,2,NULL,'Root node for hakusanat','Root node for hakusanat','Root node for hakusanat','','',1),(349,161,2,NULL,'Root node for tunnistetyyppi','Root node for tunnistetyyppi','Root node for tunnistetyyppi','','',1),(350,162,2,NULL,'DUO ID','DUO ID','DUO ID','','',1),(351,162,1,NULL,'DUO -tunniste','DUO -tunnisteet','DUO  tunniste','','',1),(352,163,2,NULL,'ISBN','ISBN','ISBN','','',1),(353,163,1,NULL,'ISBN','ISBN','ISBN','','',1),(354,164,2,NULL,'Wikidata ID','Wikidata ID','Wikidata ID','','',1),(355,164,1,NULL,'Wikidata ID','Wikidata ID','Wikidata ID','','',1),(356,165,2,NULL,'Serial number','Serial numbers','Serial number','','',1),(357,165,1,NULL,'Sarjanumero','Sarjanumerot','Sarjanumero','','',1),(358,166,2,NULL,'Original number','Original numbers','Original number','','',1),(359,166,1,NULL,'Alkuperinen numero','Alkuperiset numerot','Alkuperinen numero','','',1),(360,167,2,NULL,'Root node for teosaihenimi','Root node for teosaihenimi','Root node for teosaihenimi','','',1),(361,168,2,NULL,'portrait','portraits','portrait','','',1),(362,168,1,NULL,'muotokuva','muotokuvat','muotokuva','','',1),(363,169,2,NULL,'abstract','abstrac','abstract','','',1),(364,169,1,NULL,'abstrakti','abstraktit','abstrakti','','',1),(365,170,2,NULL,'Root node for place_hierarchies','Root node for place_hierarchies','Root node for place hierarchies','','',1),(366,171,2,NULL,'Place Authority','Place Authority','Place Authority','','',1),(367,171,1,NULL,'paikka','paikat','paikka','','',1),(368,172,2,NULL,'Root node for valuutta','Root node for valuutta','Root node for valuutta','','',1),(369,173,2,NULL,'euro','euros','euro','','',1),(370,173,1,NULL,'euro','euro','euro','','',1),(371,174,2,NULL,'markka','markka','markka','','',1),(372,174,1,NULL,'markka','markkaa','markka','','',1),(373,175,2,NULL,'Root node for kuntoluokitus','Root node for kuntoluokitus','Root node for kuntoluokitus','','',1),(374,176,2,NULL,'excellent','excellent','excellent','','',1),(375,176,1,NULL,'erinomainen','erinomainen','erinomainen','','',1),(376,177,2,NULL,'good','good','good','','',1),(377,177,1,NULL,'hyv','hyv','hyv','','',1),(378,178,2,NULL,'fair','fair','fair','','',1),(379,178,1,NULL,'kohtalainen','kohtalainen','kohtalainen','','',1),(380,179,2,NULL,'poor','poor','poor','','',1),(381,179,1,NULL,'huono','huono','huono','','',1),(382,180,2,NULL,'Root node for varit','Root node for varit','Root node for varit','','',1),(383,181,2,NULL,'black','black','black','','',1),(384,181,1,NULL,'musta','mustat','musta','','',1),(385,182,2,NULL,'red','red','red','','',1),(386,182,1,NULL,'punainen','punainen','punainen','','',1),(387,183,2,NULL,'blue','blue','blue','','',1),(388,183,1,NULL,'sininen','sininen','sininen','','',1),(389,184,2,NULL,'Root node for varityyppi','Root node for varityyppi','Root node for varityyppi','','',1),(390,185,2,NULL,'black and white','black and white','black and white','','',1),(391,185,1,NULL,'mustavalkoinen','mustavalkoinen','mustavalkoinen','','',1),(392,186,2,NULL,'color','color','color','','',1),(393,186,1,NULL,'vrillinen','vrillinen','vrillinen','','',1),(394,187,2,NULL,'null','null','null','','',1),(395,187,1,NULL,'ei arvoa','ei arvoa','ei arvoa','','',1),(396,188,2,NULL,'Root node for object_media_license_types','Root node for object_media_license_types','Root node for object media license types','','',1),(397,189,2,NULL,'No licence','No licence','No licence','','',1),(398,189,1,NULL,'ei lisenssi','ei lisenssi','ei lisenssi','','',1),(399,190,2,NULL,'CC-BY 4.0','CC-BY 4.0','CC BY 000000000000004 0','','',1),(400,190,1,NULL,'CC-BY 4.0','CC-BY 4.0','CC BY 000000000000004 0','','',1),(401,191,2,NULL,'PD-Finland50 (public domain)','PD-Finland50 (public domain)','PD Finland000000000000050  public domain','','',1),(402,191,1,NULL,'tekijnoikeudet rauenneet (PD-Finland50 )','tekijnoikeudet rauenneet (PD-Finland50 )','tekijnoikeudet rauenneet  PD Finland000000000000050','','',1),(403,192,2,NULL,'Root node for lehtinimekkeet','Root node for lehtinimekkeet','Root node for lehtinimekkeet','','',1),(404,193,2,NULL,'Root node for tallennetyypit','Root node for tallennetyypit','Root node for tallennetyypit','','',1),(405,194,1,NULL,'?','?','','','',1),(406,195,1,NULL,'multimedia','multimedia','multimedia','','',1),(407,196,1,NULL,'nitallenne','nitallenne','nitallenne','','',1),(408,197,1,NULL,'Kuvatallenne','Kuvatallenne','Kuvatallenne','','',1);
/*!40000 ALTER TABLE `ca_list_item_labels` ENABLE KEYS */;
UNLOCK TABLES;

--
-- Table structure for table `ca_list_items`
--

DROP TABLE IF EXISTS `ca_list_items`;
/*!40101 SET @saved_cs_client     = @@character_set_client */;
/*!40101 SET character_set_client = utf8 */;
CREATE TABLE `ca_list_items` (
  `item_id` int(10) unsigned NOT NULL AUTO_INCREMENT,
  `parent_id` int(10) unsigned DEFAULT NULL,
  `list_id` smallint(5) unsigned NOT NULL,
  `type_id` int(10) unsigned DEFAULT NULL,
  `idno` varchar(255) NOT NULL,
  `idno_sort` varchar(255) NOT NULL,
  `item_value` varchar(255) NOT NULL,
  `rank` int(10) unsigned NOT NULL DEFAULT 0,
  `hier_left` decimal(30,20) NOT NULL,
  `hier_right` decimal(30,20) NOT NULL,
  `is_enabled` tinyint(3) unsigned NOT NULL DEFAULT 0,
  `is_default` tinyint(3) unsigned NOT NULL DEFAULT 0,
  `validation_format` varchar(255) NOT NULL,
  `settings` longtext NOT NULL,
  `color` char(6) DEFAULT NULL,
  `icon` longblob NOT NULL,
  `access` tinyint(3) unsigned NOT NULL DEFAULT 0,
  `status` tinyint(3) unsigned NOT NULL DEFAULT 0,
  `deleted` tinyint(3) unsigned NOT NULL DEFAULT 0,
  `source_id` int(10) unsigned DEFAULT NULL,
  `source_info` longtext NOT NULL,
  PRIMARY KEY (`item_id`),
  KEY `i_list_id` (`list_id`),
  KEY `i_parent_id` (`parent_id`),
  KEY `i_idno` (`idno`),
  KEY `i_idno_sort` (`idno_sort`),
  KEY `i_hier_left` (`hier_left`),
  KEY `i_hier_right` (`hier_right`),
  KEY `i_value_text` (`item_value`),
  KEY `i_type_id` (`type_id`),
  KEY `i_source_id` (`source_id`),
  KEY `i_item_filter` (`item_id`,`deleted`,`access`),
  CONSTRAINT `fk_ca_list_items_list_id` FOREIGN KEY (`list_id`) REFERENCES `ca_lists` (`list_id`),
  CONSTRAINT `fk_ca_list_items_parent_id` FOREIGN KEY (`parent_id`) REFERENCES `ca_list_items` (`item_id`),
  CONSTRAINT `fk_ca_list_items_source_id` FOREIGN KEY (`source_id`) REFERENCES `ca_list_items` (`item_id`),
  CONSTRAINT `fk_ca_list_items_type_id` FOREIGN KEY (`type_id`) REFERENCES `ca_list_items` (`item_id`)
) ENGINE=InnoDB AUTO_INCREMENT=198 DEFAULT CHARSET=utf8;
/*!40101 SET character_set_client = @saved_cs_client */;

--
-- Dumping data for table `ca_list_items`
--

LOCK TABLES `ca_list_items` WRITE;
/*!40000 ALTER TABLE `ca_list_items` DISABLE KEYS */;
INSERT INTO `ca_list_items` VALUES (1,NULL,1,NULL,'Root node for list_item_types','                   0','Root',1,1.00000000000000000000,4294967296.00000000000000000000,0,0,'','Tjs=','','',0,0,0,NULL,'Tjs='),(2,1,1,NULL,'concept','                   0','concept',2,4295.96729500000000000000,8590.93459000000000000000,1,1,'','Tjs=','','',0,0,0,NULL,'Tjs='),(3,1,1,NULL,'facet','                   0','facet',3,12885.89329506500000000000,17180.85200013100000000000,1,0,'','Tjs=','','',0,0,0,NULL,'Tjs='),(4,1,1,NULL,'guide_term','                   0','guide_term',4,21475.80211527900000000000,25770.75223042700000000000,1,0,'','Tjs=','','',0,0,0,NULL,'Tjs='),(5,1,1,NULL,'hierarchy_name','                   0','hierarchy_name',5,30065.69375567500000000000,34360.63528092300000000000,1,0,'','Tjs=','','',0,0,0,NULL,'Tjs='),(6,NULL,2,NULL,'Root node for list_item_sources','                   0','Root',6,1.00000000000000000000,4294967296.00000000000000000000,0,0,'','Tjs=','','',0,0,0,NULL,'Tjs='),(7,6,2,NULL,'local','                   0','local',7,4295.96729500000000000000,8590.93459000000000000000,1,0,'','Tjs=','','',0,0,0,NULL,'Tjs='),(8,NULL,3,NULL,'Root node for list_item_label_types','                   0','Root',8,1.00000000000000000000,4294967296.00000000000000000000,0,0,'','Tjs=','','',0,0,0,NULL,'Tjs='),(9,8,3,NULL,'uf','                   0','uf',9,4295.96729500000000000000,8590.93459000000000000000,1,1,'','Tjs=','','',0,0,0,NULL,'Tjs='),(10,8,3,NULL,'alt','                   0','alt',10,12885.89329506500000000000,17180.85200013100000000000,1,0,'','Tjs=','','',0,0,0,NULL,'Tjs='),(11,NULL,4,NULL,'Root node for set_types','                   0','Root',11,1.00000000000000000000,4294967296.00000000000000000000,0,0,'','Tjs=','','',0,0,0,NULL,'Tjs='),(12,11,4,NULL,'user','                   0','user',12,4295.96729500000000000000,8590.93459000000000000000,1,0,'','Tjs=','','',0,0,0,NULL,'Tjs='),(13,11,4,NULL,'public_presentation','                   0','public_presentation',13,12885.89329506500000000000,17180.85200013100000000000,1,1,'','Tjs=','','',0,0,0,NULL,'Tjs='),(14,NULL,5,NULL,'Root node for set_presentation_types','                   0','Root',14,1.00000000000000000000,4294967296.00000000000000000000,0,0,'','Tjs=','','',0,0,0,NULL,'Tjs='),(15,14,5,NULL,'slideshow','                   0','slideshow',15,4295.96729500000000000000,8590.93459000000000000000,1,1,'','Tjs=','','',0,0,0,NULL,'Tjs='),(16,14,5,NULL,'thumbnail_image_list','                   0','thumbnail_image_list',16,12885.89329506500000000000,17180.85200013100000000000,1,0,'','Tjs=','','',0,0,0,NULL,'Tjs='),(17,14,5,NULL,'title_list','                   0','title_list',17,21475.80211527900000000000,25770.75223042700000000000,1,0,'','Tjs=','','',0,0,0,NULL,'Tjs='),(18,14,5,NULL,'chronology','                   0','chronology',18,30065.69375567500000000000,34360.63528092300000000000,1,0,'','Tjs=','','',0,0,0,NULL,'Tjs='),(19,NULL,6,NULL,'Root node for set_item_is_primary','                   0','Root',19,1.00000000000000000000,4294967296.00000000000000000000,0,0,'','Tjs=','','',0,0,0,NULL,'Tjs='),(20,19,6,NULL,'is_primary','                   0','is_primary',20,4295.96729500000000000000,8590.93459000000000000000,1,0,'','Tjs=','','',0,0,0,NULL,'Tjs='),(21,19,6,NULL,'is_not_primary','                   0','is_not_primary',21,12885.89329506500000000000,17180.85200013100000000000,1,1,'','Tjs=','','',0,0,0,NULL,'Tjs='),(22,NULL,7,NULL,'Root node for object_types','                   0','Root',22,1.00000000000000000000,4294967296.00000000000000000000,0,0,'','Tjs=','','',0,0,0,NULL,'Tjs='),(23,22,7,NULL,'esine','                   0','esine',23,12885.89329506500000000000,17180.85200013100000000000,1,1,'','YToxOntzOjE4OiJyZW5kZXJfaW5fbmV3X21lbnUiO3M6MToiMCI7fQ==','','',0,0,0,NULL,'Tjs='),(24,22,7,NULL,'valokuva','                   0','valokuva',24,30065.69375567500000000000,34360.63528092300000000000,1,0,'','YToxOntzOjE4OiJyZW5kZXJfaW5fbmV3X21lbnUiO3M6MToiMCI7fQ==','','',0,0,0,NULL,'Tjs='),(25,22,7,NULL,'kirja','                   0','kirja',25,47245.42549715100000000000,51540.34984265000000000000,1,0,'','YToxOntzOjE4OiJyZW5kZXJfaW5fbmV3X21lbnUiO3M6MToiMCI7fQ==','','',0,0,0,NULL,'Tjs='),(26,22,7,NULL,'tallenne','                   0','tallenne',26,64425.08851976900000000000,68719.99568558700000000000,1,0,'','YToxOntzOjE4OiJyZW5kZXJfaW5fbmV3X21lbnUiO3M6MToiMCI7fQ==','','',0,0,0,NULL,'Tjs='),(27,22,7,NULL,'lehtileike','                   0','lehtileike',27,81604.68282380300000000000,85899.57281001000000000000,1,0,'','YToxOntzOjE4OiJyZW5kZXJfaW5fbmV3X21lbnUiO3M6MToiMCI7fQ==','','',0,0,0,NULL,'Tjs='),(28,22,7,NULL,'dokumentti','                   0','dokumentti',28,98784.20840952800000000000,103079.08121619000000000000,1,0,'','YToxOntzOjE4OiJyZW5kZXJfaW5fbmV3X21lbnUiO3M6MToiMCI7fQ==','','',0,0,0,NULL,'Tjs='),(29,NULL,8,NULL,'Root node for object_sources','                   0','Root',29,1.00000000000000000000,4294967296.00000000000000000000,0,0,'','Tjs=','','',0,0,0,NULL,'Tjs='),(30,NULL,9,NULL,'Root node for object_statuses','                   0','Root',30,1.00000000000000000000,4294967296.00000000000000000000,0,0,'','Tjs=','','',0,0,0,NULL,'Tjs='),(31,30,9,NULL,'loan','                   0','loan',31,4295.96729500000000000000,8590.93459000000000000000,1,0,'','Tjs=','','',0,0,0,NULL,'Tjs='),(32,30,9,NULL,'missing','                   0','missing',32,12885.89329506500000000000,17180.85200013100000000000,1,0,'','Tjs=','','',0,0,0,NULL,'Tjs='),(33,NULL,10,NULL,'Root node for object_deaccession_types','                   0','Root',33,1.00000000000000000000,4294967296.00000000000000000000,0,0,'','Tjs=','','',0,0,0,NULL,'Tjs='),(34,33,10,NULL,'disposed','                   0','disposed',34,4295.96729500000000000000,8590.93459000000000000000,1,1,'','Tjs=','','',0,0,0,NULL,'Tjs='),(35,NULL,11,NULL,'Root node for object_acq_types','                   0','Root',35,1.00000000000000000000,4294967296.00000000000000000000,0,0,'','Tjs=','','',0,0,0,NULL,'Tjs='),(36,35,11,NULL,'gift','                   0','gift',36,4295.96729500000000000000,8590.93459000000000000000,1,1,'','Tjs=','','',0,0,0,NULL,'Tjs='),(37,35,11,NULL,'bequest','                   0','bequest',37,12885.89329506500000000000,17180.85200013100000000000,1,0,'','Tjs=','','',0,0,0,NULL,'Tjs='),(38,35,11,NULL,'purchase','                   0','purchase',38,21475.80211527900000000000,25770.75223042700000000000,1,0,'','Tjs=','','',0,0,0,NULL,'Tjs='),(39,35,11,NULL,'loan','                   0','loan',39,30065.69375567500000000000,34360.63528092300000000000,1,0,'','Tjs=','','',0,0,0,NULL,'Tjs='),(40,35,11,NULL,'long_term_loan','                   0','long_term_loan',40,38655.56821628800000000000,42950.50115165200000000000,1,0,'','Tjs=','','',0,0,0,NULL,'Tjs='),(41,NULL,12,NULL,'Root node for object_label_types','                   0','Root',41,1.00000000000000000000,4294967296.00000000000000000000,0,0,'','Tjs=','','',0,0,0,NULL,'Tjs='),(42,41,12,NULL,'uf','                   0','uf',42,4295.96729500000000000000,8590.93459000000000000000,1,0,'','Tjs=','','',0,0,0,NULL,'Tjs='),(43,41,12,NULL,'alt','                   0','alt',43,12885.89329506500000000000,17180.85200013100000000000,1,1,'','Tjs=','','',0,0,0,NULL,'Tjs='),(44,NULL,13,NULL,'Root node for workflow_statuses','                   0','Root',44,1.00000000000000000000,4294967296.00000000000000000000,0,0,'','Tjs=','','',0,0,0,NULL,'Tjs='),(45,44,13,NULL,'new','                   0','0',45,4295.96729500000000000000,8590.93459000000000000000,1,1,'','Tjs=','','',0,0,0,NULL,'Tjs='),(46,44,13,NULL,'editing_in_progress','                   0','1',46,12885.89329506500000000000,17180.85200013100000000000,1,0,'','Tjs=','','',0,0,0,NULL,'Tjs='),(47,44,13,NULL,'completed','                   0','4',47,21475.80211527900000000000,25770.75223042700000000000,1,0,'','Tjs=','','',0,0,0,NULL,'Tjs='),(48,NULL,14,NULL,'Root node for access_statuses','                   0','Root',48,1.00000000000000000000,4294967296.00000000000000000000,0,0,'','Tjs=','','',0,0,0,NULL,'Tjs='),(49,48,14,NULL,'internal_only','                   0','0',49,4295.96729500000000000000,8590.93459000000000000000,1,1,'','Tjs=','','',0,0,0,NULL,'Tjs='),(50,48,14,NULL,'restricted_public_access','                   0','2',50,12885.89329506500000000000,17180.85200013100000000000,1,0,'','Tjs=','','',0,0,0,NULL,'Tjs='),(51,48,14,NULL,'public_access','                   0','1',51,21475.80211527900000000000,25770.75223042700000000000,1,0,'','Tjs=','','',0,0,0,NULL,'Tjs='),(52,NULL,15,NULL,'Root node for object_circulation_statuses','                   0','Root',52,1.00000000000000000000,4294967296.00000000000000000000,0,0,'','Tjs=','','',0,0,0,NULL,'Tjs='),(53,52,15,NULL,'available','                   0','available',53,4295.96729500000000000000,8590.93459000000000000000,1,1,'','Tjs=','','',0,0,0,NULL,'Tjs='),(54,52,15,NULL,'in_library','                   0','in_library',54,12885.89329506500000000000,17180.85200013100000000000,1,0,'','Tjs=','','',0,0,0,NULL,'Tjs='),(55,52,15,NULL,'unavailable','                   0','unavailable',55,21475.80211527900000000000,25770.75223042700000000000,1,0,'','Tjs=','','',0,0,0,NULL,'Tjs='),(56,NULL,16,NULL,'Root node for object_lot_types','                   0','Root',56,1.00000000000000000000,4294967296.00000000000000000000,0,0,'','Tjs=','','',0,0,0,NULL,'Tjs='),(57,56,16,NULL,'lahjoitus','                   0','lahjoitus',57,4295.96729500000000000000,8590.93459000000000000000,1,1,'','Tjs=','','',0,0,0,NULL,'Tjs='),(58,56,16,NULL,'deponointi','                   0','deponointi',58,12885.89329506500000000000,17180.85200013100000000000,1,0,'','Tjs=','','',0,0,0,NULL,'Tjs='),(59,56,16,NULL,'osto','                   0','osto',59,21475.80211527900000000000,25770.75223042700000000000,1,0,'','Tjs=','','',0,0,0,NULL,'Tjs='),(60,56,16,NULL,'kuvattu','                   0','kuvattu',60,30065.69375567500000000000,34360.63528092300000000000,1,0,'','Tjs=','','',0,0,0,NULL,'Tjs='),(61,56,16,NULL,'nauhoitettu','                   0','nauhoitettu',61,38655.56821628800000000000,42950.50115165200000000000,1,0,'','Tjs=','','',0,0,0,NULL,'Tjs='),(62,56,16,NULL,'museolyt','                   0','museolyt',62,47245.42549715100000000000,51540.34984265000000000000,1,0,'','Tjs=','','',0,0,0,NULL,'Tjs='),(63,56,16,NULL,'muu','                   0','muu',63,55835.26559830000000000000,60130.18135395000000000000,1,0,'','Tjs=','','',0,0,0,NULL,'Tjs='),(64,NULL,17,NULL,'Root node for object_lot_sources','                   0','Root',64,1.00000000000000000000,4294967296.00000000000000000000,0,0,'','Tjs=','','',0,0,0,NULL,'Tjs='),(65,NULL,18,NULL,'Root node for object_lot_statuses','                   0','Root',65,1.00000000000000000000,4294967296.00000000000000000000,0,0,'','Tjs=','','',0,0,0,NULL,'Tjs='),(66,65,18,NULL,'saapunut','                   0','saapunut',66,4295.96729500000000000000,8590.93459000000000000000,1,1,'','Tjs=','','',0,0,0,NULL,'Tjs='),(67,65,18,NULL,'kasittelyssa','                   0','kasittelyssa',67,12885.89329506500000000000,17180.85200013100000000000,1,0,'','Tjs=','','',0,0,0,NULL,'Tjs='),(68,65,18,NULL,'hyvaksytty','                   0','hyvaksytty',68,21475.80211527900000000000,25770.75223042700000000000,1,0,'','Tjs=','','',0,0,0,NULL,'Tjs='),(69,NULL,19,NULL,'Root node for object_lot_label_types','                   0','Root',69,1.00000000000000000000,4294967296.00000000000000000000,0,0,'','Tjs=','','',0,0,0,NULL,'Tjs='),(70,69,19,NULL,'uf','                   0','uf',70,4295.96729500000000000000,8590.93459000000000000000,1,0,'','Tjs=','','',0,0,0,NULL,'Tjs='),(71,69,19,NULL,'alt','                   0','alt',71,12885.89329506500000000000,17180.85200013100000000000,1,1,'','Tjs=','','',0,0,0,NULL,'Tjs='),(72,NULL,20,NULL,'Root node for loan_types','                   0','Root',72,1.00000000000000000000,4294967296.00000000000000000000,0,0,'','Tjs=','','',0,0,0,NULL,'Tjs='),(73,72,20,NULL,'in','                   0','in',73,4295.96729500000000000000,8590.93459000000000000000,1,0,'','Tjs=','','',0,0,0,NULL,'Tjs='),(74,72,20,NULL,'out','                   0','out',74,12885.89329506500000000000,17180.85200013100000000000,1,1,'','Tjs=','','',0,0,0,NULL,'Tjs='),(75,NULL,21,NULL,'Root node for loan_sources','                   0','Root',75,1.00000000000000000000,4294967296.00000000000000000000,0,0,'','Tjs=','','',0,0,0,NULL,'Tjs='),(76,NULL,22,NULL,'Root node for movement_types','                   0','Root',76,1.00000000000000000000,4294967296.00000000000000000000,0,0,'','Tjs=','','',0,0,0,NULL,'Tjs='),(77,76,22,NULL,'movement','                   0','movement',77,4295.96729500000000000000,8590.93459000000000000000,1,1,'','Tjs=','','',0,0,0,NULL,'Tjs='),(78,NULL,23,NULL,'Root node for movement_sources','                   0','Root',78,1.00000000000000000000,4294967296.00000000000000000000,0,0,'','Tjs=','','',0,0,0,NULL,'Tjs='),(79,NULL,24,NULL,'Root node for entity_types','                   0','Root',79,1.00000000000000000000,4294967296.00000000000000000000,0,0,'','Tjs=','','',0,0,0,NULL,'Tjs='),(80,79,24,NULL,'individual','                   0','individual',80,4295.96729500000000000000,8590.93459000000000000000,1,1,'','Tjs=','','',0,0,0,NULL,'Tjs='),(81,79,24,NULL,'organization','                   0','organization',81,12885.89329506500000000000,17180.85200013100000000000,1,0,'','Tjs=','','',0,0,0,NULL,'Tjs='),(82,79,24,NULL,'fictional_individual','                   0','fictional_individual',82,21475.80211527900000000000,25770.75223042700000000000,1,0,'','Tjs=','','',0,0,0,NULL,'Tjs='),(83,79,24,NULL,'animal','                   0','animal',83,30065.69375567500000000000,34360.63528092300000000000,1,0,'','Tjs=','','',0,0,0,NULL,'Tjs='),(84,NULL,25,NULL,'Root node for entity_sources','                   0','Root',84,1.00000000000000000000,4294967296.00000000000000000000,0,0,'','Tjs=','','',0,0,0,NULL,'Tjs='),(85,NULL,26,NULL,'Root node for entity_label_types','                   0','Root',85,1.00000000000000000000,4294967296.00000000000000000000,0,0,'','Tjs=','','',0,0,0,NULL,'Tjs='),(86,85,26,NULL,'uf','                   0','uf',86,4295.96729500000000000000,8590.93459000000000000000,1,0,'','Tjs=','','',0,0,0,NULL,'Tjs='),(87,85,26,NULL,'alt','                   0','alt',87,12885.89329506500000000000,17180.85200013100000000000,1,1,'','Tjs=','','',0,0,0,NULL,'Tjs='),(88,NULL,27,NULL,'Root node for place_types','                   0','Root',88,1.00000000000000000000,4294967296.00000000000000000000,0,0,'','Tjs=','','',0,0,0,NULL,'Tjs='),(89,88,27,NULL,'continent','                   0','continent',89,4295.96729500000000000000,8590.93459000000000000000,1,0,'','Tjs=','','',0,0,0,NULL,'Tjs='),(90,88,27,NULL,'country','                   0','country',90,12885.89329506500000000000,17180.85200013100000000000,1,1,'','Tjs=','','',0,0,0,NULL,'Tjs='),(91,88,27,NULL,'state','                   0','state',91,21475.80211527900000000000,25770.75223042700000000000,1,0,'','Tjs=','','',0,0,0,NULL,'Tjs='),(92,88,27,NULL,'city','                   0','city',92,30065.69375567500000000000,34360.63528092300000000000,1,0,'','Tjs=','','',0,0,0,NULL,'Tjs='),(93,88,27,NULL,'county','                   0','county',93,38655.56821628800000000000,42950.50115165200000000000,1,0,'','Tjs=','','',0,0,0,NULL,'Tjs='),(94,88,27,NULL,'neighborhood','                   0','neighborhood',94,47245.42549715100000000000,51540.34984265000000000000,1,0,'','Tjs=','','',0,0,0,NULL,'Tjs='),(95,88,27,NULL,'location','                   0','location',95,55835.26559830000000000000,60130.18135395000000000000,1,0,'','Tjs=','','',0,0,0,NULL,'Tjs='),(96,88,27,NULL,'river','                   0','river',96,64425.08851976900000000000,68719.99568558700000000000,1,0,'','Tjs=','','',0,0,0,NULL,'Tjs='),(97,88,27,NULL,'socken','                   0','socken',97,73014.89426159100000000000,77309.79283759600000000000,1,0,'','Tjs=','','',0,0,0,NULL,'Tjs='),(98,88,27,NULL,'other','                   0','other',98,81604.68282380300000000000,85899.57281001000000000000,1,0,'','Tjs=','','',0,0,0,NULL,'Tjs='),(99,NULL,28,NULL,'Root node for place_label_types','                   0','Root',99,1.00000000000000000000,4294967296.00000000000000000000,0,0,'','Tjs=','','',0,0,0,NULL,'Tjs='),(100,99,28,NULL,'uf','                   0','uf',100,4295.96729500000000000000,8590.93459000000000000000,1,0,'','Tjs=','','',0,0,0,NULL,'Tjs='),(101,99,28,NULL,'alt','                   0','alt',101,12885.89329506500000000000,17180.85200013100000000000,1,1,'','Tjs=','','',0,0,0,NULL,'Tjs='),(102,NULL,29,NULL,'Root node for place_sources','                   0','Root',102,1.00000000000000000000,4294967296.00000000000000000000,0,0,'','Tjs=','','',0,0,0,NULL,'Tjs='),(103,NULL,30,NULL,'Root node for occurrence_types','                   0','Root',103,1.00000000000000000000,4294967296.00000000000000000000,0,0,'','Tjs=','','',0,0,0,NULL,'Tjs='),(104,103,30,NULL,'tapahtuma','                   0','tapahtuma',104,4295.96729500000000000000,8590.93459000000000000000,1,0,'','Tjs=','','',0,0,0,NULL,'Tjs='),(105,104,30,NULL,'nyttely','                   0','nyttely',105,4725.46402450000000000000,5154.96075400000000000000,1,1,'','Tjs=','','',0,0,0,NULL,'Tjs='),(106,104,30,NULL,'konferenssi','                   0','konferenssi',106,5498.55813760000000000000,5842.15552120000000000000,1,0,'','Tjs=','','',0,0,0,NULL,'Tjs='),(107,104,30,NULL,'haastattelu','                   0','haastattelu',107,6117.03342808000000000000,6391.91133496000000000000,1,0,'','Tjs=','','',0,0,0,NULL,'Tjs='),(108,104,30,NULL,'luento_esitelma','                   0','luento_esitelma',108,6611.81366046400000000000,6831.71598596800000000000,1,0,'','Tjs=','','',0,0,0,NULL,'Tjs='),(109,104,30,NULL,'keskustelu','                   0','keskustelu',109,7007.63784637120000000000,7183.55970677440000000000,1,0,'','Tjs=','','',0,0,0,NULL,'Tjs='),(110,104,30,NULL,'muistelu','                   0','muistelu',110,7324.29719509700000000000,7465.03468341950000000000,1,0,'','Tjs=','','',0,0,0,NULL,'Tjs='),(111,104,30,NULL,'konservointi','                   0','konservointi',111,7577.62467407750000000000,7690.21466473560000000000,1,0,'','Tjs=','','',0,0,0,NULL,'Tjs='),(112,104,30,NULL,'tyomaadokumentointi','                   0','tyomaadokumentointi',112,7780.28665726200000000000,7870.35864978850000000000,1,0,'','Tjs=','','',0,0,0,NULL,'Tjs='),(113,NULL,31,NULL,'Root node for occurrence_label_types','                   0','Root',113,1.00000000000000000000,4294967296.00000000000000000000,0,0,'','Tjs=','','',0,0,0,NULL,'Tjs='),(114,113,31,NULL,'uf','                   0','uf',114,4295.96729500000000000000,8590.93459000000000000000,1,0,'','Tjs=','','',0,0,0,NULL,'Tjs='),(115,113,31,NULL,'alt','                   0','alt',115,12885.89329506500000000000,17180.85200013100000000000,1,1,'','Tjs=','','',0,0,0,NULL,'Tjs='),(116,NULL,32,NULL,'Root node for occurrence_sources','                   0','Root',116,1.00000000000000000000,4294967296.00000000000000000000,0,0,'','Tjs=','','',0,0,0,NULL,'Tjs='),(117,NULL,33,NULL,'Root node for collection_types','                   0','Root',117,1.00000000000000000000,4294967296.00000000000000000000,0,0,'','Tjs=','','',0,0,0,NULL,'Tjs='),(118,117,33,NULL,'taidekokoelma','                   0','taidekokoelma',118,4295.96729500000000000000,8590.93459000000000000000,1,0,'','Tjs=','','',0,0,0,NULL,'Tjs='),(119,117,33,NULL,'esinekokoelma','                   0','esinekokoelma',119,12885.89329506500000000000,17180.85200013100000000000,1,1,'','Tjs=','','',0,0,0,NULL,'Tjs='),(120,117,33,NULL,'diaario','                   0','diaario',120,21475.80211527900000000000,25770.75223042700000000000,1,0,'','Tjs=','','',0,0,0,NULL,'Tjs='),(121,117,33,NULL,'nippu','                   0','nippu',121,30065.69375567500000000000,34360.63528092300000000000,1,0,'','Tjs=','','',0,0,0,NULL,'Tjs='),(122,NULL,34,NULL,'Root node for collection_sources','                   0','Root',122,1.00000000000000000000,4294967296.00000000000000000000,0,0,'','Tjs=','','',0,0,0,NULL,'Tjs='),(123,NULL,35,NULL,'Root node for collection_label_types','                   0','Root',123,1.00000000000000000000,4294967296.00000000000000000000,0,0,'','Tjs=','','',0,0,0,NULL,'Tjs='),(124,123,35,NULL,'uf','                   0','uf',124,4295.96729500000000000000,8590.93459000000000000000,1,0,'','Tjs=','','',0,0,0,NULL,'Tjs='),(125,123,35,NULL,'alt','                   0','alt',125,12885.89329506500000000000,17180.85200013100000000000,1,1,'','Tjs=','','',0,0,0,NULL,'Tjs='),(126,NULL,36,NULL,'Root node for storage_location_types','                   0','Root',126,1.00000000000000000000,4294967296.00000000000000000000,0,0,'','Tjs=','','',0,0,0,NULL,'Tjs='),(127,126,36,NULL,'sailytystila','                   0','sailytystila',127,4295.96729500000000000000,8590.93459000000000000000,1,1,'','Tjs=','','',0,0,0,NULL,'Tjs='),(128,126,36,NULL,'sijoituspaikka','                   0','sijoituspaikka',128,12885.89329506500000000000,17180.85200013100000000000,1,0,'','Tjs=','','',0,0,0,NULL,'Tjs='),(129,NULL,37,NULL,'Root node for storage_location_sources','                   0','Root',129,1.00000000000000000000,4294967296.00000000000000000000,0,0,'','Tjs=','','',0,0,0,NULL,'Tjs='),(130,NULL,38,NULL,'Root node for storage_location_label_types','                   0','Root',130,1.00000000000000000000,4294967296.00000000000000000000,0,0,'','Tjs=','','',0,0,0,NULL,'Tjs='),(131,130,38,NULL,'uf','                   0','uf',131,4295.96729500000000000000,8590.93459000000000000000,1,0,'','Tjs=','','',0,0,0,NULL,'Tjs='),(132,130,38,NULL,'alt','                   0','alt',132,12885.89329506500000000000,17180.85200013100000000000,1,1,'','Tjs=','','',0,0,0,NULL,'Tjs='),(133,NULL,39,NULL,'Root node for object_representation_types','                   0','Root',133,1.00000000000000000000,4294967296.00000000000000000000,0,0,'','Tjs=','','',0,0,0,NULL,'Tjs='),(134,133,39,NULL,'front','                   0','front',134,4295.96729500000000000000,8590.93459000000000000000,1,1,'','Tjs=','','',0,0,0,NULL,'Tjs='),(135,133,39,NULL,'back','                   0','back',135,12885.89329506500000000000,17180.85200013100000000000,1,0,'','Tjs=','','',0,0,0,NULL,'Tjs='),(136,NULL,40,NULL,'Root node for object_representation_sources','                   0','Root',136,1.00000000000000000000,4294967296.00000000000000000000,0,0,'','Tjs=','','',0,0,0,NULL,'Tjs='),(137,NULL,41,NULL,'Root node for tour_types','                   0','Root',137,1.00000000000000000000,4294967296.00000000000000000000,0,0,'','Tjs=','','',0,0,0,NULL,'Tjs='),(138,137,41,NULL,'full_length','                   0','full_length',138,4295.96729500000000000000,8590.93459000000000000000,1,0,'','Tjs=','','',0,0,0,NULL,'Tjs='),(139,137,41,NULL,'short','                   0','short',139,12885.89329506500000000000,17180.85200013100000000000,1,0,'','Tjs=','','',0,0,0,NULL,'Tjs='),(140,NULL,42,NULL,'Root node for tour_sources','                   0','Root',140,1.00000000000000000000,4294967296.00000000000000000000,0,0,'','Tjs=','','',0,0,0,NULL,'Tjs='),(141,NULL,43,NULL,'Root node for tour_stop_types','                   0','Root',141,1.00000000000000000000,4294967296.00000000000000000000,0,0,'','Tjs=','','',0,0,0,NULL,'Tjs='),(142,141,43,NULL,'primary','                   0','primary',142,4295.96729500000000000000,8590.93459000000000000000,1,0,'','Tjs=','','',0,0,0,NULL,'Tjs='),(143,141,43,NULL,'secondary','                   0','secondary',143,12885.89329506500000000000,17180.85200013100000000000,1,0,'','Tjs=','','',0,0,0,NULL,'Tjs='),(144,NULL,44,NULL,'Root node for materiaalinimet','                   0','Root',144,1.00000000000000000000,4294967296.00000000000000000000,0,0,'','Tjs=','','',0,0,0,NULL,'Tjs='),(145,NULL,45,NULL,'Root node for negatiivikoot','                   0','Root',145,1.00000000000000000000,4294967296.00000000000000000000,0,0,'','Tjs=','','',0,0,0,NULL,'Tjs='),(146,NULL,46,NULL,'Root node for negatiivityypit','                   0','Root',146,1.00000000000000000000,4294967296.00000000000000000000,0,0,'','Tjs=','','',0,0,0,NULL,'Tjs='),(147,NULL,47,NULL,'Root node for negpohjamateriaalit','                   0','Root',147,1.00000000000000000000,4294967296.00000000000000000000,0,0,'','Tjs=','','',0,0,0,NULL,'Tjs='),(148,NULL,48,NULL,'Root node for pohjamateriaalit','                   0','Root',148,1.00000000000000000000,4294967296.00000000000000000000,0,0,'','Tjs=','','',0,0,0,NULL,'Tjs='),(149,NULL,49,NULL,'Root node for kategoriat','                   0','Root',149,1.00000000000000000000,4294967296.00000000000000000000,0,0,'','Tjs=','','',0,0,0,NULL,'Tjs='),(150,NULL,50,NULL,'Root node for yleisnimet','                   0','Root',150,1.00000000000000000000,4294967296.00000000000000000000,0,0,'','Tjs=','','',0,0,0,NULL,'Tjs='),(151,NULL,51,NULL,'Root node for ammatit','                   0','Root',151,1.00000000000000000000,4294967296.00000000000000000000,0,0,'','Tjs=','','',0,0,0,NULL,'Tjs='),(152,NULL,52,NULL,'Root node for paikat','                   0','Root',152,1.00000000000000000000,4294967296.00000000000000000000,0,0,'','Tjs=','','',0,0,0,NULL,'Tjs='),(153,NULL,53,NULL,'Root node for hankintatavat','                   0','Root',153,1.00000000000000000000,4294967296.00000000000000000000,0,0,'','Tjs=','','',0,0,0,NULL,'Tjs='),(154,153,53,NULL,'lahjoitus','                   0','lahjoitus',154,4295.96729500000000000000,8590.93459000000000000000,1,0,'','Tjs=','','',0,0,0,NULL,'Tjs='),(155,153,53,NULL,'kuvattu_museo','                   0','kuvattu_museo',155,12885.89329506500000000000,17180.85200013100000000000,1,0,'','Tjs=','','',0,0,0,NULL,'Tjs='),(156,153,53,NULL,'museoloyto','                   0','museoloyto',156,21475.80211527900000000000,25770.75223042700000000000,1,0,'','Tjs=','','',0,0,0,NULL,'Tjs='),(157,153,53,NULL,'osto','                   0','osto',157,30065.69375567500000000000,34360.63528092300000000000,1,0,'','Tjs=','','',0,0,0,NULL,'Tjs='),(158,153,53,NULL,'deponointi','                   0','deponointi',158,38655.56821628800000000000,42950.50115165200000000000,1,0,'','Tjs=','','',0,0,0,NULL,'Tjs='),(159,153,53,NULL,'muu','                   0','muu',159,47245.42549715100000000000,51540.34984265000000000000,1,0,'','Tjs=','','',0,0,0,NULL,'Tjs='),(160,NULL,54,NULL,'Root node for hakusanat','                   0','Root',160,1.00000000000000000000,4294967296.00000000000000000000,0,0,'','Tjs=','','',0,0,0,NULL,'Tjs='),(161,NULL,55,NULL,'Root node for tunnistetyyppi','                   0','Root',161,1.00000000000000000000,4294967296.00000000000000000000,0,0,'','Tjs=','','',0,0,0,NULL,'Tjs='),(162,161,55,NULL,'duo','                   0','duo',162,4295.96729500000000000000,8590.93459000000000000000,1,0,'','Tjs=','','',0,0,0,NULL,'Tjs='),(163,161,55,NULL,'isbn','                   0','isbn',163,12885.89329506500000000000,17180.85200013100000000000,1,0,'','Tjs=','','',0,0,0,NULL,'Tjs='),(164,161,55,NULL,'wikidata','                   0','wikidata',164,21475.80211527900000000000,25770.75223042700000000000,1,0,'','Tjs=','','',0,0,0,NULL,'Tjs='),(165,161,55,NULL,'sarjanumero','                   0','sarjanumero',165,30065.69375567500000000000,34360.63528092300000000000,1,0,'','Tjs=','','',0,0,0,NULL,'Tjs='),(166,161,55,NULL,'alkuperainen','                   0','alkuperainen',166,38655.56821628800000000000,42950.50115165200000000000,1,0,'','Tjs=','','',0,0,0,NULL,'Tjs='),(167,NULL,56,NULL,'Root node for teosaihenimi','                   0','Root',167,1.00000000000000000000,4294967296.00000000000000000000,0,0,'','Tjs=','','',0,0,0,NULL,'Tjs='),(168,167,56,NULL,'portrait','                   0','portrait',168,4295.96729500000000000000,8590.93459000000000000000,1,0,'','Tjs=','','',0,0,0,NULL,'Tjs='),(169,167,56,NULL,'abstract','                   0','abstract',169,12885.89329506500000000000,17180.85200013100000000000,1,0,'','Tjs=','','',0,0,0,NULL,'Tjs='),(170,NULL,57,NULL,'Root node for place_hierarchies','                   0','Root',170,1.00000000000000000000,4294967296.00000000000000000000,0,0,'','Tjs=','','',0,0,0,NULL,'Tjs='),(171,170,57,NULL,'places','                   0','places',171,4295.96729500000000000000,8590.93459000000000000000,1,1,'','Tjs=','','',0,0,0,NULL,'Tjs='),(172,NULL,58,NULL,'Root node for valuutta','                   0','Root',172,1.00000000000000000000,4294967296.00000000000000000000,0,0,'','Tjs=','','',0,0,0,NULL,'Tjs='),(173,172,58,NULL,'euro','                   0','euro',173,4295.96729500000000000000,8590.93459000000000000000,1,1,'','Tjs=','','',0,0,0,NULL,'Tjs='),(174,172,58,NULL,'markka','                   0','markka',174,12885.89329506500000000000,17180.85200013100000000000,1,0,'','Tjs=','','',0,0,0,NULL,'Tjs='),(175,NULL,59,NULL,'Root node for kuntoluokitus','                   0','Root',175,1.00000000000000000000,4294967296.00000000000000000000,0,0,'','Tjs=','','',0,0,0,NULL,'Tjs='),(176,175,59,NULL,'erinomainen','                   0','erinomainen',176,4295.96729500000000000000,8590.93459000000000000000,1,0,'','Tjs=','','',0,0,0,NULL,'Tjs='),(177,175,59,NULL,'hyva','                   0','hyva',177,12885.89329506500000000000,17180.85200013100000000000,1,0,'','Tjs=','','',0,0,0,NULL,'Tjs='),(178,175,59,NULL,'kohtalainen','                   0','kohtalainen',178,21475.80211527900000000000,25770.75223042700000000000,1,0,'','Tjs=','','',0,0,0,NULL,'Tjs='),(179,175,59,NULL,'huono','                   0','huono',179,30065.69375567500000000000,34360.63528092300000000000,1,0,'','Tjs=','','',0,0,0,NULL,'Tjs='),(180,NULL,60,NULL,'Root node for varit','                   0','Root',180,1.00000000000000000000,4294967296.00000000000000000000,0,0,'','Tjs=','','',0,0,0,NULL,'Tjs='),(181,180,60,NULL,'musta','                   0','musta',181,4295.96729500000000000000,8590.93459000000000000000,1,1,'','Tjs=','','',0,0,0,NULL,'Tjs='),(182,180,60,NULL,'punainen','                   0','punainen',182,12885.89329506500000000000,17180.85200013100000000000,1,0,'','Tjs=','','',0,0,0,NULL,'Tjs='),(183,180,60,NULL,'sininen','                   0','sininen',183,21475.80211527900000000000,25770.75223042700000000000,1,0,'','Tjs=','','',0,0,0,NULL,'Tjs='),(184,NULL,61,NULL,'Root node for varityyppi','                   0','Root',184,1.00000000000000000000,4294967296.00000000000000000000,0,0,'','Tjs=','','',0,0,0,NULL,'Tjs='),(185,184,61,NULL,'bw','                   0','bw',185,4295.96729500000000000000,8590.93459000000000000000,1,1,'','Tjs=','','',0,0,0,NULL,'Tjs='),(186,184,61,NULL,'color','                   0','color',186,12885.89329506500000000000,17180.85200013100000000000,1,0,'','Tjs=','','',0,0,0,NULL,'Tjs='),(187,184,61,NULL,'null','                   0','null',187,21475.80211527900000000000,25770.75223042700000000000,1,0,'','Tjs=','','',0,0,0,NULL,'Tjs='),(188,NULL,62,NULL,'Root node for object_media_license_types','                   0','Root',188,1.00000000000000000000,4294967296.00000000000000000000,0,0,'','Tjs=','','',0,0,0,NULL,'Tjs='),(189,188,62,NULL,'ei_lisenssia','                   0','ei_lisenssia',189,4295.96729500000000000000,8590.93459000000000000000,1,1,'','Tjs=','','',0,0,0,NULL,'Tjs='),(190,188,62,NULL,'cc_by_4','                   0','cc_by_4',190,12885.89329506500000000000,17180.85200013100000000000,1,0,'','Tjs=','','',0,0,0,NULL,'Tjs='),(191,188,62,NULL,'pd_fin50','                   0','pd_fin50',191,21475.80211527900000000000,25770.75223042700000000000,1,0,'','Tjs=','','',0,0,0,NULL,'Tjs='),(192,NULL,63,NULL,'Root node for lehtinimekkeet','                   0','Root',192,1.00000000000000000000,4294967296.00000000000000000000,0,0,'','Tjs=','','',0,0,0,NULL,'Tjs='),(193,NULL,64,NULL,'Root node for tallennetyypit','                   0','Root',193,1.00000000000000000000,4294967296.00000000000000000000,0,0,'','Tjs=','','',0,0,0,NULL,'Tjs='),(194,193,64,NULL,'unknown','                   0','unknown',194,4295.96729500000000000000,8590.93459000000000000000,1,0,'','Tjs=','','',0,0,0,NULL,'Tjs='),(195,193,64,NULL,'multimedia','                   0','multimedia',195,12885.89329506500000000000,17180.85200013100000000000,1,0,'','Tjs=','','',0,0,0,NULL,'Tjs='),(196,193,64,NULL,'audio','                   0','audio',196,21475.80211527900000000000,25770.75223042700000000000,1,0,'','Tjs=','','',0,0,0,NULL,'Tjs='),(197,193,64,NULL,'video','                   0','video',197,30065.69375567500000000000,34360.63528092300000000000,1,0,'','Tjs=','','',0,0,0,NULL,'Tjs=');
/*!40000 ALTER TABLE `ca_list_items` ENABLE KEYS */;
UNLOCK TABLES;

--
-- Table structure for table `ca_list_items_x_list_items`
--

DROP TABLE IF EXISTS `ca_list_items_x_list_items`;
/*!40101 SET @saved_cs_client     = @@character_set_client */;
/*!40101 SET character_set_client = utf8 */;
CREATE TABLE `ca_list_items_x_list_items` (
  `relation_id` int(10) unsigned NOT NULL AUTO_INCREMENT,
  `term_left_id` int(10) unsigned NOT NULL,
  `term_right_id` int(10) unsigned NOT NULL,
  `type_id` smallint(5) unsigned DEFAULT NULL,
  `source_info` longtext NOT NULL,
  `sdatetime` decimal(30,20) DEFAULT NULL,
  `edatetime` decimal(30,20) DEFAULT NULL,
  `label_left_id` int(10) unsigned DEFAULT NULL,
  `label_right_id` int(10) unsigned DEFAULT NULL,
  `rank` int(10) unsigned NOT NULL DEFAULT 0,
  PRIMARY KEY (`relation_id`),
  UNIQUE KEY `u_all` (`term_left_id`,`term_right_id`,`type_id`,`sdatetime`,`edatetime`),
  KEY `i_term_left_id` (`term_left_id`),
  KEY `i_term_right_id` (`term_right_id`),
  KEY `i_type_id` (`type_id`),
  KEY `i_label_left_id` (`label_left_id`),
  KEY `i_label_right_id` (`label_right_id`),
  CONSTRAINT `ca_ca_list_items_x_list_items_term_left_id` FOREIGN KEY (`term_left_id`) REFERENCES `ca_list_items` (`item_id`),
  CONSTRAINT `ca_ca_list_items_x_list_items_term_right_id` FOREIGN KEY (`term_right_id`) REFERENCES `ca_list_items` (`item_id`),
  CONSTRAINT `ca_ca_list_items_x_list_items_type_id` FOREIGN KEY (`type_id`) REFERENCES `ca_relationship_types` (`type_id`),
  CONSTRAINT `fk_ca_list_items_x_list_items_label_left_id` FOREIGN KEY (`label_left_id`) REFERENCES `ca_list_item_labels` (`label_id`),
  CONSTRAINT `fk_ca_list_items_x_list_items_label_right_id` FOREIGN KEY (`label_right_id`) REFERENCES `ca_list_item_labels` (`label_id`)
) ENGINE=InnoDB DEFAULT CHARSET=utf8;
/*!40101 SET character_set_client = @saved_cs_client */;

--
-- Dumping data for table `ca_list_items_x_list_items`
--

LOCK TABLES `ca_list_items_x_list_items` WRITE;
/*!40000 ALTER TABLE `ca_list_items_x_list_items` DISABLE KEYS */;
/*!40000 ALTER TABLE `ca_list_items_x_list_items` ENABLE KEYS */;
UNLOCK TABLES;

--
-- Table structure for table `ca_list_labels`
--

DROP TABLE IF EXISTS `ca_list_labels`;
/*!40101 SET @saved_cs_client     = @@character_set_client */;
/*!40101 SET character_set_client = utf8 */;
CREATE TABLE `ca_list_labels` (
  `label_id` smallint(5) unsigned NOT NULL AUTO_INCREMENT,
  `list_id` smallint(5) unsigned NOT NULL,
  `locale_id` smallint(5) unsigned NOT NULL,
  `name` varchar(255) NOT NULL,
  PRIMARY KEY (`label_id`),
  UNIQUE KEY `u_locale_id` (`list_id`,`locale_id`),
  KEY `fk_ca_list_labels_locale_id` (`locale_id`),
  KEY `i_list_id` (`list_id`),
  KEY `i_name` (`name`(128)),
  CONSTRAINT `fk_ca_list_labels_list_id` FOREIGN KEY (`list_id`) REFERENCES `ca_lists` (`list_id`),
  CONSTRAINT `fk_ca_list_labels_locale_id` FOREIGN KEY (`locale_id`) REFERENCES `ca_locales` (`locale_id`)
) ENGINE=InnoDB AUTO_INCREMENT=159 DEFAULT CHARSET=utf8;
/*!40101 SET character_set_client = @saved_cs_client */;

--
-- Dumping data for table `ca_list_labels`
--

LOCK TABLES `ca_list_labels` WRITE;
/*!40000 ALTER TABLE `ca_list_labels` DISABLE KEYS */;
INSERT INTO `ca_list_labels` VALUES (1,1,2,'List item types'),(2,1,3,'List item types'),(3,1,7,'Lister les types d\'item'),(4,1,15,'Posttypslista'),(5,2,2,'List item sources'),(6,2,3,'List item sources'),(7,3,2,'List item label types'),(8,3,3,'List item label types'),(9,3,7,'Types de libells pour les lments de liste'),(10,3,15,'Etikett till posttypslista'),(11,4,2,'Set types'),(12,4,3,'Set types'),(13,4,7,'Types d\'ensembles'),(14,4,15,'Grupperingstyper'),(15,5,2,'Set presentation types'),(16,5,3,'Set presentation types'),(17,5,7,'Dfinir des types de prsentation'),(18,5,15,'Stll in presentationstyper'),(19,6,2,'Set item primary status types'),(20,6,3,'Set item primary status types'),(21,6,7,'Dfini les types de statut pour les items primaires'),(22,6,15,'Stll in postens primra status typer'),(23,7,2,'Object types'),(24,7,1,'Objektityypit'),(25,8,2,'Object sources'),(26,8,3,'Object sources'),(27,8,7,'Origine'),(28,8,15,'Objekt kllor'),(29,9,2,'Object status values'),(30,9,1,'Objektin statustyypit'),(31,10,2,'Object deaccession types'),(32,11,2,'Object acquisition types'),(33,11,3,'Object acquisition types'),(34,11,7,'Type d\'acquisitions d\'objets'),(35,11,15,'Objekt frvrvstyper'),(36,12,2,'Object label types'),(37,12,3,'Object label types'),(38,12,7,'Types de libells d\'objet'),(39,12,15,'Objekt etikettyper'),(40,13,2,'Object workflow statuses'),(41,14,2,'Object access statuses'),(42,14,1,'objektin psyoikeudet'),(43,15,2,'Object circulation statuses'),(44,16,2,'Object lot types'),(45,16,1,'Hankintatyypit'),(46,17,2,'Object lot sources'),(47,17,3,'Object lot sources'),(48,18,2,'Object lot statuses'),(49,19,2,'Object lot label type values'),(50,19,3,'Object lot label type values'),(51,19,7,'Valeurs de type de libells pour les lots d\'objets'),(52,19,15,'Objekt beslut etikettyp vrden'),(53,20,2,'Loan types'),(54,20,3,'Loan types'),(55,21,2,'Loan sources'),(56,21,3,'Loan sources'),(57,22,2,'Movement type values'),(58,22,3,'Movement type values'),(59,22,7,'Valeurs de types de mouvement'),(60,22,15,'Frflyttningstyp vrden'),(61,23,2,'Movement sources'),(62,23,3,'Movement sources'),(63,24,2,'Entity types'),(64,24,1,'Entiteettityypit'),(65,25,2,'Entity sources'),(66,25,3,'Entity sources'),(67,25,7,'Sources d\'entits'),(68,25,15,'Person/organisation/folk kllor'),(69,26,2,'Entity label types'),(70,26,3,'Entity label types'),(71,26,7,'Types de libells d\'entit'),(72,26,15,'Person/organisation/folk etikettyper'),(73,27,2,'Place types'),(74,27,3,'Place types'),(75,27,7,'Types de lieux'),(76,27,15,'Plats typer'),(77,28,2,'Place label type values'),(78,28,3,'Place label type values'),(79,28,7,'Valeurs de type libells de lieux'),(80,28,15,'Plats etikettyp vrden'),(81,29,2,'Place sources'),(82,29,3,'Place sources'),(83,29,7,'Sources de lieux'),(84,29,15,'Plats kllor'),(85,30,2,'Occurrence types'),(86,30,1,'Tapahtumatyypit'),(87,31,2,'Occurrence label types'),(88,31,3,'Occurrence label types'),(89,31,7,'Types de libells d\'occurences'),(90,31,15,'Frekomst etikettyper'),(91,32,2,'Occurrence sources'),(92,32,3,'Occurrence sources'),(93,32,7,'Sources d\'occurences'),(94,32,15,'Frekomst kllor'),(95,33,2,'Collection types'),(96,33,1,'Kokoelmayypit'),(97,34,2,'Collection sources'),(98,34,3,'Collection sources'),(99,34,7,'Sources de collections'),(100,34,15,'Samlingskllor'),(101,35,2,'Collection label types'),(102,35,3,'Collection label types'),(103,35,7,'Types de libells de collection'),(104,35,15,'Samling etikettyper'),(105,36,2,'Storage location types'),(106,36,1,'Sijaintityypit'),(107,37,2,'Storage location sources'),(108,37,3,'Storage location sources'),(109,38,2,'Storage location label type values'),(110,38,3,'Storage location label type values'),(111,38,7,'Valeurs de types de libell d\'emplacements de stockage'),(112,38,15,'Lagringsplats etikettypen vrden'),(113,39,2,'Object representation types'),(114,39,3,'Object representation types'),(115,39,7,'Types de reprsentation d\'objet'),(116,39,15,'Objekt representation typer'),(117,40,2,'Object representation sources'),(118,40,3,'Object representation sources'),(119,41,2,'Tour types'),(120,41,3,'Tour types'),(121,41,7,'Tour types'),(122,41,15,'Tur typer'),(123,42,2,'Tour sources'),(124,42,3,'Tour sources'),(125,43,2,'Tour stop types'),(126,43,3,'Tour stop types'),(127,43,7,'Tour stop types'),(128,43,15,'Tur stopp typer'),(129,44,1,'Materiaalinimet'),(130,45,1,'Negatiivikoot'),(131,46,1,'Negatiivityypit'),(132,47,1,'Negatiivipohjamateriaalit'),(133,48,1,'Kuvan pohjamateriaalit'),(134,49,1,'Kuvakategoriat'),(135,50,2,'Object names'),(136,50,1,'Yleisnimet'),(137,51,1,'Ammatit'),(138,52,1,'Paikat'),(139,53,1,'Hankintatavat'),(140,54,1,'Hakusanat'),(141,55,2,'Identifier type'),(142,55,1,'Tunnisteen tyyppi'),(143,56,2,'Subject of work'),(144,56,1,'Taideteoksen aihe'),(145,57,2,'Place hierarchies'),(146,57,1,'Paikkahierarkia'),(147,58,2,'Currency'),(148,58,1,'Valuutta'),(149,59,2,'Condition values'),(150,59,1,'kuntoluokitus'),(151,60,2,'Colors'),(152,60,1,'Vrit'),(153,61,2,'Color type'),(154,61,1,'Vrit'),(155,62,2,'Object media license types'),(156,62,1,'Tiedostojen lisenssityypit'),(157,63,1,'lehtinimekkeet'),(158,64,1,'Tallennetyypit');
/*!40000 ALTER TABLE `ca_list_labels` ENABLE KEYS */;
UNLOCK TABLES;

--
-- Table structure for table `ca_lists`
--

DROP TABLE IF EXISTS `ca_lists`;
/*!40101 SET @saved_cs_client     = @@character_set_client */;
/*!40101 SET character_set_client = utf8 */;
CREATE TABLE `ca_lists` (
  `list_id` smallint(5) unsigned NOT NULL AUTO_INCREMENT,
  `list_code` varchar(100) NOT NULL,
  `is_system_list` tinyint(3) unsigned NOT NULL DEFAULT 0,
  `is_hierarchical` tinyint(3) unsigned NOT NULL DEFAULT 0,
  `use_as_vocabulary` tinyint(3) unsigned NOT NULL DEFAULT 0,
  `default_sort` tinyint(3) unsigned NOT NULL DEFAULT 0,
  `deleted` tinyint(3) unsigned NOT NULL DEFAULT 0,
  PRIMARY KEY (`list_id`),
  UNIQUE KEY `u_code` (`list_code`)
) ENGINE=InnoDB AUTO_INCREMENT=65 DEFAULT CHARSET=utf8;
/*!40101 SET character_set_client = @saved_cs_client */;

--
-- Dumping data for table `ca_lists`
--

LOCK TABLES `ca_lists` WRITE;
/*!40000 ALTER TABLE `ca_lists` DISABLE KEYS */;
INSERT INTO `ca_lists` VALUES (1,'list_item_types',0,0,0,0,0),(2,'list_item_sources',0,1,0,0,0),(3,'list_item_label_types',0,1,0,0,0),(4,'set_types',0,1,0,0,0),(5,'set_presentation_types',0,1,0,0,0),(6,'set_item_is_primary',0,1,0,0,0),(7,'object_types',0,1,0,0,0),(8,'object_sources',0,1,0,0,0),(9,'object_statuses',0,0,0,0,0),(10,'object_deaccession_types',0,0,0,0,0),(11,'object_acq_types',0,0,0,0,0),(12,'object_label_types',0,0,0,0,0),(13,'workflow_statuses',0,0,0,0,0),(14,'access_statuses',0,0,0,0,0),(15,'object_circulation_statuses',0,1,0,0,0),(16,'object_lot_types',0,1,0,0,0),(17,'object_lot_sources',0,1,0,0,0),(18,'object_lot_statuses',0,0,0,0,0),(19,'object_lot_label_types',0,0,0,0,0),(20,'loan_types',0,0,0,0,0),(21,'loan_sources',0,1,0,0,0),(22,'movement_types',0,0,0,0,0),(23,'movement_sources',0,1,0,0,0),(24,'entity_types',0,1,0,0,0),(25,'entity_sources',0,1,0,0,0),(26,'entity_label_types',0,0,0,0,0),(27,'place_types',0,1,0,0,0),(28,'place_label_types',0,0,0,0,0),(29,'place_sources',0,1,0,0,0),(30,'occurrence_types',0,1,0,0,0),(31,'occurrence_label_types',0,0,0,0,0),(32,'occurrence_sources',0,1,0,0,0),(33,'collection_types',0,1,0,0,0),(34,'collection_sources',0,1,0,0,0),(35,'collection_label_types',0,0,0,0,0),(36,'storage_location_types',0,1,0,0,0),(37,'storage_location_sources',0,1,0,0,0),(38,'storage_location_label_types',0,0,0,0,0),(39,'object_representation_types',0,1,0,0,0),(40,'object_representation_sources',0,1,0,0,0),(41,'tour_types',0,1,0,0,0),(42,'tour_sources',0,1,0,0,0),(43,'tour_stop_types',0,1,0,0,0),(44,'materiaalinimet',0,0,0,0,0),(45,'negatiivikoot',0,0,0,0,0),(46,'negatiivityypit',0,0,0,0,0),(47,'negpohjamateriaalit',0,0,0,0,0),(48,'pohjamateriaalit',0,0,0,0,0),(49,'kategoriat',0,0,0,0,0),(50,'yleisnimet',1,0,1,0,0),(51,'ammatit',1,0,0,0,0),(52,'paikat',1,0,0,0,0),(53,'hankintatavat',1,0,0,0,0),(54,'hakusanat',1,0,0,0,0),(55,'tunnistetyyppi',1,0,0,0,0),(56,'teosaihenimi',0,0,1,0,0),(57,'place_hierarchies',0,1,0,0,0),(58,'valuutta',0,0,0,0,0),(59,'kuntoluokitus',0,0,0,0,0),(60,'varit',0,0,0,0,0),(61,'varityyppi',0,0,0,0,0),(62,'object_media_license_types',0,0,0,0,0),(63,'lehtinimekkeet',1,0,1,0,0),(64,'tallennetyypit',1,0,0,0,0);
/*!40000 ALTER TABLE `ca_lists` ENABLE KEYS */;
UNLOCK TABLES;

--
-- Table structure for table `ca_loan_labels`
--

DROP TABLE IF EXISTS `ca_loan_labels`;
/*!40101 SET @saved_cs_client     = @@character_set_client */;
/*!40101 SET character_set_client = utf8 */;
CREATE TABLE `ca_loan_labels` (
  `label_id` int(10) unsigned NOT NULL AUTO_INCREMENT,
  `loan_id` int(10) unsigned NOT NULL,
  `locale_id` smallint(5) unsigned NOT NULL,
  `type_id` int(10) unsigned DEFAULT NULL,
  `name` varchar(1024) NOT NULL,
  `name_sort` varchar(1024) NOT NULL,
  `source_info` longtext NOT NULL,
  `is_preferred` tinyint(3) unsigned NOT NULL,
  PRIMARY KEY (`label_id`),
  KEY `i_loan_id` (`loan_id`),
  KEY `i_locale_id_id` (`locale_id`),
  KEY `i_type_id` (`type_id`),
  KEY `i_name` (`name`(128)),
  KEY `i_name_sort` (`name_sort`(128)),
  CONSTRAINT `fk_ca_loan_labels_loan_id` FOREIGN KEY (`loan_id`) REFERENCES `ca_loans` (`loan_id`),
  CONSTRAINT `fk_ca_loan_labels_locale_id` FOREIGN KEY (`locale_id`) REFERENCES `ca_locales` (`locale_id`),
  CONSTRAINT `fk_ca_loan_labels_type_id` FOREIGN KEY (`type_id`) REFERENCES `ca_list_items` (`item_id`)
) ENGINE=InnoDB DEFAULT CHARSET=utf8;
/*!40101 SET character_set_client = @saved_cs_client */;

--
-- Dumping data for table `ca_loan_labels`
--

LOCK TABLES `ca_loan_labels` WRITE;
/*!40000 ALTER TABLE `ca_loan_labels` DISABLE KEYS */;
/*!40000 ALTER TABLE `ca_loan_labels` ENABLE KEYS */;
UNLOCK TABLES;

--
-- Table structure for table `ca_loans`
--

DROP TABLE IF EXISTS `ca_loans`;
/*!40101 SET @saved_cs_client     = @@character_set_client */;
/*!40101 SET character_set_client = utf8 */;
CREATE TABLE `ca_loans` (
  `loan_id` int(10) unsigned NOT NULL AUTO_INCREMENT,
  `parent_id` int(10) unsigned DEFAULT NULL,
  `type_id` int(10) unsigned NOT NULL,
  `locale_id` smallint(5) unsigned DEFAULT NULL,
  `idno` varchar(255) NOT NULL,
  `idno_sort` varchar(255) NOT NULL,
  `is_template` tinyint(3) unsigned NOT NULL DEFAULT 0,
  `view_count` int(10) unsigned NOT NULL DEFAULT 0,
  `source_id` int(10) unsigned DEFAULT NULL,
  `source_info` longtext NOT NULL,
  `hier_left` decimal(30,20) NOT NULL,
  `hier_right` decimal(30,20) NOT NULL,
  `hier_loan_id` int(10) unsigned NOT NULL,
  `access` tinyint(3) unsigned NOT NULL DEFAULT 0,
  `status` tinyint(3) unsigned NOT NULL DEFAULT 0,
  `deleted` tinyint(3) unsigned NOT NULL DEFAULT 0,
  `rank` int(10) unsigned NOT NULL DEFAULT 0,
  `submission_user_id` int(10) unsigned DEFAULT NULL,
  `submission_group_id` int(10) unsigned DEFAULT NULL,
  `submission_status_id` int(10) unsigned DEFAULT NULL,
  `submission_via_form` varchar(100) DEFAULT NULL,
  PRIMARY KEY (`loan_id`),
  KEY `i_parent_id` (`parent_id`),
  KEY `i_type_id` (`type_id`),
  KEY `i_source_id` (`source_id`),
  KEY `i_locale_id` (`locale_id`),
  KEY `idno` (`idno`),
  KEY `idno_sort` (`idno_sort`),
  KEY `hier_left` (`hier_left`),
  KEY `hier_right` (`hier_right`),
  KEY `hier_loan_id` (`hier_loan_id`),
  KEY `i_view_count` (`view_count`),
  KEY `i_loan_filter` (`loan_id`,`deleted`,`access`),
  KEY `i_submission_user_id` (`submission_user_id`),
  KEY `i_submission_group_id` (`submission_group_id`),
  KEY `i_submission_status_id` (`submission_status_id`),
  KEY `i_submission_via_form` (`submission_via_form`),
  CONSTRAINT `fk_ca_loans_locale_id` FOREIGN KEY (`locale_id`) REFERENCES `ca_locales` (`locale_id`),
  CONSTRAINT `fk_ca_loans_parent_id` FOREIGN KEY (`parent_id`) REFERENCES `ca_loans` (`loan_id`),
  CONSTRAINT `fk_ca_loans_source_id` FOREIGN KEY (`source_id`) REFERENCES `ca_list_items` (`item_id`),
  CONSTRAINT `fk_ca_loans_submission_group_id` FOREIGN KEY (`submission_group_id`) REFERENCES `ca_user_groups` (`group_id`),
  CONSTRAINT `fk_ca_loans_submission_status_id` FOREIGN KEY (`submission_status_id`) REFERENCES `ca_list_items` (`item_id`),
  CONSTRAINT `fk_ca_loans_submission_user_id` FOREIGN KEY (`submission_user_id`) REFERENCES `ca_users` (`user_id`),
  CONSTRAINT `fk_ca_loans_type_id` FOREIGN KEY (`type_id`) REFERENCES `ca_list_items` (`item_id`)
) ENGINE=InnoDB DEFAULT CHARSET=utf8;
/*!40101 SET character_set_client = @saved_cs_client */;

--
-- Dumping data for table `ca_loans`
--

LOCK TABLES `ca_loans` WRITE;
/*!40000 ALTER TABLE `ca_loans` DISABLE KEYS */;
/*!40000 ALTER TABLE `ca_loans` ENABLE KEYS */;
UNLOCK TABLES;

--
-- Table structure for table `ca_loans_x_collections`
--

DROP TABLE IF EXISTS `ca_loans_x_collections`;
/*!40101 SET @saved_cs_client     = @@character_set_client */;
/*!40101 SET character_set_client = utf8 */;
CREATE TABLE `ca_loans_x_collections` (
  `relation_id` int(10) unsigned NOT NULL AUTO_INCREMENT,
  `loan_id` int(10) unsigned NOT NULL,
  `collection_id` int(10) unsigned NOT NULL,
  `type_id` smallint(5) unsigned NOT NULL,
  `source_info` longtext NOT NULL,
  `sdatetime` decimal(30,20) DEFAULT NULL,
  `edatetime` decimal(30,20) DEFAULT NULL,
  `label_left_id` int(10) unsigned DEFAULT NULL,
  `label_right_id` int(10) unsigned DEFAULT NULL,
  `rank` int(10) unsigned NOT NULL DEFAULT 0,
  PRIMARY KEY (`relation_id`),
  UNIQUE KEY `u_all` (`loan_id`,`collection_id`,`type_id`,`sdatetime`,`edatetime`),
  KEY `i_loan_id` (`loan_id`),
  KEY `i_collection_id` (`collection_id`),
  KEY `i_type_id` (`type_id`),
  KEY `i_label_left_id` (`label_left_id`),
  KEY `i_label_right_id` (`label_right_id`),
  CONSTRAINT `fk_ca_loans_x_collections_collection_id` FOREIGN KEY (`collection_id`) REFERENCES `ca_collections` (`collection_id`),
  CONSTRAINT `fk_ca_loans_x_collections_label_left_id` FOREIGN KEY (`label_left_id`) REFERENCES `ca_loan_labels` (`label_id`),
  CONSTRAINT `fk_ca_loans_x_collections_label_right_id` FOREIGN KEY (`label_right_id`) REFERENCES `ca_collection_labels` (`label_id`),
  CONSTRAINT `fk_ca_loans_x_collections_loan_id` FOREIGN KEY (`loan_id`) REFERENCES `ca_loans` (`loan_id`),
  CONSTRAINT `fk_ca_loans_x_collections_type_id` FOREIGN KEY (`type_id`) REFERENCES `ca_relationship_types` (`type_id`)
) ENGINE=InnoDB DEFAULT CHARSET=utf8;
/*!40101 SET character_set_client = @saved_cs_client */;

--
-- Dumping data for table `ca_loans_x_collections`
--

LOCK TABLES `ca_loans_x_collections` WRITE;
/*!40000 ALTER TABLE `ca_loans_x_collections` DISABLE KEYS */;
/*!40000 ALTER TABLE `ca_loans_x_collections` ENABLE KEYS */;
UNLOCK TABLES;

--
-- Table structure for table `ca_loans_x_entities`
--

DROP TABLE IF EXISTS `ca_loans_x_entities`;
/*!40101 SET @saved_cs_client     = @@character_set_client */;
/*!40101 SET character_set_client = utf8 */;
CREATE TABLE `ca_loans_x_entities` (
  `relation_id` int(10) unsigned NOT NULL AUTO_INCREMENT,
  `loan_id` int(10) unsigned NOT NULL,
  `type_id` smallint(5) unsigned NOT NULL,
  `entity_id` int(10) unsigned NOT NULL,
  `source_info` longtext NOT NULL,
  `sdatetime` decimal(30,20) DEFAULT NULL,
  `edatetime` decimal(30,20) DEFAULT NULL,
  `label_left_id` int(10) unsigned DEFAULT NULL,
  `label_right_id` int(10) unsigned DEFAULT NULL,
  `rank` int(10) unsigned NOT NULL DEFAULT 0,
  PRIMARY KEY (`relation_id`),
  UNIQUE KEY `u_all` (`loan_id`,`entity_id`,`type_id`,`sdatetime`,`edatetime`),
  KEY `i_loan_id` (`loan_id`),
  KEY `i_entity_id` (`entity_id`),
  KEY `i_type_id` (`type_id`),
  KEY `i_label_left_id` (`label_left_id`),
  KEY `i_label_right_id` (`label_right_id`),
  CONSTRAINT `fk_ca_loans_x_entities_entity_id` FOREIGN KEY (`entity_id`) REFERENCES `ca_entities` (`entity_id`),
  CONSTRAINT `fk_ca_loans_x_entities_label_left_id` FOREIGN KEY (`label_left_id`) REFERENCES `ca_loan_labels` (`label_id`),
  CONSTRAINT `fk_ca_loans_x_entities_label_right_id` FOREIGN KEY (`label_right_id`) REFERENCES `ca_entity_labels` (`label_id`),
  CONSTRAINT `fk_ca_loans_x_entities_loan_id` FOREIGN KEY (`loan_id`) REFERENCES `ca_loans` (`loan_id`),
  CONSTRAINT `fk_ca_loans_x_entities_type_id` FOREIGN KEY (`type_id`) REFERENCES `ca_relationship_types` (`type_id`)
) ENGINE=InnoDB DEFAULT CHARSET=utf8;
/*!40101 SET character_set_client = @saved_cs_client */;

--
-- Dumping data for table `ca_loans_x_entities`
--

LOCK TABLES `ca_loans_x_entities` WRITE;
/*!40000 ALTER TABLE `ca_loans_x_entities` DISABLE KEYS */;
/*!40000 ALTER TABLE `ca_loans_x_entities` ENABLE KEYS */;
UNLOCK TABLES;

--
-- Table structure for table `ca_loans_x_loans`
--

DROP TABLE IF EXISTS `ca_loans_x_loans`;
/*!40101 SET @saved_cs_client     = @@character_set_client */;
/*!40101 SET character_set_client = utf8 */;
CREATE TABLE `ca_loans_x_loans` (
  `relation_id` int(10) unsigned NOT NULL AUTO_INCREMENT,
  `loan_left_id` int(10) unsigned NOT NULL,
  `loan_right_id` int(10) unsigned NOT NULL,
  `type_id` smallint(5) unsigned NOT NULL,
  `source_info` text NOT NULL,
  `sdatetime` decimal(30,20) DEFAULT NULL,
  `edatetime` decimal(30,20) DEFAULT NULL,
  `label_left_id` int(10) unsigned DEFAULT NULL,
  `label_right_id` int(10) unsigned DEFAULT NULL,
  `rank` int(10) unsigned NOT NULL DEFAULT 0,
  PRIMARY KEY (`relation_id`),
  UNIQUE KEY `u_all` (`loan_left_id`,`loan_right_id`,`type_id`,`sdatetime`,`edatetime`),
  KEY `i_loan_left_id` (`loan_left_id`),
  KEY `i_loan_right_id` (`loan_right_id`),
  KEY `i_type_id` (`type_id`),
  KEY `i_label_left_id` (`label_left_id`),
  KEY `i_label_right_id` (`label_right_id`),
  CONSTRAINT `fk_ca_loans_x_loans_label_left_id` FOREIGN KEY (`label_left_id`) REFERENCES `ca_loan_labels` (`label_id`),
  CONSTRAINT `fk_ca_loans_x_loans_label_right_id` FOREIGN KEY (`label_right_id`) REFERENCES `ca_loan_labels` (`label_id`),
  CONSTRAINT `fk_ca_loans_x_loans_loan_left_id` FOREIGN KEY (`loan_left_id`) REFERENCES `ca_loans` (`loan_id`),
  CONSTRAINT `fk_ca_loans_x_loans_loan_right_id` FOREIGN KEY (`loan_right_id`) REFERENCES `ca_loans` (`loan_id`),
  CONSTRAINT `fk_ca_loans_x_loans_type_id` FOREIGN KEY (`type_id`) REFERENCES `ca_relationship_types` (`type_id`)
) ENGINE=InnoDB DEFAULT CHARSET=utf8;
/*!40101 SET character_set_client = @saved_cs_client */;

--
-- Dumping data for table `ca_loans_x_loans`
--

LOCK TABLES `ca_loans_x_loans` WRITE;
/*!40000 ALTER TABLE `ca_loans_x_loans` DISABLE KEYS */;
/*!40000 ALTER TABLE `ca_loans_x_loans` ENABLE KEYS */;
UNLOCK TABLES;

--
-- Table structure for table `ca_loans_x_movements`
--

DROP TABLE IF EXISTS `ca_loans_x_movements`;
/*!40101 SET @saved_cs_client     = @@character_set_client */;
/*!40101 SET character_set_client = utf8 */;
CREATE TABLE `ca_loans_x_movements` (
  `relation_id` int(10) unsigned NOT NULL AUTO_INCREMENT,
  `loan_id` int(10) unsigned NOT NULL,
  `type_id` smallint(5) unsigned NOT NULL,
  `movement_id` int(10) unsigned NOT NULL,
  `source_info` longtext NOT NULL,
  `sdatetime` decimal(30,20) DEFAULT NULL,
  `edatetime` decimal(30,20) DEFAULT NULL,
  `label_left_id` int(10) unsigned DEFAULT NULL,
  `label_right_id` int(10) unsigned DEFAULT NULL,
  `rank` int(10) unsigned NOT NULL DEFAULT 0,
  PRIMARY KEY (`relation_id`),
  UNIQUE KEY `u_all` (`loan_id`,`movement_id`,`type_id`,`sdatetime`,`edatetime`),
  KEY `i_loan_id` (`loan_id`),
  KEY `i_movement_id` (`movement_id`),
  KEY `i_type_id` (`type_id`),
  KEY `i_label_left_id` (`label_left_id`),
  KEY `i_label_right_id` (`label_right_id`),
  CONSTRAINT `fk_ca_loans_x_movement_label_right_id` FOREIGN KEY (`label_right_id`) REFERENCES `ca_movement_labels` (`label_id`),
  CONSTRAINT `fk_ca_loans_x_movements_label_left_id` FOREIGN KEY (`label_left_id`) REFERENCES `ca_loan_labels` (`label_id`),
  CONSTRAINT `fk_ca_loans_x_movements_loan_id` FOREIGN KEY (`loan_id`) REFERENCES `ca_loans` (`loan_id`),
  CONSTRAINT `fk_ca_loans_x_movements_movement_id` FOREIGN KEY (`movement_id`) REFERENCES `ca_movements` (`movement_id`),
  CONSTRAINT `fk_ca_loans_x_movements_type_id` FOREIGN KEY (`type_id`) REFERENCES `ca_relationship_types` (`type_id`)
) ENGINE=InnoDB DEFAULT CHARSET=utf8;
/*!40101 SET character_set_client = @saved_cs_client */;

--
-- Dumping data for table `ca_loans_x_movements`
--

LOCK TABLES `ca_loans_x_movements` WRITE;
/*!40000 ALTER TABLE `ca_loans_x_movements` DISABLE KEYS */;
/*!40000 ALTER TABLE `ca_loans_x_movements` ENABLE KEYS */;
UNLOCK TABLES;

--
-- Table structure for table `ca_loans_x_object_lots`
--

DROP TABLE IF EXISTS `ca_loans_x_object_lots`;
/*!40101 SET @saved_cs_client     = @@character_set_client */;
/*!40101 SET character_set_client = utf8 */;
CREATE TABLE `ca_loans_x_object_lots` (
  `relation_id` int(10) unsigned NOT NULL AUTO_INCREMENT,
  `loan_id` int(10) unsigned NOT NULL,
  `lot_id` int(10) unsigned NOT NULL,
  `type_id` smallint(5) unsigned NOT NULL,
  `source_info` longtext NOT NULL,
  `sdatetime` decimal(30,20) DEFAULT NULL,
  `edatetime` decimal(30,20) DEFAULT NULL,
  `label_left_id` int(10) unsigned DEFAULT NULL,
  `label_right_id` int(10) unsigned DEFAULT NULL,
  `rank` int(10) unsigned NOT NULL DEFAULT 0,
  PRIMARY KEY (`relation_id`),
  UNIQUE KEY `u_all` (`loan_id`,`lot_id`,`type_id`,`sdatetime`,`edatetime`),
  KEY `i_loan_id` (`loan_id`),
  KEY `i_lot_id` (`lot_id`),
  KEY `i_type_id` (`type_id`),
  KEY `i_label_left_id` (`label_left_id`),
  KEY `i_label_right_id` (`label_right_id`),
  CONSTRAINT `fk_ca_loans_x_object_lots_label_left_id` FOREIGN KEY (`label_left_id`) REFERENCES `ca_loan_labels` (`label_id`),
  CONSTRAINT `fk_ca_loans_x_object_lots_label_right_id` FOREIGN KEY (`label_right_id`) REFERENCES `ca_object_lot_labels` (`label_id`),
  CONSTRAINT `fk_ca_loans_x_object_lots_loan_id` FOREIGN KEY (`loan_id`) REFERENCES `ca_loans` (`loan_id`),
  CONSTRAINT `fk_ca_loans_x_object_lots_lot_id` FOREIGN KEY (`lot_id`) REFERENCES `ca_object_lots` (`lot_id`),
  CONSTRAINT `fk_ca_loans_x_object_lots_type_id` FOREIGN KEY (`type_id`) REFERENCES `ca_relationship_types` (`type_id`)
) ENGINE=InnoDB DEFAULT CHARSET=utf8;
/*!40101 SET character_set_client = @saved_cs_client */;

--
-- Dumping data for table `ca_loans_x_object_lots`
--

LOCK TABLES `ca_loans_x_object_lots` WRITE;
/*!40000 ALTER TABLE `ca_loans_x_object_lots` DISABLE KEYS */;
/*!40000 ALTER TABLE `ca_loans_x_object_lots` ENABLE KEYS */;
UNLOCK TABLES;

--
-- Table structure for table `ca_loans_x_object_representations`
--

DROP TABLE IF EXISTS `ca_loans_x_object_representations`;
/*!40101 SET @saved_cs_client     = @@character_set_client */;
/*!40101 SET character_set_client = utf8 */;
CREATE TABLE `ca_loans_x_object_representations` (
  `relation_id` int(10) unsigned NOT NULL AUTO_INCREMENT,
  `representation_id` int(10) unsigned NOT NULL,
  `loan_id` int(10) unsigned NOT NULL,
  `type_id` smallint(5) unsigned NOT NULL,
  `source_info` longtext NOT NULL,
  `sdatetime` decimal(30,20) DEFAULT NULL,
  `edatetime` decimal(30,20) DEFAULT NULL,
  `label_left_id` int(10) unsigned DEFAULT NULL,
  `label_right_id` int(10) unsigned DEFAULT NULL,
  `rank` int(10) unsigned NOT NULL DEFAULT 0,
  `is_primary` tinyint(4) NOT NULL,
  PRIMARY KEY (`relation_id`),
  UNIQUE KEY `u_all` (`type_id`,`representation_id`,`loan_id`,`sdatetime`,`edatetime`),
  KEY `i_representation_id` (`representation_id`),
  KEY `i_loan_id` (`loan_id`),
  KEY `i_type_id` (`type_id`),
  KEY `i_label_left_id` (`label_left_id`),
  KEY `i_label_right_id` (`label_right_id`),
  CONSTRAINT `fk_ca_loans_x_object_representations_label_left_id` FOREIGN KEY (`label_left_id`) REFERENCES `ca_object_representation_labels` (`label_id`),
  CONSTRAINT `fk_ca_loans_x_object_representations_label_right_id` FOREIGN KEY (`label_right_id`) REFERENCES `ca_loan_labels` (`label_id`),
  CONSTRAINT `fk_ca_loans_x_object_representations_loan_id` FOREIGN KEY (`loan_id`) REFERENCES `ca_loans` (`loan_id`),
  CONSTRAINT `fk_ca_loans_x_object_representations_representation_id` FOREIGN KEY (`representation_id`) REFERENCES `ca_object_representations` (`representation_id`),
  CONSTRAINT `fk_ca_loans_x_object_representations_type_id` FOREIGN KEY (`type_id`) REFERENCES `ca_relationship_types` (`type_id`)
) ENGINE=InnoDB DEFAULT CHARSET=utf8;
/*!40101 SET character_set_client = @saved_cs_client */;

--
-- Dumping data for table `ca_loans_x_object_representations`
--

LOCK TABLES `ca_loans_x_object_representations` WRITE;
/*!40000 ALTER TABLE `ca_loans_x_object_representations` DISABLE KEYS */;
/*!40000 ALTER TABLE `ca_loans_x_object_representations` ENABLE KEYS */;
UNLOCK TABLES;

--
-- Table structure for table `ca_loans_x_objects`
--

DROP TABLE IF EXISTS `ca_loans_x_objects`;
/*!40101 SET @saved_cs_client     = @@character_set_client */;
/*!40101 SET character_set_client = utf8 */;
CREATE TABLE `ca_loans_x_objects` (
  `relation_id` int(10) unsigned NOT NULL AUTO_INCREMENT,
  `loan_id` int(10) unsigned NOT NULL,
  `type_id` smallint(5) unsigned NOT NULL,
  `object_id` int(10) unsigned NOT NULL,
  `source_info` longtext NOT NULL,
  `sdatetime` decimal(30,20) DEFAULT NULL,
  `edatetime` decimal(30,20) DEFAULT NULL,
  `label_left_id` int(10) unsigned DEFAULT NULL,
  `label_right_id` int(10) unsigned DEFAULT NULL,
  `rank` int(10) unsigned NOT NULL DEFAULT 0,
  PRIMARY KEY (`relation_id`),
  UNIQUE KEY `u_all` (`loan_id`,`object_id`,`type_id`,`sdatetime`,`edatetime`),
  KEY `i_loan_id` (`loan_id`),
  KEY `i_object_id` (`object_id`),
  KEY `i_type_id` (`type_id`),
  KEY `i_label_left_id` (`label_left_id`),
  KEY `i_label_right_id` (`label_right_id`),
  CONSTRAINT `fk_ca_loans_x_objects_label_left_id` FOREIGN KEY (`label_left_id`) REFERENCES `ca_loan_labels` (`label_id`),
  CONSTRAINT `fk_ca_loans_x_objects_label_right_id` FOREIGN KEY (`label_right_id`) REFERENCES `ca_object_labels` (`label_id`),
  CONSTRAINT `fk_ca_loans_x_objects_loan_id` FOREIGN KEY (`loan_id`) REFERENCES `ca_loans` (`loan_id`),
  CONSTRAINT `fk_ca_loans_x_objects_object_id` FOREIGN KEY (`object_id`) REFERENCES `ca_objects` (`object_id`),
  CONSTRAINT `fk_ca_loans_x_objects_type_id` FOREIGN KEY (`type_id`) REFERENCES `ca_relationship_types` (`type_id`)
) ENGINE=InnoDB DEFAULT CHARSET=utf8;
/*!40101 SET character_set_client = @saved_cs_client */;

--
-- Dumping data for table `ca_loans_x_objects`
--

LOCK TABLES `ca_loans_x_objects` WRITE;
/*!40000 ALTER TABLE `ca_loans_x_objects` DISABLE KEYS */;
/*!40000 ALTER TABLE `ca_loans_x_objects` ENABLE KEYS */;
UNLOCK TABLES;

--
-- Table structure for table `ca_loans_x_occurrences`
--

DROP TABLE IF EXISTS `ca_loans_x_occurrences`;
/*!40101 SET @saved_cs_client     = @@character_set_client */;
/*!40101 SET character_set_client = utf8 */;
CREATE TABLE `ca_loans_x_occurrences` (
  `relation_id` int(10) unsigned NOT NULL AUTO_INCREMENT,
  `loan_id` int(10) unsigned NOT NULL,
  `occurrence_id` int(10) unsigned NOT NULL,
  `type_id` smallint(5) unsigned NOT NULL,
  `source_info` longtext NOT NULL,
  `sdatetime` decimal(30,20) DEFAULT NULL,
  `edatetime` decimal(30,20) DEFAULT NULL,
  `label_left_id` int(10) unsigned DEFAULT NULL,
  `label_right_id` int(10) unsigned DEFAULT NULL,
  `rank` int(10) unsigned NOT NULL DEFAULT 0,
  PRIMARY KEY (`relation_id`),
  UNIQUE KEY `u_all` (`loan_id`,`occurrence_id`,`type_id`,`sdatetime`,`edatetime`),
  KEY `i_loan_id` (`loan_id`),
  KEY `i_occurrence_id` (`occurrence_id`),
  KEY `i_type_id` (`type_id`),
  KEY `i_label_left_id` (`label_left_id`),
  KEY `i_label_right_id` (`label_right_id`),
  CONSTRAINT `fk_ca_loans_x_occurrences_label_left_id` FOREIGN KEY (`label_left_id`) REFERENCES `ca_loan_labels` (`label_id`),
  CONSTRAINT `fk_ca_loans_x_occurrences_label_right_id` FOREIGN KEY (`label_right_id`) REFERENCES `ca_occurrence_labels` (`label_id`),
  CONSTRAINT `fk_ca_loans_x_occurrences_loan_id` FOREIGN KEY (`loan_id`) REFERENCES `ca_loans` (`loan_id`),
  CONSTRAINT `fk_ca_loans_x_occurrences_occurrence_id` FOREIGN KEY (`occurrence_id`) REFERENCES `ca_occurrences` (`occurrence_id`),
  CONSTRAINT `fk_ca_loans_x_occurrences_type_id` FOREIGN KEY (`type_id`) REFERENCES `ca_relationship_types` (`type_id`)
) ENGINE=InnoDB DEFAULT CHARSET=utf8;
/*!40101 SET character_set_client = @saved_cs_client */;

--
-- Dumping data for table `ca_loans_x_occurrences`
--

LOCK TABLES `ca_loans_x_occurrences` WRITE;
/*!40000 ALTER TABLE `ca_loans_x_occurrences` DISABLE KEYS */;
/*!40000 ALTER TABLE `ca_loans_x_occurrences` ENABLE KEYS */;
UNLOCK TABLES;

--
-- Table structure for table `ca_loans_x_places`
--

DROP TABLE IF EXISTS `ca_loans_x_places`;
/*!40101 SET @saved_cs_client     = @@character_set_client */;
/*!40101 SET character_set_client = utf8 */;
CREATE TABLE `ca_loans_x_places` (
  `relation_id` int(10) unsigned NOT NULL AUTO_INCREMENT,
  `loan_id` int(10) unsigned NOT NULL,
  `place_id` int(10) unsigned NOT NULL,
  `type_id` smallint(5) unsigned NOT NULL,
  `source_info` longtext NOT NULL,
  `sdatetime` decimal(30,20) DEFAULT NULL,
  `edatetime` decimal(30,20) DEFAULT NULL,
  `label_left_id` int(10) unsigned DEFAULT NULL,
  `label_right_id` int(10) unsigned DEFAULT NULL,
  `rank` int(10) unsigned NOT NULL DEFAULT 0,
  PRIMARY KEY (`relation_id`),
  UNIQUE KEY `u_all` (`loan_id`,`place_id`,`type_id`,`sdatetime`,`edatetime`),
  KEY `i_loan_id` (`loan_id`),
  KEY `i_place_id` (`place_id`),
  KEY `i_type_id` (`type_id`),
  KEY `i_label_left_id` (`label_left_id`),
  KEY `i_label_right_id` (`label_right_id`),
  CONSTRAINT `fk_ca_loans_x_places_label_left_id` FOREIGN KEY (`label_left_id`) REFERENCES `ca_loan_labels` (`label_id`),
  CONSTRAINT `fk_ca_loans_x_places_label_right_id` FOREIGN KEY (`label_right_id`) REFERENCES `ca_place_labels` (`label_id`),
  CONSTRAINT `fk_ca_loans_x_places_loan_id` FOREIGN KEY (`loan_id`) REFERENCES `ca_loans` (`loan_id`),
  CONSTRAINT `fk_ca_loans_x_places_place_id` FOREIGN KEY (`place_id`) REFERENCES `ca_places` (`place_id`),
  CONSTRAINT `fk_ca_loans_x_places_type_id` FOREIGN KEY (`type_id`) REFERENCES `ca_relationship_types` (`type_id`)
) ENGINE=InnoDB DEFAULT CHARSET=utf8;
/*!40101 SET character_set_client = @saved_cs_client */;

--
-- Dumping data for table `ca_loans_x_places`
--

LOCK TABLES `ca_loans_x_places` WRITE;
/*!40000 ALTER TABLE `ca_loans_x_places` DISABLE KEYS */;
/*!40000 ALTER TABLE `ca_loans_x_places` ENABLE KEYS */;
UNLOCK TABLES;

--
-- Table structure for table `ca_loans_x_storage_locations`
--

DROP TABLE IF EXISTS `ca_loans_x_storage_locations`;
/*!40101 SET @saved_cs_client     = @@character_set_client */;
/*!40101 SET character_set_client = utf8 */;
CREATE TABLE `ca_loans_x_storage_locations` (
  `relation_id` int(10) unsigned NOT NULL AUTO_INCREMENT,
  `loan_id` int(10) unsigned NOT NULL,
  `location_id` int(10) unsigned NOT NULL,
  `type_id` smallint(5) unsigned NOT NULL,
  `source_info` longtext NOT NULL,
  `sdatetime` decimal(30,20) DEFAULT NULL,
  `edatetime` decimal(30,20) DEFAULT NULL,
  `label_left_id` int(10) unsigned DEFAULT NULL,
  `label_right_id` int(10) unsigned DEFAULT NULL,
  `rank` int(10) unsigned NOT NULL DEFAULT 0,
  PRIMARY KEY (`relation_id`),
  UNIQUE KEY `u_all` (`loan_id`,`location_id`,`type_id`,`sdatetime`,`edatetime`),
  KEY `i_loan_id` (`loan_id`),
  KEY `i_location_id` (`location_id`),
  KEY `i_type_id` (`type_id`),
  KEY `i_label_left_id` (`label_left_id`),
  KEY `i_label_right_id` (`label_right_id`),
  CONSTRAINT `fk_ca_loans_x_storage_locations_label_left_id` FOREIGN KEY (`label_left_id`) REFERENCES `ca_loan_labels` (`label_id`),
  CONSTRAINT `fk_ca_loans_x_storage_locations_label_right_id` FOREIGN KEY (`label_right_id`) REFERENCES `ca_storage_location_labels` (`label_id`),
  CONSTRAINT `fk_ca_loans_x_storage_locations_loan_id` FOREIGN KEY (`loan_id`) REFERENCES `ca_loans` (`loan_id`),
  CONSTRAINT `fk_ca_loans_x_storage_locations_location_id` FOREIGN KEY (`location_id`) REFERENCES `ca_storage_locations` (`location_id`),
  CONSTRAINT `fk_ca_loans_x_storage_locations_type_id` FOREIGN KEY (`type_id`) REFERENCES `ca_relationship_types` (`type_id`)
) ENGINE=InnoDB DEFAULT CHARSET=utf8;
/*!40101 SET character_set_client = @saved_cs_client */;

--
-- Dumping data for table `ca_loans_x_storage_locations`
--

LOCK TABLES `ca_loans_x_storage_locations` WRITE;
/*!40000 ALTER TABLE `ca_loans_x_storage_locations` DISABLE KEYS */;
/*!40000 ALTER TABLE `ca_loans_x_storage_locations` ENABLE KEYS */;
UNLOCK TABLES;

--
-- Table structure for table `ca_loans_x_vocabulary_terms`
--

DROP TABLE IF EXISTS `ca_loans_x_vocabulary_terms`;
/*!40101 SET @saved_cs_client     = @@character_set_client */;
/*!40101 SET character_set_client = utf8 */;
CREATE TABLE `ca_loans_x_vocabulary_terms` (
  `relation_id` int(10) unsigned NOT NULL AUTO_INCREMENT,
  `loan_id` int(10) unsigned NOT NULL,
  `item_id` int(10) unsigned NOT NULL,
  `type_id` smallint(5) unsigned NOT NULL,
  `source_info` longtext NOT NULL,
  `sdatetime` decimal(30,20) DEFAULT NULL,
  `edatetime` decimal(30,20) DEFAULT NULL,
  `label_left_id` int(10) unsigned DEFAULT NULL,
  `label_right_id` int(10) unsigned DEFAULT NULL,
  `rank` int(10) unsigned NOT NULL DEFAULT 0,
  PRIMARY KEY (`relation_id`),
  UNIQUE KEY `u_all` (`loan_id`,`item_id`,`type_id`,`sdatetime`,`edatetime`),
  KEY `i_loan_id` (`loan_id`),
  KEY `i_item_id` (`item_id`),
  KEY `i_type_id` (`type_id`),
  KEY `i_label_left_id` (`label_left_id`),
  KEY `i_label_right_id` (`label_right_id`),
  CONSTRAINT `fk_ca_loans_x_vocabulary_terms_item_id` FOREIGN KEY (`item_id`) REFERENCES `ca_list_items` (`item_id`),
  CONSTRAINT `fk_ca_loans_x_vocabulary_terms_label_left_id` FOREIGN KEY (`label_left_id`) REFERENCES `ca_loan_labels` (`label_id`),
  CONSTRAINT `fk_ca_loans_x_vocabulary_terms_label_right_id` FOREIGN KEY (`label_right_id`) REFERENCES `ca_list_item_labels` (`label_id`),
  CONSTRAINT `fk_ca_loans_x_vocabulary_terms_loan_id` FOREIGN KEY (`loan_id`) REFERENCES `ca_loans` (`loan_id`),
  CONSTRAINT `fk_ca_loans_x_vocabulary_terms_type_id` FOREIGN KEY (`type_id`) REFERENCES `ca_relationship_types` (`type_id`)
) ENGINE=InnoDB DEFAULT CHARSET=utf8;
/*!40101 SET character_set_client = @saved_cs_client */;

--
-- Dumping data for table `ca_loans_x_vocabulary_terms`
--

LOCK TABLES `ca_loans_x_vocabulary_terms` WRITE;
/*!40000 ALTER TABLE `ca_loans_x_vocabulary_terms` DISABLE KEYS */;
/*!40000 ALTER TABLE `ca_loans_x_vocabulary_terms` ENABLE KEYS */;
UNLOCK TABLES;

--
-- Table structure for table `ca_locales`
--

DROP TABLE IF EXISTS `ca_locales`;
/*!40101 SET @saved_cs_client     = @@character_set_client */;
/*!40101 SET character_set_client = utf8 */;
CREATE TABLE `ca_locales` (
  `locale_id` smallint(5) unsigned NOT NULL AUTO_INCREMENT,
  `name` varchar(255) NOT NULL,
  `language` varchar(3) NOT NULL,
  `country` char(2) NOT NULL,
  `dialect` varchar(8) DEFAULT NULL,
  `dont_use_for_cataloguing` tinyint(3) unsigned NOT NULL,
  PRIMARY KEY (`locale_id`),
  KEY `u_language_country` (`language`,`country`)
) ENGINE=InnoDB AUTO_INCREMENT=16 DEFAULT CHARSET=utf8;
/*!40101 SET character_set_client = @saved_cs_client */;

--
-- Dumping data for table `ca_locales`
--

LOCK TABLES `ca_locales` WRITE;
/*!40000 ALTER TABLE `ca_locales` DISABLE KEYS */;
INSERT INTO `ca_locales` VALUES (1,'Finnish','fi','FI',NULL,0),(2,'English','en','US',NULL,0),(3,'English (Canadian)','en','CA',NULL,1),(4,'English (Australian)','en','AU',NULL,1),(5,'Deutsch (Deutschland)','de','DE',NULL,1),(6,'Deutsch (sterreich)','de','AT',NULL,1),(7,'Franais','fr','FR',NULL,1),(8,'Franais (Canadien)','fr','CA',NULL,1),(9,'Czech','cs','CZ',NULL,1),(10,'Greek','el','GR',NULL,1),(11,'Espaol','es','ES',NULL,1),(12,'Italiano','it','IT',NULL,1),(13,'Nederlands','nl','NL',NULL,1),(14,'Serbian','sr','RS',NULL,1),(15,'Svenska','sv','SE',NULL,1);
/*!40000 ALTER TABLE `ca_locales` ENABLE KEYS */;
UNLOCK TABLES;

--
-- Table structure for table `ca_media_content_locations`
--

DROP TABLE IF EXISTS `ca_media_content_locations`;
/*!40101 SET @saved_cs_client     = @@character_set_client */;
/*!40101 SET character_set_client = utf8 */;
CREATE TABLE `ca_media_content_locations` (
  `table_num` tinyint(3) unsigned NOT NULL,
  `row_id` int(10) unsigned NOT NULL,
  `content` text NOT NULL,
  `loc` longtext NOT NULL,
  KEY `i_row_id` (`row_id`,`table_num`),
  KEY `i_content` (`content`(255))
) ENGINE=InnoDB DEFAULT CHARSET=utf8;
/*!40101 SET character_set_client = @saved_cs_client */;

--
-- Dumping data for table `ca_media_content_locations`
--

LOCK TABLES `ca_media_content_locations` WRITE;
/*!40000 ALTER TABLE `ca_media_content_locations` DISABLE KEYS */;
/*!40000 ALTER TABLE `ca_media_content_locations` ENABLE KEYS */;
UNLOCK TABLES;

--
-- Table structure for table `ca_media_replication_status_check`
--

DROP TABLE IF EXISTS `ca_media_replication_status_check`;
/*!40101 SET @saved_cs_client     = @@character_set_client */;
/*!40101 SET character_set_client = utf8 */;
CREATE TABLE `ca_media_replication_status_check` (
  `check_id` int(10) unsigned NOT NULL AUTO_INCREMENT,
  `table_num` tinyint(3) unsigned NOT NULL,
  `row_id` int(10) unsigned NOT NULL,
  `target` varchar(255) NOT NULL,
  `created_on` int(10) unsigned NOT NULL,
  `last_check` int(10) unsigned NOT NULL,
  PRIMARY KEY (`check_id`),
  KEY `i_row_id` (`row_id`,`table_num`)
) ENGINE=InnoDB DEFAULT CHARSET=utf8;
/*!40101 SET character_set_client = @saved_cs_client */;

--
-- Dumping data for table `ca_media_replication_status_check`
--

LOCK TABLES `ca_media_replication_status_check` WRITE;
/*!40000 ALTER TABLE `ca_media_replication_status_check` DISABLE KEYS */;
/*!40000 ALTER TABLE `ca_media_replication_status_check` ENABLE KEYS */;
UNLOCK TABLES;

--
-- Table structure for table `ca_metadata_alert_rule_labels`
--

DROP TABLE IF EXISTS `ca_metadata_alert_rule_labels`;
/*!40101 SET @saved_cs_client     = @@character_set_client */;
/*!40101 SET character_set_client = utf8 */;
CREATE TABLE `ca_metadata_alert_rule_labels` (
  `label_id` int(10) unsigned NOT NULL AUTO_INCREMENT,
  `rule_id` int(10) unsigned DEFAULT NULL,
  `locale_id` smallint(5) unsigned NOT NULL,
  `name` varchar(255) NOT NULL,
  `name_sort` varchar(255) NOT NULL,
  `description` text NOT NULL,
  `source_info` longtext NOT NULL,
  `is_preferred` tinyint(3) unsigned NOT NULL,
  PRIMARY KEY (`label_id`),
  KEY `i_rule_id` (`rule_id`),
  KEY `i_locale_id` (`locale_id`)
) ENGINE=InnoDB DEFAULT CHARSET=utf8;
/*!40101 SET character_set_client = @saved_cs_client */;

--
-- Dumping data for table `ca_metadata_alert_rule_labels`
--

LOCK TABLES `ca_metadata_alert_rule_labels` WRITE;
/*!40000 ALTER TABLE `ca_metadata_alert_rule_labels` DISABLE KEYS */;
/*!40000 ALTER TABLE `ca_metadata_alert_rule_labels` ENABLE KEYS */;
UNLOCK TABLES;

--
-- Table structure for table `ca_metadata_alert_rule_type_restrictions`
--

DROP TABLE IF EXISTS `ca_metadata_alert_rule_type_restrictions`;
/*!40101 SET @saved_cs_client     = @@character_set_client */;
/*!40101 SET character_set_client = utf8 */;
CREATE TABLE `ca_metadata_alert_rule_type_restrictions` (
  `restriction_id` int(10) unsigned NOT NULL AUTO_INCREMENT,
  `type_id` int(10) unsigned DEFAULT NULL,
  `table_num` tinyint(3) unsigned NOT NULL,
  `rule_id` int(10) unsigned NOT NULL,
  `include_subtypes` tinyint(3) unsigned NOT NULL DEFAULT 0,
  `settings` longtext NOT NULL,
  `rank` smallint(5) unsigned NOT NULL DEFAULT 0,
  PRIMARY KEY (`restriction_id`),
  KEY `i_rule_id` (`rule_id`),
  KEY `i_type_id` (`type_id`),
  CONSTRAINT `fk_ca_metadata_alert_rule_type_restrictions_rule_id` FOREIGN KEY (`rule_id`) REFERENCES `ca_metadata_alert_rules` (`rule_id`)
) ENGINE=InnoDB DEFAULT CHARSET=utf8;
/*!40101 SET character_set_client = @saved_cs_client */;

--
-- Dumping data for table `ca_metadata_alert_rule_type_restrictions`
--

LOCK TABLES `ca_metadata_alert_rule_type_restrictions` WRITE;
/*!40000 ALTER TABLE `ca_metadata_alert_rule_type_restrictions` DISABLE KEYS */;
/*!40000 ALTER TABLE `ca_metadata_alert_rule_type_restrictions` ENABLE KEYS */;
UNLOCK TABLES;

--
-- Table structure for table `ca_metadata_alert_rules`
--

DROP TABLE IF EXISTS `ca_metadata_alert_rules`;
/*!40101 SET @saved_cs_client     = @@character_set_client */;
/*!40101 SET character_set_client = utf8 */;
CREATE TABLE `ca_metadata_alert_rules` (
  `rule_id` int(10) unsigned NOT NULL AUTO_INCREMENT,
  `table_num` tinyint(3) unsigned NOT NULL,
  `code` varchar(20) NOT NULL,
  `settings` longtext NOT NULL,
  `user_id` int(10) unsigned DEFAULT NULL,
  PRIMARY KEY (`rule_id`),
  KEY `i_table_num` (`table_num`)
) ENGINE=InnoDB DEFAULT CHARSET=utf8;
/*!40101 SET character_set_client = @saved_cs_client */;

--
-- Dumping data for table `ca_metadata_alert_rules`
--

LOCK TABLES `ca_metadata_alert_rules` WRITE;
/*!40000 ALTER TABLE `ca_metadata_alert_rules` DISABLE KEYS */;
/*!40000 ALTER TABLE `ca_metadata_alert_rules` ENABLE KEYS */;
UNLOCK TABLES;

--
-- Table structure for table `ca_metadata_alert_rules_x_user_groups`
--

DROP TABLE IF EXISTS `ca_metadata_alert_rules_x_user_groups`;
/*!40101 SET @saved_cs_client     = @@character_set_client */;
/*!40101 SET character_set_client = utf8 */;
CREATE TABLE `ca_metadata_alert_rules_x_user_groups` (
  `relation_id` int(10) unsigned NOT NULL AUTO_INCREMENT,
  `rule_id` int(10) unsigned NOT NULL,
  `group_id` int(10) unsigned NOT NULL,
  `access` tinyint(3) unsigned NOT NULL DEFAULT 0,
  PRIMARY KEY (`relation_id`),
  KEY `i_rule_id` (`rule_id`),
  KEY `i_group_id` (`group_id`)
) ENGINE=InnoDB DEFAULT CHARSET=utf8;
/*!40101 SET character_set_client = @saved_cs_client */;

--
-- Dumping data for table `ca_metadata_alert_rules_x_user_groups`
--

LOCK TABLES `ca_metadata_alert_rules_x_user_groups` WRITE;
/*!40000 ALTER TABLE `ca_metadata_alert_rules_x_user_groups` DISABLE KEYS */;
/*!40000 ALTER TABLE `ca_metadata_alert_rules_x_user_groups` ENABLE KEYS */;
UNLOCK TABLES;

--
-- Table structure for table `ca_metadata_alert_rules_x_users`
--

DROP TABLE IF EXISTS `ca_metadata_alert_rules_x_users`;
/*!40101 SET @saved_cs_client     = @@character_set_client */;
/*!40101 SET character_set_client = utf8 */;
CREATE TABLE `ca_metadata_alert_rules_x_users` (
  `relation_id` int(10) unsigned NOT NULL AUTO_INCREMENT,
  `rule_id` int(10) unsigned NOT NULL,
  `user_id` int(10) unsigned NOT NULL,
  `access` tinyint(3) unsigned NOT NULL DEFAULT 0,
  PRIMARY KEY (`relation_id`),
  KEY `i_rule_id` (`rule_id`),
  KEY `i_user_id` (`user_id`)
) ENGINE=InnoDB DEFAULT CHARSET=utf8;
/*!40101 SET character_set_client = @saved_cs_client */;

--
-- Dumping data for table `ca_metadata_alert_rules_x_users`
--

LOCK TABLES `ca_metadata_alert_rules_x_users` WRITE;
/*!40000 ALTER TABLE `ca_metadata_alert_rules_x_users` DISABLE KEYS */;
/*!40000 ALTER TABLE `ca_metadata_alert_rules_x_users` ENABLE KEYS */;
UNLOCK TABLES;

--
-- Table structure for table `ca_metadata_alert_triggers`
--

DROP TABLE IF EXISTS `ca_metadata_alert_triggers`;
/*!40101 SET @saved_cs_client     = @@character_set_client */;
/*!40101 SET character_set_client = utf8 */;
CREATE TABLE `ca_metadata_alert_triggers` (
  `trigger_id` int(10) unsigned NOT NULL AUTO_INCREMENT,
  `rule_id` int(10) unsigned NOT NULL,
  `element_id` smallint(5) unsigned DEFAULT NULL,
  `element_filters` text NOT NULL,
  `settings` longtext NOT NULL,
  `trigger_type` varchar(30) NOT NULL,
  PRIMARY KEY (`trigger_id`),
  KEY `fk_alert_rules_rule_id` (`rule_id`),
  KEY `fk_ca_metadata_alert_triggers_element_id` (`element_id`),
  CONSTRAINT `fk_alert_rules_rule_id` FOREIGN KEY (`rule_id`) REFERENCES `ca_metadata_alert_rules` (`rule_id`),
  CONSTRAINT `fk_ca_metadata_alert_triggers_element_id` FOREIGN KEY (`element_id`) REFERENCES `ca_metadata_elements` (`element_id`)
) ENGINE=InnoDB DEFAULT CHARSET=utf8;
/*!40101 SET character_set_client = @saved_cs_client */;

--
-- Dumping data for table `ca_metadata_alert_triggers`
--

LOCK TABLES `ca_metadata_alert_triggers` WRITE;
/*!40000 ALTER TABLE `ca_metadata_alert_triggers` DISABLE KEYS */;
/*!40000 ALTER TABLE `ca_metadata_alert_triggers` ENABLE KEYS */;
UNLOCK TABLES;

--
-- Table structure for table `ca_metadata_dictionary_entries`
--

DROP TABLE IF EXISTS `ca_metadata_dictionary_entries`;
/*!40101 SET @saved_cs_client     = @@character_set_client */;
/*!40101 SET character_set_client = utf8 */;
CREATE TABLE `ca_metadata_dictionary_entries` (
  `entry_id` int(10) unsigned NOT NULL AUTO_INCREMENT,
  `table_num` tinyint(3) unsigned NOT NULL DEFAULT 0,
  `bundle_name` varchar(255) NOT NULL,
  `settings` longtext NOT NULL,
  PRIMARY KEY (`entry_id`),
  KEY `i_table_num` (`table_num`),
  KEY `i_bundle_name` (`bundle_name`)
) ENGINE=InnoDB DEFAULT CHARSET=utf8;
/*!40101 SET character_set_client = @saved_cs_client */;

--
-- Dumping data for table `ca_metadata_dictionary_entries`
--

LOCK TABLES `ca_metadata_dictionary_entries` WRITE;
/*!40000 ALTER TABLE `ca_metadata_dictionary_entries` DISABLE KEYS */;
/*!40000 ALTER TABLE `ca_metadata_dictionary_entries` ENABLE KEYS */;
UNLOCK TABLES;

--
-- Table structure for table `ca_metadata_dictionary_entry_labels`
--

DROP TABLE IF EXISTS `ca_metadata_dictionary_entry_labels`;
/*!40101 SET @saved_cs_client     = @@character_set_client */;
/*!40101 SET character_set_client = utf8 */;
CREATE TABLE `ca_metadata_dictionary_entry_labels` (
  `label_id` int(10) unsigned NOT NULL AUTO_INCREMENT,
  `entry_id` int(10) unsigned DEFAULT NULL,
  `locale_id` smallint(5) unsigned NOT NULL,
  `name` varchar(255) NOT NULL,
  `name_sort` varchar(255) NOT NULL,
  `description` text NOT NULL,
  `source_info` longtext NOT NULL,
  `is_preferred` tinyint(3) unsigned NOT NULL,
  PRIMARY KEY (`label_id`),
  KEY `i_entry_id` (`entry_id`),
  KEY `i_locale_id` (`locale_id`)
) ENGINE=InnoDB DEFAULT CHARSET=utf8;
/*!40101 SET character_set_client = @saved_cs_client */;

--
-- Dumping data for table `ca_metadata_dictionary_entry_labels`
--

LOCK TABLES `ca_metadata_dictionary_entry_labels` WRITE;
/*!40000 ALTER TABLE `ca_metadata_dictionary_entry_labels` DISABLE KEYS */;
/*!40000 ALTER TABLE `ca_metadata_dictionary_entry_labels` ENABLE KEYS */;
UNLOCK TABLES;

--
-- Table structure for table `ca_metadata_dictionary_rule_violations`
--

DROP TABLE IF EXISTS `ca_metadata_dictionary_rule_violations`;
/*!40101 SET @saved_cs_client     = @@character_set_client */;
/*!40101 SET character_set_client = utf8 */;
CREATE TABLE `ca_metadata_dictionary_rule_violations` (
  `violation_id` int(10) unsigned NOT NULL AUTO_INCREMENT,
  `rule_id` int(10) unsigned NOT NULL,
  `table_num` tinyint(3) unsigned NOT NULL,
  `row_id` int(10) unsigned NOT NULL,
  `created_on` int(10) unsigned NOT NULL,
  `last_checked_on` int(10) unsigned NOT NULL,
  PRIMARY KEY (`violation_id`),
  KEY `i_rule_id` (`rule_id`),
  KEY `i_row_id` (`row_id`,`table_num`),
  KEY `i_created_on` (`created_on`),
  KEY `i_last_checked_on` (`last_checked_on`),
  CONSTRAINT `fk_ca_metadata_dictionary_rule_vio_rule_id` FOREIGN KEY (`rule_id`) REFERENCES `ca_metadata_dictionary_rules` (`rule_id`)
) ENGINE=InnoDB DEFAULT CHARSET=utf8;
/*!40101 SET character_set_client = @saved_cs_client */;

--
-- Dumping data for table `ca_metadata_dictionary_rule_violations`
--

LOCK TABLES `ca_metadata_dictionary_rule_violations` WRITE;
/*!40000 ALTER TABLE `ca_metadata_dictionary_rule_violations` DISABLE KEYS */;
/*!40000 ALTER TABLE `ca_metadata_dictionary_rule_violations` ENABLE KEYS */;
UNLOCK TABLES;

--
-- Table structure for table `ca_metadata_dictionary_rules`
--

DROP TABLE IF EXISTS `ca_metadata_dictionary_rules`;
/*!40101 SET @saved_cs_client     = @@character_set_client */;
/*!40101 SET character_set_client = utf8 */;
CREATE TABLE `ca_metadata_dictionary_rules` (
  `rule_id` int(10) unsigned NOT NULL AUTO_INCREMENT,
  `entry_id` int(10) unsigned NOT NULL,
  `rule_code` varchar(100) NOT NULL,
  `expression` text NOT NULL,
  `rule_level` char(4) NOT NULL,
  `settings` longtext NOT NULL,
  PRIMARY KEY (`rule_id`),
  UNIQUE KEY `u_rule_code` (`entry_id`,`rule_code`),
  KEY `i_entry_id` (`entry_id`),
  KEY `i_rule_code` (`rule_level`),
  CONSTRAINT `fk_ca_metadata_dictionary_rules_entry_id` FOREIGN KEY (`entry_id`) REFERENCES `ca_metadata_dictionary_entries` (`entry_id`)
) ENGINE=InnoDB DEFAULT CHARSET=utf8;
/*!40101 SET character_set_client = @saved_cs_client */;

--
-- Dumping data for table `ca_metadata_dictionary_rules`
--

LOCK TABLES `ca_metadata_dictionary_rules` WRITE;
/*!40000 ALTER TABLE `ca_metadata_dictionary_rules` DISABLE KEYS */;
/*!40000 ALTER TABLE `ca_metadata_dictionary_rules` ENABLE KEYS */;
UNLOCK TABLES;

--
-- Table structure for table `ca_metadata_element_labels`
--

DROP TABLE IF EXISTS `ca_metadata_element_labels`;
/*!40101 SET @saved_cs_client     = @@character_set_client */;
/*!40101 SET character_set_client = utf8 */;
CREATE TABLE `ca_metadata_element_labels` (
  `label_id` smallint(5) unsigned NOT NULL AUTO_INCREMENT,
  `element_id` smallint(5) unsigned NOT NULL,
  `locale_id` smallint(5) unsigned NOT NULL,
  `name` varchar(255) NOT NULL,
  `description` text NOT NULL,
  PRIMARY KEY (`label_id`),
  KEY `i_element_id` (`element_id`),
  KEY `i_name` (`name`(128)),
  KEY `i_locale_id` (`locale_id`),
  CONSTRAINT `fk_ca_metadata_element_labels_element_id` FOREIGN KEY (`element_id`) REFERENCES `ca_metadata_elements` (`element_id`),
  CONSTRAINT `fk_ca_metadata_element_labels_locale_id` FOREIGN KEY (`locale_id`) REFERENCES `ca_locales` (`locale_id`)
) ENGINE=InnoDB AUTO_INCREMENT=223 DEFAULT CHARSET=utf8;
/*!40101 SET character_set_client = @saved_cs_client */;

--
-- Dumping data for table `ca_metadata_element_labels`
--

LOCK TABLES `ca_metadata_element_labels` WRITE;
/*!40000 ALTER TABLE `ca_metadata_element_labels` DISABLE KEYS */;
INSERT INTO `ca_metadata_element_labels` VALUES (1,1,2,'Introduction','Narrative description for set. This is the primary text used when publicly presenting the set.'),(2,1,3,'Introduction','Narrative description for set. This is the primary text used when publicly presenting the set.'),(3,1,7,'Introduction','Description narrative pour l\'ensemble. Il s\'agit du texte principal utilis lors d\'un affichage public de l\'lment.'),(4,1,15,'Introduktion','Berttande beskrivning, fr gruppering. Detta r den primra texten som anvnds nr grupperingen visas offentligt.'),(5,2,2,'Item description','Narrative description for item in this set. This is the primary text used when publicly presenting the item in the context of this set.'),(6,2,3,'Item description','Narrative description for item in this set. This is the primary text used when publicly presenting the item in the context of this set.'),(7,2,7,'Description de l\'objet','Description narrative pour un lment de cet ensemble. Il s\'agit du texte principal utilis lors d\'un affichage public d\'un lment dans le contexte de cet ensemble.'),(8,2,15,'Post beskrivning','Berttande beskrivning fr poster i denna gruppering. Detta r den primra texten som anvnds nr poster i grupperingen visas offentligt.'),(9,3,2,'Presentation type','Determines how set is rendered when displayed to the public in the Pawtucket/Pawtucket2 front-end.'),(10,3,3,'Presentation type','Determines how set is rendered when displayed to the public in the Pawtucket/Pawtucket2 front-end.'),(11,3,7,'Type de prsentation','Dtermine comment l\'ensemble est affich dans le catalogue public Pawtucket/Pawtucket2.'),(12,3,15,'Presentation typ','Bestmmer hur gruppering terges nr den visas fr allmnheten i Pawtucket/Pawtucket2 front-end.'),(13,4,2,'Is primary item for set?','The item marked as primary will be used to represent the set as a whole when included in a list of sets.'),(14,4,3,'Is primary item for set?','The item marked as primary will be used to represent the set as a whole when included in a list of sets.'),(15,4,7,'Est l\'item principal de l\'ensemble ?','L\'item marqu comme principal sera utilis pour reprsenter l\'ensemble comme un tout dans l\'affichage d\'une liste d\'ensembles.'),(16,4,15,'r det primra objektet fr gruppering?','Objekt markerad som primr kommer att anvndas fr att representera grupperingen i sin helhet nr det ingr i en lista ver grupperingar.'),(17,5,2,'Chronology element code','Element code of date range element to be used when placing set items into chronological order.'),(18,5,3,'Chronology element code','Element code of date range element to be used when placing set items into chronological order.'),(19,5,7,'Code de priode','Code d\'une plage de dates  utiliser lorsque les items sont affichs en ordre chronologique.'),(20,5,15,'Kronologi elementkod','Elementkoden fr datumintervall element som anvndas fr att placera in freml i kronologisk ordning.'),(21,6,2,'Authorization date','The date when the loan was authorized.'),(22,6,3,'Authorization date','The date when the loan was authorized.'),(23,6,7,'Date d\'autorisation','La date  laquelle le prt a t autoris.'),(24,6,15,'Datum fr godknnande','Det datum d lnet beviljades.'),(25,7,2,'Loan in date','The date a loan will enter the institution.'),(26,7,3,'Loan in date','The date a loan will enter the institution.'),(27,7,7,'Prt planifi','La date o un prt rejoindra l\'institution.'),(28,7,15,'Inlningsdatum','Datumet ett ln kommer till institutionen.'),(29,8,2,'Loan out date','The date a loan will enter the institution.'),(30,8,3,'Loan out date','The date a loan will enter the institution.'),(31,8,7,'Date de prt','La date  laquelle un prt entrera dans l\'institution.'),(32,8,15,'Utlningsdatum','Datumet ett ln kommer till institutionen.'),(33,9,2,'Loan return date','The date a loan is due back to the lending institution.'),(34,9,3,'Loan return date','The date a loan is due back to the lending institution.'),(35,9,7,'Date de retour de prt','La date  laquelle le prt doit tre retourn  l\'institution prtante.'),(36,9,15,'Ln terlmningsdatum','Datumet ett ln kommer tillbaka till det lngivande institutet.'),(37,10,2,'Loan renewal application date','The date to apply for a renewal to the loan.'),(38,10,3,'Loan renewal application date','The date to apply for a renewal to the loan.'),(39,10,7,'Date du renouvellement de prt','La date de ralisation du renouvellement du prt.'),(40,10,15,'Ln frnyelse anskningsdag','Datumet att anska om frnyelse fr lnet.'),(41,11,2,'Loan conditions','A statement of the conditions on a loan.'),(42,11,3,'Loan conditions','A statement of the conditions on a loan.'),(43,11,7,'Conditions de prt','Un rappel des conditions du prt.'),(44,11,15,'Lnevillkor','En redogrelse fr villkoren p ett ln.'),(45,12,2,'Loan note','General information about the loan.'),(46,12,3,'Loan note','General information about the loan.'),(47,12,7,'Note sur le prt','Informations gnrales sur le prt.'),(48,12,15,'Ln anteckning','Allmn information om lnet.'),(49,13,2,'Loan purpose','General information about the purpose of loan.'),(50,13,3,'Loan purpose','General information about the purpose of loan.'),(51,13,7,'Proposition de prt','Information gnrale sur la proposition de prt.'),(52,13,15,'Ln syfte','Allmn information om syftet med lnet.'),(53,14,2,'Movement method','The method used in the movement of an object.'),(54,14,3,'Movement method','The method used in the movement of an object.'),(55,14,7,'Mthode de mouvement','La mthode utilise pour le mouvement d\'un objet.'),(56,14,15,'Frflyttningsmetod','Den metod som anvnds i frflyttningen av ett objekt.'),(57,15,2,'Movement note','Additional information about the movement of an object or group of objects.'),(58,15,3,'Movement note','Additional information about the movement of an object or group of objects.'),(59,15,7,'Note de mouvement','Informations additionnelles  propos du mouvement de l\'objet ou d\'un groupe d\'objets.'),(60,15,15,'Frflyttning anteckning','Ytterligare information om frflyttning av ett objekt eller en grupp av objekt.'),(61,16,2,'Planned removal date','The date an object is to be removed from its current location.'),(62,16,3,'Planned removal date','The date an object is to be removed from its current location.'),(63,16,7,'Date de retrait prvu','La date o l\'objet doit tre retir de sa localisation actuelle.'),(64,16,15,'Planerad borttagningsdatum','Datumet ett objekt ska tas bort frn sin nuvarande plats.'),(65,17,2,'Planned removal date','The date an object was actually removed from its current location.'),(66,17,3,'Planned removal date','The date an object was actually removed from its current location.'),(67,17,7,'Plage de retrait prvu','Les dates auxquelles l\'objet a t actuellement retir de sa localisation actuelle.'),(68,17,15,'Planerat borttagningsdatum','Datumet ett freml faktiskt togs bort frn dess nuvarande plats.'),(69,18,2,'Reason for move','The purpose or reason for the movement of the object or group of objects.'),(70,18,3,'Reason for move','The purpose or reason for the movement of the object or group of objects.'),(71,18,7,'Raison du mouvement','Le motif ou la raison du mouvement de l\'objet ou du groupe d\'objets.'),(72,18,15,'Orsak till flytt','Syftet eller skl fr frflyttning av objekt eller en grupp av objekt.'),(73,19,2,'Introduction','Narrative description for tour. This is the primary text used when publicly presenting the tour.'),(74,19,3,'Introduction','Narrative description for tour. This is the primary text used when publicly presenting the tour.'),(75,19,7,'Introduction','Narrative description for tour. This is the primary text used when publicly presenting the tour.'),(76,19,15,'Inledning','Berttande beskrivning av turen. Detta r den primra texten som anvnds nr turen presenteras.'),(77,20,2,'Introduction','Narrative description for tour stop. This is the primary text used when publicly presenting the stop.'),(78,20,3,'Introduction','Narrative description for tour stop. This is the primary text used when publicly presenting the stop.'),(79,20,7,'Introduction','Narrative description for tour stop. This is the primary text used when publicly presenting the stop.'),(80,20,15,'Inledning','Berttande beskrivning av turen. Detta r den primra texten som anvnds nr turen presenteras.'),(81,21,2,'Georeference','Location of this stop.'),(82,21,3,'Georeference','Location of this stop.'),(83,21,7,'Georeference','Location of this stop.'),(84,21,15,'Georeferens','Plats fr detta stopp.'),(85,22,2,'Keywords','Keywords.'),(86,22,1,'asiasanat','Asiasanat hakujen tehostamiseksi.'),(87,23,2,'Publications',''),(88,23,1,'julkaisut','Julkaisut, joissa kuvia on kytetty.'),(89,24,1,'Tuottaja listieto','Listietoja tuottajan ja kohteen suhteesta'),(90,25,1,'Tuottaja listieto','Listietoja tuottajan ja tapahtuman suhteesta'),(91,26,1,'materiaalit',''),(92,27,1,'materiaalin listiedot',''),(93,28,1,'Materiaalit',''),(94,29,1,'yleisnimet',''),(95,30,1,'ammatti',''),(96,31,2,'Description','Narrative description. This is the primary text used to document the item.'),(97,31,1,'kuvailu','Kuvailuteksti.'),(98,32,2,'Source of description','Source of item description. This should be a formal citation if possible. For informal sources a narrative description is acceptable.'),(99,32,1,'kirjallisuus','Kirjallisuus yms. lhteit.'),(100,33,1,'luetteloijan nimi',''),(101,34,1,'koristelu','Koristelun kuvaus.'),(102,35,1,'Lukumr ja osat',''),(103,36,1,'lukumr',''),(104,37,1,'osat',''),(105,38,1,'pivmrt',''),(106,39,1,'pivmr',''),(107,40,1,'pivmrn listieto',''),(108,41,2,'Caption','Short descriptive caption for item.'),(109,41,1,'kuvateksti','Lyhyt kuvateksti.'),(110,42,2,'External links',''),(111,42,1,'Verkkolinkit',''),(112,43,2,'Web site name',''),(113,43,1,'Verkkosivun nimi',''),(114,44,2,'Web site name',''),(115,44,1,'Verkkosivun nimi',''),(116,45,2,'URL',''),(117,45,1,'URL',''),(118,46,2,'URL',''),(119,46,1,'URL',''),(120,47,2,'Notes (internal use only)','Notes regarding item or event'),(121,47,1,'sisiset huomiot','Huomioita sisiseen kyttn'),(122,48,2,'Conservation','Notes about conservation'),(123,48,1,'konservointitiedot','Tiedot tehdyist konservoinneista/korjauksista'),(124,49,2,'GeoNames','A Geographic lookup that takes search text, passes it to the GeoNames search service and provides a dropdown with search results (ordered by score). Selected geoname is stored as both text (name, country, continent and ID) and the service URL identifier.'),(125,49,1,'GeoName','Une recherche gographique qui prend une recherche texte, la relaie auprs du service de recherche GeoNames et fournit une liste droulante avec les rsultats de recherche (tris par pertinence). Le GeoName slectionn est stock  la fois comme texte (nom, pays, continent et ID) et sous la forme de l\'URL du service.'),(126,50,2,'Georeference','Coordinates documenting the location of the item'),(127,50,1,'paikkatieto','Objektin sijaintikoordinaatit'),(128,51,2,'Condition',''),(129,51,1,'kuntoluokitus',''),(130,52,2,'Dimensions','Physical dimensions of object'),(131,52,1,'mitat','Objektin fyysiset mitat'),(132,53,2,'Width','Width of object; enter in your preferred units'),(133,53,1,'Leveys/halkaisija','Leveys tai halkaisija'),(134,54,2,'Height','Height of object; enter in your preferred units'),(135,54,1,'Korkeus','Objektin korkeus esim. 10cm'),(136,55,2,'Depth','Depth of object; enter in your preferred units'),(137,55,1,'Pituus/syvyys','Objektin pituus tai syvyys'),(138,56,1,'mittaselitys',''),(139,57,2,'Accession date',''),(140,57,1,'luettelointipivmr',''),(141,58,2,'Manufacture in',''),(142,58,1,'valmistuspaikkakunta',''),(143,59,2,'Notes',''),(144,59,1,'listiedot',''),(145,60,1,'muu tunnus','Objektin muu tunnus kirjataan tsmlleen siin muodossa kuin se on kirjattu objektiin tai doku\n-\nmenttiin, josta tieto otetaan. Muu tunnus voi olla esimerkiksi objektin edellinen numero (esimerkiksi \ntoisessa museossa annettu), vanha inventaarionumero, diariointinumero, lainanantajan tai omis\n-\ntajan sille antama numero, lytnumero, kaivauksissa annettu vliaikainen numero tai esimerkiksi \ntekijn antama numero (arkkitehdin rakennukselle tai piirustukselle antama numero). Objektille voidaan kirjata niin monta objektin muuta\ntunnusta kuin on tarpeen.'),(146,61,1,'Tunniste',''),(147,62,1,'Tyyppi',''),(148,63,1,'vritieto','Objektin vri ilmoitetaan yksittisell termill. Vlimerkkej ja isoja kirjaimia kytetn vain, jos ne kuuluvat vrin oikeaan kirjoitusasuun. Valitse termi yllpidetyst termilistasta. Kirjataan vrit, jotka ovat trkeit objektin tunnistamisen tai lytmisen kannalta. Jos objekti koostuu monesta vrist,\nkirjaa tieto siit vain, jos se on merkityksellist. '),(149,64,1,'Vrit',''),(150,65,1,'vrin listieto',''),(151,66,2,'Inscription',''),(152,66,1,'merkinnt',''),(153,67,2,'Past storage locations','Track the history of object storage and movement.'),(154,67,1,'Edelliset sijainnit','Siirtojen historia.'),(155,68,2,'Storage Location',''),(156,68,1,'Sijainti',''),(157,69,2,'Storage Location',''),(158,69,1,'Sijainti',''),(159,70,2,'Date of Move',''),(160,70,1,'Siiron pivmr',''),(161,71,2,'Date of Move',''),(162,71,1,'Siirron pivmr',''),(163,72,2,'Authorization',''),(164,72,1,'Autorisation',''),(165,73,2,'Authorization',''),(166,73,1,'Autorisation',''),(167,74,2,'Credit',''),(168,74,1,'Credit',''),(169,75,2,'Condition notes',''),(170,75,1,'huomioita kunnosta',''),(171,76,2,'Media license',''),(172,76,1,'lisenssi',''),(173,77,2,'Color type',''),(174,77,1,'vrityyppi',''),(175,78,2,'Runtime',''),(176,78,1,'kesto',''),(177,79,2,'Media rights',''),(178,79,1,'Lisenssi',''),(179,80,1,'elinaika',''),(180,81,1,'syntynyt',''),(181,82,1,'kuollut',''),(182,83,1,'syntympaikka',''),(183,84,2,'Telephone',''),(184,84,1,'puhelinnumero',''),(185,85,2,'Web site url',''),(186,85,1,'URL',''),(187,86,1,'osoite',''),(188,87,2,'Email address',''),(189,87,1,'shkposti',''),(190,88,2,'Rights','Information about rights held in and over the resource.'),(191,88,1,'Oikeudet','Tekijnoikeustiedot'),(192,89,2,'Citation','Add citation information related to the publication'),(193,89,1,'lhdeviite','Lhdeviitetieto'),(194,90,2,'Frame','Type of frame'),(195,90,1,'kehys','Kehyksen tiedot'),(196,91,1,'tunnistekuva',''),(197,92,1,'lehtinimeke',''),(198,93,1,'lehti',''),(199,94,1,'lehden numero',''),(200,95,1,'opiskeluaika',''),(201,96,1,'Kyttpaikka ja listiedot',''),(202,97,1,'Kyttaika',''),(203,98,1,'kytttarkoitus',''),(204,99,1,'hankintapa',''),(205,100,1,'alkuperinen tiedosto','Tiedoston sijainti jos tiedosto on CollectiveAccesin ulkopuolella'),(206,101,1,'sislt',''),(207,102,1,'vakuutustiedot',''),(208,103,1,'kirjaustiedot',''),(209,104,1,'kirjauspivmr',''),(210,105,1,'kirjauksen listiedot',''),(211,106,1,'Repro','Tiedot reprokuvista'),(212,107,1,'repro pivmr',''),(213,108,1,'Reprokuvaaja',''),(214,109,1,'Reprolistiedot',''),(215,110,1,'negatiivikoko',''),(216,111,1,'negatiivityyppi',''),(217,112,1,'pohjamateriaali',''),(218,113,1,'negatiivin pohjamateriaali',''),(219,114,1,'Kuvakategoriat',''),(220,115,1,'tallennetyyppi',''),(221,116,2,'temporary storage location',''),(222,116,1,'tilapinen sijoituspaikka','');
/*!40000 ALTER TABLE `ca_metadata_element_labels` ENABLE KEYS */;
UNLOCK TABLES;

--
-- Table structure for table `ca_metadata_elements`
--

DROP TABLE IF EXISTS `ca_metadata_elements`;
/*!40101 SET @saved_cs_client     = @@character_set_client */;
/*!40101 SET character_set_client = utf8 */;
CREATE TABLE `ca_metadata_elements` (
  `element_id` smallint(5) unsigned NOT NULL AUTO_INCREMENT,
  `parent_id` smallint(5) unsigned DEFAULT NULL,
  `list_id` smallint(5) unsigned DEFAULT NULL,
  `element_code` varchar(30) NOT NULL,
  `documentation_url` varchar(255) NOT NULL,
  `datatype` tinyint(3) unsigned NOT NULL,
  `settings` longtext NOT NULL,
  `rank` smallint(5) unsigned NOT NULL DEFAULT 0,
  `hier_left` decimal(30,20) NOT NULL,
  `hier_right` decimal(30,20) NOT NULL,
  `hier_element_id` smallint(5) unsigned DEFAULT NULL,
  PRIMARY KEY (`element_id`),
  UNIQUE KEY `u_name_short` (`element_code`),
  KEY `i_hier_element_id` (`hier_element_id`),
  KEY `i_parent_id` (`parent_id`),
  KEY `i_hier_left` (`hier_left`),
  KEY `i_hier_right` (`hier_right`),
  KEY `i_list_id` (`list_id`),
  CONSTRAINT `fk_ca_metadata_elements_list_id` FOREIGN KEY (`list_id`) REFERENCES `ca_lists` (`list_id`),
  CONSTRAINT `fk_ca_metadata_elements_parent_id` FOREIGN KEY (`parent_id`) REFERENCES `ca_metadata_elements` (`element_id`)
) ENGINE=InnoDB AUTO_INCREMENT=117 DEFAULT CHARSET=utf8;
/*!40101 SET character_set_client = @saved_cs_client */;

--
-- Dumping data for table `ca_metadata_elements`
--

LOCK TABLES `ca_metadata_elements` WRITE;
/*!40000 ALTER TABLE `ca_metadata_elements` DISABLE KEYS */;
INSERT INTO `ca_metadata_elements` VALUES (1,NULL,NULL,'set_description','',1,'YToyOntzOjEwOiJmaWVsZFdpZHRoIjtzOjI6IjcwIjtzOjExOiJmaWVsZEhlaWdodCI7czoxOiI2Ijt9',0,1.00000000000000000000,4294967296.00000000000000000000,1),(2,NULL,NULL,'set_item_description','',1,'YToyOntzOjEwOiJmaWVsZFdpZHRoIjtzOjI6IjcwIjtzOjExOiJmaWVsZEhlaWdodCI7czoxOiI2Ijt9',0,1.00000000000000000000,4294967296.00000000000000000000,2),(3,NULL,5,'set_presentation_type','',3,'Tjs=',0,1.00000000000000000000,4294967296.00000000000000000000,3),(4,NULL,6,'set_item_is_primary','',3,'Tjs=',0,1.00000000000000000000,4294967296.00000000000000000000,4),(5,NULL,NULL,'set_chron_date_element_code','',1,'YToxOntzOjEwOiJmaWVsZFdpZHRoIjtzOjI6IjcwIjt9',0,1.00000000000000000000,4294967296.00000000000000000000,5),(6,NULL,NULL,'loan_authorization_date','',2,'YToxOntzOjEwOiJmaWVsZFdpZHRoIjtzOjI6IjQwIjt9',0,1.00000000000000000000,4294967296.00000000000000000000,6),(7,NULL,NULL,'loan_in_date','',2,'YToxOntzOjEwOiJmaWVsZFdpZHRoIjtzOjI6IjQwIjt9',0,1.00000000000000000000,4294967296.00000000000000000000,7),(8,NULL,NULL,'loan_out_date','',2,'YToxOntzOjEwOiJmaWVsZFdpZHRoIjtzOjI6IjQwIjt9',0,1.00000000000000000000,4294967296.00000000000000000000,8),(9,NULL,NULL,'loan_return_date','',2,'YToxOntzOjEwOiJmaWVsZFdpZHRoIjtzOjI6IjQwIjt9',0,1.00000000000000000000,4294967296.00000000000000000000,9),(10,NULL,NULL,'loan_renewal_date','',2,'YToxOntzOjEwOiJmaWVsZFdpZHRoIjtzOjI6IjQwIjt9',0,1.00000000000000000000,4294967296.00000000000000000000,10),(11,NULL,NULL,'loan_conditions','',1,'YToyOntzOjEwOiJmaWVsZFdpZHRoIjtzOjI6IjcwIjtzOjExOiJmaWVsZEhlaWdodCI7czoxOiIzIjt9',0,1.00000000000000000000,4294967296.00000000000000000000,11),(12,NULL,NULL,'loan_note','',1,'YToyOntzOjEwOiJmaWVsZFdpZHRoIjtzOjI6IjcwIjtzOjExOiJmaWVsZEhlaWdodCI7czoxOiIzIjt9',0,1.00000000000000000000,4294967296.00000000000000000000,12),(13,NULL,NULL,'loan_purpose','',1,'YToyOntzOjEwOiJmaWVsZFdpZHRoIjtzOjI6IjcwIjtzOjExOiJmaWVsZEhlaWdodCI7czoxOiIzIjt9',0,1.00000000000000000000,4294967296.00000000000000000000,13),(14,NULL,NULL,'movement_method','',1,'YToxOntzOjEwOiJmaWVsZFdpZHRoIjtzOjI6IjcwIjt9',0,1.00000000000000000000,4294967296.00000000000000000000,14),(15,NULL,NULL,'movement_note','',1,'YToxOntzOjEwOiJmaWVsZFdpZHRoIjtzOjI6IjcwIjt9',0,1.00000000000000000000,4294967296.00000000000000000000,15),(16,NULL,NULL,'planned_removal_date','',2,'YToxOntzOjEwOiJmaWVsZFdpZHRoIjtzOjI6IjQwIjt9',0,1.00000000000000000000,4294967296.00000000000000000000,16),(17,NULL,NULL,'removal_date','',2,'YToxOntzOjEwOiJmaWVsZFdpZHRoIjtzOjI6IjQwIjt9',0,1.00000000000000000000,4294967296.00000000000000000000,17),(18,NULL,NULL,'movement_reason','',1,'YToxOntzOjEwOiJmaWVsZFdpZHRoIjtzOjI6IjcwIjt9',0,1.00000000000000000000,4294967296.00000000000000000000,18),(19,NULL,NULL,'tour_description','',1,'YToyOntzOjEwOiJmaWVsZFdpZHRoIjtzOjI6IjcwIjtzOjExOiJmaWVsZEhlaWdodCI7czoxOiI2Ijt9',0,1.00000000000000000000,4294967296.00000000000000000000,19),(20,NULL,NULL,'tour_stop_description','',1,'YToyOntzOjEwOiJmaWVsZFdpZHRoIjtzOjI6IjcwIjtzOjExOiJmaWVsZEhlaWdodCI7czoxOiI2Ijt9',0,1.00000000000000000000,4294967296.00000000000000000000,20),(21,NULL,NULL,'tour_stop_georeference','',4,'Tjs=',0,1.00000000000000000000,4294967296.00000000000000000000,21),(22,NULL,NULL,'asiasanat','',1,'YToyOntzOjEwOiJmaWVsZFdpZHRoIjtzOjI6IjcwIjtzOjExOiJmaWVsZEhlaWdodCI7czoxOiIzIjt9',0,1.00000000000000000000,4294967296.00000000000000000000,22),(23,NULL,NULL,'julkaisut','',1,'YToyOntzOjEwOiJmaWVsZFdpZHRoIjtzOjI6IjcwIjtzOjExOiJmaWVsZEhlaWdodCI7czoxOiIzIjt9',0,1.00000000000000000000,4294967296.00000000000000000000,23),(24,NULL,NULL,'tuottaja_info','',1,'Tjs=',0,1.00000000000000000000,4294967296.00000000000000000000,24),(25,NULL,NULL,'tapahtuma_info','',1,'Tjs=',0,1.00000000000000000000,4294967296.00000000000000000000,25),(26,NULL,NULL,'materiaalit','',0,'YToyOntzOjE3OiJkb2VzTm90VGFrZUxvY2FsZSI7czoxOiIxIjtzOjEwOiJjYW5NYWtlUERGIjtzOjE6IjEiO30=',0,1.00000000000000000000,4294967296.00000000000000000000,26),(27,26,NULL,'materiaalilisatiedot','',1,'YToxNjp7czo4OiJtaW5DaGFycyI7czoxOiIwIjtzOjg6Im1heENoYXJzIjtzOjU6IjY1NTM1IjtzOjEwOiJmaWVsZFdpZHRoIjtzOjI6IjQwIjtzOjExOiJmaWVsZEhlaWdodCI7czoxOiIxIjtzOjE2OiJ1c2V3eXNpd3lnZWRpdG9yIjtzOjE6IjAiO3M6MTc6ImRvZXNOb3RUYWtlTG9jYWxlIjtzOjE6IjAiO3M6MTU6ImNhbkJlVXNlZEluU29ydCI7czoxOiIxIjtzOjIxOiJzdWdnZXN0RXhpc3RpbmdWYWx1ZXMiO3M6MToiMCI7czoyNDoic3VnZ2VzdEV4aXN0aW5nVmFsdWVTb3J0IjtzOjU6InZhbHVlIjtzOjIxOiJjYW5CZVVzZWRJblNlYXJjaEZvcm0iO3M6MToiMSI7czoxODoiY2FuQmVVc2VkSW5EaXNwbGF5IjtzOjE6IjEiO3M6MTA6ImNhbk1ha2VQREYiO3M6MToiMSI7czoxODoiY2FuTWFrZVBERkZvclZhbHVlIjtzOjE6IjEiO3M6MTY6ImRpc3BsYXlEZWxpbWl0ZXIiO3M6MjoiOyAiO3M6MTY6ImlzRGVwZW5kZW50VmFsdWUiO3M6MToiMCI7czoxMjoibXVzdEJlVW5pcXVlIjtzOjE6IjAiO30=',0,4295.96729500000000000000,8590.93459000000000000000,26),(28,26,44,'materiaalinimet','',3,'YToxNTp7czoxNzoiZG9lc05vdFRha2VMb2NhbGUiO3M6MToiMCI7czoyMToiY2FuQmVVc2VkSW5TZWFyY2hGb3JtIjtzOjE6IjAiO3M6MTg6ImNhbkJlVXNlZEluRGlzcGxheSI7czoxOiIwIjtzOjEwOiJjYW5NYWtlUERGIjtzOjE6IjAiO3M6MTg6ImNhbk1ha2VQREZGb3JWYWx1ZSI7czoxOiIwIjtzOjk6Imxpc3RXaWR0aCI7czoyOiI0MCI7czoxMDoibGlzdEhlaWdodCI7czo1OiIyMDBweCI7czoxMjoicmVxdWlyZVZhbHVlIjtzOjE6IjAiO3M6MTg6ImltcGxpY2l0TnVsbE9wdGlvbiI7czoxOiIwIjtzOjE0OiJudWxsT3B0aW9uVGV4dCI7czo3OiJOb3Qgc2V0IjtzOjE4OiJ1c2VEZWZhdWx0V2hlbk51bGwiO3M6MToiMCI7czoxNToiY2FuQmVVc2VkSW5Tb3J0IjtzOjE6IjEiO3M6NjoicmVuZGVyIjtzOjY6InNlbGVjdCI7czoxMToiYXV0b19zaHJpbmsiO3M6MToiMCI7czoxMDoibWF4Q29sdW1ucyI7czoxOiIzIjt9',0,12885.89329506500000000000,17180.85200013100000000000,26),(29,NULL,50,'yleisnimi','',3,'YTo3OntzOjEyOiJyZXF1aXJlVmFsdWUiO3M6MToiMSI7czoxNDoibnVsbE9wdGlvblRleHQiO3M6MjM6ImVpIGFubmV0dHVhIHlsZWlzbmltZcOkIjtzOjY6InJlbmRlciI7czo2OiJsb29rdXAiO3M6MTA6ImNhbk1ha2VQREYiO3M6MToiMSI7czoxODoiY2FuTWFrZVBERkZvclZhbHVlIjtzOjE6IjEiO3M6OToibGlzdFdpZHRoIjtzOjU6IjM1MHB4IjtzOjE1OiJyZXN0cmljdFRvVHlwZXMiO3M6MToiMiI7fQ==',0,1.00000000000000000000,4294967296.00000000000000000000,29),(30,NULL,51,'ammatti','',3,'YTozOntzOjE0OiJudWxsT3B0aW9uVGV4dCI7czo4OiJlaSBhcnZvYSI7czo2OiJyZW5kZXIiO3M6Njoic2VsZWN0IjtzOjE4OiJjYW5NYWtlUERGRm9yVmFsdWUiO3M6MToiMSI7fQ==',0,1.00000000000000000000,4294967296.00000000000000000000,30),(31,NULL,NULL,'description','',1,'YToyOntzOjEwOiJmaWVsZFdpZHRoIjtzOjI6IjkwIjtzOjExOiJmaWVsZEhlaWdodCI7czoyOiIxMCI7fQ==',0,1.00000000000000000000,4294967296.00000000000000000000,31),(32,NULL,NULL,'kirjallisuus','',1,'YToyOntzOjEwOiJmaWVsZFdpZHRoIjtzOjI6IjkwIjtzOjExOiJmaWVsZEhlaWdodCI7czoxOiIzIjt9',0,1.00000000000000000000,4294967296.00000000000000000000,32),(33,NULL,NULL,'hankinta_luetteloija','',1,'YToyOntzOjEwOiJmaWVsZFdpZHRoIjtzOjI6IjkwIjtzOjExOiJmaWVsZEhlaWdodCI7czoxOiIxIjt9',0,1.00000000000000000000,4294967296.00000000000000000000,33),(34,NULL,NULL,'koristelu','',1,'YToyOntzOjEwOiJmaWVsZFdpZHRoIjtzOjI6IjkwIjtzOjExOiJmaWVsZEhlaWdodCI7czoxOiIzIjt9',0,1.00000000000000000000,4294967296.00000000000000000000,34),(35,NULL,NULL,'lukumaara_osat','',0,'YToyOntzOjE3OiJkb2VzTm90VGFrZUxvY2FsZSI7czoxOiIxIjtzOjEwOiJjYW5NYWtlUERGIjtzOjE6IjEiO30=',0,1.00000000000000000000,4294967296.00000000000000000000,35),(36,35,NULL,'lukumaara','',1,'YToyOntzOjEwOiJmaWVsZFdpZHRoIjtzOjI6IjQwIjtzOjExOiJmaWVsZEhlaWdodCI7czoxOiIxIjt9',0,4295.96729500000000000000,8590.93459000000000000000,35),(37,35,NULL,'lukumaara_lisatieto','',1,'YToyOntzOjEwOiJmaWVsZFdpZHRoIjtzOjI6IjQwIjtzOjExOiJmaWVsZEhlaWdodCI7czoxOiIzIjt9',0,12885.89329506500000000000,17180.85200013100000000000,35),(38,NULL,NULL,'pvm_cont','',0,'Tjs=',0,1.00000000000000000000,4294967296.00000000000000000000,38),(39,38,NULL,'pvm','',2,'YTo3OntzOjE3OiJkb2VzTm90VGFrZUxvY2FsZSI7czoxOiIxIjtzOjE1OiJjYW5CZVVzZWRJblNvcnQiO3M6MToiMSI7czoyMDoiZGF0ZVBpY2tlckRhdGVGb3JtYXQiO3M6ODoieXktbW0tZGQiO3M6MjQ6InN1Z2dlc3RFeGlzdGluZ1ZhbHVlU29ydCI7czo1OiJ2YWx1ZSI7czoyMToiY2FuQmVVc2VkSW5TZWFyY2hGb3JtIjtzOjE6IjEiO3M6MTg6ImNhbkJlVXNlZEluRGlzcGxheSI7czoxOiIxIjtzOjE2OiJkaXNwbGF5RGVsaW1pdGVyIjtzOjE6IiwiO30=',0,4295.96729500000000000000,8590.93459000000000000000,38),(40,38,NULL,'pvm_info','',1,'YTo4OntzOjg6Im1heENoYXJzIjtzOjU6IjY1NTM1IjtzOjEwOiJmaWVsZFdpZHRoIjtzOjI6IjQwIjtzOjExOiJmaWVsZEhlaWdodCI7czoxOiIxIjtzOjE1OiJjYW5CZVVzZWRJblNvcnQiO3M6MToiMSI7czoyNDoic3VnZ2VzdEV4aXN0aW5nVmFsdWVTb3J0IjtzOjU6InZhbHVlIjtzOjIxOiJjYW5CZVVzZWRJblNlYXJjaEZvcm0iO3M6MToiMSI7czoxODoiY2FuQmVVc2VkSW5EaXNwbGF5IjtzOjE6IjEiO3M6MTY6ImRpc3BsYXlEZWxpbWl0ZXIiO3M6MjoiOyAiO30=',0,12885.89329506500000000000,17180.85200013100000000000,38),(41,NULL,NULL,'caption','',1,'YToyOntzOjEwOiJmaWVsZFdpZHRoIjtzOjI6IjkwIjtzOjExOiJmaWVsZEhlaWdodCI7czoxOiIyIjt9',0,1.00000000000000000000,4294967296.00000000000000000000,41),(42,NULL,NULL,'external_link','',0,'YToxOntzOjE3OiJkb2VzTm90VGFrZUxvY2FsZSI7czoxOiIxIjt9',0,1.00000000000000000000,4294967296.00000000000000000000,42),(43,42,NULL,'url_line1','',0,'Tjs=',0,4295.96729500000000000000,8590.93459000000000000000,42),(44,43,NULL,'url_source','',1,'YTo0OntzOjEwOiJmaWVsZFdpZHRoIjtzOjI6IjkwIjtzOjExOiJmaWVsZEhlaWdodCI7czoxOiIyIjtzOjg6Im1pbkNoYXJzIjtzOjE6IjAiO3M6ODoibWF4Q2hhcnMiO3M6NToiNjU1MzUiO30=',0,4725.46402450000000000000,5154.96075400000000000000,42),(45,42,NULL,'url_line2','',0,'Tjs=',0,12885.89329506500000000000,17180.85200013100000000000,42),(46,45,NULL,'url_entry','',5,'YToyOntzOjEwOiJmaWVsZFdpZHRoIjtzOjI6IjkwIjtzOjExOiJmaWVsZEhlaWdodCI7czoxOiIyIjt9',0,13315.38916557200000000000,13744.88503607800000000000,42),(47,NULL,NULL,'internal_notes','',1,'YTozOntzOjEwOiJmaWVsZFdpZHRoIjtzOjI6IjkwIjtzOjExOiJmaWVsZEhlaWdodCI7czoxOiI0IjtzOjE3OiJkb2VzTm90VGFrZUxvY2FsZSI7czoxOiIxIjt9',0,1.00000000000000000000,4294967296.00000000000000000000,47),(48,NULL,NULL,'konservointi','',1,'YTozOntzOjEwOiJmaWVsZFdpZHRoIjtzOjI6IjkwIjtzOjExOiJmaWVsZEhlaWdodCI7czoxOiI0IjtzOjE3OiJkb2VzTm90VGFrZUxvY2FsZSI7czoxOiIxIjt9',0,1.00000000000000000000,4294967296.00000000000000000000,48),(49,NULL,NULL,'geonames','',14,'Tjs=',0,1.00000000000000000000,4294967296.00000000000000000000,49),(50,NULL,NULL,'georeference','',4,'YToyOntzOjEwOiJmaWVsZFdpZHRoIjtzOjI6IjYwIjtzOjExOiJmaWVsZEhlaWdodCI7czoxOiIxIjt9',0,1.00000000000000000000,4294967296.00000000000000000000,50),(51,NULL,59,'condition','',3,'Tjs=',0,1.00000000000000000000,4294967296.00000000000000000000,51),(52,NULL,NULL,'work_dimensions','',0,'YToxOntzOjE3OiJkb2VzTm90VGFrZUxvY2FsZSI7czoxOiIxIjt9',0,1.00000000000000000000,4294967296.00000000000000000000,52),(53,52,NULL,'dimensions_width','',8,'YToyOntzOjEwOiJmaWVsZFdpZHRoIjtzOjI6IjEwIjtzOjExOiJmaWVsZEhlaWdodCI7czoxOiIxIjt9',0,4295.96729500000000000000,8590.93459000000000000000,52),(54,52,NULL,'dimensions_height','',8,'YToyOntzOjEwOiJmaWVsZFdpZHRoIjtzOjI6IjEwIjtzOjExOiJmaWVsZEhlaWdodCI7czoxOiIxIjt9',0,12885.89329506500000000000,17180.85200013100000000000,52),(55,52,NULL,'dimensions_depth','',8,'YToyOntzOjEwOiJmaWVsZFdpZHRoIjtzOjI6IjEwIjtzOjExOiJmaWVsZEhlaWdodCI7czoxOiIxIjt9',0,21475.80211527900000000000,25770.75223042700000000000,52),(56,52,NULL,'mittaselitys','',1,'YToxNjp7czo4OiJtaW5DaGFycyI7czoxOiIwIjtzOjg6Im1heENoYXJzIjtzOjU6IjY1NTM1IjtzOjEwOiJmaWVsZFdpZHRoIjtzOjI6IjQwIjtzOjExOiJmaWVsZEhlaWdodCI7czoxOiIxIjtzOjE2OiJ1c2V3eXNpd3lnZWRpdG9yIjtzOjE6IjAiO3M6MTc6ImRvZXNOb3RUYWtlTG9jYWxlIjtzOjE6IjAiO3M6MTU6ImNhbkJlVXNlZEluU29ydCI7czoxOiIxIjtzOjIxOiJzdWdnZXN0RXhpc3RpbmdWYWx1ZXMiO3M6MToiMCI7czoyNDoic3VnZ2VzdEV4aXN0aW5nVmFsdWVTb3J0IjtzOjU6InZhbHVlIjtzOjIxOiJjYW5CZVVzZWRJblNlYXJjaEZvcm0iO3M6MToiMSI7czoxODoiY2FuQmVVc2VkSW5EaXNwbGF5IjtzOjE6IjEiO3M6MTA6ImNhbk1ha2VQREYiO3M6MToiMCI7czoxODoiY2FuTWFrZVBERkZvclZhbHVlIjtzOjE6IjAiO3M6MTY6ImRpc3BsYXlEZWxpbWl0ZXIiO3M6MjoiOyAiO3M6MTY6ImlzRGVwZW5kZW50VmFsdWUiO3M6MToiMCI7czoxMjoibXVzdEJlVW5pcXVlIjtzOjE6IjAiO30=',0,30065.69375567500000000000,34360.63528092300000000000,52),(57,NULL,NULL,'accession_date','',2,'YTo2OntzOjEwOiJmaWVsZFdpZHRoIjtzOjI6IjQwIjtzOjEzOiJ1c2VEYXRlUGlja2VyIjtzOjE6IjEiO3M6MjA6ImRhdGVQaWNrZXJEYXRlRm9ybWF0IjtzOjg6ImRkL21tL3l5IjtzOjE0OiJtdXN0Tm90QmVCbGFuayI7czoxOiIxIjtzOjEwOiJjYW5NYWtlUERGIjtzOjE6IjEiO3M6MTg6ImNhbk1ha2VQREZGb3JWYWx1ZSI7czoxOiIxIjt9',0,1.00000000000000000000,4294967296.00000000000000000000,57),(58,NULL,NULL,'valmistuspaikkakunta','',1,'YToyOntzOjEwOiJmaWVsZFdpZHRoIjtzOjI6IjkwIjtzOjExOiJmaWVsZEhlaWdodCI7czoxOiIzIjt9',0,1.00000000000000000000,4294967296.00000000000000000000,58),(59,NULL,NULL,'notes','',1,'YToyOntzOjEwOiJmaWVsZFdpZHRoIjtzOjI6IjkwIjtzOjExOiJmaWVsZEhlaWdodCI7czoxOiI0Ijt9',0,1.00000000000000000000,4294967296.00000000000000000000,59),(60,NULL,NULL,'muu_tunniste','',0,'YTozOntzOjIxOiJjYW5CZVVzZWRJblNlYXJjaEZvcm0iO3M6MToiMCI7czoxODoiY2FuQmVVc2VkSW5EaXNwbGF5IjtzOjE6IjAiO3M6MTc6ImRvZXNOb3RUYWtlTG9jYWxlIjtzOjE6IjEiO30=',0,1.00000000000000000000,4294967296.00000000000000000000,60),(61,60,NULL,'tunniste','',1,'YToxNTp7czoxNzoiZG9lc05vdFRha2VMb2NhbGUiO3M6MToiMCI7czoyMToiY2FuQmVVc2VkSW5TZWFyY2hGb3JtIjtzOjE6IjAiO3M6MTg6ImNhbkJlVXNlZEluRGlzcGxheSI7czoxOiIwIjtzOjEwOiJjYW5NYWtlUERGIjtzOjE6IjAiO3M6MTg6ImNhbk1ha2VQREZGb3JWYWx1ZSI7czoxOiIwIjtzOjg6Im1pbkNoYXJzIjtzOjE6IjAiO3M6ODoibWF4Q2hhcnMiO3M6NToiNjU1MzUiO3M6MTA6ImZpZWxkV2lkdGgiO3M6MjoiNDAiO3M6MTE6ImZpZWxkSGVpZ2h0IjtzOjE6IjEiO3M6MTY6InVzZXd5c2l3eWdlZGl0b3IiO3M6MToiMCI7czoxNToiY2FuQmVVc2VkSW5Tb3J0IjtzOjE6IjEiO3M6MjE6InN1Z2dlc3RFeGlzdGluZ1ZhbHVlcyI7czoxOiIwIjtzOjI0OiJzdWdnZXN0RXhpc3RpbmdWYWx1ZVNvcnQiO3M6NToidmFsdWUiO3M6MTY6ImlzRGVwZW5kZW50VmFsdWUiO3M6MToiMCI7czoxMjoibXVzdEJlVW5pcXVlIjtzOjE6IjAiO30=',0,4295.96729500000000000000,8590.93459000000000000000,60),(62,60,55,'muu_tunnistetyyppi','',3,'YToxNDp7czo5OiJsaXN0V2lkdGgiO3M6MjoiNDAiO3M6MTA6Imxpc3RIZWlnaHQiO3M6NToiMjAwcHgiO3M6MTc6ImRvZXNOb3RUYWtlTG9jYWxlIjtzOjE6IjEiO3M6MTI6InJlcXVpcmVWYWx1ZSI7czoxOiIwIjtzOjE0OiJudWxsT3B0aW9uVGV4dCI7czo3OiJOb3Qgc2V0IjtzOjE4OiJ1c2VEZWZhdWx0V2hlbk51bGwiO3M6MToiMCI7czoxNToiY2FuQmVVc2VkSW5Tb3J0IjtzOjE6IjEiO3M6NjoicmVuZGVyIjtzOjY6InNlbGVjdCI7czoxMToiYXV0b19zaHJpbmsiO3M6MToiMCI7czoxMDoibWF4Q29sdW1ucyI7czoxOiIzIjtzOjIxOiJjYW5CZVVzZWRJblNlYXJjaEZvcm0iO3M6MToiMSI7czoxODoiY2FuQmVVc2VkSW5EaXNwbGF5IjtzOjE6IjEiO3M6MTA6ImNhbk1ha2VQREYiO3M6MToiMCI7czoxODoiY2FuTWFrZVBERkZvclZhbHVlIjtzOjE6IjAiO30=',0,12885.89329506500000000000,17180.85200013100000000000,60),(63,NULL,NULL,'varitieto','',0,'YTozOntzOjIxOiJjYW5CZVVzZWRJblNlYXJjaEZvcm0iO3M6MToiMCI7czoxODoiY2FuQmVVc2VkSW5EaXNwbGF5IjtzOjE6IjAiO3M6MTc6ImRvZXNOb3RUYWtlTG9jYWxlIjtzOjE6IjEiO30=',0,1.00000000000000000000,4294967296.00000000000000000000,63),(64,63,60,'varit','',3,'YToxNDp7czo5OiJsaXN0V2lkdGgiO3M6MjoiNDAiO3M6MTA6Imxpc3RIZWlnaHQiO3M6NToiMjAwcHgiO3M6MTc6ImRvZXNOb3RUYWtlTG9jYWxlIjtzOjE6IjEiO3M6MTI6InJlcXVpcmVWYWx1ZSI7czoxOiIwIjtzOjE0OiJudWxsT3B0aW9uVGV4dCI7czo3OiJOb3Qgc2V0IjtzOjE4OiJ1c2VEZWZhdWx0V2hlbk51bGwiO3M6MToiMCI7czoxNToiY2FuQmVVc2VkSW5Tb3J0IjtzOjE6IjEiO3M6NjoicmVuZGVyIjtzOjY6InNlbGVjdCI7czoxMToiYXV0b19zaHJpbmsiO3M6MToiMCI7czoxMDoibWF4Q29sdW1ucyI7czoxOiIzIjtzOjIxOiJjYW5CZVVzZWRJblNlYXJjaEZvcm0iO3M6MToiMSI7czoxODoiY2FuQmVVc2VkSW5EaXNwbGF5IjtzOjE6IjEiO3M6MTA6ImNhbk1ha2VQREYiO3M6MToiMCI7czoxODoiY2FuTWFrZVBERkZvclZhbHVlIjtzOjE6IjAiO30=',0,4295.96729500000000000000,8590.93459000000000000000,63),(65,63,NULL,'varilisatieto','',1,'YToxNTp7czoxNzoiZG9lc05vdFRha2VMb2NhbGUiO3M6MToiMCI7czoyMToiY2FuQmVVc2VkSW5TZWFyY2hGb3JtIjtzOjE6IjAiO3M6MTg6ImNhbkJlVXNlZEluRGlzcGxheSI7czoxOiIwIjtzOjEwOiJjYW5NYWtlUERGIjtzOjE6IjAiO3M6MTg6ImNhbk1ha2VQREZGb3JWYWx1ZSI7czoxOiIwIjtzOjg6Im1pbkNoYXJzIjtzOjE6IjAiO3M6ODoibWF4Q2hhcnMiO3M6NToiNjU1MzUiO3M6MTA6ImZpZWxkV2lkdGgiO3M6MjoiNDAiO3M6MTE6ImZpZWxkSGVpZ2h0IjtzOjE6IjEiO3M6MTY6InVzZXd5c2l3eWdlZGl0b3IiO3M6MToiMCI7czoxNToiY2FuQmVVc2VkSW5Tb3J0IjtzOjE6IjEiO3M6MjE6InN1Z2dlc3RFeGlzdGluZ1ZhbHVlcyI7czoxOiIwIjtzOjI0OiJzdWdnZXN0RXhpc3RpbmdWYWx1ZVNvcnQiO3M6NToidmFsdWUiO3M6MTY6ImlzRGVwZW5kZW50VmFsdWUiO3M6MToiMCI7czoxMjoibXVzdEJlVW5pcXVlIjtzOjE6IjAiO30=',0,12885.89329506500000000000,17180.85200013100000000000,63),(66,NULL,NULL,'merkinnat','',1,'YToyOntzOjEwOiJmaWVsZFdpZHRoIjtzOjI6IjkwIjtzOjExOiJmaWVsZEhlaWdodCI7czoxOiI0Ijt9',0,1.00000000000000000000,4294967296.00000000000000000000,66),(67,NULL,NULL,'past_storage_locations','',0,'Tjs=',0,1.00000000000000000000,4294967296.00000000000000000000,67),(68,67,NULL,'storage_line1','',0,'Tjs=',0,4295.96729500000000000000,8590.93459000000000000000,67),(69,68,NULL,'storageLine1','',1,'YTo0OntzOjEwOiJmaWVsZFdpZHRoIjtzOjI6IjkwIjtzOjExOiJmaWVsZEhlaWdodCI7czoxOiIxIjtzOjg6Im1pbkNoYXJzIjtzOjE6IjAiO3M6ODoibWF4Q2hhcnMiO3M6MzoiMjU1Ijt9',0,4725.46402450000000000000,5154.96075400000000000000,67),(70,67,NULL,'storage_line2','',0,'Tjs=',0,12885.89329506500000000000,17180.85200013100000000000,67),(71,70,NULL,'storageLine2','',2,'YToxOntzOjEwOiJmaWVsZFdpZHRoIjtzOjI6IjQwIjt9',0,13315.38916557200000000000,13744.88503607800000000000,67),(72,67,NULL,'storage_line3','',0,'Tjs=',0,21475.80211527900000000000,25770.75223042700000000000,67),(73,72,NULL,'storageLine3','',2,'YToxOntzOjEwOiJmaWVsZFdpZHRoIjtzOjI6IjQwIjt9',0,21905.29712679400000000000,22334.79213830900000000000,67),(74,NULL,NULL,'credit_line','',1,'YToyOntzOjEwOiJmaWVsZFdpZHRoIjtzOjI6IjkwIjtzOjExOiJmaWVsZEhlaWdodCI7czoxOiI0Ijt9',0,1.00000000000000000000,4294967296.00000000000000000000,74),(75,NULL,NULL,'custodial_notes','',1,'YToyOntzOjEwOiJmaWVsZFdpZHRoIjtzOjI6IjkwIjtzOjExOiJmaWVsZEhlaWdodCI7czoxOiI0Ijt9',0,1.00000000000000000000,4294967296.00000000000000000000,75),(76,NULL,NULL,'media_rights','',1,'YToyOntzOjEwOiJmaWVsZFdpZHRoIjtzOjI6IjkwIjtzOjExOiJmaWVsZEhlaWdodCI7czoxOiIyIjt9',0,1.00000000000000000000,4294967296.00000000000000000000,76),(77,NULL,61,'colorType','',3,'Tjs=',0,1.00000000000000000000,4294967296.00000000000000000000,77),(78,NULL,NULL,'runtime','',10,'YToyOntzOjEwOiJmaWVsZFdpZHRoIjtzOjI6IjkwIjtzOjExOiJmaWVsZEhlaWdodCI7czoxOiIxIjt9',0,1.00000000000000000000,4294967296.00000000000000000000,78),(79,NULL,62,'media_licence','',3,'Tjs=',0,1.00000000000000000000,4294967296.00000000000000000000,79),(80,NULL,NULL,'elinaika','',0,'YToxOntzOjE3OiJkb2VzTm90VGFrZUxvY2FsZSI7czoxOiIxIjt9',0,1.00000000000000000000,4294967296.00000000000000000000,80),(81,80,NULL,'birthdate','',2,'YTo4OntzOjE3OiJkb2VzTm90VGFrZUxvY2FsZSI7czoxOiIxIjtzOjE1OiJjYW5CZVVzZWRJblNvcnQiO3M6MToiMSI7czoxMDoiaXNMaWZlc3BhbiI7czoxOiIxIjtzOjI0OiJzdWdnZXN0RXhpc3RpbmdWYWx1ZVNvcnQiO3M6NToidmFsdWUiO3M6MjE6ImNhbkJlVXNlZEluU2VhcmNoRm9ybSI7czoxOiIxIjtzOjE4OiJjYW5CZVVzZWRJbkRpc3BsYXkiO3M6MToiMSI7czoxMDoiY2FuTWFrZVBERiI7czoxOiIxIjtzOjE4OiJjYW5NYWtlUERGRm9yVmFsdWUiO3M6MToiMSI7fQ==',0,4295.96729500000000000000,8590.93459000000000000000,80),(82,80,NULL,'deathdate','',2,'YTo4OntzOjE3OiJkb2VzTm90VGFrZUxvY2FsZSI7czoxOiIxIjtzOjE1OiJjYW5CZVVzZWRJblNvcnQiO3M6MToiMSI7czoxMDoiaXNMaWZlc3BhbiI7czoxOiIxIjtzOjI0OiJzdWdnZXN0RXhpc3RpbmdWYWx1ZVNvcnQiO3M6NToidmFsdWUiO3M6MjE6ImNhbkJlVXNlZEluU2VhcmNoRm9ybSI7czoxOiIxIjtzOjE4OiJjYW5CZVVzZWRJbkRpc3BsYXkiO3M6MToiMSI7czoxMDoiY2FuTWFrZVBERiI7czoxOiIxIjtzOjE4OiJjYW5NYWtlUERGRm9yVmFsdWUiO3M6MToiMSI7fQ==',0,12885.89329506500000000000,17180.85200013100000000000,80),(83,80,NULL,'syntymapaikka','',1,'YTo0OntzOjEwOiJmaWVsZFdpZHRoIjtzOjI6IjIwIjtzOjExOiJmaWVsZEhlaWdodCI7czoxOiIxIjtzOjg6Im1pbkNoYXJzIjtzOjE6IjAiO3M6ODoibWF4Q2hhcnMiO3M6MzoiMjU1Ijt9',0,21475.80211527900000000000,25770.75223042700000000000,80),(84,NULL,NULL,'telephone','',1,'YToyOntzOjE3OiJkb2VzTm90VGFrZUxvY2FsZSI7czoxOiIxIjtzOjEwOiJmaWVsZFdpZHRoIjtzOjI6IjkwIjt9',0,1.00000000000000000000,4294967296.00000000000000000000,84),(85,NULL,NULL,'url','',5,'YToxOntzOjEwOiJmaWVsZFdpZHRoIjtzOjI6IjkwIjt9',0,1.00000000000000000000,4294967296.00000000000000000000,85),(86,NULL,NULL,'osoite','',1,'YTozOntzOjE3OiJkb2VzTm90VGFrZUxvY2FsZSI7czoxOiIxIjtzOjEwOiJmaWVsZFdpZHRoIjtzOjI6IjkwIjtzOjExOiJmaWVsZEhlaWdodCI7czoxOiIzIjt9',0,1.00000000000000000000,4294967296.00000000000000000000,86),(87,NULL,NULL,'email','',1,'YToyOntzOjE3OiJkb2VzTm90VGFrZUxvY2FsZSI7czoxOiIxIjtzOjEwOiJmaWVsZFdpZHRoIjtzOjI6IjkwIjt9',0,1.00000000000000000000,4294967296.00000000000000000000,87),(88,NULL,NULL,'rights','',1,'YToyOntzOjEwOiJmaWVsZFdpZHRoIjtzOjI6IjgwIjtzOjExOiJmaWVsZEhlaWdodCI7czoxOiI1Ijt9',0,1.00000000000000000000,4294967296.00000000000000000000,88),(89,NULL,NULL,'citation','',1,'YToyOntzOjEwOiJmaWVsZFdpZHRoIjtzOjI6IjgwIjtzOjExOiJmaWVsZEhlaWdodCI7czoxOiI1Ijt9',0,1.00000000000000000000,4294967296.00000000000000000000,89),(90,NULL,NULL,'frame','',1,'YToyOntzOjEwOiJmaWVsZFdpZHRoIjtzOjI6IjkwIjtzOjExOiJmaWVsZEhlaWdodCI7czoxOiI2Ijt9',0,1.00000000000000000000,4294967296.00000000000000000000,90),(91,NULL,NULL,'tunnistekuva','',16,'YToxOntzOjEwOiJjYW5NYWtlUERGIjtzOjE6IjEiO30=',0,1.00000000000000000000,4294967296.00000000000000000000,91),(92,NULL,NULL,'lehtinimeke','',0,'YTozOntzOjE3OiJkb2VzTm90VGFrZUxvY2FsZSI7czoxOiIxIjtzOjEwOiJjYW5NYWtlUERGIjtzOjE6IjEiO3M6MTg6ImNhbk1ha2VQREZGb3JWYWx1ZSI7czoxOiIxIjt9',0,1.00000000000000000000,4294967296.00000000000000000000,92),(93,92,63,'lehti','',3,'YTo4OntzOjk6Imxpc3RXaWR0aCI7czoyOiI0MCI7czoxMDoibGlzdEhlaWdodCI7czo1OiIyMDBweCI7czoxNzoiZG9lc05vdFRha2VMb2NhbGUiO3M6MToiMSI7czoxNDoibnVsbE9wdGlvblRleHQiO3M6MTA6IkVpIHZhbGl0dHUiO3M6MTU6ImNhbkJlVXNlZEluU29ydCI7czoxOiIxIjtzOjY6InJlbmRlciI7czo2OiJzZWxlY3QiO3M6MjE6ImNhbkJlVXNlZEluU2VhcmNoRm9ybSI7czoxOiIxIjtzOjE4OiJjYW5CZVVzZWRJbkRpc3BsYXkiO3M6MToiMSI7fQ==',0,4295.96729500000000000000,8590.93459000000000000000,92),(94,92,NULL,'lehtinumero','',1,'YTo3OntzOjg6Im1pbkNoYXJzIjtzOjE6IjAiO3M6ODoibWF4Q2hhcnMiO3M6NToiNjU1MzUiO3M6MTA6ImZpZWxkV2lkdGgiO3M6MjoiMTAiO3M6MTE6ImZpZWxkSGVpZ2h0IjtzOjE6IjEiO3M6MTU6ImNhbkJlVXNlZEluU29ydCI7czoxOiIxIjtzOjIxOiJjYW5CZVVzZWRJblNlYXJjaEZvcm0iO3M6MToiMSI7czoxODoiY2FuQmVVc2VkSW5EaXNwbGF5IjtzOjE6IjEiO30=',0,12885.89329506500000000000,17180.85200013100000000000,92),(95,NULL,NULL,'opiskeluaika','',2,'YToyOntzOjEwOiJjYW5NYWtlUERGIjtzOjE6IjEiO3M6MTg6ImNhbk1ha2VQREZGb3JWYWx1ZSI7czoxOiIxIjt9',0,1.00000000000000000000,4294967296.00000000000000000000,95),(96,NULL,NULL,'kayttopaikka','',1,'YTozOntzOjE3OiJkb2VzTm90VGFrZUxvY2FsZSI7czoxOiIxIjtzOjEwOiJmaWVsZFdpZHRoIjtzOjI6IjUwIjtzOjExOiJmaWVsZEhlaWdodCI7czoxOiIzIjt9',0,1.00000000000000000000,4294967296.00000000000000000000,96),(97,NULL,NULL,'kayttoaika','',2,'YTozOntzOjE3OiJkb2VzTm90VGFrZUxvY2FsZSI7czoxOiIxIjtzOjIwOiJkYXRlUGlja2VyRGF0ZUZvcm1hdCI7czo4OiJ5eS1tbS1kZCI7czoxNjoiZGlzcGxheURlbGltaXRlciI7czoxOiIsIjt9',0,1.00000000000000000000,4294967296.00000000000000000000,97),(98,NULL,NULL,'kayttotarkoitus','',1,'YToxOntzOjExOiJmaWVsZEhlaWdodCI7czoxOiIzIjt9',0,1.00000000000000000000,4294967296.00000000000000000000,98),(99,NULL,53,'hankintatapa','',3,'YToyOntzOjY6InJlbmRlciI7czo2OiJzZWxlY3QiO3M6MTU6InJlc3RyaWN0VG9UeXBlcyI7czoxOiIyIjt9',0,1.00000000000000000000,4294967296.00000000000000000000,99),(100,NULL,NULL,'original_file','',1,'YToxOntzOjE3OiJkb2VzTm90VGFrZUxvY2FsZSI7czoxOiIxIjt9',0,1.00000000000000000000,4294967296.00000000000000000000,100),(101,NULL,NULL,'lot_content','',1,'YToxOntzOjExOiJmaWVsZEhlaWdodCI7czoxOiIzIjt9',0,1.00000000000000000000,4294967296.00000000000000000000,101),(102,NULL,NULL,'vakuutustiedot','',1,'YToxOntzOjExOiJmaWVsZEhlaWdodCI7czoxOiIzIjt9',0,1.00000000000000000000,4294967296.00000000000000000000,102),(103,NULL,NULL,'kirjaustiedot','',0,'YToyOntzOjIxOiJjYW5CZVVzZWRJblNlYXJjaEZvcm0iO3M6MToiMCI7czoxODoiY2FuQmVVc2VkSW5EaXNwbGF5IjtzOjE6IjAiO30=',0,1.00000000000000000000,4294967296.00000000000000000000,103),(104,103,NULL,'kirjattu_date','',2,'YToxMzp7czoxNzoiZG9lc05vdFRha2VMb2NhbGUiO3M6MToiMSI7czoxNToiY2FuQmVVc2VkSW5Tb3J0IjtzOjE6IjEiO3M6MTM6InVzZURhdGVQaWNrZXIiO3M6MToiMCI7czoyMDoiZGF0ZVBpY2tlckRhdGVGb3JtYXQiO3M6ODoiZGQvbW0veXkiO3M6MTQ6Im11c3ROb3RCZUJsYW5rIjtzOjE6IjAiO3M6MTA6ImlzTGlmZXNwYW4iO3M6MToiMCI7czoyMToic3VnZ2VzdEV4aXN0aW5nVmFsdWVzIjtzOjE6IjAiO3M6MjQ6InN1Z2dlc3RFeGlzdGluZ1ZhbHVlU29ydCI7czo1OiJ2YWx1ZSI7czoyMToiY2FuQmVVc2VkSW5TZWFyY2hGb3JtIjtzOjE6IjEiO3M6MTg6ImNhbkJlVXNlZEluRGlzcGxheSI7czoxOiIxIjtzOjEwOiJjYW5NYWtlUERGIjtzOjE6IjAiO3M6MTg6ImNhbk1ha2VQREZGb3JWYWx1ZSI7czoxOiIwIjtzOjE2OiJkaXNwbGF5RGVsaW1pdGVyIjtzOjE6IiwiO30=',0,4295.96729500000000000000,8590.93459000000000000000,103),(105,103,NULL,'kirjaushuomio','',1,'YToxNjp7czo4OiJtaW5DaGFycyI7czoxOiIwIjtzOjg6Im1heENoYXJzIjtzOjU6IjY1NTM1IjtzOjEwOiJmaWVsZFdpZHRoIjtzOjI6IjQwIjtzOjExOiJmaWVsZEhlaWdodCI7czoxOiIxIjtzOjE2OiJ1c2V3eXNpd3lnZWRpdG9yIjtzOjE6IjAiO3M6MTc6ImRvZXNOb3RUYWtlTG9jYWxlIjtzOjE6IjAiO3M6MTU6ImNhbkJlVXNlZEluU29ydCI7czoxOiIxIjtzOjIxOiJzdWdnZXN0RXhpc3RpbmdWYWx1ZXMiO3M6MToiMCI7czoyNDoic3VnZ2VzdEV4aXN0aW5nVmFsdWVTb3J0IjtzOjU6InZhbHVlIjtzOjIxOiJjYW5CZVVzZWRJblNlYXJjaEZvcm0iO3M6MToiMSI7czoxODoiY2FuQmVVc2VkSW5EaXNwbGF5IjtzOjE6IjEiO3M6MTA6ImNhbk1ha2VQREYiO3M6MToiMCI7czoxODoiY2FuTWFrZVBERkZvclZhbHVlIjtzOjE6IjAiO3M6MTY6ImRpc3BsYXlEZWxpbWl0ZXIiO3M6MjoiOyAiO3M6MTY6ImlzRGVwZW5kZW50VmFsdWUiO3M6MToiMCI7czoxMjoibXVzdEJlVW5pcXVlIjtzOjE6IjAiO30=',0,12885.89329506500000000000,17180.85200013100000000000,103),(106,NULL,NULL,'repro','',0,'YToyOntzOjIxOiJjYW5CZVVzZWRJblNlYXJjaEZvcm0iO3M6MToiMCI7czoxODoiY2FuQmVVc2VkSW5EaXNwbGF5IjtzOjE6IjAiO30=',0,1.00000000000000000000,4294967296.00000000000000000000,106),(107,106,NULL,'repro_date','',2,'YToxMzp7czoxNzoiZG9lc05vdFRha2VMb2NhbGUiO3M6MToiMSI7czoxNToiY2FuQmVVc2VkSW5Tb3J0IjtzOjE6IjEiO3M6MTM6InVzZURhdGVQaWNrZXIiO3M6MToiMCI7czoyMDoiZGF0ZVBpY2tlckRhdGVGb3JtYXQiO3M6ODoieXktbW0tZGQiO3M6MTQ6Im11c3ROb3RCZUJsYW5rIjtzOjE6IjAiO3M6MTA6ImlzTGlmZXNwYW4iO3M6MToiMCI7czoyMToic3VnZ2VzdEV4aXN0aW5nVmFsdWVzIjtzOjE6IjAiO3M6MjQ6InN1Z2dlc3RFeGlzdGluZ1ZhbHVlU29ydCI7czo1OiJ2YWx1ZSI7czoyMToiY2FuQmVVc2VkSW5TZWFyY2hGb3JtIjtzOjE6IjEiO3M6MTg6ImNhbkJlVXNlZEluRGlzcGxheSI7czoxOiIxIjtzOjEwOiJjYW5NYWtlUERGIjtzOjE6IjAiO3M6MTg6ImNhbk1ha2VQREZGb3JWYWx1ZSI7czoxOiIwIjtzOjE2OiJkaXNwbGF5RGVsaW1pdGVyIjtzOjE6IiwiO30=',0,4295.96729500000000000000,8590.93459000000000000000,106),(108,106,NULL,'repro_kuvaaja','',1,'YToxNjp7czo4OiJtaW5DaGFycyI7czoxOiIwIjtzOjg6Im1heENoYXJzIjtzOjU6IjY1NTM1IjtzOjEwOiJmaWVsZFdpZHRoIjtzOjI6IjQwIjtzOjExOiJmaWVsZEhlaWdodCI7czoxOiIxIjtzOjE2OiJ1c2V3eXNpd3lnZWRpdG9yIjtzOjE6IjAiO3M6MTc6ImRvZXNOb3RUYWtlTG9jYWxlIjtzOjE6IjAiO3M6MTU6ImNhbkJlVXNlZEluU29ydCI7czoxOiIxIjtzOjIxOiJzdWdnZXN0RXhpc3RpbmdWYWx1ZXMiO3M6MToiMCI7czoyNDoic3VnZ2VzdEV4aXN0aW5nVmFsdWVTb3J0IjtzOjU6InZhbHVlIjtzOjIxOiJjYW5CZVVzZWRJblNlYXJjaEZvcm0iO3M6MToiMSI7czoxODoiY2FuQmVVc2VkSW5EaXNwbGF5IjtzOjE6IjEiO3M6MTA6ImNhbk1ha2VQREYiO3M6MToiMCI7czoxODoiY2FuTWFrZVBERkZvclZhbHVlIjtzOjE6IjAiO3M6MTY6ImRpc3BsYXlEZWxpbWl0ZXIiO3M6MjoiOyAiO3M6MTY6ImlzRGVwZW5kZW50VmFsdWUiO3M6MToiMCI7czoxMjoibXVzdEJlVW5pcXVlIjtzOjE6IjAiO30=',0,12885.89329506500000000000,17180.85200013100000000000,106),(109,106,NULL,'repro_info','',1,'YToxNjp7czo4OiJtaW5DaGFycyI7czoxOiIwIjtzOjg6Im1heENoYXJzIjtzOjU6IjY1NTM1IjtzOjEwOiJmaWVsZFdpZHRoIjtzOjI6IjQwIjtzOjExOiJmaWVsZEhlaWdodCI7czoxOiIxIjtzOjE2OiJ1c2V3eXNpd3lnZWRpdG9yIjtzOjE6IjAiO3M6MTc6ImRvZXNOb3RUYWtlTG9jYWxlIjtzOjE6IjAiO3M6MTU6ImNhbkJlVXNlZEluU29ydCI7czoxOiIxIjtzOjIxOiJzdWdnZXN0RXhpc3RpbmdWYWx1ZXMiO3M6MToiMCI7czoyNDoic3VnZ2VzdEV4aXN0aW5nVmFsdWVTb3J0IjtzOjU6InZhbHVlIjtzOjIxOiJjYW5CZVVzZWRJblNlYXJjaEZvcm0iO3M6MToiMSI7czoxODoiY2FuQmVVc2VkSW5EaXNwbGF5IjtzOjE6IjEiO3M6MTA6ImNhbk1ha2VQREYiO3M6MToiMCI7czoxODoiY2FuTWFrZVBERkZvclZhbHVlIjtzOjE6IjAiO3M6MTY6ImRpc3BsYXlEZWxpbWl0ZXIiO3M6MjoiOyAiO3M6MTY6ImlzRGVwZW5kZW50VmFsdWUiO3M6MToiMCI7czoxMjoibXVzdEJlVW5pcXVlIjtzOjE6IjAiO30=',0,21475.80211527900000000000,25770.75223042700000000000,106),(110,NULL,45,'negatiivikoko','',3,'YToyOntzOjY6InJlbmRlciI7czo2OiJzZWxlY3QiO3M6MTU6InJlc3RyaWN0VG9UeXBlcyI7czoxOiIyIjt9',0,1.00000000000000000000,4294967296.00000000000000000000,110),(111,NULL,46,'negatiivityyppi','',3,'YToyOntzOjY6InJlbmRlciI7czo2OiJzZWxlY3QiO3M6MTU6InJlc3RyaWN0VG9UeXBlcyI7czoxOiIyIjt9',0,1.00000000000000000000,4294967296.00000000000000000000,111),(112,NULL,48,'pohjamateriaali','',3,'YToyOntzOjY6InJlbmRlciI7czo2OiJzZWxlY3QiO3M6MTU6InJlc3RyaWN0VG9UeXBlcyI7czoxOiIyIjt9',0,1.00000000000000000000,4294967296.00000000000000000000,112),(113,NULL,47,'negpohjamateriaali','',3,'YToyOntzOjY6InJlbmRlciI7czo2OiJzZWxlY3QiO3M6MTU6InJlc3RyaWN0VG9UeXBlcyI7czoxOiIyIjt9',0,1.00000000000000000000,4294967296.00000000000000000000,113),(114,NULL,49,'kuvakategoriat','',3,'YToyOntzOjY6InJlbmRlciI7czo2OiJzZWxlY3QiO3M6MTU6InJlc3RyaWN0VG9UeXBlcyI7czoxOiIyIjt9',0,1.00000000000000000000,4294967296.00000000000000000000,114),(115,NULL,64,'tallennetyyppi','',3,'YToyOntzOjY6InJlbmRlciI7czo2OiJzZWxlY3QiO3M6MTU6InJlc3RyaWN0VG9UeXBlcyI7czoxOiIyIjt9',0,1.00000000000000000000,4294967296.00000000000000000000,115),(116,NULL,NULL,'tilapainen_sijoituspaikka','',1,'YTozOntzOjEwOiJmaWVsZFdpZHRoIjtzOjI6IjkwIjtzOjExOiJmaWVsZEhlaWdodCI7czoxOiIxIjtzOjg6Im1heENoYXJzIjtzOjM6IjI1NSI7fQ==',0,1.00000000000000000000,4294967296.00000000000000000000,116);
/*!40000 ALTER TABLE `ca_metadata_elements` ENABLE KEYS */;
UNLOCK TABLES;

--
-- Table structure for table `ca_metadata_type_restrictions`
--

DROP TABLE IF EXISTS `ca_metadata_type_restrictions`;
/*!40101 SET @saved_cs_client     = @@character_set_client */;
/*!40101 SET character_set_client = utf8 */;
CREATE TABLE `ca_metadata_type_restrictions` (
  `restriction_id` int(10) unsigned NOT NULL AUTO_INCREMENT,
  `table_num` tinyint(3) unsigned NOT NULL,
  `type_id` int(10) unsigned DEFAULT NULL,
  `element_id` smallint(5) unsigned NOT NULL,
  `settings` longtext NOT NULL,
  `include_subtypes` tinyint(3) unsigned NOT NULL DEFAULT 0,
  `rank` smallint(5) unsigned NOT NULL DEFAULT 0,
  PRIMARY KEY (`restriction_id`),
  KEY `i_table_num` (`table_num`),
  KEY `i_type_id` (`type_id`),
  KEY `i_element_id` (`element_id`),
  KEY `i_include_subtypes` (`include_subtypes`),
  CONSTRAINT `fk_ca_metadata_type_restrictions_element_id` FOREIGN KEY (`element_id`) REFERENCES `ca_metadata_elements` (`element_id`)
) ENGINE=InnoDB AUTO_INCREMENT=117 DEFAULT CHARSET=utf8;
/*!40101 SET character_set_client = @saved_cs_client */;

--
-- Dumping data for table `ca_metadata_type_restrictions`
--

LOCK TABLES `ca_metadata_type_restrictions` WRITE;
/*!40000 ALTER TABLE `ca_metadata_type_restrictions` DISABLE KEYS */;
INSERT INTO `ca_metadata_type_restrictions` VALUES (1,103,NULL,1,'YTozOntzOjE5OiJtaW5BdHRyaWJ1dGVzUGVyUm93IjtkOjA7czoxOToibWF4QXR0cmlidXRlc1BlclJvdyI7ZDozO3M6MzI6Im1pbmltdW1BdHRyaWJ1dGVCdW5kbGVzVG9EaXNwbGF5IjtkOjE7fQ==',0,1),(2,105,NULL,2,'YTozOntzOjE5OiJtaW5BdHRyaWJ1dGVzUGVyUm93IjtkOjA7czoxOToibWF4QXR0cmlidXRlc1BlclJvdyI7ZDozO3M6MzI6Im1pbmltdW1BdHRyaWJ1dGVCdW5kbGVzVG9EaXNwbGF5IjtkOjE7fQ==',0,2),(3,103,13,3,'YTozOntzOjE5OiJtaW5BdHRyaWJ1dGVzUGVyUm93IjtkOjA7czoxOToibWF4QXR0cmlidXRlc1BlclJvdyI7ZDoxO3M6MzI6Im1pbmltdW1BdHRyaWJ1dGVCdW5kbGVzVG9EaXNwbGF5IjtkOjE7fQ==',0,3),(4,105,13,4,'YTozOntzOjE5OiJtaW5BdHRyaWJ1dGVzUGVyUm93IjtkOjA7czoxOToibWF4QXR0cmlidXRlc1BlclJvdyI7ZDoxO3M6MzI6Im1pbmltdW1BdHRyaWJ1dGVCdW5kbGVzVG9EaXNwbGF5IjtkOjE7fQ==',0,4),(5,103,13,5,'YTozOntzOjE5OiJtaW5BdHRyaWJ1dGVzUGVyUm93IjtkOjA7czoxOToibWF4QXR0cmlidXRlc1BlclJvdyI7ZDoxO3M6MzI6Im1pbmltdW1BdHRyaWJ1dGVCdW5kbGVzVG9EaXNwbGF5IjtkOjE7fQ==',0,5),(6,133,NULL,6,'YTozOntzOjE5OiJtaW5BdHRyaWJ1dGVzUGVyUm93IjtkOjA7czoxOToibWF4QXR0cmlidXRlc1BlclJvdyI7ZDoxO3M6MzI6Im1pbmltdW1BdHRyaWJ1dGVCdW5kbGVzVG9EaXNwbGF5IjtkOjE7fQ==',0,6),(7,133,73,7,'YTozOntzOjE5OiJtaW5BdHRyaWJ1dGVzUGVyUm93IjtkOjA7czoxOToibWF4QXR0cmlidXRlc1BlclJvdyI7ZDoxO3M6MzI6Im1pbmltdW1BdHRyaWJ1dGVCdW5kbGVzVG9EaXNwbGF5IjtkOjE7fQ==',0,7),(8,133,74,8,'YTozOntzOjE5OiJtaW5BdHRyaWJ1dGVzUGVyUm93IjtkOjA7czoxOToibWF4QXR0cmlidXRlc1BlclJvdyI7ZDoxO3M6MzI6Im1pbmltdW1BdHRyaWJ1dGVCdW5kbGVzVG9EaXNwbGF5IjtkOjE7fQ==',0,8),(9,133,NULL,9,'YTozOntzOjE5OiJtaW5BdHRyaWJ1dGVzUGVyUm93IjtkOjA7czoxOToibWF4QXR0cmlidXRlc1BlclJvdyI7ZDoxO3M6MzI6Im1pbmltdW1BdHRyaWJ1dGVCdW5kbGVzVG9EaXNwbGF5IjtkOjE7fQ==',0,9),(10,133,NULL,10,'YTozOntzOjE5OiJtaW5BdHRyaWJ1dGVzUGVyUm93IjtkOjA7czoxOToibWF4QXR0cmlidXRlc1BlclJvdyI7ZDoxO3M6MzI6Im1pbmltdW1BdHRyaWJ1dGVCdW5kbGVzVG9EaXNwbGF5IjtkOjE7fQ==',0,10),(11,133,NULL,11,'YTozOntzOjE5OiJtaW5BdHRyaWJ1dGVzUGVyUm93IjtkOjA7czoxOToibWF4QXR0cmlidXRlc1BlclJvdyI7ZDoxO3M6MzI6Im1pbmltdW1BdHRyaWJ1dGVCdW5kbGVzVG9EaXNwbGF5IjtkOjE7fQ==',0,11),(12,133,NULL,12,'YTozOntzOjE5OiJtaW5BdHRyaWJ1dGVzUGVyUm93IjtkOjA7czoxOToibWF4QXR0cmlidXRlc1BlclJvdyI7ZDoxO3M6MzI6Im1pbmltdW1BdHRyaWJ1dGVCdW5kbGVzVG9EaXNwbGF5IjtkOjE7fQ==',0,12),(13,133,NULL,13,'YTozOntzOjE5OiJtaW5BdHRyaWJ1dGVzUGVyUm93IjtkOjA7czoxOToibWF4QXR0cmlidXRlc1BlclJvdyI7ZDoxO3M6MzI6Im1pbmltdW1BdHRyaWJ1dGVCdW5kbGVzVG9EaXNwbGF5IjtkOjE7fQ==',0,13),(14,137,NULL,14,'YTozOntzOjE5OiJtaW5BdHRyaWJ1dGVzUGVyUm93IjtkOjA7czoxOToibWF4QXR0cmlidXRlc1BlclJvdyI7ZDoxO3M6MzI6Im1pbmltdW1BdHRyaWJ1dGVCdW5kbGVzVG9EaXNwbGF5IjtkOjE7fQ==',0,14),(15,137,NULL,15,'YTozOntzOjE5OiJtaW5BdHRyaWJ1dGVzUGVyUm93IjtkOjA7czoxOToibWF4QXR0cmlidXRlc1BlclJvdyI7ZDoxO3M6MzI6Im1pbmltdW1BdHRyaWJ1dGVCdW5kbGVzVG9EaXNwbGF5IjtkOjE7fQ==',0,15),(16,137,NULL,16,'YTozOntzOjE5OiJtaW5BdHRyaWJ1dGVzUGVyUm93IjtkOjA7czoxOToibWF4QXR0cmlidXRlc1BlclJvdyI7ZDoxO3M6MzI6Im1pbmltdW1BdHRyaWJ1dGVCdW5kbGVzVG9EaXNwbGF5IjtkOjE7fQ==',0,16),(17,137,NULL,17,'YTozOntzOjE5OiJtaW5BdHRyaWJ1dGVzUGVyUm93IjtkOjA7czoxOToibWF4QXR0cmlidXRlc1BlclJvdyI7ZDoxO3M6MzI6Im1pbmltdW1BdHRyaWJ1dGVCdW5kbGVzVG9EaXNwbGF5IjtkOjE7fQ==',0,17),(18,137,NULL,18,'YTozOntzOjE5OiJtaW5BdHRyaWJ1dGVzUGVyUm93IjtkOjA7czoxOToibWF4QXR0cmlidXRlc1BlclJvdyI7ZDoxO3M6MzI6Im1pbmltdW1BdHRyaWJ1dGVCdW5kbGVzVG9EaXNwbGF5IjtkOjE7fQ==',0,18),(19,153,NULL,19,'YTozOntzOjE5OiJtaW5BdHRyaWJ1dGVzUGVyUm93IjtkOjA7czoxOToibWF4QXR0cmlidXRlc1BlclJvdyI7ZDozO3M6MzI6Im1pbmltdW1BdHRyaWJ1dGVCdW5kbGVzVG9EaXNwbGF5IjtkOjE7fQ==',0,19),(20,155,NULL,20,'YTozOntzOjE5OiJtaW5BdHRyaWJ1dGVzUGVyUm93IjtkOjA7czoxOToibWF4QXR0cmlidXRlc1BlclJvdyI7ZDozO3M6MzI6Im1pbmltdW1BdHRyaWJ1dGVCdW5kbGVzVG9EaXNwbGF5IjtkOjE7fQ==',0,20),(21,155,NULL,21,'YTozOntzOjE5OiJtaW5BdHRyaWJ1dGVzUGVyUm93IjtkOjA7czoxOToibWF4QXR0cmlidXRlc1BlclJvdyI7ZDoxMDA7czozMjoibWluaW11bUF0dHJpYnV0ZUJ1bmRsZXNUb0Rpc3BsYXkiO2Q6MTt9',0,21),(22,57,NULL,22,'YTozOntzOjE5OiJtaW5BdHRyaWJ1dGVzUGVyUm93IjtkOjA7czoxOToibWF4QXR0cmlidXRlc1BlclJvdyI7ZDoxO3M6MzI6Im1pbmltdW1BdHRyaWJ1dGVCdW5kbGVzVG9EaXNwbGF5IjtkOjE7fQ==',0,22),(23,57,24,23,'YTozOntzOjE5OiJtaW5BdHRyaWJ1dGVzUGVyUm93IjtkOjA7czoxOToibWF4QXR0cmlidXRlc1BlclJvdyI7ZDoxO3M6MzI6Im1pbmltdW1BdHRyaWJ1dGVCdW5kbGVzVG9EaXNwbGF5IjtkOjE7fQ==',0,23),(24,59,NULL,24,'Tjs=',1,24),(25,22,NULL,25,'Tjs=',1,25),(26,57,23,26,'YTozOntzOjE5OiJtaW5BdHRyaWJ1dGVzUGVyUm93IjtkOjA7czoxOToibWF4QXR0cmlidXRlc1BlclJvdyI7ZDowO3M6MzI6Im1pbmltdW1BdHRyaWJ1dGVCdW5kbGVzVG9EaXNwbGF5IjtkOjA7fQ==',0,26),(27,57,NULL,29,'YTozOntzOjE5OiJtaW5BdHRyaWJ1dGVzUGVyUm93IjtkOjA7czoxOToibWF4QXR0cmlidXRlc1BlclJvdyI7ZDowO3M6MzI6Im1pbmltdW1BdHRyaWJ1dGVCdW5kbGVzVG9EaXNwbGF5IjtkOjA7fQ==',1,27),(28,20,80,30,'YTozOntzOjE5OiJtaW5BdHRyaWJ1dGVzUGVyUm93IjtkOjA7czoxOToibWF4QXR0cmlidXRlc1BlclJvdyI7ZDowO3M6MzI6Im1pbmltdW1BdHRyaWJ1dGVCdW5kbGVzVG9EaXNwbGF5IjtkOjA7fQ==',0,28),(29,57,NULL,31,'YTozOntzOjE5OiJtaW5BdHRyaWJ1dGVzUGVyUm93IjtkOjA7czoxOToibWF4QXR0cmlidXRlc1BlclJvdyI7ZDoxO3M6MzI6Im1pbmltdW1BdHRyaWJ1dGVCdW5kbGVzVG9EaXNwbGF5IjtkOjE7fQ==',0,29),(30,72,NULL,31,'YTozOntzOjE5OiJtaW5BdHRyaWJ1dGVzUGVyUm93IjtkOjA7czoxOToibWF4QXR0cmlidXRlc1BlclJvdyI7ZDoxO3M6MzI6Im1pbmltdW1BdHRyaWJ1dGVCdW5kbGVzVG9EaXNwbGF5IjtkOjE7fQ==',0,30),(31,67,NULL,31,'YTozOntzOjE5OiJtaW5BdHRyaWJ1dGVzUGVyUm93IjtkOjA7czoxOToibWF4QXR0cmlidXRlc1BlclJvdyI7ZDoxO3M6MzI6Im1pbmltdW1BdHRyaWJ1dGVCdW5kbGVzVG9EaXNwbGF5IjtkOjE7fQ==',0,31),(32,13,NULL,31,'YTozOntzOjE5OiJtaW5BdHRyaWJ1dGVzUGVyUm93IjtkOjA7czoxOToibWF4QXR0cmlidXRlc1BlclJvdyI7ZDoxO3M6MzI6Im1pbmltdW1BdHRyaWJ1dGVCdW5kbGVzVG9EaXNwbGF5IjtkOjE7fQ==',0,32),(33,89,NULL,31,'YTozOntzOjE5OiJtaW5BdHRyaWJ1dGVzUGVyUm93IjtkOjA7czoxOToibWF4QXR0cmlidXRlc1BlclJvdyI7ZDoxO3M6MzI6Im1pbmltdW1BdHRyaWJ1dGVCdW5kbGVzVG9EaXNwbGF5IjtkOjE7fQ==',0,33),(34,51,NULL,31,'YTozOntzOjE5OiJtaW5BdHRyaWJ1dGVzUGVyUm93IjtkOjA7czoxOToibWF4QXR0cmlidXRlc1BlclJvdyI7ZDoxO3M6MzI6Im1pbmltdW1BdHRyaWJ1dGVCdW5kbGVzVG9EaXNwbGF5IjtkOjE7fQ==',0,34),(35,20,NULL,31,'YTozOntzOjE5OiJtaW5BdHRyaWJ1dGVzUGVyUm93IjtkOjA7czoxOToibWF4QXR0cmlidXRlc1BlclJvdyI7ZDoxO3M6MzI6Im1pbmltdW1BdHRyaWJ1dGVCdW5kbGVzVG9EaXNwbGF5IjtkOjE7fQ==',0,35),(36,57,NULL,32,'YTozOntzOjE5OiJtaW5BdHRyaWJ1dGVzUGVyUm93IjtkOjA7czoxOToibWF4QXR0cmlidXRlc1BlclJvdyI7ZDoxO3M6MzI6Im1pbmltdW1BdHRyaWJ1dGVCdW5kbGVzVG9EaXNwbGF5IjtkOjE7fQ==',0,36),(37,72,NULL,32,'YTozOntzOjE5OiJtaW5BdHRyaWJ1dGVzUGVyUm93IjtkOjA7czoxOToibWF4QXR0cmlidXRlc1BlclJvdyI7ZDoxO3M6MzI6Im1pbmltdW1BdHRyaWJ1dGVCdW5kbGVzVG9EaXNwbGF5IjtkOjE7fQ==',0,37),(38,13,NULL,32,'YTozOntzOjE5OiJtaW5BdHRyaWJ1dGVzUGVyUm93IjtkOjA7czoxOToibWF4QXR0cmlidXRlc1BlclJvdyI7ZDoxO3M6MzI6Im1pbmltdW1BdHRyaWJ1dGVCdW5kbGVzVG9EaXNwbGF5IjtkOjE7fQ==',0,38),(39,51,NULL,33,'YTozOntzOjE5OiJtaW5BdHRyaWJ1dGVzUGVyUm93IjtkOjA7czoxOToibWF4QXR0cmlidXRlc1BlclJvdyI7ZDoxO3M6MzI6Im1pbmltdW1BdHRyaWJ1dGVCdW5kbGVzVG9EaXNwbGF5IjtkOjE7fQ==',1,39),(40,57,23,34,'YTozOntzOjE5OiJtaW5BdHRyaWJ1dGVzUGVyUm93IjtkOjA7czoxOToibWF4QXR0cmlidXRlc1BlclJvdyI7ZDoxO3M6MzI6Im1pbmltdW1BdHRyaWJ1dGVCdW5kbGVzVG9EaXNwbGF5IjtkOjE7fQ==',1,40),(41,57,NULL,35,'YTozOntzOjE5OiJtaW5BdHRyaWJ1dGVzUGVyUm93IjtkOjA7czoxOToibWF4QXR0cmlidXRlc1BlclJvdyI7ZDowO3M6MzI6Im1pbmltdW1BdHRyaWJ1dGVCdW5kbGVzVG9EaXNwbGF5IjtkOjA7fQ==',0,41),(42,57,NULL,38,'Tjs=',1,42),(43,56,NULL,41,'YTozOntzOjE5OiJtaW5BdHRyaWJ1dGVzUGVyUm93IjtkOjA7czoxOToibWF4QXR0cmlidXRlc1BlclJvdyI7ZDoxO3M6MzI6Im1pbmltdW1BdHRyaWJ1dGVCdW5kbGVzVG9EaXNwbGF5IjtkOjE7fQ==',0,43),(44,82,NULL,41,'YTozOntzOjE5OiJtaW5BdHRyaWJ1dGVzUGVyUm93IjtkOjA7czoxOToibWF4QXR0cmlidXRlc1BlclJvdyI7ZDoxO3M6MzI6Im1pbmltdW1BdHRyaWJ1dGVCdW5kbGVzVG9EaXNwbGF5IjtkOjE7fQ==',0,44),(45,105,NULL,41,'YTozOntzOjE5OiJtaW5BdHRyaWJ1dGVzUGVyUm93IjtkOjA7czoxOToibWF4QXR0cmlidXRlc1BlclJvdyI7ZDoxO3M6MzI6Im1pbmltdW1BdHRyaWJ1dGVCdW5kbGVzVG9EaXNwbGF5IjtkOjE7fQ==',0,45),(46,57,NULL,42,'YTozOntzOjE5OiJtaW5BdHRyaWJ1dGVzUGVyUm93IjtkOjA7czoxOToibWF4QXR0cmlidXRlc1BlclJvdyI7ZDoxMDAwO3M6MzI6Im1pbmltdW1BdHRyaWJ1dGVCdW5kbGVzVG9EaXNwbGF5IjtkOjE7fQ==',0,46),(47,20,NULL,42,'YTozOntzOjE5OiJtaW5BdHRyaWJ1dGVzUGVyUm93IjtkOjA7czoxOToibWF4QXR0cmlidXRlc1BlclJvdyI7ZDoxMDAwO3M6MzI6Im1pbmltdW1BdHRyaWJ1dGVCdW5kbGVzVG9EaXNwbGF5IjtkOjE7fQ==',0,47),(48,67,NULL,42,'YTozOntzOjE5OiJtaW5BdHRyaWJ1dGVzUGVyUm93IjtkOjA7czoxOToibWF4QXR0cmlidXRlc1BlclJvdyI7ZDoxMDAwO3M6MzI6Im1pbmltdW1BdHRyaWJ1dGVCdW5kbGVzVG9EaXNwbGF5IjtkOjE7fQ==',0,48),(49,72,NULL,42,'YTozOntzOjE5OiJtaW5BdHRyaWJ1dGVzUGVyUm93IjtkOjA7czoxOToibWF4QXR0cmlidXRlc1BlclJvdyI7ZDoxMDAwO3M6MzI6Im1pbmltdW1BdHRyaWJ1dGVCdW5kbGVzVG9EaXNwbGF5IjtkOjE7fQ==',0,49),(50,13,NULL,42,'YTozOntzOjE5OiJtaW5BdHRyaWJ1dGVzUGVyUm93IjtkOjA7czoxOToibWF4QXR0cmlidXRlc1BlclJvdyI7ZDoxMDAwO3M6MzI6Im1pbmltdW1BdHRyaWJ1dGVCdW5kbGVzVG9EaXNwbGF5IjtkOjE7fQ==',0,50),(51,57,NULL,47,'YTozOntzOjE5OiJtaW5BdHRyaWJ1dGVzUGVyUm93IjtkOjA7czoxOToibWF4QXR0cmlidXRlc1BlclJvdyI7ZDoxO3M6MzI6Im1pbmltdW1BdHRyaWJ1dGVCdW5kbGVzVG9EaXNwbGF5IjtkOjE7fQ==',0,51),(52,20,NULL,47,'YTozOntzOjE5OiJtaW5BdHRyaWJ1dGVzUGVyUm93IjtkOjA7czoxOToibWF4QXR0cmlidXRlc1BlclJvdyI7ZDoxO3M6MzI6Im1pbmltdW1BdHRyaWJ1dGVCdW5kbGVzVG9EaXNwbGF5IjtkOjE7fQ==',0,52),(53,72,NULL,47,'YTozOntzOjE5OiJtaW5BdHRyaWJ1dGVzUGVyUm93IjtkOjA7czoxOToibWF4QXR0cmlidXRlc1BlclJvdyI7ZDoxO3M6MzI6Im1pbmltdW1BdHRyaWJ1dGVCdW5kbGVzVG9EaXNwbGF5IjtkOjE7fQ==',0,53),(54,67,NULL,47,'YTozOntzOjE5OiJtaW5BdHRyaWJ1dGVzUGVyUm93IjtkOjA7czoxOToibWF4QXR0cmlidXRlc1BlclJvdyI7ZDoxO3M6MzI6Im1pbmltdW1BdHRyaWJ1dGVCdW5kbGVzVG9EaXNwbGF5IjtkOjE7fQ==',0,54),(55,13,NULL,47,'YTozOntzOjE5OiJtaW5BdHRyaWJ1dGVzUGVyUm93IjtkOjA7czoxOToibWF4QXR0cmlidXRlc1BlclJvdyI7ZDoxO3M6MzI6Im1pbmltdW1BdHRyaWJ1dGVCdW5kbGVzVG9EaXNwbGF5IjtkOjE7fQ==',0,55),(56,89,NULL,47,'YTozOntzOjE5OiJtaW5BdHRyaWJ1dGVzUGVyUm93IjtkOjA7czoxOToibWF4QXR0cmlidXRlc1BlclJvdyI7ZDoxO3M6MzI6Im1pbmltdW1BdHRyaWJ1dGVCdW5kbGVzVG9EaXNwbGF5IjtkOjE7fQ==',0,56),(57,57,NULL,48,'YTozOntzOjE5OiJtaW5BdHRyaWJ1dGVzUGVyUm93IjtkOjA7czoxOToibWF4QXR0cmlidXRlc1BlclJvdyI7ZDoxO3M6MzI6Im1pbmltdW1BdHRyaWJ1dGVCdW5kbGVzVG9EaXNwbGF5IjtkOjE7fQ==',0,57),(58,72,NULL,49,'YTozOntzOjE5OiJtaW5BdHRyaWJ1dGVzUGVyUm93IjtkOjA7czoxOToibWF4QXR0cmlidXRlc1BlclJvdyI7ZDoxMDA7czozMjoibWluaW11bUF0dHJpYnV0ZUJ1bmRsZXNUb0Rpc3BsYXkiO2Q6MTt9',0,58),(59,57,NULL,49,'YTozOntzOjE5OiJtaW5BdHRyaWJ1dGVzUGVyUm93IjtkOjA7czoxOToibWF4QXR0cmlidXRlc1BlclJvdyI7ZDoxMDA7czozMjoibWluaW11bUF0dHJpYnV0ZUJ1bmRsZXNUb0Rpc3BsYXkiO2Q6MTt9',0,59),(60,20,NULL,49,'YTozOntzOjE5OiJtaW5BdHRyaWJ1dGVzUGVyUm93IjtkOjA7czoxOToibWF4QXR0cmlidXRlc1BlclJvdyI7ZDoxMDA7czozMjoibWluaW11bUF0dHJpYnV0ZUJ1bmRsZXNUb0Rpc3BsYXkiO2Q6MTt9',0,60),(61,67,NULL,49,'YTozOntzOjE5OiJtaW5BdHRyaWJ1dGVzUGVyUm93IjtkOjA7czoxOToibWF4QXR0cmlidXRlc1BlclJvdyI7ZDoxMDA7czozMjoibWluaW11bUF0dHJpYnV0ZUJ1bmRsZXNUb0Rpc3BsYXkiO2Q6MTt9',0,61),(62,13,NULL,49,'YTozOntzOjE5OiJtaW5BdHRyaWJ1dGVzUGVyUm93IjtkOjA7czoxOToibWF4QXR0cmlidXRlc1BlclJvdyI7ZDoxMDA7czozMjoibWluaW11bUF0dHJpYnV0ZUJ1bmRsZXNUb0Rpc3BsYXkiO2Q6MTt9',0,62),(63,89,NULL,49,'YTozOntzOjE5OiJtaW5BdHRyaWJ1dGVzUGVyUm93IjtkOjA7czoxOToibWF4QXR0cmlidXRlc1BlclJvdyI7ZDoxMDA7czozMjoibWluaW11bUF0dHJpYnV0ZUJ1bmRsZXNUb0Rpc3BsYXkiO2Q6MTt9',0,63),(64,72,NULL,50,'YTozOntzOjE5OiJtaW5BdHRyaWJ1dGVzUGVyUm93IjtkOjA7czoxOToibWF4QXR0cmlidXRlc1BlclJvdyI7ZDoxMDA7czozMjoibWluaW11bUF0dHJpYnV0ZUJ1bmRsZXNUb0Rpc3BsYXkiO2Q6MTt9',0,64),(65,57,NULL,50,'YTozOntzOjE5OiJtaW5BdHRyaWJ1dGVzUGVyUm93IjtkOjA7czoxOToibWF4QXR0cmlidXRlc1BlclJvdyI7ZDoxMDA7czozMjoibWluaW11bUF0dHJpYnV0ZUJ1bmRsZXNUb0Rpc3BsYXkiO2Q6MTt9',0,65),(66,20,NULL,50,'YTozOntzOjE5OiJtaW5BdHRyaWJ1dGVzUGVyUm93IjtkOjA7czoxOToibWF4QXR0cmlidXRlc1BlclJvdyI7ZDoxMDA7czozMjoibWluaW11bUF0dHJpYnV0ZUJ1bmRsZXNUb0Rpc3BsYXkiO2Q6MTt9',0,66),(67,67,NULL,50,'YTozOntzOjE5OiJtaW5BdHRyaWJ1dGVzUGVyUm93IjtkOjA7czoxOToibWF4QXR0cmlidXRlc1BlclJvdyI7ZDoxMDA7czozMjoibWluaW11bUF0dHJpYnV0ZUJ1bmRsZXNUb0Rpc3BsYXkiO2Q6MTt9',0,67),(68,13,NULL,50,'YTozOntzOjE5OiJtaW5BdHRyaWJ1dGVzUGVyUm93IjtkOjA7czoxOToibWF4QXR0cmlidXRlc1BlclJvdyI7ZDoxMDA7czozMjoibWluaW11bUF0dHJpYnV0ZUJ1bmRsZXNUb0Rpc3BsYXkiO2Q6MTt9',0,68),(69,89,NULL,50,'YTozOntzOjE5OiJtaW5BdHRyaWJ1dGVzUGVyUm93IjtkOjA7czoxOToibWF4QXR0cmlidXRlc1BlclJvdyI7ZDoxMDA7czozMjoibWluaW11bUF0dHJpYnV0ZUJ1bmRsZXNUb0Rpc3BsYXkiO2Q6MTt9',0,69),(70,57,NULL,51,'YTozOntzOjE5OiJtaW5BdHRyaWJ1dGVzUGVyUm93IjtkOjA7czoxOToibWF4QXR0cmlidXRlc1BlclJvdyI7ZDoxO3M6MzI6Im1pbmltdW1BdHRyaWJ1dGVCdW5kbGVzVG9EaXNwbGF5IjtkOjE7fQ==',0,70),(71,57,NULL,52,'YTozOntzOjE5OiJtaW5BdHRyaWJ1dGVzUGVyUm93IjtkOjA7czoxOToibWF4QXR0cmlidXRlc1BlclJvdyI7ZDoxMDA7czozMjoibWluaW11bUF0dHJpYnV0ZUJ1bmRsZXNUb0Rpc3BsYXkiO2Q6MDt9',0,71),(72,51,NULL,57,'YToyOntzOjE5OiJtaW5BdHRyaWJ1dGVzUGVyUm93IjtkOjA7czoxOToibWF4QXR0cmlidXRlc1BlclJvdyI7ZDoxO30=',0,72),(73,57,NULL,58,'YToyOntzOjE5OiJtaW5BdHRyaWJ1dGVzUGVyUm93IjtkOjA7czoxOToibWF4QXR0cmlidXRlc1BlclJvdyI7ZDoxO30=',0,73),(74,57,NULL,59,'YToyOntzOjE5OiJtaW5BdHRyaWJ1dGVzUGVyUm93IjtkOjA7czoxOToibWF4QXR0cmlidXRlc1BlclJvdyI7ZDoxO30=',0,74),(75,51,NULL,59,'YToyOntzOjE5OiJtaW5BdHRyaWJ1dGVzUGVyUm93IjtkOjA7czoxOToibWF4QXR0cmlidXRlc1BlclJvdyI7ZDoxO30=',0,75),(76,57,NULL,60,'YTozOntzOjE5OiJtaW5BdHRyaWJ1dGVzUGVyUm93IjtkOjA7czoxOToibWF4QXR0cmlidXRlc1BlclJvdyI7ZDowO3M6MzI6Im1pbmltdW1BdHRyaWJ1dGVCdW5kbGVzVG9EaXNwbGF5IjtkOjA7fQ==',1,76),(77,57,NULL,63,'YTozOntzOjE5OiJtaW5BdHRyaWJ1dGVzUGVyUm93IjtkOjA7czoxOToibWF4QXR0cmlidXRlc1BlclJvdyI7ZDowO3M6MzI6Im1pbmltdW1BdHRyaWJ1dGVCdW5kbGVzVG9EaXNwbGF5IjtkOjA7fQ==',1,77),(78,57,NULL,66,'YToyOntzOjE5OiJtaW5BdHRyaWJ1dGVzUGVyUm93IjtkOjA7czoxOToibWF4QXR0cmlidXRlc1BlclJvdyI7ZDoxO30=',0,78),(79,57,NULL,67,'YTozOntzOjE5OiJtaW5BdHRyaWJ1dGVzUGVyUm93IjtkOjA7czoxOToibWF4QXR0cmlidXRlc1BlclJvdyI7ZDoxMDA7czozMjoibWluaW11bUF0dHJpYnV0ZUJ1bmRsZXNUb0Rpc3BsYXkiO2Q6MTt9',0,79),(80,57,NULL,74,'YTozOntzOjE5OiJtaW5BdHRyaWJ1dGVzUGVyUm93IjtkOjA7czoxOToibWF4QXR0cmlidXRlc1BlclJvdyI7ZDoxMDA7czozMjoibWluaW11bUF0dHJpYnV0ZUJ1bmRsZXNUb0Rpc3BsYXkiO2Q6MTt9',0,80),(81,56,NULL,74,'YTozOntzOjE5OiJtaW5BdHRyaWJ1dGVzUGVyUm93IjtkOjA7czoxOToibWF4QXR0cmlidXRlc1BlclJvdyI7ZDoxMDA7czozMjoibWluaW11bUF0dHJpYnV0ZUJ1bmRsZXNUb0Rpc3BsYXkiO2Q6MTt9',0,81),(82,57,NULL,75,'YToyOntzOjE5OiJtaW5BdHRyaWJ1dGVzUGVyUm93IjtkOjA7czoxOToibWF4QXR0cmlidXRlc1BlclJvdyI7ZDoxO30=',0,82),(83,57,NULL,76,'YToyOntzOjE5OiJtaW5BdHRyaWJ1dGVzUGVyUm93IjtkOjA7czoxOToibWF4QXR0cmlidXRlc1BlclJvdyI7ZDoxO30=',0,83),(84,57,NULL,77,'YTozOntzOjE5OiJtaW5BdHRyaWJ1dGVzUGVyUm93IjtkOjA7czoxOToibWF4QXR0cmlidXRlc1BlclJvdyI7ZDoxO3M6MzI6Im1pbmltdW1BdHRyaWJ1dGVCdW5kbGVzVG9EaXNwbGF5IjtkOjE7fQ==',0,84),(85,57,NULL,77,'YTozOntzOjE5OiJtaW5BdHRyaWJ1dGVzUGVyUm93IjtkOjA7czoxOToibWF4QXR0cmlidXRlc1BlclJvdyI7ZDoxO3M6MzI6Im1pbmltdW1BdHRyaWJ1dGVCdW5kbGVzVG9EaXNwbGF5IjtkOjE7fQ==',0,85),(86,57,NULL,78,'YTozOntzOjE5OiJtaW5BdHRyaWJ1dGVzUGVyUm93IjtkOjA7czoxOToibWF4QXR0cmlidXRlc1BlclJvdyI7ZDoxO3M6MzI6Im1pbmltdW1BdHRyaWJ1dGVCdW5kbGVzVG9EaXNwbGF5IjtkOjE7fQ==',0,86),(87,57,NULL,79,'YToyOntzOjE5OiJtaW5BdHRyaWJ1dGVzUGVyUm93IjtkOjA7czoxOToibWF4QXR0cmlidXRlc1BlclJvdyI7ZDoxO30=',0,87),(88,20,NULL,80,'YTozOntzOjE5OiJtaW5BdHRyaWJ1dGVzUGVyUm93IjtkOjA7czoxOToibWF4QXR0cmlidXRlc1BlclJvdyI7ZDoxO3M6MzI6Im1pbmltdW1BdHRyaWJ1dGVCdW5kbGVzVG9EaXNwbGF5IjtkOjA7fQ==',1,88),(89,20,NULL,84,'YTozOntzOjE5OiJtaW5BdHRyaWJ1dGVzUGVyUm93IjtkOjA7czoxOToibWF4QXR0cmlidXRlc1BlclJvdyI7ZDoxMDtzOjMyOiJtaW5pbXVtQXR0cmlidXRlQnVuZGxlc1RvRGlzcGxheSI7ZDoxO30=',0,89),(90,20,NULL,85,'YTozOntzOjE5OiJtaW5BdHRyaWJ1dGVzUGVyUm93IjtkOjA7czoxOToibWF4QXR0cmlidXRlc1BlclJvdyI7ZDoxMDtzOjMyOiJtaW5pbXVtQXR0cmlidXRlQnVuZGxlc1RvRGlzcGxheSI7ZDoxO30=',0,90),(91,20,NULL,86,'YTozOntzOjE5OiJtaW5BdHRyaWJ1dGVzUGVyUm93IjtkOjA7czoxOToibWF4QXR0cmlidXRlc1BlclJvdyI7ZDoxMDtzOjMyOiJtaW5pbXVtQXR0cmlidXRlQnVuZGxlc1RvRGlzcGxheSI7ZDoxO30=',0,91),(92,20,NULL,87,'YTozOntzOjE5OiJtaW5BdHRyaWJ1dGVzUGVyUm93IjtkOjA7czoxOToibWF4QXR0cmlidXRlc1BlclJvdyI7ZDoxMDtzOjMyOiJtaW5pbXVtQXR0cmlidXRlQnVuZGxlc1RvRGlzcGxheSI7ZDoxO30=',0,92),(93,57,NULL,88,'YTozOntzOjE5OiJtaW5BdHRyaWJ1dGVzUGVyUm93IjtkOjA7czoxOToibWF4QXR0cmlidXRlc1BlclJvdyI7ZDoyNTU7czozMjoibWluaW11bUF0dHJpYnV0ZUJ1bmRsZXNUb0Rpc3BsYXkiO2Q6MTt9',0,93),(94,57,NULL,89,'YTozOntzOjE5OiJtaW5BdHRyaWJ1dGVzUGVyUm93IjtkOjA7czoxOToibWF4QXR0cmlidXRlc1BlclJvdyI7ZDoyNTU7czozMjoibWluaW11bUF0dHJpYnV0ZUJ1bmRsZXNUb0Rpc3BsYXkiO2Q6MTt9',0,94),(95,57,NULL,90,'YTozOntzOjE5OiJtaW5BdHRyaWJ1dGVzUGVyUm93IjtkOjA7czoxOToibWF4QXR0cmlidXRlc1BlclJvdyI7ZDoxO3M6MzI6Im1pbmltdW1BdHRyaWJ1dGVCdW5kbGVzVG9EaXNwbGF5IjtkOjE7fQ==',0,95),(96,20,NULL,91,'YTozOntzOjE5OiJtaW5BdHRyaWJ1dGVzUGVyUm93IjtkOjA7czoxOToibWF4QXR0cmlidXRlc1BlclJvdyI7ZDowO3M6MzI6Im1pbmltdW1BdHRyaWJ1dGVCdW5kbGVzVG9EaXNwbGF5IjtkOjA7fQ==',0,96),(97,57,27,92,'YTozOntzOjE5OiJtaW5BdHRyaWJ1dGVzUGVyUm93IjtkOjA7czoxOToibWF4QXR0cmlidXRlc1BlclJvdyI7ZDowO3M6MzI6Im1pbmltdW1BdHRyaWJ1dGVCdW5kbGVzVG9EaXNwbGF5IjtkOjA7fQ==',0,97),(98,20,80,95,'YTozOntzOjE5OiJtaW5BdHRyaWJ1dGVzUGVyUm93IjtkOjA7czoxOToibWF4QXR0cmlidXRlc1BlclJvdyI7ZDowO3M6MzI6Im1pbmltdW1BdHRyaWJ1dGVCdW5kbGVzVG9EaXNwbGF5IjtkOjA7fQ==',0,98),(99,57,NULL,96,'YTozOntzOjE5OiJtaW5BdHRyaWJ1dGVzUGVyUm93IjtkOjA7czoxOToibWF4QXR0cmlidXRlc1BlclJvdyI7ZDowO3M6MzI6Im1pbmltdW1BdHRyaWJ1dGVCdW5kbGVzVG9EaXNwbGF5IjtkOjA7fQ==',1,99),(100,57,NULL,97,'YTozOntzOjE5OiJtaW5BdHRyaWJ1dGVzUGVyUm93IjtkOjA7czoxOToibWF4QXR0cmlidXRlc1BlclJvdyI7ZDowO3M6MzI6Im1pbmltdW1BdHRyaWJ1dGVCdW5kbGVzVG9EaXNwbGF5IjtkOjA7fQ==',1,100),(101,57,NULL,98,'YTozOntzOjE5OiJtaW5BdHRyaWJ1dGVzUGVyUm93IjtkOjA7czoxOToibWF4QXR0cmlidXRlc1BlclJvdyI7ZDowO3M6MzI6Im1pbmltdW1BdHRyaWJ1dGVCdW5kbGVzVG9EaXNwbGF5IjtkOjA7fQ==',1,101),(102,57,NULL,99,'YTozOntzOjE5OiJtaW5BdHRyaWJ1dGVzUGVyUm93IjtkOjA7czoxOToibWF4QXR0cmlidXRlc1BlclJvdyI7ZDowO3M6MzI6Im1pbmltdW1BdHRyaWJ1dGVCdW5kbGVzVG9EaXNwbGF5IjtkOjA7fQ==',1,102),(103,57,NULL,100,'YTozOntzOjE5OiJtaW5BdHRyaWJ1dGVzUGVyUm93IjtkOjA7czoxOToibWF4QXR0cmlidXRlc1BlclJvdyI7ZDowO3M6MzI6Im1pbmltdW1BdHRyaWJ1dGVCdW5kbGVzVG9EaXNwbGF5IjtkOjA7fQ==',0,103),(104,51,NULL,101,'YTozOntzOjE5OiJtaW5BdHRyaWJ1dGVzUGVyUm93IjtkOjA7czoxOToibWF4QXR0cmlidXRlc1BlclJvdyI7ZDoxO3M6MzI6Im1pbmltdW1BdHRyaWJ1dGVCdW5kbGVzVG9EaXNwbGF5IjtkOjA7fQ==',0,104),(105,57,NULL,101,'YTozOntzOjE5OiJtaW5BdHRyaWJ1dGVzUGVyUm93IjtkOjA7czoxOToibWF4QXR0cmlidXRlc1BlclJvdyI7ZDoxO3M6MzI6Im1pbmltdW1BdHRyaWJ1dGVCdW5kbGVzVG9EaXNwbGF5IjtkOjA7fQ==',0,105),(106,57,NULL,102,'YTozOntzOjE5OiJtaW5BdHRyaWJ1dGVzUGVyUm93IjtkOjA7czoxOToibWF4QXR0cmlidXRlc1BlclJvdyI7ZDowO3M6MzI6Im1pbmltdW1BdHRyaWJ1dGVCdW5kbGVzVG9EaXNwbGF5IjtkOjA7fQ==',0,106),(107,51,NULL,103,'YTozOntzOjE5OiJtaW5BdHRyaWJ1dGVzUGVyUm93IjtkOjA7czoxOToibWF4QXR0cmlidXRlc1BlclJvdyI7ZDowO3M6MzI6Im1pbmltdW1BdHRyaWJ1dGVCdW5kbGVzVG9EaXNwbGF5IjtkOjA7fQ==',0,107),(108,57,NULL,103,'YTozOntzOjE5OiJtaW5BdHRyaWJ1dGVzUGVyUm93IjtkOjA7czoxOToibWF4QXR0cmlidXRlc1BlclJvdyI7ZDowO3M6MzI6Im1pbmltdW1BdHRyaWJ1dGVCdW5kbGVzVG9EaXNwbGF5IjtkOjA7fQ==',0,108),(109,57,24,106,'YTozOntzOjE5OiJtaW5BdHRyaWJ1dGVzUGVyUm93IjtkOjA7czoxOToibWF4QXR0cmlidXRlc1BlclJvdyI7ZDowO3M6MzI6Im1pbmltdW1BdHRyaWJ1dGVCdW5kbGVzVG9EaXNwbGF5IjtkOjA7fQ==',0,109),(110,57,24,110,'YTozOntzOjE5OiJtaW5BdHRyaWJ1dGVzUGVyUm93IjtkOjA7czoxOToibWF4QXR0cmlidXRlc1BlclJvdyI7ZDowO3M6MzI6Im1pbmltdW1BdHRyaWJ1dGVCdW5kbGVzVG9EaXNwbGF5IjtkOjA7fQ==',0,110),(111,57,24,111,'YTozOntzOjE5OiJtaW5BdHRyaWJ1dGVzUGVyUm93IjtkOjA7czoxOToibWF4QXR0cmlidXRlc1BlclJvdyI7ZDowO3M6MzI6Im1pbmltdW1BdHRyaWJ1dGVCdW5kbGVzVG9EaXNwbGF5IjtkOjA7fQ==',0,111),(112,57,24,112,'YTozOntzOjE5OiJtaW5BdHRyaWJ1dGVzUGVyUm93IjtkOjA7czoxOToibWF4QXR0cmlidXRlc1BlclJvdyI7ZDowO3M6MzI6Im1pbmltdW1BdHRyaWJ1dGVCdW5kbGVzVG9EaXNwbGF5IjtkOjA7fQ==',0,112),(113,57,24,113,'YTozOntzOjE5OiJtaW5BdHRyaWJ1dGVzUGVyUm93IjtkOjA7czoxOToibWF4QXR0cmlidXRlc1BlclJvdyI7ZDowO3M6MzI6Im1pbmltdW1BdHRyaWJ1dGVCdW5kbGVzVG9EaXNwbGF5IjtkOjA7fQ==',0,113),(114,57,24,114,'YTozOntzOjE5OiJtaW5BdHRyaWJ1dGVzUGVyUm93IjtkOjA7czoxOToibWF4QXR0cmlidXRlc1BlclJvdyI7ZDowO3M6MzI6Im1pbmltdW1BdHRyaWJ1dGVCdW5kbGVzVG9EaXNwbGF5IjtkOjA7fQ==',0,114),(115,57,26,115,'Tjs=',0,115),(116,57,NULL,116,'YToyOntzOjE5OiJtaW5BdHRyaWJ1dGVzUGVyUm93IjtkOjA7czoxOToibWF4QXR0cmlidXRlc1BlclJvdyI7ZDoxO30=',0,116);
/*!40000 ALTER TABLE `ca_metadata_type_restrictions` ENABLE KEYS */;
UNLOCK TABLES;

--
-- Table structure for table `ca_movement_labels`
--

DROP TABLE IF EXISTS `ca_movement_labels`;
/*!40101 SET @saved_cs_client     = @@character_set_client */;
/*!40101 SET character_set_client = utf8 */;
CREATE TABLE `ca_movement_labels` (
  `label_id` int(10) unsigned NOT NULL AUTO_INCREMENT,
  `movement_id` int(10) unsigned NOT NULL,
  `locale_id` smallint(5) unsigned NOT NULL,
  `type_id` int(10) unsigned DEFAULT NULL,
  `name` varchar(1024) NOT NULL,
  `name_sort` varchar(1024) NOT NULL,
  `source_info` longtext NOT NULL,
  `is_preferred` tinyint(3) unsigned NOT NULL,
  PRIMARY KEY (`label_id`),
  KEY `i_movement_id` (`movement_id`),
  KEY `i_locale_id_id` (`locale_id`),
  KEY `i_type_id` (`type_id`),
  KEY `i_name` (`name`(128)),
  KEY `i_name_sort` (`name_sort`(128)),
  CONSTRAINT `fk_ca_movement_labels_locale_id` FOREIGN KEY (`locale_id`) REFERENCES `ca_locales` (`locale_id`),
  CONSTRAINT `fk_ca_movement_labels_movement_id` FOREIGN KEY (`movement_id`) REFERENCES `ca_movements` (`movement_id`),
  CONSTRAINT `fk_ca_movement_labels_type_id` FOREIGN KEY (`type_id`) REFERENCES `ca_list_items` (`item_id`)
) ENGINE=InnoDB DEFAULT CHARSET=utf8;
/*!40101 SET character_set_client = @saved_cs_client */;

--
-- Dumping data for table `ca_movement_labels`
--

LOCK TABLES `ca_movement_labels` WRITE;
/*!40000 ALTER TABLE `ca_movement_labels` DISABLE KEYS */;
/*!40000 ALTER TABLE `ca_movement_labels` ENABLE KEYS */;
UNLOCK TABLES;

--
-- Table structure for table `ca_movements`
--

DROP TABLE IF EXISTS `ca_movements`;
/*!40101 SET @saved_cs_client     = @@character_set_client */;
/*!40101 SET character_set_client = utf8 */;
CREATE TABLE `ca_movements` (
  `movement_id` int(10) unsigned NOT NULL AUTO_INCREMENT,
  `type_id` int(10) unsigned NOT NULL,
  `locale_id` smallint(5) unsigned DEFAULT NULL,
  `idno` varchar(255) NOT NULL,
  `idno_sort` varchar(255) NOT NULL,
  `is_template` tinyint(3) unsigned NOT NULL DEFAULT 0,
  `view_count` int(10) unsigned NOT NULL DEFAULT 0,
  `source_id` int(10) unsigned DEFAULT NULL,
  `source_info` longtext NOT NULL,
  `access` tinyint(3) unsigned NOT NULL DEFAULT 0,
  `status` tinyint(3) unsigned NOT NULL DEFAULT 0,
  `deleted` tinyint(3) unsigned NOT NULL DEFAULT 0,
  `rank` int(10) unsigned NOT NULL DEFAULT 0,
  `submission_user_id` int(10) unsigned DEFAULT NULL,
  `submission_group_id` int(10) unsigned DEFAULT NULL,
  `submission_status_id` int(10) unsigned DEFAULT NULL,
  `submission_via_form` varchar(100) DEFAULT NULL,
  PRIMARY KEY (`movement_id`),
  KEY `i_type_id` (`type_id`),
  KEY `i_source_id` (`source_id`),
  KEY `i_locale_id` (`locale_id`),
  KEY `idno` (`idno`),
  KEY `idno_sort` (`idno_sort`),
  KEY `i_view_count` (`view_count`),
  KEY `i_movement_filter` (`movement_id`,`deleted`,`access`),
  KEY `i_submission_user_id` (`submission_user_id`),
  KEY `i_submission_group_id` (`submission_group_id`),
  KEY `i_submission_status_id` (`submission_status_id`),
  KEY `i_submission_via_form` (`submission_via_form`),
  CONSTRAINT `fk_ca_movements_locale_id` FOREIGN KEY (`locale_id`) REFERENCES `ca_locales` (`locale_id`),
  CONSTRAINT `fk_ca_movements_source_id` FOREIGN KEY (`source_id`) REFERENCES `ca_list_items` (`item_id`),
  CONSTRAINT `fk_ca_movements_submission_group_id` FOREIGN KEY (`submission_group_id`) REFERENCES `ca_user_groups` (`group_id`),
  CONSTRAINT `fk_ca_movements_submission_status_id` FOREIGN KEY (`submission_status_id`) REFERENCES `ca_list_items` (`item_id`),
  CONSTRAINT `fk_ca_movements_submission_user_id` FOREIGN KEY (`submission_user_id`) REFERENCES `ca_users` (`user_id`),
  CONSTRAINT `fk_ca_movements_type_id` FOREIGN KEY (`type_id`) REFERENCES `ca_list_items` (`item_id`)
) ENGINE=InnoDB DEFAULT CHARSET=utf8;
/*!40101 SET character_set_client = @saved_cs_client */;

--
-- Dumping data for table `ca_movements`
--

LOCK TABLES `ca_movements` WRITE;
/*!40000 ALTER TABLE `ca_movements` DISABLE KEYS */;
/*!40000 ALTER TABLE `ca_movements` ENABLE KEYS */;
UNLOCK TABLES;

--
-- Table structure for table `ca_movements_x_collections`
--

DROP TABLE IF EXISTS `ca_movements_x_collections`;
/*!40101 SET @saved_cs_client     = @@character_set_client */;
/*!40101 SET character_set_client = utf8 */;
CREATE TABLE `ca_movements_x_collections` (
  `relation_id` int(10) unsigned NOT NULL AUTO_INCREMENT,
  `movement_id` int(10) unsigned NOT NULL,
  `collection_id` int(10) unsigned NOT NULL,
  `type_id` smallint(5) unsigned NOT NULL,
  `source_info` longtext NOT NULL,
  `sdatetime` decimal(30,20) DEFAULT NULL,
  `edatetime` decimal(30,20) DEFAULT NULL,
  `label_left_id` int(10) unsigned DEFAULT NULL,
  `label_right_id` int(10) unsigned DEFAULT NULL,
  `rank` int(10) unsigned NOT NULL DEFAULT 0,
  PRIMARY KEY (`relation_id`),
  UNIQUE KEY `u_all` (`movement_id`,`collection_id`,`type_id`,`sdatetime`,`edatetime`),
  KEY `i_movement_id` (`movement_id`),
  KEY `i_collection_id` (`collection_id`),
  KEY `i_type_id` (`type_id`),
  KEY `i_label_left_id` (`label_left_id`),
  KEY `i_label_right_id` (`label_right_id`),
  CONSTRAINT `fk_ca_movements_x_collections_collection_id` FOREIGN KEY (`collection_id`) REFERENCES `ca_collections` (`collection_id`),
  CONSTRAINT `fk_ca_movements_x_collections_label_left_id` FOREIGN KEY (`label_left_id`) REFERENCES `ca_movement_labels` (`label_id`),
  CONSTRAINT `fk_ca_movements_x_collections_label_right_id` FOREIGN KEY (`label_right_id`) REFERENCES `ca_collection_labels` (`label_id`),
  CONSTRAINT `fk_ca_movements_x_collections_movement_id` FOREIGN KEY (`movement_id`) REFERENCES `ca_movements` (`movement_id`),
  CONSTRAINT `fk_ca_movements_x_collections_type_id` FOREIGN KEY (`type_id`) REFERENCES `ca_relationship_types` (`type_id`)
) ENGINE=InnoDB DEFAULT CHARSET=utf8;
/*!40101 SET character_set_client = @saved_cs_client */;

--
-- Dumping data for table `ca_movements_x_collections`
--

LOCK TABLES `ca_movements_x_collections` WRITE;
/*!40000 ALTER TABLE `ca_movements_x_collections` DISABLE KEYS */;
/*!40000 ALTER TABLE `ca_movements_x_collections` ENABLE KEYS */;
UNLOCK TABLES;

--
-- Table structure for table `ca_movements_x_entities`
--

DROP TABLE IF EXISTS `ca_movements_x_entities`;
/*!40101 SET @saved_cs_client     = @@character_set_client */;
/*!40101 SET character_set_client = utf8 */;
CREATE TABLE `ca_movements_x_entities` (
  `relation_id` int(10) unsigned NOT NULL AUTO_INCREMENT,
  `movement_id` int(10) unsigned NOT NULL,
  `type_id` smallint(5) unsigned NOT NULL,
  `entity_id` int(10) unsigned NOT NULL,
  `source_info` longtext NOT NULL,
  `sdatetime` decimal(30,20) DEFAULT NULL,
  `edatetime` decimal(30,20) DEFAULT NULL,
  `label_left_id` int(10) unsigned DEFAULT NULL,
  `label_right_id` int(10) unsigned DEFAULT NULL,
  `rank` int(10) unsigned NOT NULL DEFAULT 0,
  PRIMARY KEY (`relation_id`),
  UNIQUE KEY `u_all` (`movement_id`,`entity_id`,`type_id`,`sdatetime`,`edatetime`),
  KEY `i_movement_id` (`movement_id`),
  KEY `i_entity_id` (`entity_id`),
  KEY `i_type_id` (`type_id`),
  KEY `i_label_left_id` (`label_left_id`),
  KEY `i_label_right_id` (`label_right_id`),
  CONSTRAINT `fk_ca_movements_x_entities_entity_id` FOREIGN KEY (`entity_id`) REFERENCES `ca_entities` (`entity_id`),
  CONSTRAINT `fk_ca_movements_x_entities_label_left_id` FOREIGN KEY (`label_left_id`) REFERENCES `ca_movement_labels` (`label_id`),
  CONSTRAINT `fk_ca_movements_x_entities_label_right_id` FOREIGN KEY (`label_right_id`) REFERENCES `ca_entity_labels` (`label_id`),
  CONSTRAINT `fk_ca_movements_x_entities_movement_id` FOREIGN KEY (`movement_id`) REFERENCES `ca_movements` (`movement_id`),
  CONSTRAINT `fk_ca_movements_x_entities_type_id` FOREIGN KEY (`type_id`) REFERENCES `ca_relationship_types` (`type_id`)
) ENGINE=InnoDB DEFAULT CHARSET=utf8;
/*!40101 SET character_set_client = @saved_cs_client */;

--
-- Dumping data for table `ca_movements_x_entities`
--

LOCK TABLES `ca_movements_x_entities` WRITE;
/*!40000 ALTER TABLE `ca_movements_x_entities` DISABLE KEYS */;
/*!40000 ALTER TABLE `ca_movements_x_entities` ENABLE KEYS */;
UNLOCK TABLES;

--
-- Table structure for table `ca_movements_x_movements`
--

DROP TABLE IF EXISTS `ca_movements_x_movements`;
/*!40101 SET @saved_cs_client     = @@character_set_client */;
/*!40101 SET character_set_client = utf8 */;
CREATE TABLE `ca_movements_x_movements` (
  `relation_id` int(10) unsigned NOT NULL AUTO_INCREMENT,
  `movement_left_id` int(10) unsigned NOT NULL,
  `movement_right_id` int(10) unsigned NOT NULL,
  `type_id` smallint(5) unsigned NOT NULL,
  `source_info` text NOT NULL,
  `sdatetime` decimal(30,20) DEFAULT NULL,
  `edatetime` decimal(30,20) DEFAULT NULL,
  `label_left_id` int(10) unsigned DEFAULT NULL,
  `label_right_id` int(10) unsigned DEFAULT NULL,
  `rank` int(10) unsigned NOT NULL DEFAULT 0,
  PRIMARY KEY (`relation_id`),
  UNIQUE KEY `u_all` (`movement_left_id`,`movement_right_id`,`type_id`,`sdatetime`,`edatetime`),
  KEY `i_movement_left_id` (`movement_left_id`),
  KEY `i_movement_right_id` (`movement_right_id`),
  KEY `i_type_id` (`type_id`),
  KEY `i_label_left_id` (`label_left_id`),
  KEY `i_label_right_id` (`label_right_id`),
  CONSTRAINT `fk_ca_movements_x_movements_label_left_id` FOREIGN KEY (`label_left_id`) REFERENCES `ca_movement_labels` (`label_id`),
  CONSTRAINT `fk_ca_movements_x_movements_label_right_id` FOREIGN KEY (`label_right_id`) REFERENCES `ca_movement_labels` (`label_id`),
  CONSTRAINT `fk_ca_movements_x_movements_movement_left_id` FOREIGN KEY (`movement_left_id`) REFERENCES `ca_movements` (`movement_id`),
  CONSTRAINT `fk_ca_movements_x_movements_movement_right_id` FOREIGN KEY (`movement_right_id`) REFERENCES `ca_movements` (`movement_id`),
  CONSTRAINT `fk_ca_movements_x_movements_type_id` FOREIGN KEY (`type_id`) REFERENCES `ca_relationship_types` (`type_id`)
) ENGINE=InnoDB DEFAULT CHARSET=utf8;
/*!40101 SET character_set_client = @saved_cs_client */;

--
-- Dumping data for table `ca_movements_x_movements`
--

LOCK TABLES `ca_movements_x_movements` WRITE;
/*!40000 ALTER TABLE `ca_movements_x_movements` DISABLE KEYS */;
/*!40000 ALTER TABLE `ca_movements_x_movements` ENABLE KEYS */;
UNLOCK TABLES;

--
-- Table structure for table `ca_movements_x_object_lots`
--

DROP TABLE IF EXISTS `ca_movements_x_object_lots`;
/*!40101 SET @saved_cs_client     = @@character_set_client */;
/*!40101 SET character_set_client = utf8 */;
CREATE TABLE `ca_movements_x_object_lots` (
  `relation_id` int(10) unsigned NOT NULL AUTO_INCREMENT,
  `movement_id` int(10) unsigned NOT NULL,
  `type_id` smallint(5) unsigned NOT NULL,
  `lot_id` int(10) unsigned NOT NULL,
  `source_info` longtext NOT NULL,
  `sdatetime` decimal(30,20) DEFAULT NULL,
  `edatetime` decimal(30,20) DEFAULT NULL,
  `label_left_id` int(10) unsigned DEFAULT NULL,
  `label_right_id` int(10) unsigned DEFAULT NULL,
  `rank` int(10) unsigned NOT NULL DEFAULT 0,
  PRIMARY KEY (`relation_id`),
  UNIQUE KEY `u_all` (`movement_id`,`lot_id`,`type_id`,`sdatetime`,`edatetime`),
  KEY `i_movement_id` (`movement_id`),
  KEY `i_lot_id` (`lot_id`),
  KEY `i_type_id` (`type_id`),
  KEY `i_label_left_id` (`label_left_id`),
  KEY `i_label_right_id` (`label_right_id`),
  CONSTRAINT `fk_ca_movements_x_object_lots_label_left_id` FOREIGN KEY (`label_left_id`) REFERENCES `ca_movement_labels` (`label_id`),
  CONSTRAINT `fk_ca_movements_x_object_lots_label_right_id` FOREIGN KEY (`label_right_id`) REFERENCES `ca_object_lot_labels` (`label_id`),
  CONSTRAINT `fk_ca_movements_x_object_lots_lot_id` FOREIGN KEY (`lot_id`) REFERENCES `ca_object_lots` (`lot_id`),
  CONSTRAINT `fk_ca_movements_x_object_lots_movement_id` FOREIGN KEY (`movement_id`) REFERENCES `ca_movements` (`movement_id`),
  CONSTRAINT `fk_ca_movements_x_object_lots_type_id` FOREIGN KEY (`type_id`) REFERENCES `ca_relationship_types` (`type_id`)
) ENGINE=InnoDB DEFAULT CHARSET=utf8;
/*!40101 SET character_set_client = @saved_cs_client */;

--
-- Dumping data for table `ca_movements_x_object_lots`
--

LOCK TABLES `ca_movements_x_object_lots` WRITE;
/*!40000 ALTER TABLE `ca_movements_x_object_lots` DISABLE KEYS */;
/*!40000 ALTER TABLE `ca_movements_x_object_lots` ENABLE KEYS */;
UNLOCK TABLES;

--
-- Table structure for table `ca_movements_x_object_representations`
--

DROP TABLE IF EXISTS `ca_movements_x_object_representations`;
/*!40101 SET @saved_cs_client     = @@character_set_client */;
/*!40101 SET character_set_client = utf8 */;
CREATE TABLE `ca_movements_x_object_representations` (
  `relation_id` int(10) unsigned NOT NULL AUTO_INCREMENT,
  `representation_id` int(10) unsigned NOT NULL,
  `movement_id` int(10) unsigned NOT NULL,
  `type_id` smallint(5) unsigned NOT NULL,
  `source_info` longtext NOT NULL,
  `sdatetime` decimal(30,20) DEFAULT NULL,
  `edatetime` decimal(30,20) DEFAULT NULL,
  `label_left_id` int(10) unsigned DEFAULT NULL,
  `label_right_id` int(10) unsigned DEFAULT NULL,
  `rank` int(10) unsigned NOT NULL DEFAULT 0,
  `is_primary` tinyint(4) NOT NULL,
  PRIMARY KEY (`relation_id`),
  UNIQUE KEY `u_all` (`type_id`,`representation_id`,`movement_id`,`sdatetime`,`edatetime`),
  KEY `i_representation_id` (`representation_id`),
  KEY `i_movement_id` (`movement_id`),
  KEY `i_type_id` (`type_id`),
  KEY `i_label_left_id` (`label_left_id`),
  KEY `i_label_right_id` (`label_right_id`),
  CONSTRAINT `fk_ca_movements_x_object_representations_label_left_id` FOREIGN KEY (`label_left_id`) REFERENCES `ca_object_representation_labels` (`label_id`),
  CONSTRAINT `fk_ca_movements_x_object_representations_label_right_id` FOREIGN KEY (`label_right_id`) REFERENCES `ca_movement_labels` (`label_id`),
  CONSTRAINT `fk_ca_movements_x_object_representations_movement_id` FOREIGN KEY (`movement_id`) REFERENCES `ca_movements` (`movement_id`),
  CONSTRAINT `fk_ca_movements_x_object_representations_representation_id` FOREIGN KEY (`representation_id`) REFERENCES `ca_object_representations` (`representation_id`),
  CONSTRAINT `fk_ca_movements_x_object_representations_type_id` FOREIGN KEY (`type_id`) REFERENCES `ca_relationship_types` (`type_id`)
) ENGINE=InnoDB DEFAULT CHARSET=utf8;
/*!40101 SET character_set_client = @saved_cs_client */;

--
-- Dumping data for table `ca_movements_x_object_representations`
--

LOCK TABLES `ca_movements_x_object_representations` WRITE;
/*!40000 ALTER TABLE `ca_movements_x_object_representations` DISABLE KEYS */;
/*!40000 ALTER TABLE `ca_movements_x_object_representations` ENABLE KEYS */;
UNLOCK TABLES;

--
-- Table structure for table `ca_movements_x_objects`
--

DROP TABLE IF EXISTS `ca_movements_x_objects`;
/*!40101 SET @saved_cs_client     = @@character_set_client */;
/*!40101 SET character_set_client = utf8 */;
CREATE TABLE `ca_movements_x_objects` (
  `relation_id` int(10) unsigned NOT NULL AUTO_INCREMENT,
  `movement_id` int(10) unsigned NOT NULL,
  `type_id` smallint(5) unsigned NOT NULL,
  `object_id` int(10) unsigned NOT NULL,
  `source_info` longtext NOT NULL,
  `sdatetime` decimal(30,20) DEFAULT NULL,
  `edatetime` decimal(30,20) DEFAULT NULL,
  `label_left_id` int(10) unsigned DEFAULT NULL,
  `label_right_id` int(10) unsigned DEFAULT NULL,
  `rank` int(10) unsigned NOT NULL DEFAULT 0,
  PRIMARY KEY (`relation_id`),
  UNIQUE KEY `u_all` (`movement_id`,`object_id`,`type_id`,`sdatetime`,`edatetime`),
  KEY `i_movement_id` (`movement_id`),
  KEY `i_object_id` (`object_id`),
  KEY `i_type_id` (`type_id`),
  KEY `i_label_left_id` (`label_left_id`),
  KEY `i_label_right_id` (`label_right_id`),
  CONSTRAINT `fk_ca_movements_x_objects_label_left_id` FOREIGN KEY (`label_left_id`) REFERENCES `ca_movement_labels` (`label_id`),
  CONSTRAINT `fk_ca_movements_x_objects_label_right_id` FOREIGN KEY (`label_right_id`) REFERENCES `ca_object_labels` (`label_id`),
  CONSTRAINT `fk_ca_movements_x_objects_movement_id` FOREIGN KEY (`movement_id`) REFERENCES `ca_movements` (`movement_id`),
  CONSTRAINT `fk_ca_movements_x_objects_object_id` FOREIGN KEY (`object_id`) REFERENCES `ca_objects` (`object_id`),
  CONSTRAINT `fk_ca_movements_x_objects_type_id` FOREIGN KEY (`type_id`) REFERENCES `ca_relationship_types` (`type_id`)
) ENGINE=InnoDB DEFAULT CHARSET=utf8;
/*!40101 SET character_set_client = @saved_cs_client */;

--
-- Dumping data for table `ca_movements_x_objects`
--

LOCK TABLES `ca_movements_x_objects` WRITE;
/*!40000 ALTER TABLE `ca_movements_x_objects` DISABLE KEYS */;
/*!40000 ALTER TABLE `ca_movements_x_objects` ENABLE KEYS */;
UNLOCK TABLES;

--
-- Table structure for table `ca_movements_x_occurrences`
--

DROP TABLE IF EXISTS `ca_movements_x_occurrences`;
/*!40101 SET @saved_cs_client     = @@character_set_client */;
/*!40101 SET character_set_client = utf8 */;
CREATE TABLE `ca_movements_x_occurrences` (
  `relation_id` int(10) unsigned NOT NULL AUTO_INCREMENT,
  `movement_id` int(10) unsigned NOT NULL,
  `occurrence_id` int(10) unsigned NOT NULL,
  `type_id` smallint(5) unsigned NOT NULL,
  `source_info` longtext NOT NULL,
  `sdatetime` decimal(30,20) DEFAULT NULL,
  `edatetime` decimal(30,20) DEFAULT NULL,
  `label_left_id` int(10) unsigned DEFAULT NULL,
  `label_right_id` int(10) unsigned DEFAULT NULL,
  `rank` int(10) unsigned NOT NULL DEFAULT 0,
  PRIMARY KEY (`relation_id`),
  UNIQUE KEY `u_all` (`movement_id`,`occurrence_id`,`type_id`,`sdatetime`,`edatetime`),
  KEY `i_movement_id` (`movement_id`),
  KEY `i_occurrence_id` (`occurrence_id`),
  KEY `i_type_id` (`type_id`),
  KEY `i_label_left_id` (`label_left_id`),
  KEY `i_label_right_id` (`label_right_id`),
  CONSTRAINT `fk_ca_movements_x_occurrences_label_left_id` FOREIGN KEY (`label_left_id`) REFERENCES `ca_movement_labels` (`label_id`),
  CONSTRAINT `fk_ca_movements_x_occurrences_label_right_id` FOREIGN KEY (`label_right_id`) REFERENCES `ca_occurrence_labels` (`label_id`),
  CONSTRAINT `fk_ca_movements_x_occurrences_movement_id` FOREIGN KEY (`movement_id`) REFERENCES `ca_movements` (`movement_id`),
  CONSTRAINT `fk_ca_movements_x_occurrences_occurrence_id` FOREIGN KEY (`occurrence_id`) REFERENCES `ca_occurrences` (`occurrence_id`),
  CONSTRAINT `fk_ca_movements_x_occurrences_type_id` FOREIGN KEY (`type_id`) REFERENCES `ca_relationship_types` (`type_id`)
) ENGINE=InnoDB DEFAULT CHARSET=utf8;
/*!40101 SET character_set_client = @saved_cs_client */;

--
-- Dumping data for table `ca_movements_x_occurrences`
--

LOCK TABLES `ca_movements_x_occurrences` WRITE;
/*!40000 ALTER TABLE `ca_movements_x_occurrences` DISABLE KEYS */;
/*!40000 ALTER TABLE `ca_movements_x_occurrences` ENABLE KEYS */;
UNLOCK TABLES;

--
-- Table structure for table `ca_movements_x_places`
--

DROP TABLE IF EXISTS `ca_movements_x_places`;
/*!40101 SET @saved_cs_client     = @@character_set_client */;
/*!40101 SET character_set_client = utf8 */;
CREATE TABLE `ca_movements_x_places` (
  `relation_id` int(10) unsigned NOT NULL AUTO_INCREMENT,
  `movement_id` int(10) unsigned NOT NULL,
  `place_id` int(10) unsigned NOT NULL,
  `type_id` smallint(5) unsigned NOT NULL,
  `source_info` longtext NOT NULL,
  `sdatetime` decimal(30,20) DEFAULT NULL,
  `edatetime` decimal(30,20) DEFAULT NULL,
  `label_left_id` int(10) unsigned DEFAULT NULL,
  `label_right_id` int(10) unsigned DEFAULT NULL,
  `rank` int(10) unsigned NOT NULL DEFAULT 0,
  PRIMARY KEY (`relation_id`),
  UNIQUE KEY `u_all` (`movement_id`,`place_id`,`type_id`,`sdatetime`,`edatetime`),
  KEY `i_movement_id` (`movement_id`),
  KEY `i_place_id` (`place_id`),
  KEY `i_type_id` (`type_id`),
  KEY `i_label_left_id` (`label_left_id`),
  KEY `i_label_right_id` (`label_right_id`),
  CONSTRAINT `fk_ca_movements_x_places_label_left_id` FOREIGN KEY (`label_left_id`) REFERENCES `ca_movement_labels` (`label_id`),
  CONSTRAINT `fk_ca_movements_x_places_label_right_id` FOREIGN KEY (`label_right_id`) REFERENCES `ca_place_labels` (`label_id`),
  CONSTRAINT `fk_ca_movements_x_places_movement_id` FOREIGN KEY (`movement_id`) REFERENCES `ca_movements` (`movement_id`),
  CONSTRAINT `fk_ca_movements_x_places_place_id` FOREIGN KEY (`place_id`) REFERENCES `ca_places` (`place_id`),
  CONSTRAINT `fk_ca_movements_x_places_type_id` FOREIGN KEY (`type_id`) REFERENCES `ca_relationship_types` (`type_id`)
) ENGINE=InnoDB DEFAULT CHARSET=utf8;
/*!40101 SET character_set_client = @saved_cs_client */;

--
-- Dumping data for table `ca_movements_x_places`
--

LOCK TABLES `ca_movements_x_places` WRITE;
/*!40000 ALTER TABLE `ca_movements_x_places` DISABLE KEYS */;
/*!40000 ALTER TABLE `ca_movements_x_places` ENABLE KEYS */;
UNLOCK TABLES;

--
-- Table structure for table `ca_movements_x_storage_locations`
--

DROP TABLE IF EXISTS `ca_movements_x_storage_locations`;
/*!40101 SET @saved_cs_client     = @@character_set_client */;
/*!40101 SET character_set_client = utf8 */;
CREATE TABLE `ca_movements_x_storage_locations` (
  `relation_id` int(10) unsigned NOT NULL AUTO_INCREMENT,
  `movement_id` int(10) unsigned NOT NULL,
  `location_id` int(10) unsigned NOT NULL,
  `type_id` smallint(5) unsigned NOT NULL,
  `source_info` longtext NOT NULL,
  `sdatetime` decimal(30,20) DEFAULT NULL,
  `edatetime` decimal(30,20) DEFAULT NULL,
  `label_left_id` int(10) unsigned DEFAULT NULL,
  `label_right_id` int(10) unsigned DEFAULT NULL,
  `rank` int(10) unsigned NOT NULL DEFAULT 0,
  PRIMARY KEY (`relation_id`),
  UNIQUE KEY `u_all` (`movement_id`,`location_id`,`type_id`,`sdatetime`,`edatetime`),
  KEY `i_movement_id` (`movement_id`),
  KEY `i_location_id` (`location_id`),
  KEY `i_type_id` (`type_id`),
  KEY `i_label_left_id` (`label_left_id`),
  KEY `i_label_right_id` (`label_right_id`),
  CONSTRAINT `fk_ca_movements_x_storage_locations_label_left_id` FOREIGN KEY (`label_left_id`) REFERENCES `ca_movement_labels` (`label_id`),
  CONSTRAINT `fk_ca_movements_x_storage_locations_label_right_id` FOREIGN KEY (`label_right_id`) REFERENCES `ca_storage_location_labels` (`label_id`),
  CONSTRAINT `fk_ca_movements_x_storage_locations_location_id` FOREIGN KEY (`location_id`) REFERENCES `ca_storage_locations` (`location_id`),
  CONSTRAINT `fk_ca_movements_x_storage_locations_movement_id` FOREIGN KEY (`movement_id`) REFERENCES `ca_movements` (`movement_id`),
  CONSTRAINT `fk_ca_movements_x_storage_locations_type_id` FOREIGN KEY (`type_id`) REFERENCES `ca_relationship_types` (`type_id`)
) ENGINE=InnoDB DEFAULT CHARSET=utf8;
/*!40101 SET character_set_client = @saved_cs_client */;

--
-- Dumping data for table `ca_movements_x_storage_locations`
--

LOCK TABLES `ca_movements_x_storage_locations` WRITE;
/*!40000 ALTER TABLE `ca_movements_x_storage_locations` DISABLE KEYS */;
/*!40000 ALTER TABLE `ca_movements_x_storage_locations` ENABLE KEYS */;
UNLOCK TABLES;

--
-- Table structure for table `ca_movements_x_vocabulary_terms`
--

DROP TABLE IF EXISTS `ca_movements_x_vocabulary_terms`;
/*!40101 SET @saved_cs_client     = @@character_set_client */;
/*!40101 SET character_set_client = utf8 */;
CREATE TABLE `ca_movements_x_vocabulary_terms` (
  `relation_id` int(10) unsigned NOT NULL AUTO_INCREMENT,
  `movement_id` int(10) unsigned NOT NULL,
  `item_id` int(10) unsigned NOT NULL,
  `type_id` smallint(5) unsigned NOT NULL,
  `source_info` longtext NOT NULL,
  `sdatetime` decimal(30,20) DEFAULT NULL,
  `edatetime` decimal(30,20) DEFAULT NULL,
  `label_left_id` int(10) unsigned DEFAULT NULL,
  `label_right_id` int(10) unsigned DEFAULT NULL,
  `rank` int(10) unsigned NOT NULL DEFAULT 0,
  PRIMARY KEY (`relation_id`),
  UNIQUE KEY `u_all` (`movement_id`,`item_id`,`type_id`,`sdatetime`,`edatetime`),
  KEY `i_movement_id` (`movement_id`),
  KEY `i_item_id` (`item_id`),
  KEY `i_type_id` (`type_id`),
  KEY `i_label_left_id` (`label_left_id`),
  KEY `i_label_right_id` (`label_right_id`),
  CONSTRAINT `fk_ca_movements_x_vocabulary_terms_item_id` FOREIGN KEY (`item_id`) REFERENCES `ca_list_items` (`item_id`),
  CONSTRAINT `fk_ca_movements_x_vocabulary_terms_label_left_id` FOREIGN KEY (`label_left_id`) REFERENCES `ca_movement_labels` (`label_id`),
  CONSTRAINT `fk_ca_movements_x_vocabulary_terms_label_right_id` FOREIGN KEY (`label_right_id`) REFERENCES `ca_list_item_labels` (`label_id`),
  CONSTRAINT `fk_ca_movements_x_vocabulary_terms_movement_id` FOREIGN KEY (`movement_id`) REFERENCES `ca_movements` (`movement_id`),
  CONSTRAINT `fk_ca_movements_x_vocabulary_terms_type_id` FOREIGN KEY (`type_id`) REFERENCES `ca_relationship_types` (`type_id`)
) ENGINE=InnoDB DEFAULT CHARSET=utf8;
/*!40101 SET character_set_client = @saved_cs_client */;

--
-- Dumping data for table `ca_movements_x_vocabulary_terms`
--

LOCK TABLES `ca_movements_x_vocabulary_terms` WRITE;
/*!40000 ALTER TABLE `ca_movements_x_vocabulary_terms` DISABLE KEYS */;
/*!40000 ALTER TABLE `ca_movements_x_vocabulary_terms` ENABLE KEYS */;
UNLOCK TABLES;

--
-- Table structure for table `ca_multipart_idno_sequences`
--

DROP TABLE IF EXISTS `ca_multipart_idno_sequences`;
/*!40101 SET @saved_cs_client     = @@character_set_client */;
/*!40101 SET character_set_client = utf8 */;
CREATE TABLE `ca_multipart_idno_sequences` (
  `idno_stub` varchar(255) NOT NULL,
  `format` varchar(100) NOT NULL,
  `element` varchar(100) NOT NULL,
  `seq` int(10) unsigned NOT NULL,
  PRIMARY KEY (`idno_stub`,`format`,`element`)
) ENGINE=InnoDB DEFAULT CHARSET=utf8;
/*!40101 SET character_set_client = @saved_cs_client */;

--
-- Dumping data for table `ca_multipart_idno_sequences`
--

LOCK TABLES `ca_multipart_idno_sequences` WRITE;
/*!40000 ALTER TABLE `ca_multipart_idno_sequences` DISABLE KEYS */;
/*!40000 ALTER TABLE `ca_multipart_idno_sequences` ENABLE KEYS */;
UNLOCK TABLES;

--
-- Table structure for table `ca_notification_subjects`
--

DROP TABLE IF EXISTS `ca_notification_subjects`;
/*!40101 SET @saved_cs_client     = @@character_set_client */;
/*!40101 SET character_set_client = utf8 */;
CREATE TABLE `ca_notification_subjects` (
  `subject_id` int(10) unsigned NOT NULL AUTO_INCREMENT,
  `notification_id` int(10) unsigned NOT NULL,
  `was_read` tinyint(3) unsigned NOT NULL DEFAULT 0,
  `read_on` int(10) unsigned DEFAULT NULL,
  `table_num` tinyint(3) unsigned NOT NULL,
  `row_id` int(10) unsigned NOT NULL,
  `delivery_email` tinyint(3) unsigned NOT NULL DEFAULT 0,
  `delivery_email_sent_on` int(10) unsigned DEFAULT NULL,
  `delivery_inbox` tinyint(3) unsigned NOT NULL DEFAULT 1,
  PRIMARY KEY (`subject_id`),
  KEY `i_notification_id` (`notification_id`),
  KEY `i_table_num_row_id` (`table_num`,`row_id`,`read_on`),
  KEY `i_delivery_email` (`delivery_email`,`delivery_email_sent_on`),
  KEY `i_delivery_inbox` (`delivery_inbox`)
) ENGINE=InnoDB DEFAULT CHARSET=utf8;
/*!40101 SET character_set_client = @saved_cs_client */;

--
-- Dumping data for table `ca_notification_subjects`
--

LOCK TABLES `ca_notification_subjects` WRITE;
/*!40000 ALTER TABLE `ca_notification_subjects` DISABLE KEYS */;
/*!40000 ALTER TABLE `ca_notification_subjects` ENABLE KEYS */;
UNLOCK TABLES;

--
-- Table structure for table `ca_notifications`
--

DROP TABLE IF EXISTS `ca_notifications`;
/*!40101 SET @saved_cs_client     = @@character_set_client */;
/*!40101 SET character_set_client = utf8 */;
CREATE TABLE `ca_notifications` (
  `notification_id` int(10) unsigned NOT NULL AUTO_INCREMENT,
  `notification_type` tinyint(3) unsigned NOT NULL DEFAULT 0,
  `datetime` int(10) unsigned NOT NULL,
  `message` longtext DEFAULT NULL,
  `is_system` tinyint(3) unsigned NOT NULL DEFAULT 0,
  `notification_key` char(32) NOT NULL DEFAULT '',
  `extra_data` longtext NOT NULL,
  PRIMARY KEY (`notification_id`),
  KEY `i_datetime` (`datetime`),
  KEY `i_notification_type` (`notification_type`),
  KEY `i_notification_key` (`notification_key`)
) ENGINE=InnoDB DEFAULT CHARSET=utf8;
/*!40101 SET character_set_client = @saved_cs_client */;

--
-- Dumping data for table `ca_notifications`
--

LOCK TABLES `ca_notifications` WRITE;
/*!40000 ALTER TABLE `ca_notifications` DISABLE KEYS */;
/*!40000 ALTER TABLE `ca_notifications` ENABLE KEYS */;
UNLOCK TABLES;

--
-- Table structure for table `ca_object_checkouts`
--

DROP TABLE IF EXISTS `ca_object_checkouts`;
/*!40101 SET @saved_cs_client     = @@character_set_client */;
/*!40101 SET character_set_client = utf8 */;
CREATE TABLE `ca_object_checkouts` (
  `checkout_id` int(10) unsigned NOT NULL AUTO_INCREMENT,
  `group_uuid` char(36) NOT NULL,
  `object_id` int(10) unsigned NOT NULL,
  `user_id` int(10) unsigned NOT NULL,
  `created_on` int(10) unsigned NOT NULL,
  `checkout_date` int(10) unsigned DEFAULT NULL,
  `due_date` int(10) unsigned DEFAULT NULL,
  `return_date` int(10) unsigned DEFAULT NULL,
  `checkout_notes` text NOT NULL,
  `return_notes` text NOT NULL,
  `last_sent_coming_due_email` int(10) unsigned DEFAULT NULL,
  `last_sent_overdue_email` int(10) unsigned DEFAULT NULL,
  `last_reservation_available_email` int(10) unsigned DEFAULT NULL,
  `deleted` tinyint(3) unsigned NOT NULL,
  PRIMARY KEY (`checkout_id`),
  KEY `i_group_uuid` (`group_uuid`),
  KEY `i_object_id` (`object_id`),
  KEY `i_user_id` (`user_id`),
  KEY `i_created_on` (`created_on`),
  KEY `i_checkout_date` (`checkout_date`),
  KEY `i_due_date` (`due_date`),
  KEY `i_return_date` (`return_date`),
  KEY `i_last_sent_coming_due_email` (`last_sent_coming_due_email`),
  KEY `i_last_reservation_available_email` (`last_reservation_available_email`),
  CONSTRAINT `fk_ca_object_checkouts_object_id` FOREIGN KEY (`object_id`) REFERENCES `ca_objects` (`object_id`),
  CONSTRAINT `fk_ca_object_checkouts_user_id` FOREIGN KEY (`user_id`) REFERENCES `ca_users` (`user_id`)
) ENGINE=InnoDB DEFAULT CHARSET=utf8;
/*!40101 SET character_set_client = @saved_cs_client */;

--
-- Dumping data for table `ca_object_checkouts`
--

LOCK TABLES `ca_object_checkouts` WRITE;
/*!40000 ALTER TABLE `ca_object_checkouts` DISABLE KEYS */;
/*!40000 ALTER TABLE `ca_object_checkouts` ENABLE KEYS */;
UNLOCK TABLES;

--
-- Table structure for table `ca_object_labels`
--

DROP TABLE IF EXISTS `ca_object_labels`;
/*!40101 SET @saved_cs_client     = @@character_set_client */;
/*!40101 SET character_set_client = utf8 */;
CREATE TABLE `ca_object_labels` (
  `label_id` int(10) unsigned NOT NULL AUTO_INCREMENT,
  `object_id` int(10) unsigned NOT NULL,
  `locale_id` smallint(5) unsigned NOT NULL,
  `type_id` int(10) unsigned DEFAULT NULL,
  `name` varchar(1024) NOT NULL,
  `name_sort` varchar(1024) NOT NULL,
  `source_info` longtext NOT NULL,
  `is_preferred` tinyint(3) unsigned NOT NULL,
  PRIMARY KEY (`label_id`),
  UNIQUE KEY `u_all` (`object_id`,`name`(255),`type_id`,`locale_id`),
  KEY `i_name` (`name`(128)),
  KEY `i_object_id` (`object_id`),
  KEY `i_name_sort` (`name_sort`(128)),
  KEY `i_type_id` (`type_id`),
  KEY `i_locale_id` (`locale_id`),
  CONSTRAINT `fk_ca_object_labels_locale_id` FOREIGN KEY (`locale_id`) REFERENCES `ca_locales` (`locale_id`),
  CONSTRAINT `fk_ca_object_labels_object_id` FOREIGN KEY (`object_id`) REFERENCES `ca_objects` (`object_id`),
  CONSTRAINT `fk_ca_object_labels_type_id` FOREIGN KEY (`type_id`) REFERENCES `ca_list_items` (`item_id`)
) ENGINE=InnoDB DEFAULT CHARSET=utf8;
/*!40101 SET character_set_client = @saved_cs_client */;

--
-- Dumping data for table `ca_object_labels`
--

LOCK TABLES `ca_object_labels` WRITE;
/*!40000 ALTER TABLE `ca_object_labels` DISABLE KEYS */;
/*!40000 ALTER TABLE `ca_object_labels` ENABLE KEYS */;
UNLOCK TABLES;

--
-- Table structure for table `ca_object_lot_labels`
--

DROP TABLE IF EXISTS `ca_object_lot_labels`;
/*!40101 SET @saved_cs_client     = @@character_set_client */;
/*!40101 SET character_set_client = utf8 */;
CREATE TABLE `ca_object_lot_labels` (
  `label_id` int(10) unsigned NOT NULL AUTO_INCREMENT,
  `lot_id` int(10) unsigned NOT NULL,
  `locale_id` smallint(5) unsigned NOT NULL,
  `type_id` int(10) unsigned DEFAULT NULL,
  `name` varchar(1024) NOT NULL,
  `name_sort` varchar(1024) NOT NULL,
  `source_info` longtext NOT NULL,
  `is_preferred` tinyint(3) unsigned NOT NULL,
  PRIMARY KEY (`label_id`),
  UNIQUE KEY `u_all` (`lot_id`,`name`(255),`type_id`,`locale_id`),
  KEY `i_name` (`name`(128)),
  KEY `i_lot_id` (`lot_id`),
  KEY `i_name_sort` (`name_sort`(128)),
  KEY `i_type_id` (`type_id`),
  KEY `i_locale_id` (`locale_id`),
  CONSTRAINT `fk_ca_object_lot_labels_locale_id` FOREIGN KEY (`locale_id`) REFERENCES `ca_locales` (`locale_id`),
  CONSTRAINT `fk_ca_object_lot_labels_lot_id` FOREIGN KEY (`lot_id`) REFERENCES `ca_object_lots` (`lot_id`),
  CONSTRAINT `fk_ca_object_lot_labels_type_id` FOREIGN KEY (`type_id`) REFERENCES `ca_list_items` (`item_id`)
) ENGINE=InnoDB DEFAULT CHARSET=utf8;
/*!40101 SET character_set_client = @saved_cs_client */;

--
-- Dumping data for table `ca_object_lot_labels`
--

LOCK TABLES `ca_object_lot_labels` WRITE;
/*!40000 ALTER TABLE `ca_object_lot_labels` DISABLE KEYS */;
/*!40000 ALTER TABLE `ca_object_lot_labels` ENABLE KEYS */;
UNLOCK TABLES;

--
-- Table structure for table `ca_object_lots`
--

DROP TABLE IF EXISTS `ca_object_lots`;
/*!40101 SET @saved_cs_client     = @@character_set_client */;
/*!40101 SET character_set_client = utf8 */;
CREATE TABLE `ca_object_lots` (
  `lot_id` int(10) unsigned NOT NULL AUTO_INCREMENT,
  `type_id` int(10) unsigned NOT NULL,
  `lot_status_id` int(10) unsigned NOT NULL,
  `idno_stub` varchar(255) NOT NULL,
  `idno_stub_sort` varchar(255) NOT NULL,
  `is_template` tinyint(3) unsigned NOT NULL DEFAULT 0,
  `commenting_status` tinyint(3) unsigned NOT NULL DEFAULT 0,
  `tagging_status` tinyint(3) unsigned NOT NULL DEFAULT 0,
  `rating_status` tinyint(3) unsigned NOT NULL DEFAULT 0,
  `view_count` int(10) unsigned NOT NULL DEFAULT 0,
  `extent` smallint(5) unsigned NOT NULL,
  `extent_units` varchar(255) NOT NULL,
  `access` tinyint(4) NOT NULL DEFAULT 0,
  `status` tinyint(3) unsigned NOT NULL DEFAULT 0,
  `source_id` int(10) unsigned DEFAULT NULL,
  `source_info` longtext NOT NULL,
  `deleted` tinyint(3) unsigned NOT NULL DEFAULT 0,
  `rank` int(10) unsigned NOT NULL DEFAULT 0,
  `submission_user_id` int(10) unsigned DEFAULT NULL,
  `submission_group_id` int(10) unsigned DEFAULT NULL,
  `submission_status_id` int(10) unsigned DEFAULT NULL,
  `submission_via_form` varchar(100) DEFAULT NULL,
  PRIMARY KEY (`lot_id`),
  KEY `i_admin_idno_stub` (`idno_stub`),
  KEY `i_type_id` (`type_id`),
  KEY `i_source_id` (`source_id`),
  KEY `i_admin_idno_stub_sort` (`idno_stub_sort`),
  KEY `i_lot_status_id` (`lot_status_id`),
  KEY `i_view_count` (`view_count`),
  KEY `i_lot_filter` (`lot_id`,`deleted`,`access`),
  KEY `i_submission_user_id` (`submission_user_id`),
  KEY `i_submission_group_id` (`submission_group_id`),
  KEY `i_submission_status_id` (`submission_status_id`),
  KEY `i_submission_via_form` (`submission_via_form`),
  CONSTRAINT `fk_ca_object_lots_lot_status_id` FOREIGN KEY (`lot_status_id`) REFERENCES `ca_list_items` (`item_id`),
  CONSTRAINT `fk_ca_object_lots_source_id` FOREIGN KEY (`source_id`) REFERENCES `ca_list_items` (`item_id`),
  CONSTRAINT `fk_ca_object_lots_submission_group_id` FOREIGN KEY (`submission_group_id`) REFERENCES `ca_user_groups` (`group_id`),
  CONSTRAINT `fk_ca_object_lots_submission_status_id` FOREIGN KEY (`submission_status_id`) REFERENCES `ca_list_items` (`item_id`),
  CONSTRAINT `fk_ca_object_lots_submission_user_id` FOREIGN KEY (`submission_user_id`) REFERENCES `ca_users` (`user_id`),
  CONSTRAINT `fk_ca_object_lots_type_id` FOREIGN KEY (`type_id`) REFERENCES `ca_list_items` (`item_id`)
) ENGINE=InnoDB DEFAULT CHARSET=utf8;
/*!40101 SET character_set_client = @saved_cs_client */;

--
-- Dumping data for table `ca_object_lots`
--

LOCK TABLES `ca_object_lots` WRITE;
/*!40000 ALTER TABLE `ca_object_lots` DISABLE KEYS */;
/*!40000 ALTER TABLE `ca_object_lots` ENABLE KEYS */;
UNLOCK TABLES;

--
-- Table structure for table `ca_object_lots_x_collections`
--

DROP TABLE IF EXISTS `ca_object_lots_x_collections`;
/*!40101 SET @saved_cs_client     = @@character_set_client */;
/*!40101 SET character_set_client = utf8 */;
CREATE TABLE `ca_object_lots_x_collections` (
  `relation_id` int(10) unsigned NOT NULL AUTO_INCREMENT,
  `lot_id` int(10) unsigned NOT NULL,
  `collection_id` int(10) unsigned NOT NULL,
  `type_id` smallint(5) unsigned NOT NULL,
  `source_info` longtext NOT NULL,
  `sdatetime` decimal(30,20) DEFAULT NULL,
  `edatetime` decimal(30,20) DEFAULT NULL,
  `label_left_id` int(10) unsigned DEFAULT NULL,
  `label_right_id` int(10) unsigned DEFAULT NULL,
  `rank` int(10) unsigned NOT NULL DEFAULT 0,
  PRIMARY KEY (`relation_id`),
  UNIQUE KEY `u_all` (`lot_id`,`collection_id`,`type_id`,`sdatetime`,`edatetime`),
  KEY `i_lot_id` (`lot_id`),
  KEY `i_collection_id` (`collection_id`),
  KEY `i_type_id` (`type_id`),
  KEY `i_label_left_id` (`label_left_id`),
  KEY `i_label_right_id` (`label_right_id`),
  CONSTRAINT `fk_ca_object_lots_x_collections_collection_id` FOREIGN KEY (`collection_id`) REFERENCES `ca_collections` (`collection_id`),
  CONSTRAINT `fk_ca_object_lots_x_collections_label_right_id` FOREIGN KEY (`label_right_id`) REFERENCES `ca_collection_labels` (`label_id`),
  CONSTRAINT `fk_ca_object_lots_x_collections_left_id` FOREIGN KEY (`label_left_id`) REFERENCES `ca_object_lot_labels` (`label_id`),
  CONSTRAINT `fk_ca_object_lots_x_collections_lot_id` FOREIGN KEY (`lot_id`) REFERENCES `ca_object_lots` (`lot_id`),
  CONSTRAINT `fk_ca_object_lots_x_collections_type_id` FOREIGN KEY (`type_id`) REFERENCES `ca_relationship_types` (`type_id`)
) ENGINE=InnoDB DEFAULT CHARSET=utf8;
/*!40101 SET character_set_client = @saved_cs_client */;

--
-- Dumping data for table `ca_object_lots_x_collections`
--

LOCK TABLES `ca_object_lots_x_collections` WRITE;
/*!40000 ALTER TABLE `ca_object_lots_x_collections` DISABLE KEYS */;
/*!40000 ALTER TABLE `ca_object_lots_x_collections` ENABLE KEYS */;
UNLOCK TABLES;

--
-- Table structure for table `ca_object_lots_x_entities`
--

DROP TABLE IF EXISTS `ca_object_lots_x_entities`;
/*!40101 SET @saved_cs_client     = @@character_set_client */;
/*!40101 SET character_set_client = utf8 */;
CREATE TABLE `ca_object_lots_x_entities` (
  `relation_id` int(10) unsigned NOT NULL AUTO_INCREMENT,
  `entity_id` int(10) unsigned NOT NULL,
  `lot_id` int(10) unsigned NOT NULL,
  `type_id` smallint(5) unsigned NOT NULL,
  `source_info` longtext NOT NULL,
  `sdatetime` decimal(30,20) DEFAULT NULL,
  `edatetime` decimal(30,20) DEFAULT NULL,
  `label_left_id` int(10) unsigned DEFAULT NULL,
  `label_right_id` int(10) unsigned DEFAULT NULL,
  `rank` int(10) unsigned NOT NULL DEFAULT 0,
  PRIMARY KEY (`relation_id`),
  UNIQUE KEY `u_all` (`entity_id`,`type_id`,`sdatetime`,`edatetime`),
  KEY `i_lot_id` (`lot_id`),
  KEY `i_entity_id` (`entity_id`),
  KEY `i_type_id` (`type_id`),
  KEY `i_label_left_id` (`label_left_id`),
  KEY `i_label_right_id` (`label_right_id`),
  CONSTRAINT `fk_ca_object_lots_x_entities_entity_id` FOREIGN KEY (`entity_id`) REFERENCES `ca_entities` (`entity_id`),
  CONSTRAINT `fk_ca_object_lots_x_entities_label_left_id` FOREIGN KEY (`label_left_id`) REFERENCES `ca_object_lot_labels` (`label_id`),
  CONSTRAINT `fk_ca_object_lots_x_entities_label_right_id` FOREIGN KEY (`label_right_id`) REFERENCES `ca_entity_labels` (`label_id`),
  CONSTRAINT `fk_ca_object_lots_x_entities_lot_id` FOREIGN KEY (`lot_id`) REFERENCES `ca_object_lots` (`lot_id`),
  CONSTRAINT `fk_ca_object_lots_x_entities_type_id` FOREIGN KEY (`type_id`) REFERENCES `ca_relationship_types` (`type_id`)
) ENGINE=InnoDB DEFAULT CHARSET=utf8;
/*!40101 SET character_set_client = @saved_cs_client */;

--
-- Dumping data for table `ca_object_lots_x_entities`
--

LOCK TABLES `ca_object_lots_x_entities` WRITE;
/*!40000 ALTER TABLE `ca_object_lots_x_entities` DISABLE KEYS */;
/*!40000 ALTER TABLE `ca_object_lots_x_entities` ENABLE KEYS */;
UNLOCK TABLES;

--
-- Table structure for table `ca_object_lots_x_object_lots`
--

DROP TABLE IF EXISTS `ca_object_lots_x_object_lots`;
/*!40101 SET @saved_cs_client     = @@character_set_client */;
/*!40101 SET character_set_client = utf8 */;
CREATE TABLE `ca_object_lots_x_object_lots` (
  `relation_id` int(10) unsigned NOT NULL AUTO_INCREMENT,
  `lot_left_id` int(10) unsigned NOT NULL,
  `lot_right_id` int(10) unsigned NOT NULL,
  `type_id` smallint(5) unsigned NOT NULL,
  `source_info` longtext NOT NULL,
  `sdatetime` decimal(30,20) DEFAULT NULL,
  `edatetime` decimal(30,20) DEFAULT NULL,
  `label_left_id` int(10) unsigned DEFAULT NULL,
  `label_right_id` int(10) unsigned DEFAULT NULL,
  `rank` int(10) unsigned NOT NULL DEFAULT 0,
  PRIMARY KEY (`relation_id`),
  UNIQUE KEY `u_all` (`lot_left_id`,`lot_right_id`,`type_id`,`sdatetime`,`edatetime`),
  KEY `i_lot_left_id` (`lot_left_id`),
  KEY `i_lot_right_id` (`lot_right_id`),
  KEY `i_type_id` (`type_id`),
  KEY `i_label_left_id` (`label_left_id`),
  KEY `i_label_right_id` (`label_right_id`),
  CONSTRAINT `fk_ca_object_lots_x_object_lots_label_left_id` FOREIGN KEY (`label_left_id`) REFERENCES `ca_object_lot_labels` (`label_id`),
  CONSTRAINT `fk_ca_object_lots_x_object_lots_label_right_id` FOREIGN KEY (`label_right_id`) REFERENCES `ca_object_lot_labels` (`label_id`),
  CONSTRAINT `fk_ca_object_lots_x_object_lots_lot_left_id` FOREIGN KEY (`lot_left_id`) REFERENCES `ca_object_lots` (`lot_id`),
  CONSTRAINT `fk_ca_object_lots_x_object_lots_lot_right_id` FOREIGN KEY (`lot_right_id`) REFERENCES `ca_object_lots` (`lot_id`),
  CONSTRAINT `fk_ca_object_lots_x_object_lots_type_id` FOREIGN KEY (`type_id`) REFERENCES `ca_relationship_types` (`type_id`)
) ENGINE=InnoDB DEFAULT CHARSET=utf8;
/*!40101 SET character_set_client = @saved_cs_client */;

--
-- Dumping data for table `ca_object_lots_x_object_lots`
--

LOCK TABLES `ca_object_lots_x_object_lots` WRITE;
/*!40000 ALTER TABLE `ca_object_lots_x_object_lots` DISABLE KEYS */;
/*!40000 ALTER TABLE `ca_object_lots_x_object_lots` ENABLE KEYS */;
UNLOCK TABLES;

--
-- Table structure for table `ca_object_lots_x_object_representations`
--

DROP TABLE IF EXISTS `ca_object_lots_x_object_representations`;
/*!40101 SET @saved_cs_client     = @@character_set_client */;
/*!40101 SET character_set_client = utf8 */;
CREATE TABLE `ca_object_lots_x_object_representations` (
  `relation_id` int(10) unsigned NOT NULL AUTO_INCREMENT,
  `representation_id` int(10) unsigned NOT NULL,
  `lot_id` int(10) unsigned NOT NULL,
  `type_id` smallint(5) unsigned NOT NULL,
  `source_info` longtext NOT NULL,
  `sdatetime` decimal(30,20) DEFAULT NULL,
  `edatetime` decimal(30,20) DEFAULT NULL,
  `label_left_id` int(10) unsigned DEFAULT NULL,
  `label_right_id` int(10) unsigned DEFAULT NULL,
  `rank` int(10) unsigned NOT NULL DEFAULT 0,
  `is_primary` tinyint(4) NOT NULL DEFAULT 0,
  PRIMARY KEY (`relation_id`),
  UNIQUE KEY `u_all` (`type_id`,`representation_id`,`lot_id`,`sdatetime`,`edatetime`),
  KEY `i_representation_id` (`representation_id`),
  KEY `i_lot_id` (`lot_id`),
  KEY `i_type_id` (`type_id`),
  KEY `i_label_left_id` (`label_left_id`),
  KEY `i_label_right_id` (`label_right_id`),
  CONSTRAINT `fk_ca_object_lots_x_object_representations_label_left_id` FOREIGN KEY (`label_left_id`) REFERENCES `ca_object_representation_labels` (`label_id`),
  CONSTRAINT `fk_ca_object_lots_x_object_representations_label_right_id` FOREIGN KEY (`label_right_id`) REFERENCES `ca_object_lot_labels` (`label_id`),
  CONSTRAINT `fk_ca_object_lots_x_object_representations_lot_id` FOREIGN KEY (`lot_id`) REFERENCES `ca_object_lots` (`lot_id`),
  CONSTRAINT `fk_ca_object_lots_x_object_representations_representation_id` FOREIGN KEY (`representation_id`) REFERENCES `ca_object_representations` (`representation_id`),
  CONSTRAINT `fk_ca_object_lots_x_object_representations_type_id` FOREIGN KEY (`type_id`) REFERENCES `ca_relationship_types` (`type_id`)
) ENGINE=InnoDB DEFAULT CHARSET=utf8;
/*!40101 SET character_set_client = @saved_cs_client */;

--
-- Dumping data for table `ca_object_lots_x_object_representations`
--

LOCK TABLES `ca_object_lots_x_object_representations` WRITE;
/*!40000 ALTER TABLE `ca_object_lots_x_object_representations` DISABLE KEYS */;
/*!40000 ALTER TABLE `ca_object_lots_x_object_representations` ENABLE KEYS */;
UNLOCK TABLES;

--
-- Table structure for table `ca_object_lots_x_occurrences`
--

DROP TABLE IF EXISTS `ca_object_lots_x_occurrences`;
/*!40101 SET @saved_cs_client     = @@character_set_client */;
/*!40101 SET character_set_client = utf8 */;
CREATE TABLE `ca_object_lots_x_occurrences` (
  `relation_id` int(10) unsigned NOT NULL AUTO_INCREMENT,
  `occurrence_id` int(10) unsigned NOT NULL,
  `lot_id` int(10) unsigned NOT NULL,
  `type_id` smallint(5) unsigned NOT NULL,
  `source_info` longtext NOT NULL,
  `sdatetime` decimal(30,20) DEFAULT NULL,
  `edatetime` decimal(30,20) DEFAULT NULL,
  `label_left_id` int(10) unsigned DEFAULT NULL,
  `label_right_id` int(10) unsigned DEFAULT NULL,
  `rank` int(10) unsigned NOT NULL DEFAULT 0,
  PRIMARY KEY (`relation_id`),
  UNIQUE KEY `u_all` (`occurrence_id`,`lot_id`,`type_id`,`sdatetime`,`edatetime`),
  KEY `i_occurrence_id` (`occurrence_id`),
  KEY `i_lot_id` (`lot_id`),
  KEY `i_type_id` (`type_id`),
  KEY `i_label_left_id` (`label_left_id`),
  KEY `i_label_right_id` (`label_right_id`),
  CONSTRAINT `fk_ca_object_lots_x_occurrences_label_right_id` FOREIGN KEY (`label_right_id`) REFERENCES `ca_occurrence_labels` (`label_id`),
  CONSTRAINT `fk_ca_object_lots_x_occurrences_left_id` FOREIGN KEY (`label_left_id`) REFERENCES `ca_object_lot_labels` (`label_id`),
  CONSTRAINT `fk_ca_object_lots_x_occurrences_lot_id` FOREIGN KEY (`lot_id`) REFERENCES `ca_object_lots` (`lot_id`),
  CONSTRAINT `fk_ca_object_lots_x_occurrences_occurrence_id` FOREIGN KEY (`occurrence_id`) REFERENCES `ca_occurrences` (`occurrence_id`),
  CONSTRAINT `fk_ca_object_lots_x_occurrences_type_id` FOREIGN KEY (`type_id`) REFERENCES `ca_relationship_types` (`type_id`)
) ENGINE=InnoDB DEFAULT CHARSET=utf8;
/*!40101 SET character_set_client = @saved_cs_client */;

--
-- Dumping data for table `ca_object_lots_x_occurrences`
--

LOCK TABLES `ca_object_lots_x_occurrences` WRITE;
/*!40000 ALTER TABLE `ca_object_lots_x_occurrences` DISABLE KEYS */;
/*!40000 ALTER TABLE `ca_object_lots_x_occurrences` ENABLE KEYS */;
UNLOCK TABLES;

--
-- Table structure for table `ca_object_lots_x_places`
--

DROP TABLE IF EXISTS `ca_object_lots_x_places`;
/*!40101 SET @saved_cs_client     = @@character_set_client */;
/*!40101 SET character_set_client = utf8 */;
CREATE TABLE `ca_object_lots_x_places` (
  `relation_id` int(10) unsigned NOT NULL AUTO_INCREMENT,
  `place_id` int(10) unsigned NOT NULL,
  `lot_id` int(10) unsigned NOT NULL,
  `type_id` smallint(5) unsigned NOT NULL,
  `source_info` longtext NOT NULL,
  `sdatetime` decimal(30,20) DEFAULT NULL,
  `edatetime` decimal(30,20) DEFAULT NULL,
  `label_left_id` int(10) unsigned DEFAULT NULL,
  `label_right_id` int(10) unsigned DEFAULT NULL,
  `rank` int(10) unsigned NOT NULL DEFAULT 0,
  PRIMARY KEY (`relation_id`),
  UNIQUE KEY `u_all` (`place_id`,`type_id`,`sdatetime`,`edatetime`),
  KEY `i_lot_id` (`lot_id`),
  KEY `i_place_id` (`place_id`),
  KEY `i_type_id` (`type_id`),
  KEY `i_label_left_id` (`label_left_id`),
  KEY `i_label_right_id` (`label_right_id`),
  CONSTRAINT `fk_ca_object_lots_x_places_label_left_id` FOREIGN KEY (`label_left_id`) REFERENCES `ca_object_lot_labels` (`label_id`),
  CONSTRAINT `fk_ca_object_lots_x_places_label_right_id` FOREIGN KEY (`label_right_id`) REFERENCES `ca_place_labels` (`label_id`),
  CONSTRAINT `fk_ca_object_lots_x_places_lot_id` FOREIGN KEY (`lot_id`) REFERENCES `ca_object_lots` (`lot_id`),
  CONSTRAINT `fk_ca_object_lots_x_places_place_id` FOREIGN KEY (`place_id`) REFERENCES `ca_places` (`place_id`),
  CONSTRAINT `fk_ca_object_lots_x_places_type_id` FOREIGN KEY (`type_id`) REFERENCES `ca_relationship_types` (`type_id`)
) ENGINE=InnoDB DEFAULT CHARSET=utf8;
/*!40101 SET character_set_client = @saved_cs_client */;

--
-- Dumping data for table `ca_object_lots_x_places`
--

LOCK TABLES `ca_object_lots_x_places` WRITE;
/*!40000 ALTER TABLE `ca_object_lots_x_places` DISABLE KEYS */;
/*!40000 ALTER TABLE `ca_object_lots_x_places` ENABLE KEYS */;
UNLOCK TABLES;

--
-- Table structure for table `ca_object_lots_x_storage_locations`
--

DROP TABLE IF EXISTS `ca_object_lots_x_storage_locations`;
/*!40101 SET @saved_cs_client     = @@character_set_client */;
/*!40101 SET character_set_client = utf8 */;
CREATE TABLE `ca_object_lots_x_storage_locations` (
  `relation_id` int(10) unsigned NOT NULL AUTO_INCREMENT,
  `lot_id` int(10) unsigned NOT NULL,
  `type_id` smallint(5) unsigned NOT NULL,
  `location_id` int(10) unsigned NOT NULL,
  `source_info` longtext NOT NULL,
  `sdatetime` decimal(30,20) DEFAULT NULL,
  `edatetime` decimal(30,20) DEFAULT NULL,
  `label_left_id` int(10) unsigned DEFAULT NULL,
  `label_right_id` int(10) unsigned DEFAULT NULL,
  `rank` int(10) unsigned NOT NULL DEFAULT 0,
  PRIMARY KEY (`relation_id`),
  UNIQUE KEY `u_all` (`lot_id`,`type_id`,`sdatetime`,`edatetime`,`location_id`),
  KEY `i_lot_id` (`lot_id`),
  KEY `i_location_id` (`location_id`),
  KEY `i_type_id` (`type_id`),
  KEY `i_label_left_id` (`label_left_id`),
  KEY `i_label_right_id` (`label_right_id`),
  CONSTRAINT `fk_ca_object_lots_x_storage_locations_label_left_id` FOREIGN KEY (`label_left_id`) REFERENCES `ca_object_lot_labels` (`label_id`),
  CONSTRAINT `fk_ca_object_lots_x_storage_locations_label_right_id` FOREIGN KEY (`label_right_id`) REFERENCES `ca_storage_location_labels` (`label_id`),
  CONSTRAINT `fk_ca_object_lots_x_storage_locations_lot_id` FOREIGN KEY (`lot_id`) REFERENCES `ca_object_lots` (`lot_id`),
  CONSTRAINT `fk_ca_object_lots_x_storage_locations_relation_id` FOREIGN KEY (`location_id`) REFERENCES `ca_storage_locations` (`location_id`),
  CONSTRAINT `fk_ca_object_lots_x_storage_locations_type_id` FOREIGN KEY (`type_id`) REFERENCES `ca_relationship_types` (`type_id`)
) ENGINE=InnoDB DEFAULT CHARSET=utf8;
/*!40101 SET character_set_client = @saved_cs_client */;

--
-- Dumping data for table `ca_object_lots_x_storage_locations`
--

LOCK TABLES `ca_object_lots_x_storage_locations` WRITE;
/*!40000 ALTER TABLE `ca_object_lots_x_storage_locations` DISABLE KEYS */;
/*!40000 ALTER TABLE `ca_object_lots_x_storage_locations` ENABLE KEYS */;
UNLOCK TABLES;

--
-- Table structure for table `ca_object_lots_x_vocabulary_terms`
--

DROP TABLE IF EXISTS `ca_object_lots_x_vocabulary_terms`;
/*!40101 SET @saved_cs_client     = @@character_set_client */;
/*!40101 SET character_set_client = utf8 */;
CREATE TABLE `ca_object_lots_x_vocabulary_terms` (
  `relation_id` int(10) unsigned NOT NULL AUTO_INCREMENT,
  `lot_id` int(10) unsigned NOT NULL,
  `type_id` smallint(5) unsigned NOT NULL,
  `item_id` int(10) unsigned NOT NULL,
  `source_info` longtext NOT NULL,
  `sdatetime` decimal(30,20) DEFAULT NULL,
  `edatetime` decimal(30,20) DEFAULT NULL,
  `label_left_id` int(10) unsigned DEFAULT NULL,
  `label_right_id` int(10) unsigned DEFAULT NULL,
  `rank` int(10) unsigned NOT NULL DEFAULT 0,
  PRIMARY KEY (`relation_id`),
  UNIQUE KEY `u_all` (`lot_id`,`type_id`,`sdatetime`,`edatetime`,`item_id`),
  KEY `i_lot_id` (`lot_id`),
  KEY `i_item_id` (`item_id`),
  KEY `i_type_id` (`type_id`),
  KEY `i_label_left_id` (`label_left_id`),
  KEY `i_label_right_id` (`label_right_id`),
  CONSTRAINT `fk_ca_object_lots_x_vocabulary_terms_label_left_id` FOREIGN KEY (`label_left_id`) REFERENCES `ca_object_lot_labels` (`label_id`),
  CONSTRAINT `fk_ca_object_lots_x_vocabulary_terms_label_right_id` FOREIGN KEY (`label_right_id`) REFERENCES `ca_list_item_labels` (`label_id`),
  CONSTRAINT `fk_ca_object_lots_x_vocabulary_terms_lot_id` FOREIGN KEY (`lot_id`) REFERENCES `ca_object_lots` (`lot_id`),
  CONSTRAINT `fk_ca_object_lots_x_vocabulary_terms_relation_id` FOREIGN KEY (`item_id`) REFERENCES `ca_list_items` (`item_id`),
  CONSTRAINT `fk_ca_object_lots_x_vocabulary_terms_type_id` FOREIGN KEY (`type_id`) REFERENCES `ca_relationship_types` (`type_id`)
) ENGINE=InnoDB DEFAULT CHARSET=utf8;
/*!40101 SET character_set_client = @saved_cs_client */;

--
-- Dumping data for table `ca_object_lots_x_vocabulary_terms`
--

LOCK TABLES `ca_object_lots_x_vocabulary_terms` WRITE;
/*!40000 ALTER TABLE `ca_object_lots_x_vocabulary_terms` DISABLE KEYS */;
/*!40000 ALTER TABLE `ca_object_lots_x_vocabulary_terms` ENABLE KEYS */;
UNLOCK TABLES;

--
-- Table structure for table `ca_object_representation_captions`
--

DROP TABLE IF EXISTS `ca_object_representation_captions`;
/*!40101 SET @saved_cs_client     = @@character_set_client */;
/*!40101 SET character_set_client = utf8 */;
CREATE TABLE `ca_object_representation_captions` (
  `caption_id` int(10) unsigned NOT NULL AUTO_INCREMENT,
  `representation_id` int(10) unsigned NOT NULL,
  `locale_id` smallint(5) unsigned NOT NULL,
  `caption_file` longblob NOT NULL,
  `caption_content` longtext NOT NULL,
  PRIMARY KEY (`caption_id`),
  KEY `i_representation_id` (`representation_id`),
  KEY `i_locale_id` (`locale_id`),
  CONSTRAINT `fk_ca_object_rep_captiopns_locale_id` FOREIGN KEY (`locale_id`) REFERENCES `ca_locales` (`locale_id`)
) ENGINE=InnoDB DEFAULT CHARSET=utf8;
/*!40101 SET character_set_client = @saved_cs_client */;

--
-- Dumping data for table `ca_object_representation_captions`
--

LOCK TABLES `ca_object_representation_captions` WRITE;
/*!40000 ALTER TABLE `ca_object_representation_captions` DISABLE KEYS */;
/*!40000 ALTER TABLE `ca_object_representation_captions` ENABLE KEYS */;
UNLOCK TABLES;

--
-- Table structure for table `ca_object_representation_labels`
--

DROP TABLE IF EXISTS `ca_object_representation_labels`;
/*!40101 SET @saved_cs_client     = @@character_set_client */;
/*!40101 SET character_set_client = utf8 */;
CREATE TABLE `ca_object_representation_labels` (
  `label_id` int(10) unsigned NOT NULL AUTO_INCREMENT,
  `representation_id` int(10) unsigned NOT NULL,
  `locale_id` smallint(5) unsigned NOT NULL,
  `type_id` int(10) unsigned DEFAULT NULL,
  `name` varchar(1024) NOT NULL,
  `name_sort` varchar(1024) NOT NULL,
  `source_info` longtext NOT NULL,
  `is_preferred` tinyint(3) unsigned NOT NULL,
  PRIMARY KEY (`label_id`),
  KEY `fk_ca_object_representation_labels_type_id` (`type_id`),
  KEY `fk_ca_object_representation_labels_locale_id` (`locale_id`),
  KEY `fk_ca_object_representation_labels_representation_id` (`representation_id`),
  CONSTRAINT `fk_ca_object_representation_labels_locale_id` FOREIGN KEY (`locale_id`) REFERENCES `ca_locales` (`locale_id`),
  CONSTRAINT `fk_ca_object_representation_labels_representation_id` FOREIGN KEY (`representation_id`) REFERENCES `ca_object_representations` (`representation_id`),
  CONSTRAINT `fk_ca_object_representation_labels_type_id` FOREIGN KEY (`type_id`) REFERENCES `ca_list_items` (`item_id`)
) ENGINE=InnoDB DEFAULT CHARSET=utf8;
/*!40101 SET character_set_client = @saved_cs_client */;

--
-- Dumping data for table `ca_object_representation_labels`
--

LOCK TABLES `ca_object_representation_labels` WRITE;
/*!40000 ALTER TABLE `ca_object_representation_labels` DISABLE KEYS */;
/*!40000 ALTER TABLE `ca_object_representation_labels` ENABLE KEYS */;
UNLOCK TABLES;

--
-- Table structure for table `ca_object_representation_multifiles`
--

DROP TABLE IF EXISTS `ca_object_representation_multifiles`;
/*!40101 SET @saved_cs_client     = @@character_set_client */;
/*!40101 SET character_set_client = utf8 */;
CREATE TABLE `ca_object_representation_multifiles` (
  `multifile_id` int(10) unsigned NOT NULL AUTO_INCREMENT,
  `representation_id` int(10) unsigned NOT NULL,
  `resource_path` text NOT NULL,
  `media` longblob NOT NULL,
  `media_metadata` longblob NOT NULL,
  `media_content` longtext NOT NULL,
  `rank` int(10) unsigned NOT NULL DEFAULT 0,
  PRIMARY KEY (`multifile_id`),
  KEY `i_resource_path` (`resource_path`(255)),
  KEY `i_representation_id` (`representation_id`)
) ENGINE=InnoDB DEFAULT CHARSET=utf8;
/*!40101 SET character_set_client = @saved_cs_client */;

--
-- Dumping data for table `ca_object_representation_multifiles`
--

LOCK TABLES `ca_object_representation_multifiles` WRITE;
/*!40000 ALTER TABLE `ca_object_representation_multifiles` DISABLE KEYS */;
/*!40000 ALTER TABLE `ca_object_representation_multifiles` ENABLE KEYS */;
UNLOCK TABLES;

--
-- Table structure for table `ca_object_representations`
--

DROP TABLE IF EXISTS `ca_object_representations`;
/*!40101 SET @saved_cs_client     = @@character_set_client */;
/*!40101 SET character_set_client = utf8 */;
CREATE TABLE `ca_object_representations` (
  `representation_id` int(10) unsigned NOT NULL AUTO_INCREMENT,
  `locale_id` smallint(5) unsigned DEFAULT NULL,
  `type_id` int(10) unsigned NOT NULL,
  `idno` varchar(255) NOT NULL,
  `idno_sort` varchar(255) NOT NULL,
  `md5` varchar(32) NOT NULL,
  `mimetype` varchar(255) DEFAULT NULL,
  `original_filename` varchar(1024) NOT NULL,
  `media` longblob NOT NULL,
  `media_metadata` longblob DEFAULT NULL,
  `media_content` longtext DEFAULT NULL,
  `deleted` tinyint(3) unsigned NOT NULL DEFAULT 0,
  `is_template` tinyint(3) unsigned NOT NULL DEFAULT 0,
  `commenting_status` tinyint(3) unsigned NOT NULL DEFAULT 0,
  `tagging_status` tinyint(3) unsigned NOT NULL DEFAULT 0,
  `rating_status` tinyint(3) unsigned NOT NULL DEFAULT 0,
  `view_count` int(10) unsigned NOT NULL DEFAULT 0,
  `access` tinyint(3) unsigned NOT NULL DEFAULT 0,
  `status` tinyint(3) unsigned NOT NULL DEFAULT 0,
  `rank` int(10) unsigned NOT NULL DEFAULT 0,
  `source_id` int(10) unsigned DEFAULT NULL,
  `source_info` longtext NOT NULL,
  `submission_user_id` int(10) unsigned DEFAULT NULL,
  `submission_group_id` int(10) unsigned DEFAULT NULL,
  `submission_status_id` int(10) unsigned DEFAULT NULL,
  `submission_via_form` varchar(100) DEFAULT NULL,
  `is_transcribable` tinyint(3) unsigned NOT NULL DEFAULT 0,
  PRIMARY KEY (`representation_id`),
  KEY `i_locale_id` (`locale_id`),
  KEY `i_type_id` (`type_id`),
  KEY `i_idno` (`idno`),
  KEY `i_idno_sort` (`idno_sort`),
  KEY `i_md5` (`md5`),
  KEY `i_mimetype` (`mimetype`),
  KEY `i_original_filename` (`original_filename`(128)),
  KEY `i_rank` (`rank`),
  KEY `i_source_id` (`source_id`),
  KEY `i_view_count` (`view_count`),
  KEY `i_rep_filter` (`representation_id`,`deleted`,`access`),
  KEY `i_submission_user_id` (`submission_user_id`),
  KEY `i_submission_group_id` (`submission_group_id`),
  KEY `i_submission_status_id` (`submission_status_id`),
  KEY `i_submission_via_form` (`submission_via_form`),
  KEY `i_is_transcribable` (`is_transcribable`),
  CONSTRAINT `fk_ca_object_representations_locale_id` FOREIGN KEY (`locale_id`) REFERENCES `ca_locales` (`locale_id`),
  CONSTRAINT `fk_ca_object_representations_source_id` FOREIGN KEY (`source_id`) REFERENCES `ca_list_items` (`item_id`),
  CONSTRAINT `fk_ca_object_representations_type_id` FOREIGN KEY (`type_id`) REFERENCES `ca_list_items` (`item_id`),
  CONSTRAINT `fk_ca_object_reps_submission_group_id` FOREIGN KEY (`submission_group_id`) REFERENCES `ca_user_groups` (`group_id`),
  CONSTRAINT `fk_ca_object_reps_submission_status_id` FOREIGN KEY (`submission_status_id`) REFERENCES `ca_list_items` (`item_id`),
  CONSTRAINT `fk_ca_object_reps_submission_user_id` FOREIGN KEY (`submission_user_id`) REFERENCES `ca_users` (`user_id`)
) ENGINE=InnoDB DEFAULT CHARSET=utf8;
/*!40101 SET character_set_client = @saved_cs_client */;

--
-- Dumping data for table `ca_object_representations`
--

LOCK TABLES `ca_object_representations` WRITE;
/*!40000 ALTER TABLE `ca_object_representations` DISABLE KEYS */;
/*!40000 ALTER TABLE `ca_object_representations` ENABLE KEYS */;
UNLOCK TABLES;

--
-- Table structure for table `ca_object_representations_x_collections`
--

DROP TABLE IF EXISTS `ca_object_representations_x_collections`;
/*!40101 SET @saved_cs_client     = @@character_set_client */;
/*!40101 SET character_set_client = utf8 */;
CREATE TABLE `ca_object_representations_x_collections` (
  `relation_id` int(10) unsigned NOT NULL AUTO_INCREMENT,
  `representation_id` int(10) unsigned NOT NULL,
  `collection_id` int(10) unsigned NOT NULL,
  `type_id` smallint(5) unsigned NOT NULL,
  `source_info` longtext NOT NULL,
  `sdatetime` decimal(30,20) DEFAULT NULL,
  `edatetime` decimal(30,20) DEFAULT NULL,
  `label_left_id` int(10) unsigned DEFAULT NULL,
  `label_right_id` int(10) unsigned DEFAULT NULL,
  `rank` int(10) unsigned NOT NULL DEFAULT 0,
  `is_primary` tinyint(4) NOT NULL,
  PRIMARY KEY (`relation_id`),
  UNIQUE KEY `u_all` (`type_id`,`representation_id`,`collection_id`,`sdatetime`,`edatetime`),
  KEY `i_representation_id` (`representation_id`),
  KEY `i_collection_id` (`collection_id`),
  KEY `i_type_id` (`type_id`),
  KEY `i_label_left_id` (`label_left_id`),
  KEY `i_label_right_id` (`label_right_id`),
  CONSTRAINT `fk_ca_object_representations_x_collections_collection_id` FOREIGN KEY (`collection_id`) REFERENCES `ca_collections` (`collection_id`),
  CONSTRAINT `fk_ca_object_representations_x_collections_label_left_id` FOREIGN KEY (`label_left_id`) REFERENCES `ca_object_representation_labels` (`label_id`),
  CONSTRAINT `fk_ca_object_representations_x_collections_label_right_id` FOREIGN KEY (`label_right_id`) REFERENCES `ca_collection_labels` (`label_id`),
  CONSTRAINT `fk_ca_object_representations_x_collections_representation_id` FOREIGN KEY (`representation_id`) REFERENCES `ca_object_representations` (`representation_id`),
  CONSTRAINT `fk_ca_object_representations_x_collections_type_id` FOREIGN KEY (`type_id`) REFERENCES `ca_relationship_types` (`type_id`)
) ENGINE=InnoDB DEFAULT CHARSET=utf8;
/*!40101 SET character_set_client = @saved_cs_client */;

--
-- Dumping data for table `ca_object_representations_x_collections`
--

LOCK TABLES `ca_object_representations_x_collections` WRITE;
/*!40000 ALTER TABLE `ca_object_representations_x_collections` DISABLE KEYS */;
/*!40000 ALTER TABLE `ca_object_representations_x_collections` ENABLE KEYS */;
UNLOCK TABLES;

--
-- Table structure for table `ca_object_representations_x_entities`
--

DROP TABLE IF EXISTS `ca_object_representations_x_entities`;
/*!40101 SET @saved_cs_client     = @@character_set_client */;
/*!40101 SET character_set_client = utf8 */;
CREATE TABLE `ca_object_representations_x_entities` (
  `relation_id` int(10) unsigned NOT NULL AUTO_INCREMENT,
  `representation_id` int(10) unsigned NOT NULL,
  `entity_id` int(10) unsigned NOT NULL,
  `type_id` smallint(5) unsigned NOT NULL,
  `source_info` longtext NOT NULL,
  `sdatetime` decimal(30,20) DEFAULT NULL,
  `edatetime` decimal(30,20) DEFAULT NULL,
  `label_left_id` int(10) unsigned DEFAULT NULL,
  `label_right_id` int(10) unsigned DEFAULT NULL,
  `rank` int(10) unsigned NOT NULL DEFAULT 0,
  `is_primary` tinyint(4) NOT NULL,
  PRIMARY KEY (`relation_id`),
  UNIQUE KEY `u_all` (`type_id`,`representation_id`,`entity_id`,`sdatetime`,`edatetime`),
  KEY `i_representation_id` (`representation_id`),
  KEY `i_entity_id` (`entity_id`),
  KEY `i_type_id` (`type_id`),
  KEY `i_label_left_id` (`label_left_id`),
  KEY `i_label_right_id` (`label_right_id`),
  CONSTRAINT `fk_ca_object_representations_x_entities_entity_id` FOREIGN KEY (`entity_id`) REFERENCES `ca_entities` (`entity_id`),
  CONSTRAINT `fk_ca_object_representations_x_entities_label_left_id` FOREIGN KEY (`label_left_id`) REFERENCES `ca_object_representation_labels` (`label_id`),
  CONSTRAINT `fk_ca_object_representations_x_entities_label_right_id` FOREIGN KEY (`label_right_id`) REFERENCES `ca_entity_labels` (`label_id`),
  CONSTRAINT `fk_ca_object_representations_x_entities_representation_id` FOREIGN KEY (`representation_id`) REFERENCES `ca_object_representations` (`representation_id`),
  CONSTRAINT `fk_ca_object_representations_x_entities_type_id` FOREIGN KEY (`type_id`) REFERENCES `ca_relationship_types` (`type_id`)
) ENGINE=InnoDB DEFAULT CHARSET=utf8;
/*!40101 SET character_set_client = @saved_cs_client */;

--
-- Dumping data for table `ca_object_representations_x_entities`
--

LOCK TABLES `ca_object_representations_x_entities` WRITE;
/*!40000 ALTER TABLE `ca_object_representations_x_entities` DISABLE KEYS */;
/*!40000 ALTER TABLE `ca_object_representations_x_entities` ENABLE KEYS */;
UNLOCK TABLES;

--
-- Table structure for table `ca_object_representations_x_object_representations`
--

DROP TABLE IF EXISTS `ca_object_representations_x_object_representations`;
/*!40101 SET @saved_cs_client     = @@character_set_client */;
/*!40101 SET character_set_client = utf8 */;
CREATE TABLE `ca_object_representations_x_object_representations` (
  `relation_id` int(10) unsigned NOT NULL AUTO_INCREMENT,
  `representation_left_id` int(10) unsigned NOT NULL,
  `representation_right_id` int(10) unsigned NOT NULL,
  `type_id` smallint(5) unsigned NOT NULL,
  `source_info` text NOT NULL,
  `sdatetime` decimal(30,20) DEFAULT NULL,
  `edatetime` decimal(30,20) DEFAULT NULL,
  `label_left_id` int(10) unsigned DEFAULT NULL,
  `label_right_id` int(10) unsigned DEFAULT NULL,
  `rank` int(10) unsigned NOT NULL DEFAULT 0,
  PRIMARY KEY (`relation_id`),
  UNIQUE KEY `u_all` (`representation_left_id`,`representation_right_id`,`type_id`,`sdatetime`,`edatetime`),
  KEY `i_representation_left_id` (`representation_left_id`),
  KEY `i_representation_right_id` (`representation_right_id`),
  KEY `i_type_id` (`type_id`),
  KEY `i_label_left_id` (`label_left_id`),
  KEY `i_label_right_id` (`label_right_id`),
  CONSTRAINT `fk_ca_object_representations_x_object_reps_label_left_id` FOREIGN KEY (`label_left_id`) REFERENCES `ca_object_labels` (`label_id`),
  CONSTRAINT `fk_ca_object_representations_x_object_reps_label_right_id` FOREIGN KEY (`label_right_id`) REFERENCES `ca_object_labels` (`label_id`),
  CONSTRAINT `fk_ca_object_representations_x_object_reps_rep_left_id` FOREIGN KEY (`representation_left_id`) REFERENCES `ca_object_representations` (`representation_id`),
  CONSTRAINT `fk_ca_object_representations_x_object_reps_rep_right_id` FOREIGN KEY (`representation_right_id`) REFERENCES `ca_object_representations` (`representation_id`),
  CONSTRAINT `fk_ca_object_representations_x_object_reps_type_id` FOREIGN KEY (`type_id`) REFERENCES `ca_relationship_types` (`type_id`)
) ENGINE=InnoDB DEFAULT CHARSET=utf8;
/*!40101 SET character_set_client = @saved_cs_client */;

--
-- Dumping data for table `ca_object_representations_x_object_representations`
--

LOCK TABLES `ca_object_representations_x_object_representations` WRITE;
/*!40000 ALTER TABLE `ca_object_representations_x_object_representations` DISABLE KEYS */;
/*!40000 ALTER TABLE `ca_object_representations_x_object_representations` ENABLE KEYS */;
UNLOCK TABLES;

--
-- Table structure for table `ca_object_representations_x_occurrences`
--

DROP TABLE IF EXISTS `ca_object_representations_x_occurrences`;
/*!40101 SET @saved_cs_client     = @@character_set_client */;
/*!40101 SET character_set_client = utf8 */;
CREATE TABLE `ca_object_representations_x_occurrences` (
  `relation_id` int(10) unsigned NOT NULL AUTO_INCREMENT,
  `representation_id` int(10) unsigned NOT NULL,
  `occurrence_id` int(10) unsigned NOT NULL,
  `type_id` smallint(5) unsigned NOT NULL,
  `source_info` longtext NOT NULL,
  `sdatetime` decimal(30,20) DEFAULT NULL,
  `edatetime` decimal(30,20) DEFAULT NULL,
  `label_left_id` int(10) unsigned DEFAULT NULL,
  `label_right_id` int(10) unsigned DEFAULT NULL,
  `rank` int(10) unsigned NOT NULL DEFAULT 0,
  `is_primary` tinyint(4) NOT NULL,
  PRIMARY KEY (`relation_id`),
  UNIQUE KEY `u_all` (`type_id`,`representation_id`,`occurrence_id`,`sdatetime`,`edatetime`),
  KEY `i_representation_id` (`representation_id`),
  KEY `i_occurrence_id` (`occurrence_id`),
  KEY `i_type_id` (`type_id`),
  KEY `i_label_left_id` (`label_left_id`),
  KEY `i_label_right_id` (`label_right_id`),
  CONSTRAINT `fk_ca_object_representations_x_occurrences_label_left_id` FOREIGN KEY (`label_left_id`) REFERENCES `ca_object_representation_labels` (`label_id`),
  CONSTRAINT `fk_ca_object_representations_x_occurrences_label_right_id` FOREIGN KEY (`label_right_id`) REFERENCES `ca_occurrence_labels` (`label_id`),
  CONSTRAINT `fk_ca_object_representations_x_occurrences_occurrence_id` FOREIGN KEY (`occurrence_id`) REFERENCES `ca_occurrences` (`occurrence_id`),
  CONSTRAINT `fk_ca_object_representations_x_occurrences_representation_id` FOREIGN KEY (`representation_id`) REFERENCES `ca_object_representations` (`representation_id`),
  CONSTRAINT `fk_ca_object_representations_x_occurrences_type_id` FOREIGN KEY (`type_id`) REFERENCES `ca_relationship_types` (`type_id`)
) ENGINE=InnoDB DEFAULT CHARSET=utf8;
/*!40101 SET character_set_client = @saved_cs_client */;

--
-- Dumping data for table `ca_object_representations_x_occurrences`
--

LOCK TABLES `ca_object_representations_x_occurrences` WRITE;
/*!40000 ALTER TABLE `ca_object_representations_x_occurrences` DISABLE KEYS */;
/*!40000 ALTER TABLE `ca_object_representations_x_occurrences` ENABLE KEYS */;
UNLOCK TABLES;

--
-- Table structure for table `ca_object_representations_x_places`
--

DROP TABLE IF EXISTS `ca_object_representations_x_places`;
/*!40101 SET @saved_cs_client     = @@character_set_client */;
/*!40101 SET character_set_client = utf8 */;
CREATE TABLE `ca_object_representations_x_places` (
  `relation_id` int(10) unsigned NOT NULL AUTO_INCREMENT,
  `representation_id` int(10) unsigned NOT NULL,
  `place_id` int(10) unsigned NOT NULL,
  `type_id` smallint(5) unsigned NOT NULL,
  `source_info` longtext NOT NULL,
  `sdatetime` decimal(30,20) DEFAULT NULL,
  `edatetime` decimal(30,20) DEFAULT NULL,
  `label_left_id` int(10) unsigned DEFAULT NULL,
  `label_right_id` int(10) unsigned DEFAULT NULL,
  `rank` int(10) unsigned NOT NULL DEFAULT 0,
  `is_primary` tinyint(4) NOT NULL,
  PRIMARY KEY (`relation_id`),
  UNIQUE KEY `u_all` (`type_id`,`representation_id`,`place_id`,`sdatetime`,`edatetime`),
  KEY `i_representation_id` (`representation_id`),
  KEY `i_place_id` (`place_id`),
  KEY `i_type_id` (`type_id`),
  KEY `i_label_left_id` (`label_left_id`),
  KEY `i_label_right_id` (`label_right_id`),
  CONSTRAINT `fk_ca_object_representations_x_places_label_left_id` FOREIGN KEY (`label_left_id`) REFERENCES `ca_object_representation_labels` (`label_id`),
  CONSTRAINT `fk_ca_object_representations_x_places_label_right_id` FOREIGN KEY (`label_right_id`) REFERENCES `ca_place_labels` (`label_id`),
  CONSTRAINT `fk_ca_object_representations_x_places_place_id` FOREIGN KEY (`place_id`) REFERENCES `ca_places` (`place_id`),
  CONSTRAINT `fk_ca_object_representations_x_places_representation_id` FOREIGN KEY (`representation_id`) REFERENCES `ca_object_representations` (`representation_id`),
  CONSTRAINT `fk_ca_object_representations_x_places_type_id` FOREIGN KEY (`type_id`) REFERENCES `ca_relationship_types` (`type_id`)
) ENGINE=InnoDB DEFAULT CHARSET=utf8;
/*!40101 SET character_set_client = @saved_cs_client */;

--
-- Dumping data for table `ca_object_representations_x_places`
--

LOCK TABLES `ca_object_representations_x_places` WRITE;
/*!40000 ALTER TABLE `ca_object_representations_x_places` DISABLE KEYS */;
/*!40000 ALTER TABLE `ca_object_representations_x_places` ENABLE KEYS */;
UNLOCK TABLES;

--
-- Table structure for table `ca_object_representations_x_storage_locations`
--

DROP TABLE IF EXISTS `ca_object_representations_x_storage_locations`;
/*!40101 SET @saved_cs_client     = @@character_set_client */;
/*!40101 SET character_set_client = utf8 */;
CREATE TABLE `ca_object_representations_x_storage_locations` (
  `relation_id` int(10) unsigned NOT NULL AUTO_INCREMENT,
  `representation_id` int(10) unsigned NOT NULL,
  `location_id` int(10) unsigned NOT NULL,
  `type_id` smallint(5) unsigned NOT NULL,
  `source_info` longtext NOT NULL,
  `sdatetime` decimal(30,20) DEFAULT NULL,
  `edatetime` decimal(30,20) DEFAULT NULL,
  `label_left_id` int(10) unsigned DEFAULT NULL,
  `label_right_id` int(10) unsigned DEFAULT NULL,
  `rank` int(10) unsigned NOT NULL DEFAULT 0,
  `is_primary` tinyint(4) NOT NULL,
  PRIMARY KEY (`relation_id`),
  UNIQUE KEY `u_all` (`type_id`,`representation_id`,`location_id`,`sdatetime`,`edatetime`),
  KEY `i_representation_id` (`representation_id`),
  KEY `i_location_id` (`location_id`),
  KEY `i_type_id` (`type_id`),
  KEY `i_label_left_id` (`label_left_id`),
  KEY `i_label_right_id` (`label_right_id`),
  CONSTRAINT `fk_ca_object_representations_x_storage_loc_label_left_id` FOREIGN KEY (`label_left_id`) REFERENCES `ca_object_representation_labels` (`label_id`),
  CONSTRAINT `fk_ca_object_representations_x_storage_loc_label_right_id` FOREIGN KEY (`label_right_id`) REFERENCES `ca_storage_location_labels` (`label_id`),
  CONSTRAINT `fk_ca_object_representations_x_storage_loc_location_id` FOREIGN KEY (`location_id`) REFERENCES `ca_storage_locations` (`location_id`),
  CONSTRAINT `fk_ca_object_representations_x_storage_loc_rep_id` FOREIGN KEY (`representation_id`) REFERENCES `ca_object_representations` (`representation_id`),
  CONSTRAINT `fk_ca_object_representations_x_storage_loc_type_id` FOREIGN KEY (`type_id`) REFERENCES `ca_relationship_types` (`type_id`)
) ENGINE=InnoDB DEFAULT CHARSET=utf8;
/*!40101 SET character_set_client = @saved_cs_client */;

--
-- Dumping data for table `ca_object_representations_x_storage_locations`
--

LOCK TABLES `ca_object_representations_x_storage_locations` WRITE;
/*!40000 ALTER TABLE `ca_object_representations_x_storage_locations` DISABLE KEYS */;
/*!40000 ALTER TABLE `ca_object_representations_x_storage_locations` ENABLE KEYS */;
UNLOCK TABLES;

--
-- Table structure for table `ca_object_representations_x_vocabulary_terms`
--

DROP TABLE IF EXISTS `ca_object_representations_x_vocabulary_terms`;
/*!40101 SET @saved_cs_client     = @@character_set_client */;
/*!40101 SET character_set_client = utf8 */;
CREATE TABLE `ca_object_representations_x_vocabulary_terms` (
  `relation_id` int(10) unsigned NOT NULL AUTO_INCREMENT,
  `representation_id` int(10) unsigned NOT NULL,
  `type_id` smallint(5) unsigned NOT NULL,
  `item_id` int(10) unsigned NOT NULL,
  `source_info` longtext NOT NULL,
  `sdatetime` decimal(30,20) DEFAULT NULL,
  `edatetime` decimal(30,20) DEFAULT NULL,
  `label_left_id` int(10) unsigned DEFAULT NULL,
  `label_right_id` int(10) unsigned DEFAULT NULL,
  `rank` int(10) unsigned NOT NULL DEFAULT 0,
  `is_primary` tinyint(4) NOT NULL,
  PRIMARY KEY (`relation_id`),
  UNIQUE KEY `u_all` (`representation_id`,`type_id`,`sdatetime`,`edatetime`,`item_id`),
  KEY `i_representation_id` (`representation_id`),
  KEY `i_item_id` (`item_id`),
  KEY `i_type_id` (`type_id`),
  KEY `i_label_left_id` (`label_left_id`),
  KEY `i_label_right_id` (`label_right_id`),
  CONSTRAINT `fk_ca_obj_rep_x_voc_terms_item_id` FOREIGN KEY (`item_id`) REFERENCES `ca_list_items` (`item_id`),
  CONSTRAINT `fk_ca_obj_rep_x_voc_terms_label_left_id` FOREIGN KEY (`label_left_id`) REFERENCES `ca_object_representation_labels` (`label_id`),
  CONSTRAINT `fk_ca_obj_rep_x_voc_terms_label_right_id` FOREIGN KEY (`label_right_id`) REFERENCES `ca_list_item_labels` (`label_id`),
  CONSTRAINT `fk_ca_obj_rep_x_voc_terms_representation_id` FOREIGN KEY (`representation_id`) REFERENCES `ca_object_representations` (`representation_id`),
  CONSTRAINT `fk_ca_obj_rep_x_voc_terms_type_id` FOREIGN KEY (`type_id`) REFERENCES `ca_relationship_types` (`type_id`)
) ENGINE=InnoDB DEFAULT CHARSET=utf8;
/*!40101 SET character_set_client = @saved_cs_client */;

--
-- Dumping data for table `ca_object_representations_x_vocabulary_terms`
--

LOCK TABLES `ca_object_representations_x_vocabulary_terms` WRITE;
/*!40000 ALTER TABLE `ca_object_representations_x_vocabulary_terms` DISABLE KEYS */;
/*!40000 ALTER TABLE `ca_object_representations_x_vocabulary_terms` ENABLE KEYS */;
UNLOCK TABLES;

--
-- Table structure for table `ca_objects`
--

DROP TABLE IF EXISTS `ca_objects`;
/*!40101 SET @saved_cs_client     = @@character_set_client */;
/*!40101 SET character_set_client = utf8 */;
CREATE TABLE `ca_objects` (
  `object_id` int(10) unsigned NOT NULL AUTO_INCREMENT,
  `parent_id` int(10) unsigned DEFAULT NULL,
  `lot_id` int(10) unsigned DEFAULT NULL,
  `locale_id` smallint(5) unsigned DEFAULT NULL,
  `source_id` int(10) unsigned DEFAULT NULL,
  `is_template` tinyint(3) unsigned NOT NULL DEFAULT 0,
  `commenting_status` tinyint(3) unsigned NOT NULL DEFAULT 0,
  `tagging_status` tinyint(3) unsigned NOT NULL DEFAULT 0,
  `rating_status` tinyint(3) unsigned NOT NULL DEFAULT 0,
  `view_count` int(10) unsigned NOT NULL DEFAULT 0,
  `type_id` int(10) unsigned NOT NULL,
  `idno` varchar(255) NOT NULL,
  `idno_sort` varchar(255) NOT NULL,
  `acquisition_type_id` int(10) unsigned DEFAULT NULL,
  `item_status_id` int(10) unsigned DEFAULT NULL,
  `source_info` longtext NOT NULL,
  `hier_object_id` int(10) unsigned NOT NULL,
  `hier_left` decimal(30,20) unsigned NOT NULL,
  `hier_right` decimal(30,20) unsigned NOT NULL,
  `extent` int(10) unsigned NOT NULL,
  `extent_units` varchar(255) NOT NULL,
  `access` tinyint(3) unsigned NOT NULL DEFAULT 0,
  `status` tinyint(3) unsigned NOT NULL DEFAULT 0,
  `deleted` tinyint(3) unsigned NOT NULL DEFAULT 0,
  `rank` int(10) unsigned NOT NULL DEFAULT 0,
  `acl_inherit_from_ca_collections` tinyint(3) unsigned NOT NULL DEFAULT 0,
  `acl_inherit_from_parent` tinyint(3) unsigned NOT NULL DEFAULT 0,
  `access_inherit_from_parent` tinyint(3) unsigned NOT NULL DEFAULT 0,
  `home_location_id` int(10) unsigned DEFAULT NULL,
  `accession_sdatetime` decimal(30,20) DEFAULT NULL,
  `accession_edatetime` decimal(30,20) DEFAULT NULL,
  `deaccession_sdatetime` decimal(30,20) DEFAULT NULL,
  `deaccession_edatetime` decimal(30,20) DEFAULT NULL,
  `deaccession_disposal_sdatetime` decimal(30,20) DEFAULT NULL,
  `deaccession_disposal_edatetime` decimal(30,20) DEFAULT NULL,
  `is_deaccessioned` tinyint(4) NOT NULL DEFAULT 0,
  `deaccession_notes` text NOT NULL,
  `deaccession_type_id` int(10) unsigned DEFAULT NULL,
  `current_loc_class` tinyint(3) unsigned DEFAULT NULL,
  `current_loc_subclass` int(10) unsigned DEFAULT NULL,
  `current_loc_id` int(10) unsigned DEFAULT NULL,
  `circulation_status_id` int(10) unsigned DEFAULT NULL,
  `submission_user_id` int(10) unsigned DEFAULT NULL,
  `submission_group_id` int(10) unsigned DEFAULT NULL,
  `submission_status_id` int(10) unsigned DEFAULT NULL,
  `submission_via_form` varchar(100) DEFAULT NULL,
  PRIMARY KEY (`object_id`),
  KEY `fk_ca_objects_acquisition_type_id` (`acquisition_type_id`),
  KEY `fk_ca_objects_circulation_status_id` (`circulation_status_id`),
  KEY `i_parent_id` (`parent_id`),
  KEY `i_idno` (`idno`),
  KEY `i_idno_sort` (`idno_sort`),
  KEY `i_type_id` (`type_id`),
  KEY `i_hier_left` (`hier_left`),
  KEY `i_hier_right` (`hier_right`),
  KEY `i_lot_id` (`lot_id`),
  KEY `i_locale_id` (`locale_id`),
  KEY `i_hier_object_id` (`hier_object_id`),
  KEY `i_acqusition_type_id` (`source_id`,`acquisition_type_id`),
  KEY `i_source_id` (`source_id`),
  KEY `i_item_status_id` (`item_status_id`),
  KEY `i_acl_inherit_from_parent` (`acl_inherit_from_parent`),
  KEY `i_acl_inherit_from_ca_collections` (`acl_inherit_from_ca_collections`),
  KEY `i_home_location_id` (`home_location_id`),
  KEY `i_accession_sdatetime` (`accession_sdatetime`),
  KEY `i_accession_edatetime` (`accession_edatetime`),
  KEY `i_deaccession_sdatetime` (`deaccession_sdatetime`),
  KEY `i_deaccession_edatetime` (`deaccession_edatetime`),
  KEY `i_deaccession_disposal_sdatetime` (`deaccession_disposal_sdatetime`),
  KEY `i_deaccession_disposal_edatetime` (`deaccession_disposal_edatetime`),
  KEY `i_deaccession_type_id` (`deaccession_type_id`),
  KEY `i_is_deaccessioned` (`is_deaccessioned`),
  KEY `i_current_loc_class` (`current_loc_class`),
  KEY `i_current_loc_subclass` (`current_loc_subclass`),
  KEY `i_current_loc_id` (`current_loc_id`),
  KEY `i_view_count` (`view_count`),
  KEY `i_obj_filter` (`object_id`,`deleted`,`access`),
  KEY `i_submission_user_id` (`submission_user_id`),
  KEY `i_submission_group_id` (`submission_group_id`),
  KEY `i_submission_status_id` (`submission_status_id`),
  KEY `i_submission_via_form` (`submission_via_form`),
  CONSTRAINT `fk_ca_objects_acquisition_type_id` FOREIGN KEY (`acquisition_type_id`) REFERENCES `ca_list_items` (`item_id`),
  CONSTRAINT `fk_ca_objects_circulation_status_id` FOREIGN KEY (`circulation_status_id`) REFERENCES `ca_list_items` (`item_id`),
  CONSTRAINT `fk_ca_objects_deaccession_type_id` FOREIGN KEY (`deaccession_type_id`) REFERENCES `ca_list_items` (`item_id`),
  CONSTRAINT `fk_ca_objects_home_location_id` FOREIGN KEY (`home_location_id`) REFERENCES `ca_storage_locations` (`location_id`),
  CONSTRAINT `fk_ca_objects_item_status_id` FOREIGN KEY (`item_status_id`) REFERENCES `ca_list_items` (`item_id`),
  CONSTRAINT `fk_ca_objects_locale_id` FOREIGN KEY (`locale_id`) REFERENCES `ca_locales` (`locale_id`),
  CONSTRAINT `fk_ca_objects_lot_id` FOREIGN KEY (`lot_id`) REFERENCES `ca_object_lots` (`lot_id`),
  CONSTRAINT `fk_ca_objects_parent_id` FOREIGN KEY (`parent_id`) REFERENCES `ca_objects` (`object_id`),
  CONSTRAINT `fk_ca_objects_source_id` FOREIGN KEY (`source_id`) REFERENCES `ca_list_items` (`item_id`),
  CONSTRAINT `fk_ca_objects_submission_group_id` FOREIGN KEY (`submission_group_id`) REFERENCES `ca_user_groups` (`group_id`),
  CONSTRAINT `fk_ca_objects_submission_status_id` FOREIGN KEY (`submission_status_id`) REFERENCES `ca_list_items` (`item_id`),
  CONSTRAINT `fk_ca_objects_submission_user_id` FOREIGN KEY (`submission_user_id`) REFERENCES `ca_users` (`user_id`),
  CONSTRAINT `fk_ca_objects_type_id` FOREIGN KEY (`type_id`) REFERENCES `ca_list_items` (`item_id`)
) ENGINE=InnoDB DEFAULT CHARSET=utf8;
/*!40101 SET character_set_client = @saved_cs_client */;

--
-- Dumping data for table `ca_objects`
--

LOCK TABLES `ca_objects` WRITE;
/*!40000 ALTER TABLE `ca_objects` DISABLE KEYS */;
/*!40000 ALTER TABLE `ca_objects` ENABLE KEYS */;
UNLOCK TABLES;

--
-- Table structure for table `ca_objects_x_collections`
--

DROP TABLE IF EXISTS `ca_objects_x_collections`;
/*!40101 SET @saved_cs_client     = @@character_set_client */;
/*!40101 SET character_set_client = utf8 */;
CREATE TABLE `ca_objects_x_collections` (
  `relation_id` int(10) unsigned NOT NULL AUTO_INCREMENT,
  `object_id` int(10) unsigned NOT NULL,
  `collection_id` int(10) unsigned NOT NULL,
  `type_id` smallint(5) unsigned NOT NULL,
  `source_info` longtext NOT NULL,
  `sdatetime` decimal(30,20) DEFAULT NULL,
  `edatetime` decimal(30,20) DEFAULT NULL,
  `label_left_id` int(10) unsigned DEFAULT NULL,
  `label_right_id` int(10) unsigned DEFAULT NULL,
  `rank` int(10) unsigned NOT NULL DEFAULT 0,
  PRIMARY KEY (`relation_id`),
  UNIQUE KEY `u_all` (`object_id`,`collection_id`,`type_id`,`sdatetime`,`edatetime`),
  KEY `i_object_id` (`object_id`),
  KEY `i_collection_id` (`collection_id`),
  KEY `i_type_id` (`type_id`),
  KEY `i_label_left_id` (`label_left_id`),
  KEY `i_label_right_id` (`label_right_id`),
  CONSTRAINT `fk_ca_objects_x_collections_collection_id` FOREIGN KEY (`collection_id`) REFERENCES `ca_collections` (`collection_id`),
  CONSTRAINT `fk_ca_objects_x_collections_label_left_id` FOREIGN KEY (`label_left_id`) REFERENCES `ca_object_labels` (`label_id`),
  CONSTRAINT `fk_ca_objects_x_collections_label_right_id` FOREIGN KEY (`label_right_id`) REFERENCES `ca_collection_labels` (`label_id`),
  CONSTRAINT `fk_ca_objects_x_collections_object_id` FOREIGN KEY (`object_id`) REFERENCES `ca_objects` (`object_id`),
  CONSTRAINT `fk_ca_objects_x_collections_type_id` FOREIGN KEY (`type_id`) REFERENCES `ca_relationship_types` (`type_id`)
) ENGINE=InnoDB DEFAULT CHARSET=utf8;
/*!40101 SET character_set_client = @saved_cs_client */;

--
-- Dumping data for table `ca_objects_x_collections`
--

LOCK TABLES `ca_objects_x_collections` WRITE;
/*!40000 ALTER TABLE `ca_objects_x_collections` DISABLE KEYS */;
/*!40000 ALTER TABLE `ca_objects_x_collections` ENABLE KEYS */;
UNLOCK TABLES;

--
-- Table structure for table `ca_objects_x_entities`
--

DROP TABLE IF EXISTS `ca_objects_x_entities`;
/*!40101 SET @saved_cs_client     = @@character_set_client */;
/*!40101 SET character_set_client = utf8 */;
CREATE TABLE `ca_objects_x_entities` (
  `relation_id` int(10) unsigned NOT NULL AUTO_INCREMENT,
  `entity_id` int(10) unsigned NOT NULL,
  `object_id` int(10) unsigned NOT NULL,
  `type_id` smallint(5) unsigned NOT NULL,
  `source_info` longtext NOT NULL,
  `sdatetime` decimal(30,20) DEFAULT NULL,
  `edatetime` decimal(30,20) DEFAULT NULL,
  `label_left_id` int(10) unsigned DEFAULT NULL,
  `label_right_id` int(10) unsigned DEFAULT NULL,
  `rank` int(10) unsigned NOT NULL DEFAULT 0,
  PRIMARY KEY (`relation_id`),
  UNIQUE KEY `u_all` (`entity_id`,`object_id`,`type_id`,`sdatetime`,`edatetime`),
  KEY `i_entity_id` (`entity_id`),
  KEY `i_object_id` (`object_id`),
  KEY `i_type_id` (`type_id`),
  KEY `i_label_left_id` (`label_left_id`),
  KEY `i_label_right_id` (`label_right_id`),
  CONSTRAINT `fk_ca_objects_x_entities_entity_id` FOREIGN KEY (`entity_id`) REFERENCES `ca_entities` (`entity_id`),
  CONSTRAINT `fk_ca_objects_x_entities_label_left_id` FOREIGN KEY (`label_left_id`) REFERENCES `ca_object_labels` (`label_id`),
  CONSTRAINT `fk_ca_objects_x_entities_label_right_id` FOREIGN KEY (`label_right_id`) REFERENCES `ca_entity_labels` (`label_id`),
  CONSTRAINT `fk_ca_objects_x_entities_object_id` FOREIGN KEY (`object_id`) REFERENCES `ca_objects` (`object_id`),
  CONSTRAINT `fk_ca_objects_x_entities_type_id` FOREIGN KEY (`type_id`) REFERENCES `ca_relationship_types` (`type_id`)
) ENGINE=InnoDB DEFAULT CHARSET=utf8;
/*!40101 SET character_set_client = @saved_cs_client */;

--
-- Dumping data for table `ca_objects_x_entities`
--

LOCK TABLES `ca_objects_x_entities` WRITE;
/*!40000 ALTER TABLE `ca_objects_x_entities` DISABLE KEYS */;
/*!40000 ALTER TABLE `ca_objects_x_entities` ENABLE KEYS */;
UNLOCK TABLES;

--
-- Table structure for table `ca_objects_x_object_representations`
--

DROP TABLE IF EXISTS `ca_objects_x_object_representations`;
/*!40101 SET @saved_cs_client     = @@character_set_client */;
/*!40101 SET character_set_client = utf8 */;
CREATE TABLE `ca_objects_x_object_representations` (
  `relation_id` int(10) unsigned NOT NULL AUTO_INCREMENT,
  `object_id` int(10) unsigned NOT NULL,
  `representation_id` int(10) unsigned NOT NULL,
  `is_primary` tinyint(4) NOT NULL,
  `rank` int(10) unsigned NOT NULL DEFAULT 0,
  PRIMARY KEY (`relation_id`),
  UNIQUE KEY `u_all` (`object_id`,`representation_id`),
  KEY `i_object_id` (`object_id`),
  KEY `i_representation_id` (`representation_id`),
  CONSTRAINT `fk_ca_objects_x_object_representations_object_id` FOREIGN KEY (`object_id`) REFERENCES `ca_objects` (`object_id`),
  CONSTRAINT `fk_ca_objects_x_object_representations_representation_id` FOREIGN KEY (`representation_id`) REFERENCES `ca_object_representations` (`representation_id`)
) ENGINE=InnoDB DEFAULT CHARSET=utf8;
/*!40101 SET character_set_client = @saved_cs_client */;

--
-- Dumping data for table `ca_objects_x_object_representations`
--

LOCK TABLES `ca_objects_x_object_representations` WRITE;
/*!40000 ALTER TABLE `ca_objects_x_object_representations` DISABLE KEYS */;
/*!40000 ALTER TABLE `ca_objects_x_object_representations` ENABLE KEYS */;
UNLOCK TABLES;

--
-- Table structure for table `ca_objects_x_objects`
--

DROP TABLE IF EXISTS `ca_objects_x_objects`;
/*!40101 SET @saved_cs_client     = @@character_set_client */;
/*!40101 SET character_set_client = utf8 */;
CREATE TABLE `ca_objects_x_objects` (
  `relation_id` int(10) unsigned NOT NULL AUTO_INCREMENT,
  `object_left_id` int(10) unsigned NOT NULL,
  `object_right_id` int(10) unsigned NOT NULL,
  `type_id` smallint(5) unsigned NOT NULL,
  `source_info` text NOT NULL,
  `sdatetime` decimal(30,20) DEFAULT NULL,
  `edatetime` decimal(30,20) DEFAULT NULL,
  `label_left_id` int(10) unsigned DEFAULT NULL,
  `label_right_id` int(10) unsigned DEFAULT NULL,
  `rank` int(10) unsigned NOT NULL DEFAULT 0,
  PRIMARY KEY (`relation_id`),
  UNIQUE KEY `u_all` (`object_left_id`,`object_right_id`,`type_id`,`sdatetime`,`edatetime`),
  KEY `i_object_left_id` (`object_left_id`),
  KEY `i_object_right_id` (`object_right_id`),
  KEY `i_type_id` (`type_id`),
  KEY `i_label_left_id` (`label_left_id`),
  KEY `i_label_right_id` (`label_right_id`),
  CONSTRAINT `fk_ca_objects_x_objects_label_left_id` FOREIGN KEY (`label_left_id`) REFERENCES `ca_object_labels` (`label_id`),
  CONSTRAINT `fk_ca_objects_x_objects_label_right_id` FOREIGN KEY (`label_right_id`) REFERENCES `ca_object_labels` (`label_id`),
  CONSTRAINT `fk_ca_objects_x_objects_object_left_id` FOREIGN KEY (`object_left_id`) REFERENCES `ca_objects` (`object_id`),
  CONSTRAINT `fk_ca_objects_x_objects_object_right_id` FOREIGN KEY (`object_right_id`) REFERENCES `ca_objects` (`object_id`),
  CONSTRAINT `fk_ca_objects_x_objects_type_id` FOREIGN KEY (`type_id`) REFERENCES `ca_relationship_types` (`type_id`)
) ENGINE=InnoDB DEFAULT CHARSET=utf8;
/*!40101 SET character_set_client = @saved_cs_client */;

--
-- Dumping data for table `ca_objects_x_objects`
--

LOCK TABLES `ca_objects_x_objects` WRITE;
/*!40000 ALTER TABLE `ca_objects_x_objects` DISABLE KEYS */;
/*!40000 ALTER TABLE `ca_objects_x_objects` ENABLE KEYS */;
UNLOCK TABLES;

--
-- Table structure for table `ca_objects_x_occurrences`
--

DROP TABLE IF EXISTS `ca_objects_x_occurrences`;
/*!40101 SET @saved_cs_client     = @@character_set_client */;
/*!40101 SET character_set_client = utf8 */;
CREATE TABLE `ca_objects_x_occurrences` (
  `relation_id` int(10) unsigned NOT NULL AUTO_INCREMENT,
  `occurrence_id` int(10) unsigned NOT NULL,
  `object_id` int(10) unsigned NOT NULL,
  `type_id` smallint(5) unsigned NOT NULL,
  `source_info` longtext NOT NULL,
  `sdatetime` decimal(30,20) DEFAULT NULL,
  `edatetime` decimal(30,20) DEFAULT NULL,
  `label_left_id` int(10) unsigned DEFAULT NULL,
  `label_right_id` int(10) unsigned DEFAULT NULL,
  `rank` int(10) unsigned NOT NULL DEFAULT 0,
  PRIMARY KEY (`relation_id`),
  UNIQUE KEY `u_all` (`occurrence_id`,`object_id`,`type_id`,`sdatetime`,`edatetime`),
  KEY `i_occurrence_id` (`occurrence_id`),
  KEY `i_object_id` (`object_id`),
  KEY `i_type_id` (`type_id`),
  KEY `i_label_left_id` (`label_left_id`),
  KEY `i_label_right_id` (`label_right_id`),
  CONSTRAINT `fk_ca_objects_x_occurrences_label_left_id` FOREIGN KEY (`label_left_id`) REFERENCES `ca_object_labels` (`label_id`),
  CONSTRAINT `fk_ca_objects_x_occurrences_label_right_id` FOREIGN KEY (`label_right_id`) REFERENCES `ca_occurrence_labels` (`label_id`),
  CONSTRAINT `fk_ca_objects_x_occurrences_object_id` FOREIGN KEY (`object_id`) REFERENCES `ca_objects` (`object_id`),
  CONSTRAINT `fk_ca_objects_x_occurrences_occurrence_id` FOREIGN KEY (`occurrence_id`) REFERENCES `ca_occurrences` (`occurrence_id`),
  CONSTRAINT `fk_ca_objects_x_occurrences_type_id` FOREIGN KEY (`type_id`) REFERENCES `ca_relationship_types` (`type_id`)
) ENGINE=InnoDB DEFAULT CHARSET=utf8;
/*!40101 SET character_set_client = @saved_cs_client */;

--
-- Dumping data for table `ca_objects_x_occurrences`
--

LOCK TABLES `ca_objects_x_occurrences` WRITE;
/*!40000 ALTER TABLE `ca_objects_x_occurrences` DISABLE KEYS */;
/*!40000 ALTER TABLE `ca_objects_x_occurrences` ENABLE KEYS */;
UNLOCK TABLES;

--
-- Table structure for table `ca_objects_x_places`
--

DROP TABLE IF EXISTS `ca_objects_x_places`;
/*!40101 SET @saved_cs_client     = @@character_set_client */;
/*!40101 SET character_set_client = utf8 */;
CREATE TABLE `ca_objects_x_places` (
  `relation_id` int(10) unsigned NOT NULL AUTO_INCREMENT,
  `place_id` int(10) unsigned NOT NULL,
  `object_id` int(10) unsigned NOT NULL,
  `type_id` smallint(5) unsigned NOT NULL,
  `source_info` longtext NOT NULL,
  `sdatetime` decimal(30,20) DEFAULT NULL,
  `edatetime` decimal(30,20) DEFAULT NULL,
  `label_left_id` int(10) unsigned DEFAULT NULL,
  `label_right_id` int(10) unsigned DEFAULT NULL,
  `rank` int(10) unsigned NOT NULL DEFAULT 0,
  PRIMARY KEY (`relation_id`),
  UNIQUE KEY `u_all` (`place_id`,`object_id`,`type_id`,`sdatetime`,`edatetime`),
  KEY `i_place_id` (`place_id`),
  KEY `i_object_id` (`object_id`),
  KEY `i_type_id` (`type_id`),
  KEY `i_label_left_id` (`label_left_id`),
  KEY `i_label_right_id` (`label_right_id`),
  CONSTRAINT `fk_ca_objects_x_places_label_left_id` FOREIGN KEY (`label_left_id`) REFERENCES `ca_object_labels` (`label_id`),
  CONSTRAINT `fk_ca_objects_x_places_label_right_id` FOREIGN KEY (`label_right_id`) REFERENCES `ca_place_labels` (`label_id`),
  CONSTRAINT `fk_ca_objects_x_places_object_id` FOREIGN KEY (`object_id`) REFERENCES `ca_objects` (`object_id`),
  CONSTRAINT `fk_ca_objects_x_places_place_id` FOREIGN KEY (`place_id`) REFERENCES `ca_places` (`place_id`),
  CONSTRAINT `fk_ca_objects_x_places_type_id` FOREIGN KEY (`type_id`) REFERENCES `ca_relationship_types` (`type_id`)
) ENGINE=InnoDB DEFAULT CHARSET=utf8;
/*!40101 SET character_set_client = @saved_cs_client */;

--
-- Dumping data for table `ca_objects_x_places`
--

LOCK TABLES `ca_objects_x_places` WRITE;
/*!40000 ALTER TABLE `ca_objects_x_places` DISABLE KEYS */;
/*!40000 ALTER TABLE `ca_objects_x_places` ENABLE KEYS */;
UNLOCK TABLES;

--
-- Table structure for table `ca_objects_x_storage_locations`
--

DROP TABLE IF EXISTS `ca_objects_x_storage_locations`;
/*!40101 SET @saved_cs_client     = @@character_set_client */;
/*!40101 SET character_set_client = utf8 */;
CREATE TABLE `ca_objects_x_storage_locations` (
  `relation_id` int(10) unsigned NOT NULL AUTO_INCREMENT,
  `object_id` int(10) unsigned NOT NULL,
  `type_id` smallint(5) unsigned NOT NULL,
  `location_id` int(10) unsigned NOT NULL,
  `source_info` longtext NOT NULL,
  `sdatetime` decimal(30,20) DEFAULT NULL,
  `edatetime` decimal(30,20) DEFAULT NULL,
  `label_left_id` int(10) unsigned DEFAULT NULL,
  `label_right_id` int(10) unsigned DEFAULT NULL,
  `rank` int(10) unsigned NOT NULL DEFAULT 0,
  PRIMARY KEY (`relation_id`),
  UNIQUE KEY `u_all` (`object_id`,`type_id`,`sdatetime`,`edatetime`,`location_id`),
  KEY `i_object_id` (`object_id`),
  KEY `i_location_id` (`location_id`),
  KEY `i_type_id` (`type_id`),
  KEY `i_label_left_id` (`label_left_id`),
  KEY `i_label_right_id` (`label_right_id`),
  CONSTRAINT `fk_ca_objects_x_storage_locations_label_left_id` FOREIGN KEY (`label_left_id`) REFERENCES `ca_object_labels` (`label_id`),
  CONSTRAINT `fk_ca_objects_x_storage_locations_label_right_id` FOREIGN KEY (`label_right_id`) REFERENCES `ca_storage_location_labels` (`label_id`),
  CONSTRAINT `fk_ca_objects_x_storage_locations_location_id` FOREIGN KEY (`location_id`) REFERENCES `ca_storage_locations` (`location_id`),
  CONSTRAINT `fk_ca_objects_x_storage_locations_object_id` FOREIGN KEY (`object_id`) REFERENCES `ca_objects` (`object_id`),
  CONSTRAINT `fk_ca_objects_x_storage_locations_type_id` FOREIGN KEY (`type_id`) REFERENCES `ca_relationship_types` (`type_id`)
) ENGINE=InnoDB DEFAULT CHARSET=utf8;
/*!40101 SET character_set_client = @saved_cs_client */;

--
-- Dumping data for table `ca_objects_x_storage_locations`
--

LOCK TABLES `ca_objects_x_storage_locations` WRITE;
/*!40000 ALTER TABLE `ca_objects_x_storage_locations` DISABLE KEYS */;
/*!40000 ALTER TABLE `ca_objects_x_storage_locations` ENABLE KEYS */;
UNLOCK TABLES;

--
-- Table structure for table `ca_objects_x_vocabulary_terms`
--

DROP TABLE IF EXISTS `ca_objects_x_vocabulary_terms`;
/*!40101 SET @saved_cs_client     = @@character_set_client */;
/*!40101 SET character_set_client = utf8 */;
CREATE TABLE `ca_objects_x_vocabulary_terms` (
  `relation_id` int(10) unsigned NOT NULL AUTO_INCREMENT,
  `object_id` int(10) unsigned NOT NULL,
  `type_id` smallint(5) unsigned NOT NULL,
  `item_id` int(10) unsigned NOT NULL,
  `source_info` longtext NOT NULL,
  `sdatetime` decimal(30,20) DEFAULT NULL,
  `edatetime` decimal(30,20) DEFAULT NULL,
  `label_left_id` int(10) unsigned DEFAULT NULL,
  `label_right_id` int(10) unsigned DEFAULT NULL,
  `rank` int(10) unsigned NOT NULL DEFAULT 0,
  PRIMARY KEY (`relation_id`),
  UNIQUE KEY `u_all` (`object_id`,`type_id`,`sdatetime`,`edatetime`,`item_id`),
  KEY `i_object_id` (`object_id`),
  KEY `i_item_id` (`item_id`),
  KEY `i_type_id` (`type_id`),
  KEY `i_label_left_id` (`label_left_id`),
  KEY `i_label_right_id` (`label_right_id`),
  CONSTRAINT `fk_ca_objects_x_vocabulary_terms_item_id` FOREIGN KEY (`item_id`) REFERENCES `ca_list_items` (`item_id`),
  CONSTRAINT `fk_ca_objects_x_vocabulary_terms_label_left_id` FOREIGN KEY (`label_left_id`) REFERENCES `ca_object_labels` (`label_id`),
  CONSTRAINT `fk_ca_objects_x_vocabulary_terms_label_right_id` FOREIGN KEY (`label_right_id`) REFERENCES `ca_list_item_labels` (`label_id`),
  CONSTRAINT `fk_ca_objects_x_vocabulary_terms_object_id` FOREIGN KEY (`object_id`) REFERENCES `ca_objects` (`object_id`),
  CONSTRAINT `fk_ca_objects_x_vocabulary_terms_type_id` FOREIGN KEY (`type_id`) REFERENCES `ca_relationship_types` (`type_id`)
) ENGINE=InnoDB DEFAULT CHARSET=utf8;
/*!40101 SET character_set_client = @saved_cs_client */;

--
-- Dumping data for table `ca_objects_x_vocabulary_terms`
--

LOCK TABLES `ca_objects_x_vocabulary_terms` WRITE;
/*!40000 ALTER TABLE `ca_objects_x_vocabulary_terms` DISABLE KEYS */;
/*!40000 ALTER TABLE `ca_objects_x_vocabulary_terms` ENABLE KEYS */;
UNLOCK TABLES;

--
-- Table structure for table `ca_occurrence_labels`
--

DROP TABLE IF EXISTS `ca_occurrence_labels`;
/*!40101 SET @saved_cs_client     = @@character_set_client */;
/*!40101 SET character_set_client = utf8 */;
CREATE TABLE `ca_occurrence_labels` (
  `label_id` int(10) unsigned NOT NULL AUTO_INCREMENT,
  `occurrence_id` int(10) unsigned NOT NULL,
  `locale_id` smallint(5) unsigned NOT NULL,
  `type_id` int(10) unsigned DEFAULT NULL,
  `name` varchar(1024) NOT NULL,
  `name_sort` varchar(1024) NOT NULL,
  `source_info` longtext NOT NULL,
  `is_preferred` tinyint(3) unsigned NOT NULL,
  PRIMARY KEY (`label_id`),
  UNIQUE KEY `u_all` (`occurrence_id`,`name`(255),`type_id`,`locale_id`),
  KEY `i_occurrence_id` (`occurrence_id`),
  KEY `i_name` (`name`(128)),
  KEY `i_locale_id` (`locale_id`),
  KEY `i_name_sort` (`name_sort`(255)),
  KEY `i_type_id` (`type_id`),
  CONSTRAINT `fk_ca_occurrence_labels_locale_id` FOREIGN KEY (`locale_id`) REFERENCES `ca_locales` (`locale_id`),
  CONSTRAINT `fk_ca_occurrence_labels_occurrence_id` FOREIGN KEY (`occurrence_id`) REFERENCES `ca_occurrences` (`occurrence_id`),
  CONSTRAINT `fk_ca_occurrence_labels_type_id` FOREIGN KEY (`type_id`) REFERENCES `ca_list_items` (`item_id`)
) ENGINE=InnoDB DEFAULT CHARSET=utf8;
/*!40101 SET character_set_client = @saved_cs_client */;

--
-- Dumping data for table `ca_occurrence_labels`
--

LOCK TABLES `ca_occurrence_labels` WRITE;
/*!40000 ALTER TABLE `ca_occurrence_labels` DISABLE KEYS */;
/*!40000 ALTER TABLE `ca_occurrence_labels` ENABLE KEYS */;
UNLOCK TABLES;

--
-- Table structure for table `ca_occurrences`
--

DROP TABLE IF EXISTS `ca_occurrences`;
/*!40101 SET @saved_cs_client     = @@character_set_client */;
/*!40101 SET character_set_client = utf8 */;
CREATE TABLE `ca_occurrences` (
  `occurrence_id` int(10) unsigned NOT NULL AUTO_INCREMENT,
  `parent_id` int(10) unsigned DEFAULT NULL,
  `locale_id` smallint(5) unsigned DEFAULT NULL,
  `type_id` int(10) unsigned NOT NULL,
  `idno` varchar(255) NOT NULL,
  `idno_sort` varchar(255) NOT NULL,
  `is_template` tinyint(3) unsigned NOT NULL DEFAULT 0,
  `commenting_status` tinyint(3) unsigned NOT NULL DEFAULT 0,
  `tagging_status` tinyint(3) unsigned NOT NULL DEFAULT 0,
  `rating_status` tinyint(3) unsigned NOT NULL DEFAULT 0,
  `view_count` int(10) unsigned NOT NULL DEFAULT 0,
  `source_id` int(10) unsigned DEFAULT NULL,
  `source_info` longtext NOT NULL,
  `hier_occurrence_id` int(10) unsigned NOT NULL,
  `hier_left` decimal(30,20) NOT NULL,
  `hier_right` decimal(30,20) NOT NULL,
  `access` tinyint(3) unsigned NOT NULL DEFAULT 0,
  `status` tinyint(3) unsigned NOT NULL DEFAULT 0,
  `deleted` tinyint(3) unsigned NOT NULL DEFAULT 0,
  `rank` int(10) unsigned NOT NULL DEFAULT 0,
  `submission_user_id` int(10) unsigned DEFAULT NULL,
  `submission_group_id` int(10) unsigned DEFAULT NULL,
  `submission_status_id` int(10) unsigned DEFAULT NULL,
  `submission_via_form` varchar(100) DEFAULT NULL,
  PRIMARY KEY (`occurrence_id`),
  KEY `i_parent_id` (`parent_id`),
  KEY `i_source_id` (`source_id`),
  KEY `i_type_id` (`type_id`),
  KEY `i_locale_id` (`locale_id`),
  KEY `i_hier_left` (`hier_left`),
  KEY `i_hier_right` (`hier_right`),
  KEY `i_hier_occurrence_id` (`hier_occurrence_id`),
  KEY `i_view_count` (`view_count`),
  KEY `i_occ_filter` (`occurrence_id`,`deleted`,`access`),
  KEY `i_submission_user_id` (`submission_user_id`),
  KEY `i_submission_group_id` (`submission_group_id`),
  KEY `i_submission_status_id` (`submission_status_id`),
  KEY `i_submission_via_form` (`submission_via_form`),
  CONSTRAINT `fk_ca_occurrences_locale_id` FOREIGN KEY (`locale_id`) REFERENCES `ca_locales` (`locale_id`),
  CONSTRAINT `fk_ca_occurrences_parent_id` FOREIGN KEY (`parent_id`) REFERENCES `ca_occurrences` (`occurrence_id`),
  CONSTRAINT `fk_ca_occurrences_source_id` FOREIGN KEY (`source_id`) REFERENCES `ca_list_items` (`item_id`),
  CONSTRAINT `fk_ca_occurrences_submission_group_id` FOREIGN KEY (`submission_group_id`) REFERENCES `ca_user_groups` (`group_id`),
  CONSTRAINT `fk_ca_occurrences_submission_status_id` FOREIGN KEY (`submission_status_id`) REFERENCES `ca_list_items` (`item_id`),
  CONSTRAINT `fk_ca_occurrences_submission_user_id` FOREIGN KEY (`submission_user_id`) REFERENCES `ca_users` (`user_id`),
  CONSTRAINT `fk_ca_occurrences_type_id` FOREIGN KEY (`type_id`) REFERENCES `ca_list_items` (`item_id`)
) ENGINE=InnoDB DEFAULT CHARSET=utf8;
/*!40101 SET character_set_client = @saved_cs_client */;

--
-- Dumping data for table `ca_occurrences`
--

LOCK TABLES `ca_occurrences` WRITE;
/*!40000 ALTER TABLE `ca_occurrences` DISABLE KEYS */;
/*!40000 ALTER TABLE `ca_occurrences` ENABLE KEYS */;
UNLOCK TABLES;

--
-- Table structure for table `ca_occurrences_x_collections`
--

DROP TABLE IF EXISTS `ca_occurrences_x_collections`;
/*!40101 SET @saved_cs_client     = @@character_set_client */;
/*!40101 SET character_set_client = utf8 */;
CREATE TABLE `ca_occurrences_x_collections` (
  `relation_id` int(10) unsigned NOT NULL AUTO_INCREMENT,
  `occurrence_id` int(10) unsigned NOT NULL,
  `collection_id` int(10) unsigned NOT NULL,
  `type_id` smallint(5) unsigned NOT NULL,
  `source_info` longtext NOT NULL,
  `sdatetime` decimal(30,20) DEFAULT NULL,
  `edatetime` decimal(30,20) DEFAULT NULL,
  `label_left_id` int(10) unsigned DEFAULT NULL,
  `label_right_id` int(10) unsigned DEFAULT NULL,
  `rank` int(10) unsigned NOT NULL DEFAULT 0,
  PRIMARY KEY (`relation_id`),
  UNIQUE KEY `u_all` (`occurrence_id`,`collection_id`,`type_id`,`sdatetime`,`edatetime`),
  KEY `i_occurrence_id` (`occurrence_id`),
  KEY `i_collection_id` (`collection_id`),
  KEY `i_type_id` (`type_id`),
  KEY `i_label_left_id` (`label_left_id`),
  KEY `i_label_right_id` (`label_right_id`),
  CONSTRAINT `fk_ca_occurrences_x_collections_collection_id` FOREIGN KEY (`collection_id`) REFERENCES `ca_collections` (`collection_id`),
  CONSTRAINT `fk_ca_occurrences_x_collections_label_left_id` FOREIGN KEY (`label_left_id`) REFERENCES `ca_occurrence_labels` (`label_id`),
  CONSTRAINT `fk_ca_occurrences_x_collections_label_right_id` FOREIGN KEY (`label_right_id`) REFERENCES `ca_collection_labels` (`label_id`),
  CONSTRAINT `fk_ca_occurrences_x_collections_occurrence_id` FOREIGN KEY (`occurrence_id`) REFERENCES `ca_occurrences` (`occurrence_id`),
  CONSTRAINT `fk_ca_occurrences_x_collections_type_id` FOREIGN KEY (`type_id`) REFERENCES `ca_relationship_types` (`type_id`)
) ENGINE=InnoDB DEFAULT CHARSET=utf8;
/*!40101 SET character_set_client = @saved_cs_client */;

--
-- Dumping data for table `ca_occurrences_x_collections`
--

LOCK TABLES `ca_occurrences_x_collections` WRITE;
/*!40000 ALTER TABLE `ca_occurrences_x_collections` DISABLE KEYS */;
/*!40000 ALTER TABLE `ca_occurrences_x_collections` ENABLE KEYS */;
UNLOCK TABLES;

--
-- Table structure for table `ca_occurrences_x_occurrences`
--

DROP TABLE IF EXISTS `ca_occurrences_x_occurrences`;
/*!40101 SET @saved_cs_client     = @@character_set_client */;
/*!40101 SET character_set_client = utf8 */;
CREATE TABLE `ca_occurrences_x_occurrences` (
  `relation_id` int(10) unsigned NOT NULL AUTO_INCREMENT,
  `occurrence_left_id` int(10) unsigned NOT NULL,
  `occurrence_right_id` int(10) unsigned NOT NULL,
  `type_id` smallint(5) unsigned NOT NULL,
  `source_info` longtext NOT NULL,
  `sdatetime` decimal(30,20) DEFAULT NULL,
  `edatetime` decimal(30,20) DEFAULT NULL,
  `label_left_id` int(10) unsigned DEFAULT NULL,
  `label_right_id` int(10) unsigned DEFAULT NULL,
  `rank` int(10) unsigned NOT NULL DEFAULT 0,
  PRIMARY KEY (`relation_id`),
  UNIQUE KEY `u_all` (`occurrence_left_id`,`occurrence_right_id`,`type_id`,`sdatetime`,`edatetime`),
  KEY `i_occurrence_left_id` (`occurrence_left_id`),
  KEY `i_occurrence_right_id` (`occurrence_right_id`),
  KEY `i_type_id` (`type_id`),
  KEY `i_label_left_id` (`label_left_id`),
  KEY `i_label_right_id` (`label_right_id`),
  CONSTRAINT `fk_ca_occurrences_x_occurrences_label_left_id` FOREIGN KEY (`label_left_id`) REFERENCES `ca_occurrence_labels` (`label_id`),
  CONSTRAINT `fk_ca_occurrences_x_occurrences_label_right_id` FOREIGN KEY (`label_right_id`) REFERENCES `ca_occurrence_labels` (`label_id`),
  CONSTRAINT `fk_ca_occurrences_x_occurrences_occurrence_left_id` FOREIGN KEY (`occurrence_left_id`) REFERENCES `ca_occurrences` (`occurrence_id`),
  CONSTRAINT `fk_ca_occurrences_x_occurrences_occurrence_right_id` FOREIGN KEY (`occurrence_right_id`) REFERENCES `ca_occurrences` (`occurrence_id`),
  CONSTRAINT `fk_ca_occurrences_x_occurrences_type_id` FOREIGN KEY (`type_id`) REFERENCES `ca_relationship_types` (`type_id`)
) ENGINE=InnoDB DEFAULT CHARSET=utf8;
/*!40101 SET character_set_client = @saved_cs_client */;

--
-- Dumping data for table `ca_occurrences_x_occurrences`
--

LOCK TABLES `ca_occurrences_x_occurrences` WRITE;
/*!40000 ALTER TABLE `ca_occurrences_x_occurrences` DISABLE KEYS */;
/*!40000 ALTER TABLE `ca_occurrences_x_occurrences` ENABLE KEYS */;
UNLOCK TABLES;

--
-- Table structure for table `ca_occurrences_x_storage_locations`
--

DROP TABLE IF EXISTS `ca_occurrences_x_storage_locations`;
/*!40101 SET @saved_cs_client     = @@character_set_client */;
/*!40101 SET character_set_client = utf8 */;
CREATE TABLE `ca_occurrences_x_storage_locations` (
  `relation_id` int(10) unsigned NOT NULL AUTO_INCREMENT,
  `occurrence_id` int(10) unsigned NOT NULL,
  `location_id` int(10) unsigned NOT NULL,
  `type_id` smallint(5) unsigned NOT NULL,
  `source_info` longtext NOT NULL,
  `sdatetime` decimal(30,20) DEFAULT NULL,
  `edatetime` decimal(30,20) DEFAULT NULL,
  `label_left_id` int(10) unsigned DEFAULT NULL,
  `label_right_id` int(10) unsigned DEFAULT NULL,
  `rank` int(10) unsigned NOT NULL DEFAULT 0,
  PRIMARY KEY (`relation_id`),
  UNIQUE KEY `u_all` (`occurrence_id`,`location_id`,`type_id`,`sdatetime`,`edatetime`),
  KEY `i_occurrence_id` (`occurrence_id`),
  KEY `i_location_id` (`location_id`),
  KEY `i_type_id` (`type_id`),
  KEY `i_label_left_id` (`label_left_id`),
  KEY `i_label_right_id` (`label_right_id`),
  CONSTRAINT `fk_ca_occurrences_x_storage_locations_label_left_id` FOREIGN KEY (`label_left_id`) REFERENCES `ca_occurrence_labels` (`label_id`),
  CONSTRAINT `fk_ca_occurrences_x_storage_locations_label_right_id` FOREIGN KEY (`label_right_id`) REFERENCES `ca_storage_location_labels` (`label_id`),
  CONSTRAINT `fk_ca_occurrences_x_storage_locations_location_id` FOREIGN KEY (`location_id`) REFERENCES `ca_storage_locations` (`location_id`),
  CONSTRAINT `fk_ca_occurrences_x_storage_locations_occurrence_id` FOREIGN KEY (`occurrence_id`) REFERENCES `ca_occurrences` (`occurrence_id`),
  CONSTRAINT `fk_ca_occurrences_x_storage_locations_type_id` FOREIGN KEY (`type_id`) REFERENCES `ca_relationship_types` (`type_id`)
) ENGINE=InnoDB DEFAULT CHARSET=utf8;
/*!40101 SET character_set_client = @saved_cs_client */;

--
-- Dumping data for table `ca_occurrences_x_storage_locations`
--

LOCK TABLES `ca_occurrences_x_storage_locations` WRITE;
/*!40000 ALTER TABLE `ca_occurrences_x_storage_locations` DISABLE KEYS */;
/*!40000 ALTER TABLE `ca_occurrences_x_storage_locations` ENABLE KEYS */;
UNLOCK TABLES;

--
-- Table structure for table `ca_occurrences_x_vocabulary_terms`
--

DROP TABLE IF EXISTS `ca_occurrences_x_vocabulary_terms`;
/*!40101 SET @saved_cs_client     = @@character_set_client */;
/*!40101 SET character_set_client = utf8 */;
CREATE TABLE `ca_occurrences_x_vocabulary_terms` (
  `relation_id` int(10) unsigned NOT NULL AUTO_INCREMENT,
  `occurrence_id` int(10) unsigned NOT NULL,
  `type_id` smallint(5) unsigned NOT NULL,
  `item_id` int(10) unsigned NOT NULL,
  `source_info` longtext NOT NULL,
  `sdatetime` decimal(30,20) DEFAULT NULL,
  `edatetime` decimal(30,20) DEFAULT NULL,
  `label_left_id` int(10) unsigned DEFAULT NULL,
  `label_right_id` int(10) unsigned DEFAULT NULL,
  `rank` int(10) unsigned NOT NULL DEFAULT 0,
  PRIMARY KEY (`relation_id`),
  UNIQUE KEY `u_all` (`occurrence_id`,`type_id`,`sdatetime`,`edatetime`,`item_id`),
  KEY `i_object_id` (`occurrence_id`),
  KEY `i_item_id` (`item_id`),
  KEY `i_type_id` (`type_id`),
  KEY `i_label_left_id` (`label_left_id`),
  KEY `i_label_right_id` (`label_right_id`),
  CONSTRAINT `fk_ca_occurrences_x_vocabulary_terms_item_id` FOREIGN KEY (`item_id`) REFERENCES `ca_list_items` (`item_id`),
  CONSTRAINT `fk_ca_occurrences_x_vocabulary_terms_label_left_id` FOREIGN KEY (`label_left_id`) REFERENCES `ca_occurrence_labels` (`label_id`),
  CONSTRAINT `fk_ca_occurrences_x_vocabulary_terms_label_right_id` FOREIGN KEY (`label_right_id`) REFERENCES `ca_list_item_labels` (`label_id`),
  CONSTRAINT `fk_ca_occurrences_x_vocabulary_terms_occurrence_id` FOREIGN KEY (`occurrence_id`) REFERENCES `ca_occurrences` (`occurrence_id`),
  CONSTRAINT `fk_ca_occurrences_x_vocabulary_terms_type_id` FOREIGN KEY (`type_id`) REFERENCES `ca_relationship_types` (`type_id`)
) ENGINE=InnoDB DEFAULT CHARSET=utf8;
/*!40101 SET character_set_client = @saved_cs_client */;

--
-- Dumping data for table `ca_occurrences_x_vocabulary_terms`
--

LOCK TABLES `ca_occurrences_x_vocabulary_terms` WRITE;
/*!40000 ALTER TABLE `ca_occurrences_x_vocabulary_terms` DISABLE KEYS */;
/*!40000 ALTER TABLE `ca_occurrences_x_vocabulary_terms` ENABLE KEYS */;
UNLOCK TABLES;

--
-- Table structure for table `ca_persistent_cache`
--

DROP TABLE IF EXISTS `ca_persistent_cache`;
/*!40101 SET @saved_cs_client     = @@character_set_client */;
/*!40101 SET character_set_client = utf8 */;
CREATE TABLE `ca_persistent_cache` (
  `cache_key` char(32) NOT NULL,
  `cache_value` longblob NOT NULL,
  `created_on` int(10) unsigned NOT NULL,
  `updated_on` int(10) unsigned NOT NULL,
  `namespace` varchar(100) NOT NULL DEFAULT '',
  PRIMARY KEY (`cache_key`),
  KEY `i_namespace` (`namespace`),
  KEY `i_updated_on` (`updated_on`)
) ENGINE=InnoDB DEFAULT CHARSET=utf8;
/*!40101 SET character_set_client = @saved_cs_client */;

--
-- Dumping data for table `ca_persistent_cache`
--

LOCK TABLES `ca_persistent_cache` WRITE;
/*!40000 ALTER TABLE `ca_persistent_cache` DISABLE KEYS */;
INSERT INTO `ca_persistent_cache` VALUES ('2852bdc60b09095aae0e8c4be569c04b','YToxOntzOjY0OiJlZTQ0NmY5Nzc4YzM2YjIwMTFhNjQ1YWRhZGRmNDJiNDUyNmNlZThlNmVlMmI2MTMwYjg1MWVkMTM5OTNhYzE2IjtpOjE2MTY0ODk0MzA7fQ==',1616489430,1616489430,'csrf_tokens'),('61586cf864b9d8522bfb87864a3ea980','YToyOntzOjY0OiJiOWZiMzA5Yzk5NjJkNGE1NzQ3OTJiYmMxYWU0OTIwMzFjNjI2OGFjMmZkMjkzY2MzYjUxNDM4NTYzZDM3MmIzIjtpOjE2MTY0ODI0MDA7czo2NDoiYzg1ODU4NzJlNTM0Y2M3YWE3NDFkZjA3NDZmMmM1MGQzNjVjZWMzYWMyNWIwYjI0MmI1ZjQ5MjVkOWY5ODQ2OSI7aToxNjE2NDg4MDIyO30=',1616482400,1616488022,'csrf_tokens'),('e374dcda71fc22cfa6fddc03a00bf9cc','YToxOntzOjY0OiJlN2ZmNzVhZmIyNWRkNzY5MWYzMDBlZDQ1YWYyNWNmMjliZGZhMzRmY2M2ZTBjMmYyMTIzOTZjMmRkZWE4OGQxIjtpOjE2MTY0ODIzNjk7fQ==',1616482369,1616482369,'csrf_tokens');
/*!40000 ALTER TABLE `ca_persistent_cache` ENABLE KEYS */;
UNLOCK TABLES;

--
-- Table structure for table `ca_place_labels`
--

DROP TABLE IF EXISTS `ca_place_labels`;
/*!40101 SET @saved_cs_client     = @@character_set_client */;
/*!40101 SET character_set_client = utf8 */;
CREATE TABLE `ca_place_labels` (
  `label_id` int(10) unsigned NOT NULL AUTO_INCREMENT,
  `place_id` int(10) unsigned NOT NULL,
  `locale_id` smallint(5) unsigned NOT NULL,
  `type_id` int(10) unsigned DEFAULT NULL,
  `name` varchar(255) NOT NULL,
  `name_sort` varchar(255) NOT NULL,
  `source_info` longtext NOT NULL,
  `is_preferred` tinyint(3) unsigned NOT NULL,
  PRIMARY KEY (`label_id`),
  UNIQUE KEY `u_all` (`place_id`,`name`,`type_id`,`locale_id`),
  KEY `i_place_id` (`place_id`),
  KEY `i_name` (`name`(128)),
  KEY `i_name_sort` (`name_sort`(128)),
  KEY `i_locale_id` (`locale_id`),
  KEY `i_type_id` (`type_id`),
  CONSTRAINT `fk_ca_place_labels_locale_id` FOREIGN KEY (`locale_id`) REFERENCES `ca_locales` (`locale_id`),
  CONSTRAINT `fk_ca_place_labels_place_id` FOREIGN KEY (`place_id`) REFERENCES `ca_places` (`place_id`),
  CONSTRAINT `fk_ca_place_labels_type_id` FOREIGN KEY (`type_id`) REFERENCES `ca_list_items` (`item_id`)
) ENGINE=InnoDB AUTO_INCREMENT=2 DEFAULT CHARSET=utf8;
/*!40101 SET character_set_client = @saved_cs_client */;

--
-- Dumping data for table `ca_place_labels`
--

LOCK TABLES `ca_place_labels` WRITE;
/*!40000 ALTER TABLE `ca_place_labels` DISABLE KEYS */;
INSERT INTO `ca_place_labels` VALUES (1,1,1,NULL,'Root node for places','Root node for places','Tjs=',1);
/*!40000 ALTER TABLE `ca_place_labels` ENABLE KEYS */;
UNLOCK TABLES;

--
-- Table structure for table `ca_places`
--

DROP TABLE IF EXISTS `ca_places`;
/*!40101 SET @saved_cs_client     = @@character_set_client */;
/*!40101 SET character_set_client = utf8 */;
CREATE TABLE `ca_places` (
  `place_id` int(10) unsigned NOT NULL AUTO_INCREMENT,
  `parent_id` int(10) unsigned DEFAULT NULL,
  `locale_id` smallint(5) unsigned DEFAULT NULL,
  `type_id` int(10) unsigned DEFAULT NULL,
  `source_id` int(10) unsigned DEFAULT NULL,
  `hierarchy_id` int(10) unsigned NOT NULL,
  `idno` varchar(255) NOT NULL,
  `idno_sort` varchar(255) NOT NULL,
  `is_template` tinyint(3) unsigned NOT NULL DEFAULT 0,
  `commenting_status` tinyint(3) unsigned NOT NULL DEFAULT 0,
  `tagging_status` tinyint(3) unsigned NOT NULL DEFAULT 0,
  `rating_status` tinyint(3) unsigned NOT NULL DEFAULT 0,
  `view_count` int(10) unsigned NOT NULL DEFAULT 0,
  `source_info` longtext NOT NULL,
  `lifespan_sdate` decimal(30,20) DEFAULT NULL,
  `lifespan_edate` decimal(30,20) DEFAULT NULL,
  `access` tinyint(3) unsigned NOT NULL DEFAULT 0,
  `status` tinyint(3) unsigned NOT NULL DEFAULT 0,
  `deleted` tinyint(3) unsigned NOT NULL DEFAULT 0,
  `hier_left` decimal(30,20) NOT NULL,
  `hier_right` decimal(30,20) NOT NULL,
  `rank` int(10) unsigned NOT NULL DEFAULT 0,
  `floorplan` longblob NOT NULL,
  `submission_user_id` int(10) unsigned DEFAULT NULL,
  `submission_group_id` int(10) unsigned DEFAULT NULL,
  `submission_status_id` int(10) unsigned DEFAULT NULL,
  `submission_via_form` varchar(100) DEFAULT NULL,
  PRIMARY KEY (`place_id`),
  KEY `i_hierarchy_id` (`hierarchy_id`),
  KEY `i_type_id` (`type_id`),
  KEY `i_idno` (`idno`),
  KEY `i_idno_sort` (`idno_sort`),
  KEY `i_locale_id` (`locale_id`),
  KEY `i_source_id` (`source_id`),
  KEY `i_life_sdatetime` (`lifespan_sdate`),
  KEY `i_life_edatetime` (`lifespan_edate`),
  KEY `i_parent_id` (`parent_id`),
  KEY `i_hier_left` (`hier_left`),
  KEY `i_hier_right` (`hier_right`),
  KEY `i_view_count` (`view_count`),
  KEY `i_place_filter` (`place_id`,`deleted`,`access`),
  KEY `i_submission_user_id` (`submission_user_id`),
  KEY `i_submission_group_id` (`submission_group_id`),
  KEY `i_submission_status_id` (`submission_status_id`),
  KEY `i_submission_via_form` (`submission_via_form`),
  CONSTRAINT `fk_ca_places_hierarchy_id` FOREIGN KEY (`hierarchy_id`) REFERENCES `ca_list_items` (`item_id`),
  CONSTRAINT `fk_ca_places_locale_id` FOREIGN KEY (`locale_id`) REFERENCES `ca_locales` (`locale_id`),
  CONSTRAINT `fk_ca_places_parent_id` FOREIGN KEY (`parent_id`) REFERENCES `ca_places` (`place_id`),
  CONSTRAINT `fk_ca_places_source_id` FOREIGN KEY (`source_id`) REFERENCES `ca_list_items` (`item_id`),
  CONSTRAINT `fk_ca_places_submission_group_id` FOREIGN KEY (`submission_group_id`) REFERENCES `ca_user_groups` (`group_id`),
  CONSTRAINT `fk_ca_places_submission_status_id` FOREIGN KEY (`submission_status_id`) REFERENCES `ca_list_items` (`item_id`),
  CONSTRAINT `fk_ca_places_submission_user_id` FOREIGN KEY (`submission_user_id`) REFERENCES `ca_users` (`user_id`),
  CONSTRAINT `fk_ca_places_type_id` FOREIGN KEY (`type_id`) REFERENCES `ca_list_items` (`item_id`)
) ENGINE=InnoDB AUTO_INCREMENT=2 DEFAULT CHARSET=utf8;
/*!40101 SET character_set_client = @saved_cs_client */;

--
-- Dumping data for table `ca_places`
--

LOCK TABLES `ca_places` WRITE;
/*!40000 ALTER TABLE `ca_places` DISABLE KEYS */;
INSERT INTO `ca_places` VALUES (1,NULL,1,NULL,NULL,171,'Root node for places','Root                node                for                 places              ',0,0,0,0,0,'Tjs=',NULL,NULL,0,0,0,1.00000000000000000000,4294967296.00000000000000000000,1,'',NULL,NULL,NULL,NULL);
/*!40000 ALTER TABLE `ca_places` ENABLE KEYS */;
UNLOCK TABLES;

--
-- Table structure for table `ca_places_x_collections`
--

DROP TABLE IF EXISTS `ca_places_x_collections`;
/*!40101 SET @saved_cs_client     = @@character_set_client */;
/*!40101 SET character_set_client = utf8 */;
CREATE TABLE `ca_places_x_collections` (
  `relation_id` int(10) unsigned NOT NULL AUTO_INCREMENT,
  `place_id` int(10) unsigned NOT NULL,
  `collection_id` int(10) unsigned NOT NULL,
  `type_id` smallint(5) unsigned NOT NULL,
  `source_info` longtext NOT NULL,
  `sdatetime` decimal(30,20) DEFAULT NULL,
  `edatetime` decimal(30,20) DEFAULT NULL,
  `label_left_id` int(10) unsigned DEFAULT NULL,
  `label_right_id` int(10) unsigned DEFAULT NULL,
  `rank` int(10) unsigned NOT NULL DEFAULT 0,
  PRIMARY KEY (`relation_id`),
  UNIQUE KEY `u_all` (`place_id`,`collection_id`,`type_id`,`sdatetime`,`edatetime`),
  KEY `i_place_id` (`place_id`),
  KEY `i_collection_id` (`collection_id`),
  KEY `i_type_id` (`type_id`),
  KEY `i_label_left_id` (`label_left_id`),
  KEY `i_label_right_id` (`label_right_id`),
  CONSTRAINT `fk_ca_places_x_collections_collection_id` FOREIGN KEY (`collection_id`) REFERENCES `ca_collections` (`collection_id`),
  CONSTRAINT `fk_ca_places_x_collections_label_left_id` FOREIGN KEY (`label_left_id`) REFERENCES `ca_place_labels` (`label_id`),
  CONSTRAINT `fk_ca_places_x_collections_label_right_id` FOREIGN KEY (`label_right_id`) REFERENCES `ca_collection_labels` (`label_id`),
  CONSTRAINT `fk_ca_places_x_collections_place_id` FOREIGN KEY (`place_id`) REFERENCES `ca_places` (`place_id`),
  CONSTRAINT `fk_ca_places_x_collections_type_id` FOREIGN KEY (`type_id`) REFERENCES `ca_relationship_types` (`type_id`)
) ENGINE=InnoDB DEFAULT CHARSET=utf8;
/*!40101 SET character_set_client = @saved_cs_client */;

--
-- Dumping data for table `ca_places_x_collections`
--

LOCK TABLES `ca_places_x_collections` WRITE;
/*!40000 ALTER TABLE `ca_places_x_collections` DISABLE KEYS */;
/*!40000 ALTER TABLE `ca_places_x_collections` ENABLE KEYS */;
UNLOCK TABLES;

--
-- Table structure for table `ca_places_x_occurrences`
--

DROP TABLE IF EXISTS `ca_places_x_occurrences`;
/*!40101 SET @saved_cs_client     = @@character_set_client */;
/*!40101 SET character_set_client = utf8 */;
CREATE TABLE `ca_places_x_occurrences` (
  `relation_id` int(10) unsigned NOT NULL AUTO_INCREMENT,
  `occurrence_id` int(10) unsigned NOT NULL,
  `place_id` int(10) unsigned NOT NULL,
  `type_id` smallint(5) unsigned NOT NULL,
  `source_info` longtext NOT NULL,
  `sdatetime` decimal(30,20) DEFAULT NULL,
  `edatetime` decimal(30,20) DEFAULT NULL,
  `label_left_id` int(10) unsigned DEFAULT NULL,
  `label_right_id` int(10) unsigned DEFAULT NULL,
  `rank` int(10) unsigned NOT NULL DEFAULT 0,
  PRIMARY KEY (`relation_id`),
  UNIQUE KEY `u_all` (`place_id`,`occurrence_id`,`type_id`,`sdatetime`,`edatetime`),
  KEY `i_occurrence_id` (`occurrence_id`),
  KEY `i_place_id` (`place_id`),
  KEY `i_type_id` (`type_id`),
  KEY `i_label_left_id` (`label_left_id`),
  KEY `i_label_right_id` (`label_right_id`),
  CONSTRAINT `fk_ca_places_x_occurrences_label_left_id` FOREIGN KEY (`label_left_id`) REFERENCES `ca_place_labels` (`label_id`),
  CONSTRAINT `fk_ca_places_x_occurrences_label_right_id` FOREIGN KEY (`label_right_id`) REFERENCES `ca_occurrence_labels` (`label_id`),
  CONSTRAINT `fk_ca_places_x_occurrences_occurrence_id` FOREIGN KEY (`occurrence_id`) REFERENCES `ca_occurrences` (`occurrence_id`),
  CONSTRAINT `fk_ca_places_x_occurrences_place_id` FOREIGN KEY (`place_id`) REFERENCES `ca_places` (`place_id`),
  CONSTRAINT `fk_ca_places_x_occurrences_type_id` FOREIGN KEY (`type_id`) REFERENCES `ca_relationship_types` (`type_id`)
) ENGINE=InnoDB DEFAULT CHARSET=utf8;
/*!40101 SET character_set_client = @saved_cs_client */;

--
-- Dumping data for table `ca_places_x_occurrences`
--

LOCK TABLES `ca_places_x_occurrences` WRITE;
/*!40000 ALTER TABLE `ca_places_x_occurrences` DISABLE KEYS */;
/*!40000 ALTER TABLE `ca_places_x_occurrences` ENABLE KEYS */;
UNLOCK TABLES;

--
-- Table structure for table `ca_places_x_places`
--

DROP TABLE IF EXISTS `ca_places_x_places`;
/*!40101 SET @saved_cs_client     = @@character_set_client */;
/*!40101 SET character_set_client = utf8 */;
CREATE TABLE `ca_places_x_places` (
  `relation_id` int(10) unsigned NOT NULL AUTO_INCREMENT,
  `place_left_id` int(10) unsigned NOT NULL,
  `place_right_id` int(10) unsigned NOT NULL,
  `type_id` smallint(5) unsigned DEFAULT NULL,
  `source_info` longtext NOT NULL,
  `sdatetime` decimal(30,20) DEFAULT NULL,
  `edatetime` decimal(30,20) DEFAULT NULL,
  `label_left_id` int(10) unsigned DEFAULT NULL,
  `label_right_id` int(10) unsigned DEFAULT NULL,
  `rank` int(10) unsigned NOT NULL DEFAULT 0,
  PRIMARY KEY (`relation_id`),
  UNIQUE KEY `u_all` (`place_left_id`,`place_right_id`,`type_id`,`sdatetime`,`edatetime`),
  KEY `i_place_left_id` (`place_left_id`),
  KEY `i_place_right_id` (`place_right_id`),
  KEY `i_type_id` (`type_id`),
  KEY `i_label_left_id` (`label_left_id`),
  KEY `i_label_right_id` (`label_right_id`),
  CONSTRAINT `fk_ca_places_x_places_label_left_id` FOREIGN KEY (`label_left_id`) REFERENCES `ca_place_labels` (`label_id`),
  CONSTRAINT `fk_ca_places_x_places_label_right_id` FOREIGN KEY (`label_right_id`) REFERENCES `ca_place_labels` (`label_id`),
  CONSTRAINT `fk_ca_places_x_places_place_left_id` FOREIGN KEY (`place_left_id`) REFERENCES `ca_places` (`place_id`),
  CONSTRAINT `fk_ca_places_x_places_place_right_id` FOREIGN KEY (`place_right_id`) REFERENCES `ca_places` (`place_id`),
  CONSTRAINT `fk_ca_places_x_places_type_id` FOREIGN KEY (`type_id`) REFERENCES `ca_relationship_types` (`type_id`)
) ENGINE=InnoDB DEFAULT CHARSET=utf8;
/*!40101 SET character_set_client = @saved_cs_client */;

--
-- Dumping data for table `ca_places_x_places`
--

LOCK TABLES `ca_places_x_places` WRITE;
/*!40000 ALTER TABLE `ca_places_x_places` DISABLE KEYS */;
/*!40000 ALTER TABLE `ca_places_x_places` ENABLE KEYS */;
UNLOCK TABLES;

--
-- Table structure for table `ca_places_x_storage_locations`
--

DROP TABLE IF EXISTS `ca_places_x_storage_locations`;
/*!40101 SET @saved_cs_client     = @@character_set_client */;
/*!40101 SET character_set_client = utf8 */;
CREATE TABLE `ca_places_x_storage_locations` (
  `relation_id` int(10) unsigned NOT NULL AUTO_INCREMENT,
  `place_id` int(10) unsigned NOT NULL,
  `location_id` int(10) unsigned NOT NULL,
  `type_id` smallint(5) unsigned NOT NULL,
  `source_info` longtext NOT NULL,
  `sdatetime` decimal(30,20) DEFAULT NULL,
  `edatetime` decimal(30,20) DEFAULT NULL,
  `label_left_id` int(10) unsigned DEFAULT NULL,
  `label_right_id` int(10) unsigned DEFAULT NULL,
  `rank` int(10) unsigned NOT NULL DEFAULT 0,
  PRIMARY KEY (`relation_id`),
  UNIQUE KEY `u_all` (`place_id`,`location_id`,`type_id`,`sdatetime`,`edatetime`),
  KEY `i_place_id` (`place_id`),
  KEY `i_location_id` (`location_id`),
  KEY `i_type_id` (`type_id`),
  KEY `i_label_left_id` (`label_left_id`),
  KEY `i_label_right_id` (`label_right_id`),
  CONSTRAINT `fk_ca_places_x_storage_locations_label_left_id` FOREIGN KEY (`label_left_id`) REFERENCES `ca_place_labels` (`label_id`),
  CONSTRAINT `fk_ca_places_x_storage_locations_label_right_id` FOREIGN KEY (`label_right_id`) REFERENCES `ca_storage_location_labels` (`label_id`),
  CONSTRAINT `fk_ca_places_x_storage_locations_location_id` FOREIGN KEY (`location_id`) REFERENCES `ca_storage_locations` (`location_id`),
  CONSTRAINT `fk_ca_places_x_storage_locations_place_id` FOREIGN KEY (`place_id`) REFERENCES `ca_places` (`place_id`),
  CONSTRAINT `fk_ca_places_x_storage_locations_type_id` FOREIGN KEY (`type_id`) REFERENCES `ca_relationship_types` (`type_id`)
) ENGINE=InnoDB DEFAULT CHARSET=utf8;
/*!40101 SET character_set_client = @saved_cs_client */;

--
-- Dumping data for table `ca_places_x_storage_locations`
--

LOCK TABLES `ca_places_x_storage_locations` WRITE;
/*!40000 ALTER TABLE `ca_places_x_storage_locations` DISABLE KEYS */;
/*!40000 ALTER TABLE `ca_places_x_storage_locations` ENABLE KEYS */;
UNLOCK TABLES;

--
-- Table structure for table `ca_places_x_vocabulary_terms`
--

DROP TABLE IF EXISTS `ca_places_x_vocabulary_terms`;
/*!40101 SET @saved_cs_client     = @@character_set_client */;
/*!40101 SET character_set_client = utf8 */;
CREATE TABLE `ca_places_x_vocabulary_terms` (
  `relation_id` int(10) unsigned NOT NULL AUTO_INCREMENT,
  `place_id` int(10) unsigned NOT NULL,
  `type_id` smallint(5) unsigned NOT NULL,
  `item_id` int(10) unsigned NOT NULL,
  `source_info` longtext NOT NULL,
  `sdatetime` decimal(30,20) DEFAULT NULL,
  `edatetime` decimal(30,20) DEFAULT NULL,
  `label_left_id` int(10) unsigned DEFAULT NULL,
  `label_right_id` int(10) unsigned DEFAULT NULL,
  `rank` int(10) unsigned NOT NULL DEFAULT 0,
  PRIMARY KEY (`relation_id`),
  UNIQUE KEY `u_all` (`place_id`,`type_id`,`sdatetime`,`edatetime`,`item_id`),
  KEY `i_place_id` (`place_id`),
  KEY `i_item_id` (`item_id`),
  KEY `i_type_id` (`type_id`),
  KEY `i_label_left_id` (`label_left_id`),
  KEY `i_label_right_id` (`label_right_id`),
  CONSTRAINT `fk_ca_places_x_vocabulary_terms_item_id` FOREIGN KEY (`item_id`) REFERENCES `ca_list_items` (`item_id`),
  CONSTRAINT `fk_ca_places_x_vocabulary_terms_label_left_id` FOREIGN KEY (`label_left_id`) REFERENCES `ca_place_labels` (`label_id`),
  CONSTRAINT `fk_ca_places_x_vocabulary_terms_label_right_id` FOREIGN KEY (`label_right_id`) REFERENCES `ca_list_item_labels` (`label_id`),
  CONSTRAINT `fk_ca_places_x_vocabulary_terms_place_id` FOREIGN KEY (`place_id`) REFERENCES `ca_places` (`place_id`),
  CONSTRAINT `fk_ca_places_x_vocabulary_terms_type_id` FOREIGN KEY (`type_id`) REFERENCES `ca_relationship_types` (`type_id`)
) ENGINE=InnoDB DEFAULT CHARSET=utf8;
/*!40101 SET character_set_client = @saved_cs_client */;

--
-- Dumping data for table `ca_places_x_vocabulary_terms`
--

LOCK TABLES `ca_places_x_vocabulary_terms` WRITE;
/*!40000 ALTER TABLE `ca_places_x_vocabulary_terms` DISABLE KEYS */;
/*!40000 ALTER TABLE `ca_places_x_vocabulary_terms` ENABLE KEYS */;
UNLOCK TABLES;

--
-- Table structure for table `ca_relationship_relationships`
--

DROP TABLE IF EXISTS `ca_relationship_relationships`;
/*!40101 SET @saved_cs_client     = @@character_set_client */;
/*!40101 SET character_set_client = utf8 */;
CREATE TABLE `ca_relationship_relationships` (
  `reification_id` int(10) unsigned NOT NULL AUTO_INCREMENT,
  `type_id` smallint(5) unsigned NOT NULL,
  `relationship_table_num` tinyint(3) unsigned NOT NULL,
  `relation_id` int(10) unsigned NOT NULL,
  `table_num` tinyint(4) NOT NULL,
  `row_id` int(10) unsigned NOT NULL,
  `source_info` longtext NOT NULL,
  `sdatetime` decimal(30,20) DEFAULT NULL,
  `edatetime` decimal(30,20) DEFAULT NULL,
  PRIMARY KEY (`reification_id`),
  KEY `i_type_id` (`type_id`),
  KEY `i_relation_row` (`relation_id`,`relationship_table_num`),
  KEY `i_target_row` (`row_id`,`table_num`),
  CONSTRAINT `ca_relationship_relationships_type_id` FOREIGN KEY (`type_id`) REFERENCES `ca_relationship_types` (`type_id`)
) ENGINE=InnoDB DEFAULT CHARSET=utf8;
/*!40101 SET character_set_client = @saved_cs_client */;

--
-- Dumping data for table `ca_relationship_relationships`
--

LOCK TABLES `ca_relationship_relationships` WRITE;
/*!40000 ALTER TABLE `ca_relationship_relationships` DISABLE KEYS */;
/*!40000 ALTER TABLE `ca_relationship_relationships` ENABLE KEYS */;
UNLOCK TABLES;

--
-- Table structure for table `ca_relationship_type_labels`
--

DROP TABLE IF EXISTS `ca_relationship_type_labels`;
/*!40101 SET @saved_cs_client     = @@character_set_client */;
/*!40101 SET character_set_client = utf8 */;
CREATE TABLE `ca_relationship_type_labels` (
  `label_id` int(10) unsigned NOT NULL AUTO_INCREMENT,
  `type_id` smallint(5) unsigned NOT NULL,
  `locale_id` smallint(5) unsigned NOT NULL,
  `typename` varchar(255) NOT NULL,
  `typename_reverse` varchar(255) NOT NULL,
  `description` text NOT NULL,
  `description_reverse` text NOT NULL,
  PRIMARY KEY (`label_id`),
  UNIQUE KEY `u_typename` (`type_id`,`locale_id`,`typename`),
  UNIQUE KEY `u_typename_reverse` (`typename_reverse`,`type_id`,`locale_id`),
  KEY `i_type_id` (`type_id`),
  KEY `i_locale_id` (`locale_id`),
  CONSTRAINT `fk_ca_relationship_type_labels_locale_id` FOREIGN KEY (`locale_id`) REFERENCES `ca_locales` (`locale_id`),
  CONSTRAINT `fk_ca_relationship_type_labels_type_id` FOREIGN KEY (`type_id`) REFERENCES `ca_relationship_types` (`type_id`)
) ENGINE=InnoDB AUTO_INCREMENT=365 DEFAULT CHARSET=utf8;
/*!40101 SET character_set_client = @saved_cs_client */;

--
-- Dumping data for table `ca_relationship_type_labels`
--

LOCK TABLES `ca_relationship_type_labels` WRITE;
/*!40000 ALTER TABLE `ca_relationship_type_labels` DISABLE KEYS */;
INSERT INTO `ca_relationship_type_labels` VALUES (1,2,2,'is lent from','is lender of','',''),(2,2,3,'is lent from','is lender of','',''),(3,2,7,'est prt par','a prt','',''),(4,2,15,'lnas ut frn','r lngivare av','',''),(5,3,2,'is borrowed from','is borrower of','',''),(6,3,3,'is borrowed from','is borrower of','',''),(7,3,7,'est emprunt par','a emprunt','',''),(8,3,15,'r lnat frn','r lntagare av','',''),(9,4,2,'is authorized by','is authorizer','',''),(10,4,3,'is authorized by','is authorizer','',''),(11,4,7,'est autoris par','a autoris','',''),(12,4,15,'r auktoriserad av','r behrighetsgivare','',''),(13,6,2,'is located at','is location of','',''),(14,6,3,'is located at','is location of','',''),(15,6,7,'est localis ','est la localisation de','',''),(16,6,15,'r placerad p','r platsen fr','',''),(17,8,2,'has as part of','is part of','',''),(18,8,3,'has as part of','is part of','',''),(19,8,7,'a pour partie','est une partie de','',''),(20,8,15,'har som en del av','r en del av','',''),(21,10,2,'was authorized by','was authorizer','',''),(22,10,3,'was authorized by','was authorizer','',''),(23,10,7,'a t autoris par','a autoris','',''),(24,10,15,'var godknd av','var behrighetsgivare','',''),(25,11,2,'was moved by','was mover','',''),(26,11,3,'was moved by','was mover','',''),(27,11,7,'a t dplac par','a dplac','',''),(28,11,15,'var flyttad av','var flyttare','',''),(29,13,2,'has as part of','is part of','',''),(30,13,3,'has as part of','is part of','',''),(31,13,7,'a pour partie','est une partie de','',''),(32,13,15,'har som en del av','r en del av','',''),(33,15,2,'has as part of','is part of','',''),(34,15,3,'has as part of','is part of','',''),(35,15,7,'a pour partie','est une partie de','',''),(36,15,15,'har som en del av','r en del av','',''),(37,17,2,'is related to','is related to','',''),(38,17,1,'on suhteessa','on suhteessa','',''),(39,19,2,'is located at','is location of','',''),(40,19,3,'is located at','is location of','',''),(41,19,7,'est situ ','est l\'emplacement de','',''),(42,19,15,'r placerad p','r platsen fr','',''),(43,21,2,'is located at','is location of','',''),(44,21,3,'is located at','is location of','',''),(45,21,7,'est situ ','est l\'emplacement de','',''),(46,21,15,'r placerad p','r platsen fr','',''),(47,23,2,'was created by','is creator','',''),(48,23,3,'was created by','is creator','',''),(49,23,7,'a t cr par','est le crateur','',''),(50,23,15,'skapades av','r skaparen','',''),(51,24,2,'rights held by','is rights holder','',''),(52,24,3,'rights held by','is rights holder','',''),(53,24,7,'droits dtenus par','est le dtenteur des droits','',''),(54,24,15,'rttigheter innehas av','r rttighetsinnehavare','',''),(55,26,2,'depicts','depicts','',''),(56,26,3,'depicts','depicts','',''),(57,26,7,'depicts','depicts','',''),(58,26,15,'avbildar','avbildar','',''),(59,28,2,'depicts','depicts','',''),(60,28,3,'depicts','depicts','',''),(61,28,7,'depicts','depicts','',''),(62,28,15,'avbildar','avbildar','',''),(63,30,2,'has subject','is subject','',''),(64,30,3,'has subject','is subject','',''),(65,30,7,'a pour sujet','est le sujet','',''),(66,30,15,'har mnet','r mnet','',''),(67,32,2,'part of','part of','',''),(68,32,3,'part of','part of','',''),(69,32,7,'part of','part of','',''),(70,32,15,'del av','del av','',''),(71,34,2,'current location','current location','',''),(72,34,3,'current location','current location','',''),(73,34,7,'current location','current location','',''),(74,34,15,'nuvarande plats','nuvarande plats','',''),(75,36,2,'related','related','',''),(76,36,3,'related','related','',''),(77,36,7,'related','related','',''),(78,38,2,'is related to','is related to','',''),(79,38,3,'is related to','is related to','',''),(80,38,7,'est li ','est li ','',''),(81,40,2,'has subject','is subject','',''),(82,40,3,'has subject','is subject','',''),(83,40,7,'a pour sujet','est le sujet','',''),(84,42,2,'is located at','is location of','',''),(85,42,3,'is located at','is location of','',''),(86,42,7,'est situ ','est l\'emplacement de','',''),(87,42,15,'r placerad','r placering','',''),(88,44,2,'has subject','is subject','',''),(89,44,3,'has subject','is subject','',''),(90,44,7,'a pour sujet','est le sujet','',''),(91,44,15,'har mne','r mne','',''),(92,46,2,'is related to','is related to','',''),(93,46,3,'is related to','is related to','',''),(94,46,7,'est li ','est li ','',''),(95,46,15,'r relaterad till','r relaterad till','',''),(96,48,2,'has as part of','is part of','',''),(97,48,3,'has as part of','is part of','',''),(98,48,7,'a pour partie','est une partie de','',''),(99,48,15,'r relaterad till','r relaterad till','',''),(100,50,2,'is related to','is related to','',''),(101,50,3,'is related to','is related to','',''),(102,50,7,'est li ','est li ','',''),(103,50,15,'r relaterad till','r relaterad till','',''),(104,52,2,'is related to','is related to','',''),(105,52,3,'is related to','is related to','',''),(106,52,7,'est li ','est li ','',''),(107,52,15,'r relaterad till','r relaterad till','',''),(108,54,2,'is related to','is related to','',''),(109,54,3,'is related to','is related to','',''),(110,54,7,'est li ','est li ','',''),(111,54,15,'r relaterad till','r relaterad till','',''),(112,56,2,'is related to','is related to','',''),(113,56,3,'is related to','is related to','',''),(114,56,7,'est li ','est li ','',''),(115,56,15,'r relaterad till','r relaterad till','',''),(116,58,2,'is related to','is related to','',''),(117,58,3,'is related to','is related to','',''),(118,58,7,'est li ','est li ','',''),(119,58,15,'r relaterad till','r relaterad till','',''),(120,60,2,'is related to','is related to','',''),(121,60,3,'is related to','is related to','',''),(122,60,7,'est li ','est li ','',''),(123,60,15,'r relaterad till','r relaterad till','',''),(124,62,2,'is related to','is related to','',''),(125,62,3,'is related to','is related to','',''),(126,62,7,'est li ','est li ','',''),(127,62,15,'r relaterad till','r relaterad till','',''),(128,64,2,'is related to','is related to','',''),(129,64,3,'is related to','is related to','',''),(130,64,7,'est li ','est li ','',''),(131,64,15,'r relaterad till','r relaterad till','',''),(132,66,2,'is related to','is related to','',''),(133,66,3,'is related to','is related to','',''),(134,66,7,'est li ','est li ','',''),(135,66,15,'r relaterad till','r relaterad till','',''),(136,68,2,'is related to','is related to','',''),(137,68,3,'is related to','is related to','',''),(138,68,7,'est li ','est li ','',''),(139,68,15,'r relaterad till','r relaterad till','',''),(140,70,2,'is related to','is related to','',''),(141,70,3,'is related to','is related to','',''),(142,70,7,'est li ','est li ','',''),(143,70,15,'r relaterad till','r relaterad till','',''),(144,72,2,'is related to','is related to','',''),(145,72,3,'is related to','is related to','',''),(146,72,7,'est li ','est li ','',''),(147,72,15,'r relaterad till','r relaterad till','',''),(148,74,2,'is related to','is related to','',''),(149,74,3,'is related to','is related to','',''),(150,74,7,'est li ','est li ','',''),(151,74,15,'r relaterad till','r relaterad till','',''),(152,76,2,'is related to','is related to','',''),(153,76,3,'is related to','is related to','',''),(154,76,7,'est li ','est li ','',''),(155,76,15,'r relaterad till','r relaterad till','',''),(156,78,2,'is related to','is related to','',''),(157,78,3,'is related to','is related to','',''),(158,78,7,'est li ','est li ','',''),(159,78,15,'r relaterad till','r relaterad till','',''),(160,80,2,'is related to','is related to','',''),(161,80,3,'is related to','is related to','',''),(162,80,7,'est li ','est li ','',''),(163,80,15,'r relaterad till','r relaterad till','',''),(164,82,2,'is lent from','is lender of','',''),(165,82,3,'is lent from','is lender of','',''),(166,82,7,'est prt par','a prt','',''),(167,82,15,'lnas ut frn','r lngivare av','',''),(168,84,2,'has as part of','is part of','',''),(169,84,3,'has as part of','is part of','',''),(170,84,7,'a pour partie','est une partie de','',''),(171,84,15,'har som en del av','r en del av','',''),(172,86,2,'has as part of','is part of','',''),(173,86,3,'has as part of','is part of','',''),(174,86,7,'a pour partie','est une partie de','',''),(175,86,15,'har som en del av','r en del av','',''),(176,88,2,'is related to','is related to','',''),(177,88,3,'is related to','is related to','',''),(178,88,7,'est li ','est li ','',''),(179,88,15,'r relaterad till','r relaterad till','',''),(180,90,2,'is related to','is related to','',''),(181,90,3,'is related to','is related to','',''),(182,90,7,'est li ','est li ','',''),(183,90,15,'r relaterad till','r relaterad till','',''),(184,92,2,'is related to','is related to','',''),(185,92,3,'is related to','is related to','',''),(186,92,7,'est li ','est li ','',''),(187,92,15,'r relaterad till','r relaterad till','',''),(188,94,2,'is related to','is related to','',''),(189,94,3,'is related to','is related to','',''),(190,94,7,'est li ','est li ','',''),(191,94,15,'r relaterad till','r relaterad till','',''),(192,96,2,'is related to','is related to','',''),(193,96,3,'is related to','is related to','',''),(194,96,7,'est li ','est li ','',''),(195,96,15,'r relaterad till','r relaterad till','',''),(196,98,2,'has subject','is subject','',''),(197,98,3,'has subject','is subject','',''),(198,98,7,'a pour sujet','est le sujet','',''),(199,98,15,'har mnet','r mnet','',''),(200,100,1,'?','?','',''),(201,101,1,'kyttj','kyttj','',''),(202,102,1,'painopaikka','painopaikka','',''),(203,103,1,'rakennustutkija','rakennustutkija','',''),(204,104,1,'museonjohtaja','museonjohtaja','',''),(205,105,1,'museomestari','museomestari','',''),(206,106,1,'tiedotussihteeri','tiedotussihteeri','',''),(207,107,1,'tutkijat','tutkijat','',''),(208,108,1,'jlleenmyyj','jlleenmyyj','',''),(209,109,1,'JY:n liikuntasihteer','JY:n liikuntasihteer','',''),(210,110,1,'keksij','keksij','',''),(211,111,1,'kaivertaja','kaivertaja','',''),(212,112,1,'leikkaaja','leikkaaja','',''),(213,113,1,'Porthan-juhlamestari','Porthan-juhlamestari','',''),(214,114,1,'maahantuonti','maahantuonti','',''),(215,115,1,'Imprimatur','Imprimatur','',''),(216,116,1,'Vastaanottaja','Vastaanottaja','',''),(217,117,1,'haastateltava','haastateltava','',''),(218,118,1,'aikakauslehti','aikakauslehti','',''),(219,119,1,'dekaani','dekaani','',''),(220,120,1,'projektitoimittaja','projektitoimittaja','',''),(221,121,1,'informantti','informantti','',''),(222,122,1,'projektipllikk','projektipllikk','',''),(223,123,1,'copyright','copyright','',''),(224,124,1,'nisuunnittelu','nisuunnittelu','',''),(225,125,1,'sestj','sestj','',''),(226,126,1,'rtli','rtli','',''),(227,127,1,'kutsuja','kutsuja','',''),(228,128,1,'runoilija','runoilija','',''),(229,129,1,'johtaja','johtaja','',''),(230,130,1,'lukija','lukija','',''),(231,131,1,'tiedottaja','tiedottaja','',''),(232,132,1,'vastaaja','vastaaja','',''),(233,133,1,'antaja','antaja','',''),(234,134,1,'todistaja','todistaja','',''),(235,135,1,'kertoja','kertoja','',''),(236,136,1,'kuvaajat','kuvaajat','',''),(237,137,1,'toimitussihteeri','toimitussihteeri','',''),(238,138,1,'laulaja','laulaja','',''),(239,139,1,'sihteeri','sihteeri','',''),(240,140,1,'ohjaaja','ohjaaja','',''),(241,141,1,'tekijt','tekijt','',''),(242,142,1,'opettaja','opettaja','',''),(243,143,1,'tilaaja','tilaaja','',''),(244,144,1,'kntj','kntj','',''),(245,145,1,'ksikirjoittaja','ksikirjoittaja','',''),(246,146,1,'ompelija','ompelija','',''),(247,147,1,'kirjoittajat','kirjoittajat','',''),(248,148,1,'sovittaja','sovittaja','',''),(249,149,1,'kirjailija','kirjailija','',''),(250,150,1,'nittj','nittj','',''),(251,151,1,'luetteloija','luetteloija','',''),(252,152,1,'taittaja','taittaja','',''),(253,153,1,'nauhoittaja','nauhoittaja','',''),(254,154,1,'tarkastaja','tarkastaja','',''),(255,155,1,'jakaja','jakaja','',''),(256,156,1,'painattaja','painattaja','',''),(257,157,1,'sanoittaja','sanoittaja','',''),(258,158,1,'tyryhm','tyryhm','',''),(259,159,1,'valmistuttaja','valmistuttaja','',''),(260,160,1,'opiskelija','opiskelija','',''),(261,161,1,'kirjapaino','kirjapaino','',''),(262,162,1,'tutkija','tutkija','',''),(263,163,1,'ptoimittaja','ptoimittaja','',''),(264,164,1,'sveltj','sveltj','',''),(265,165,1,'kuvittaja','kuvittaja','',''),(266,166,1,'lhettj','lhettj','',''),(267,167,1,'allekirjoittaja','allekirjoittaja','',''),(268,168,1,'suomentaja','suomentaja','',''),(269,169,1,'toimittanut','toimittanut','',''),(270,170,1,'luovuttaja','luovuttaja','',''),(271,171,1,'muu','muu','',''),(272,172,1,'tuottaja','tuottaja','',''),(273,173,1,'laatija','laatija','',''),(274,174,1,'painaja','painaja','',''),(275,175,1,'piirtj','piirtj','',''),(276,176,1,'haastattelija','haastattelija','',''),(277,177,1,'toimittaja','toimittaja','',''),(278,178,1,'julkaisija','julkaisija','',''),(279,179,1,'kustantaja','kustantaja','',''),(280,180,1,'kirjoittaja','kirjoittaja','',''),(281,181,1,'kuvaaja','kuvaaja','',''),(282,182,1,'valmistaja','valmistaja','',''),(283,183,1,'valokuvaaja','valokuvaaja','',''),(284,184,2,'had as artist','artist','',''),(285,184,1,'taiteilija','taiteilija','',''),(286,185,2,'had as architect','was architect of','',''),(287,185,1,'arkkitehti','arkkitehti','',''),(288,186,2,'had as designer','was designer of','',''),(289,186,1,'suunnittelija','suunnittelija','',''),(290,187,2,'has as author','was author of','',''),(291,187,1,'tekijn','tekij','',''),(292,188,2,'had as sponsor','was sponsor for','',''),(293,188,1,'rahoittaja','rahoittaja','',''),(294,190,1,'on osa','sislt','',''),(295,192,1,'luomispaikka','luomispaikka','',''),(296,193,2,'was located at','was location of','',''),(297,193,1,'sijaintipaikka','sijaintipaikka','',''),(298,194,2,'depicts','is depicted by','',''),(299,194,1,'esitt','on esitetty objektissa','',''),(300,195,2,'describes','is described by','',''),(301,195,1,'kuvaile','on kuvailtu objektissa','',''),(302,197,1,'esitt','on esitetty objektissa','',''),(303,198,1,'on kytetty','kytettiin','',''),(304,199,1,'kuvailee','on kuvailtu','',''),(305,201,1,'on suhteessa','on suhteessa','',''),(306,202,1,'samankaltainen','samankaltainen','',''),(307,203,1,'duplikaatti','duplikaatti','',''),(308,204,1,'on osa','sislt','',''),(309,206,1,'on kuvailtu kohteessa','kuvailee','',''),(310,207,1,'esitt','on esitetty kohteessa','',''),(311,209,1,'on suhteessa','on suhteessa','',''),(312,210,1,'on lapsi','on vanhempi','',''),(313,211,2,'is spouse of','is spouse of','',''),(314,211,1,'puoliso','puoliso','',''),(315,213,2,'was born at','was birthplace of','',''),(316,213,1,'syntympaikka','syntympaikka','',''),(317,214,2,'resided at','was residence of','',''),(318,214,1,'asuinpaikka','asuinpaikka','',''),(319,215,2,'worked at','was workplace of','',''),(320,215,1,'typaikka','typaikka','',''),(321,217,1,'tekij','tekij','',''),(322,218,1,'haastattelija','haastattelija','',''),(323,219,1,'haastateltava','haastateltava','',''),(324,220,1,'jrjestj','jrjestj','',''),(325,221,1,'kuraattori','kuraattori','',''),(326,222,1,'puhuja','puhuja','',''),(327,223,1,'panelisti','panelisti','',''),(328,225,1,'lahjoittaja','on lahjoittaja','',''),(329,226,1,'tarjoaja','tarjoaja','',''),(330,228,2,'originates from','is origination location of','',''),(331,228,1,'on lhtisin','on alkuper kohteelle','',''),(332,230,1,'on osa','sislt','',''),(333,232,1,'on suhteessa','on suhteessa','',''),(334,234,1,'on kuvailtu kohteessa','kuvailee','',''),(335,236,1,'on suhteessa','on suhteessa','',''),(336,238,1,'on suhteessa','on suhteessa','',''),(337,240,2,'is described by','describes','',''),(338,240,1,'on kuvailtu kohteessa','kuvailee','',''),(339,242,2,'has as subject','is subject of','',''),(340,242,1,'asiasana','asiasana','',''),(341,244,2,'was location of','occurred at','',''),(342,244,1,'oli sijaintipaikkana','sijaitsi','',''),(343,246,2,'is related to','is related to','',''),(344,246,1,'on suhteessa','on suhteessa','',''),(345,248,2,'is described by','describes','',''),(346,248,1,'on kuvailtu kohteessa','kuvailee','',''),(347,250,2,'is location of','is located in','',''),(348,250,1,'sislt','sijaitsee','',''),(349,252,1,'esitt','on esitetty kohteessa','',''),(350,253,1,'kuvitus','kuvitus','',''),(351,255,2,'depicts','is depicted by','',''),(352,255,1,'esitt','on esitetty kohteessa','',''),(353,256,2,'describes','is described by','',''),(354,256,1,'kuvailee','on kuvailtu kohteessa','',''),(355,258,2,'depicts','is depicted by','',''),(356,258,1,'kuvailee','on kuvailtu kohteessa','',''),(357,259,2,'describes','is described by','',''),(358,259,1,'kuvailee','on kuvailtu kohteessa','',''),(359,261,2,'depicts','is depicted by','',''),(360,261,1,'esitt','on esitetty kohteessa','',''),(361,262,2,'describes','is described by','',''),(362,262,1,'kuvailee','on kuvailtu kohteessa','',''),(363,264,2,'is described by','describes','',''),(364,264,1,'on kuvailtu kohteessa','kuvailee','','');
/*!40000 ALTER TABLE `ca_relationship_type_labels` ENABLE KEYS */;
UNLOCK TABLES;

--
-- Table structure for table `ca_relationship_types`
--

DROP TABLE IF EXISTS `ca_relationship_types`;
/*!40101 SET @saved_cs_client     = @@character_set_client */;
/*!40101 SET character_set_client = utf8 */;
CREATE TABLE `ca_relationship_types` (
  `type_id` smallint(5) unsigned NOT NULL AUTO_INCREMENT,
  `parent_id` smallint(5) unsigned DEFAULT NULL,
  `sub_type_left_id` int(10) unsigned DEFAULT NULL,
  `include_subtypes_left` tinyint(3) unsigned NOT NULL DEFAULT 0,
  `sub_type_right_id` int(10) unsigned DEFAULT NULL,
  `include_subtypes_right` tinyint(3) unsigned NOT NULL DEFAULT 0,
  `hier_left` decimal(30,20) unsigned NOT NULL,
  `hier_right` decimal(30,20) unsigned NOT NULL,
  `hier_type_id` smallint(5) unsigned DEFAULT NULL,
  `table_num` tinyint(3) unsigned NOT NULL,
  `type_code` varchar(30) NOT NULL,
  `rank` smallint(5) unsigned NOT NULL DEFAULT 0,
  `is_default` tinyint(3) unsigned NOT NULL,
  PRIMARY KEY (`type_id`),
  UNIQUE KEY `u_type_code` (`type_code`,`table_num`),
  KEY `i_table_num` (`table_num`),
  KEY `i_sub_type_left_id` (`sub_type_left_id`),
  KEY `i_sub_type_right_id` (`sub_type_right_id`),
  KEY `i_parent_id` (`parent_id`),
  KEY `i_hier_type_id` (`hier_type_id`),
  KEY `i_hier_left` (`hier_left`),
  KEY `i_hier_right` (`hier_right`),
  CONSTRAINT `fk_ca_relationship_types_parent_id` FOREIGN KEY (`parent_id`) REFERENCES `ca_relationship_types` (`type_id`)
) ENGINE=InnoDB AUTO_INCREMENT=265 DEFAULT CHARSET=utf8;
/*!40101 SET character_set_client = @saved_cs_client */;

--
-- Dumping data for table `ca_relationship_types`
--

LOCK TABLES `ca_relationship_types` WRITE;
/*!40000 ALTER TABLE `ca_relationship_types` DISABLE KEYS */;
INSERT INTO `ca_relationship_types` VALUES (1,NULL,NULL,0,NULL,0,1.00000000000000000000,4294967296.00000000000000000000,1,136,'root_for_136',10,0),(2,1,NULL,0,NULL,0,4295.96729500000000000000,8590.93459000000000000000,1,136,'lender',10,0),(3,1,NULL,0,NULL,0,12885.89329506500000000000,17180.85200013100000000000,1,136,'borrower',10,0),(4,1,NULL,0,NULL,0,21475.80211527900000000000,25770.75223042700000000000,1,136,'authorizer',10,1),(5,NULL,NULL,0,NULL,0,1.00000000000000000000,4294967296.00000000000000000000,5,143,'root_for_143',10,0),(6,5,NULL,0,NULL,0,4295.96729500000000000000,8590.93459000000000000000,5,143,'location',10,1),(7,NULL,NULL,0,NULL,0,1.00000000000000000000,4294967296.00000000000000000000,7,135,'root_for_135',10,0),(8,7,NULL,0,NULL,0,4295.96729500000000000000,8590.93459000000000000000,7,135,'loan',10,1),(9,NULL,NULL,0,NULL,0,1.00000000000000000000,4294967296.00000000000000000000,9,141,'root_for_141',10,0),(10,9,NULL,0,NULL,0,4295.96729500000000000000,8590.93459000000000000000,9,141,'authorizer',10,0),(11,9,NULL,0,NULL,0,12885.89329506500000000000,17180.85200013100000000000,9,141,'mover',10,1),(12,NULL,NULL,0,NULL,0,1.00000000000000000000,4294967296.00000000000000000000,12,140,'root_for_140',10,0),(13,12,NULL,0,NULL,0,4295.96729500000000000000,8590.93459000000000000000,12,140,'part',10,1),(14,NULL,NULL,0,NULL,0,1.00000000000000000000,4294967296.00000000000000000000,14,139,'root_for_139',10,0),(15,14,NULL,0,NULL,0,4295.96729500000000000000,8590.93459000000000000000,14,139,'part',10,1),(16,NULL,NULL,0,NULL,0,1.00000000000000000000,4294967296.00000000000000000000,16,34,'root_for_34',10,0),(17,16,NULL,0,NULL,0,4295.96729500000000000000,8590.93459000000000000000,16,34,'related',10,1),(18,NULL,NULL,0,NULL,0,1.00000000000000000000,4294967296.00000000000000000000,18,119,'root_for_119',10,0),(19,18,NULL,0,NULL,0,4295.96729500000000000000,8590.93459000000000000000,18,119,'related',10,1),(20,NULL,NULL,0,NULL,0,1.00000000000000000000,4294967296.00000000000000000000,20,120,'root_for_120',10,0),(21,20,NULL,0,NULL,0,4295.96729500000000000000,8590.93459000000000000000,20,120,'related',10,1),(22,NULL,NULL,0,NULL,0,1.00000000000000000000,4294967296.00000000000000000000,22,85,'root_for_85',10,0),(23,22,NULL,0,NULL,0,4295.96729500000000000000,8590.93459000000000000000,22,85,'creator',10,0),(24,22,NULL,0,NULL,0,12885.89329506500000000000,17180.85200013100000000000,22,85,'rights_holder',10,1),(25,NULL,NULL,0,NULL,0,1.00000000000000000000,4294967296.00000000000000000000,25,87,'root_for_87',10,0),(26,25,NULL,0,NULL,0,4295.96729500000000000000,8590.93459000000000000000,25,87,'depicts',10,1),(27,NULL,NULL,0,NULL,0,1.00000000000000000000,4294967296.00000000000000000000,27,86,'root_for_86',10,0),(28,27,NULL,0,NULL,0,4295.96729500000000000000,8590.93459000000000000000,27,86,'depicts',10,1),(29,NULL,NULL,0,NULL,0,1.00000000000000000000,4294967296.00000000000000000000,29,116,'root_for_116',10,0),(30,29,NULL,0,NULL,0,4295.96729500000000000000,8590.93459000000000000000,29,116,'subject',10,1),(31,NULL,NULL,0,NULL,0,1.00000000000000000000,4294967296.00000000000000000000,31,172,'root_for_172',10,0),(32,31,NULL,0,NULL,0,4295.96729500000000000000,8590.93459000000000000000,31,172,'depicts',10,1),(33,NULL,NULL,0,NULL,0,1.00000000000000000000,4294967296.00000000000000000000,33,173,'root_for_173',10,0),(34,33,NULL,0,NULL,0,4295.96729500000000000000,8590.93459000000000000000,33,173,'depicts',10,1),(35,NULL,NULL,0,NULL,0,1.00000000000000000000,4294967296.00000000000000000000,35,174,'root_for_174',10,0),(36,35,NULL,0,NULL,0,4295.96729500000000000000,8590.93459000000000000000,35,174,'depicts',10,1),(37,NULL,NULL,0,NULL,0,1.00000000000000000000,4294967296.00000000000000000000,37,157,'root_for_157',10,0),(38,37,NULL,0,NULL,0,4295.96729500000000000000,8590.93459000000000000000,37,157,'related',10,1),(39,NULL,NULL,0,NULL,0,1.00000000000000000000,4294967296.00000000000000000000,39,158,'root_for_158',10,0),(40,39,NULL,0,NULL,0,4295.96729500000000000000,8590.93459000000000000000,39,158,'subject',10,1),(41,NULL,NULL,0,NULL,0,1.00000000000000000000,4294967296.00000000000000000000,41,159,'root_for_159',10,0),(42,41,NULL,0,NULL,0,4295.96729500000000000000,8590.93459000000000000000,41,159,'related',10,1),(43,NULL,NULL,0,NULL,0,1.00000000000000000000,4294967296.00000000000000000000,43,162,'root_for_162',10,0),(44,43,NULL,0,NULL,0,4295.96729500000000000000,8590.93459000000000000000,43,162,'subject',10,1),(45,NULL,NULL,0,NULL,0,1.00000000000000000000,4294967296.00000000000000000000,45,160,'root_for_160',10,0),(46,45,NULL,0,NULL,0,4295.96729500000000000000,8590.93459000000000000000,45,160,'related',10,1),(47,NULL,NULL,0,NULL,0,1.00000000000000000000,4294967296.00000000000000000000,47,161,'root_for_161',10,0),(48,47,NULL,0,NULL,0,4295.96729500000000000000,8590.93459000000000000000,47,161,'part',10,1),(49,NULL,NULL,0,NULL,0,1.00000000000000000000,4294967296.00000000000000000000,49,163,'root_for_163',10,0),(50,49,NULL,0,NULL,0,4295.96729500000000000000,8590.93459000000000000000,49,163,'related',10,1),(51,NULL,NULL,0,NULL,0,1.00000000000000000000,4294967296.00000000000000000000,51,194,'root_for_194',10,0),(52,51,NULL,0,NULL,0,4295.96729500000000000000,8590.93459000000000000000,51,194,'related',10,1),(53,NULL,NULL,0,NULL,0,1.00000000000000000000,4294967296.00000000000000000000,53,192,'root_for_192',10,0),(54,53,NULL,0,NULL,0,4295.96729500000000000000,8590.93459000000000000000,53,192,'related',10,1),(55,NULL,NULL,0,NULL,0,1.00000000000000000000,4294967296.00000000000000000000,55,191,'root_for_191',10,0),(56,55,NULL,0,NULL,0,4295.96729500000000000000,8590.93459000000000000000,55,191,'related',10,1),(57,NULL,NULL,0,NULL,0,1.00000000000000000000,4294967296.00000000000000000000,57,193,'root_for_193',10,0),(58,57,NULL,0,NULL,0,4295.96729500000000000000,8590.93459000000000000000,57,193,'related',10,1),(59,NULL,NULL,0,NULL,0,1.00000000000000000000,4294967296.00000000000000000000,59,181,'root_for_181',10,0),(60,59,NULL,0,NULL,0,4295.96729500000000000000,8590.93459000000000000000,59,181,'related',10,1),(61,NULL,NULL,0,NULL,0,1.00000000000000000000,4294967296.00000000000000000000,61,180,'root_for_180',10,0),(62,61,NULL,0,NULL,0,4295.96729500000000000000,8590.93459000000000000000,61,180,'related',10,1),(63,NULL,NULL,0,NULL,0,1.00000000000000000000,4294967296.00000000000000000000,63,178,'root_for_178',10,0),(64,63,NULL,0,NULL,0,4295.96729500000000000000,8590.93459000000000000000,63,178,'related',10,1),(65,NULL,NULL,0,NULL,0,1.00000000000000000000,4294967296.00000000000000000000,65,182,'root_for_182',10,0),(66,65,NULL,0,NULL,0,4295.96729500000000000000,8590.93459000000000000000,65,182,'related',10,1),(67,NULL,NULL,0,NULL,0,1.00000000000000000000,4294967296.00000000000000000000,67,183,'root_for_183',10,0),(68,67,NULL,0,NULL,0,4295.96729500000000000000,8590.93459000000000000000,67,183,'related',10,1),(69,NULL,NULL,0,NULL,0,1.00000000000000000000,4294967296.00000000000000000000,69,179,'root_for_179',10,0),(70,69,NULL,0,NULL,0,4295.96729500000000000000,8590.93459000000000000000,69,179,'related',10,1),(71,NULL,NULL,0,NULL,0,1.00000000000000000000,4294967296.00000000000000000000,71,184,'root_for_184',10,0),(72,71,NULL,0,NULL,0,4295.96729500000000000000,8590.93459000000000000000,71,184,'related',10,1),(73,NULL,NULL,0,NULL,0,1.00000000000000000000,4294967296.00000000000000000000,73,187,'root_for_187',10,0),(74,73,NULL,0,NULL,0,4295.96729500000000000000,8590.93459000000000000000,73,187,'related',10,1),(75,NULL,NULL,0,NULL,0,1.00000000000000000000,4294967296.00000000000000000000,75,186,'root_for_186',10,0),(76,75,NULL,0,NULL,0,4295.96729500000000000000,8590.93459000000000000000,75,186,'related',10,1),(77,NULL,NULL,0,NULL,0,1.00000000000000000000,4294967296.00000000000000000000,77,185,'root_for_185',10,0),(78,77,NULL,0,NULL,0,4295.96729500000000000000,8590.93459000000000000000,77,185,'related',10,1),(79,NULL,NULL,0,NULL,0,1.00000000000000000000,4294967296.00000000000000000000,79,188,'root_for_188',10,0),(80,79,NULL,0,NULL,0,4295.96729500000000000000,8590.93459000000000000000,79,188,'related',10,1),(81,NULL,NULL,0,NULL,0,1.00000000000000000000,4294967296.00000000000000000000,81,200,'root_for_200',10,0),(82,81,NULL,0,NULL,0,4295.96729500000000000000,8590.93459000000000000000,81,200,'lender',10,1),(83,NULL,NULL,0,NULL,0,1.00000000000000000000,4294967296.00000000000000000000,83,201,'root_for_201',10,0),(84,83,NULL,0,NULL,0,4295.96729500000000000000,8590.93459000000000000000,83,201,'part',10,1),(85,NULL,NULL,0,NULL,0,1.00000000000000000000,4294967296.00000000000000000000,85,199,'root_for_199',10,0),(86,85,NULL,0,NULL,0,4295.96729500000000000000,8590.93459000000000000000,85,199,'part',10,1),(87,NULL,NULL,0,NULL,0,1.00000000000000000000,4294967296.00000000000000000000,87,211,'root_for_211',10,0),(88,87,NULL,0,NULL,0,4295.96729500000000000000,8590.93459000000000000000,87,211,'related',10,1),(89,NULL,NULL,0,NULL,0,1.00000000000000000000,4294967296.00000000000000000000,89,54,'root_for_54',10,0),(90,89,NULL,0,NULL,0,4295.96729500000000000000,8590.93459000000000000000,89,54,'related',10,1),(91,NULL,NULL,0,NULL,0,1.00000000000000000000,4294967296.00000000000000000000,91,189,'root_for_189',10,0),(92,91,NULL,0,NULL,0,4295.96729500000000000000,8590.93459000000000000000,91,189,'related',10,1),(93,NULL,NULL,0,NULL,0,1.00000000000000000000,4294967296.00000000000000000000,93,190,'root_for_190',10,0),(94,93,NULL,0,NULL,0,4295.96729500000000000000,8590.93459000000000000000,93,190,'related',10,1),(95,NULL,NULL,0,NULL,0,1.00000000000000000000,4294967296.00000000000000000000,95,68,'root_for_68',10,0),(96,95,NULL,0,NULL,0,4295.96729500000000000000,8590.93459000000000000000,95,68,'related',10,1),(97,NULL,NULL,0,NULL,0,1.00000000000000000000,4294967296.00000000000000000000,97,115,'root_for_115',10,0),(98,97,NULL,0,NULL,0,4295.96729500000000000000,8590.93459000000000000000,97,115,'subject',10,1),(99,NULL,NULL,0,NULL,0,1.00000000000000000000,4294967296.00000000000000000000,99,59,'root_for_59',10,0),(100,99,NULL,0,NULL,0,4295.96729500000000000000,8590.93459000000000000000,99,59,'tuntematon',10,0),(101,99,NULL,0,NULL,0,12885.89329506500000000000,17180.85200013100000000000,99,59,'kyttj',10,0),(102,99,NULL,0,NULL,0,21475.80211527900000000000,25770.75223042700000000000,99,59,'painopaikka',10,0),(103,99,NULL,0,NULL,0,30065.69375567500000000000,34360.63528092300000000000,99,59,'rakennustutkija',10,0),(104,99,NULL,0,NULL,0,38655.56821628800000000000,42950.50115165200000000000,99,59,'museonjohtaja',10,0),(105,99,NULL,0,NULL,0,47245.42549715100000000000,51540.34984265000000000000,99,59,'museomestari',10,0),(106,99,NULL,0,NULL,0,55835.26559830000000000000,60130.18135395000000000000,99,59,'tiedotussihteeri',10,0),(107,99,NULL,0,NULL,0,64425.08851976900000000000,68719.99568558700000000000,99,59,'tutkijat',10,0),(108,99,NULL,0,NULL,0,73014.89426159100000000000,77309.79283759600000000000,99,59,'jlleenmyyj',10,0),(109,99,NULL,0,NULL,0,81604.68282380300000000000,85899.57281001000000000000,99,59,'jy_liikuntasihteer',10,0),(110,99,NULL,0,NULL,0,90194.45420643700000000000,94489.33560286400000000000,99,59,'keksij',10,0),(111,99,NULL,0,NULL,0,98784.20840952800000000000,103079.08121619000000000000,99,59,'kaivertaja',10,0),(112,99,NULL,0,NULL,0,107373.94543311000000000000,111668.80965003000000000000,99,59,'leikkaaja',10,0),(113,99,NULL,0,NULL,0,115963.66527722000000000000,120258.52090441000000000000,99,59,'porthanjuhlamestari',10,0),(114,99,NULL,0,NULL,0,124553.36794189000000000000,128848.21497937000000000000,99,59,'maahantuonti',10,0),(115,99,NULL,0,NULL,0,133143.05342716000000000000,137437.89187494000000000000,99,59,'Imprimatur',10,0),(116,99,NULL,0,NULL,0,141732.72173305000000000000,146027.55159116000000000000,99,59,'Vastaanottaja',10,0),(117,99,NULL,0,NULL,0,150322.37285961000000000000,154617.19412806000000000000,99,59,'haastateltava',10,0),(118,99,NULL,0,NULL,0,158912.00680687000000000000,163206.81948567000000000000,99,59,'aikakauslehti',10,0),(119,99,NULL,0,NULL,0,167501.62357485000000000000,171796.42766403000000000000,99,59,'dekaani',10,0),(120,99,NULL,0,NULL,0,176091.22316360000000000000,180386.01866317000000000000,99,59,'projektitoimittaja',10,0),(121,99,NULL,0,NULL,0,184680.80557315000000000000,188975.59248313000000000000,99,59,'informantti',10,0),(122,99,NULL,0,NULL,0,193270.37080354000000000000,197565.14912395000000000000,99,59,'projektipllikk',10,0),(123,99,NULL,0,NULL,0,201859.91885480000000000000,206154.68858565000000000000,99,59,'copyright',10,0),(124,99,NULL,0,NULL,0,210449.44972696000000000000,214744.21086827000000000000,99,59,'nisuunnittelu',10,0),(125,99,NULL,0,NULL,0,219038.96342006000000000000,223333.71597185000000000000,99,59,'sestj',10,0),(126,99,NULL,0,NULL,0,227628.45993413000000000000,231923.20389642000000000000,99,59,'rtli',10,0),(127,99,NULL,0,NULL,0,236217.93926922000000000000,240512.67464201000000000000,99,59,'kutsuja',10,0),(128,99,NULL,0,NULL,0,244807.40142534000000000000,249102.12820866000000000000,99,59,'runoilija',10,0),(129,99,NULL,0,NULL,0,253396.84640253000000000000,257691.56459640000000000000,99,59,'johtaja',10,0),(130,99,NULL,0,NULL,0,261986.27420084000000000000,266280.98380527000000000000,99,59,'lukija',10,0),(131,99,NULL,0,NULL,0,270575.68482029000000000000,274870.38583530000000000000,99,59,'tiedottaja',10,0),(132,99,NULL,0,NULL,0,279165.07826091000000000000,283459.77068653000000000000,99,59,'vastaaja',10,0),(133,99,NULL,0,NULL,0,287754.45452276000000000000,292049.13835899000000000000,99,59,'antaja',10,0),(134,99,NULL,0,NULL,0,296343.81360585000000000000,300638.48885271000000000000,99,59,'todistaja',10,0),(135,99,NULL,0,NULL,0,304933.15551022000000000000,309227.82216773000000000000,99,59,'kertoja',10,0),(136,99,NULL,0,NULL,0,313522.48023591000000000000,317817.13830409000000000000,99,59,'kuvaajat',10,0),(137,99,NULL,0,NULL,0,322111.78778295000000000000,326406.43726181000000000000,99,59,'toimitussihteeri',10,0),(138,99,NULL,0,NULL,0,330701.07815137000000000000,334995.71904094000000000000,99,59,'laulaja',10,0),(139,99,NULL,0,NULL,0,339290.35134122000000000000,343584.98364150000000000000,99,59,'sihteeri',10,0),(140,99,NULL,0,NULL,0,347879.60735252000000000000,352174.23106353000000000000,99,59,'ohjaaja',10,0),(141,99,NULL,0,NULL,0,356468.84618530000000000000,360763.46130707000000000000,99,59,'tekijt',10,0),(142,99,NULL,0,NULL,0,365058.06783961000000000000,369352.67437215000000000000,99,59,'opettaja',10,0),(143,99,NULL,0,NULL,0,373647.27231548000000000000,377941.87025880000000000000,99,59,'tilaaja',10,0),(144,99,NULL,0,NULL,0,382236.45961293000000000000,386531.04896706000000000000,99,59,'kntj',10,0),(145,99,NULL,0,NULL,0,390825.62973201000000000000,395120.21049696000000000000,99,59,'ksikirjoittaja',10,0),(146,99,NULL,0,NULL,0,399414.78267275000000000000,403709.35484854000000000000,99,59,'ompelija',10,0),(147,99,NULL,0,NULL,0,408003.91843519000000000000,412298.48202183000000000000,99,59,'kirjoittajat',10,0),(148,99,NULL,0,NULL,0,416593.03701935000000000000,420887.59201687000000000000,99,59,'sovittaja',10,0),(149,99,NULL,0,NULL,0,425182.13842528000000000000,429476.68483369000000000000,99,59,'kirjailija',10,0),(150,99,NULL,0,NULL,0,433771.22265301000000000000,438065.76047232000000000000,99,59,'nittj',10,0),(151,99,NULL,0,NULL,0,442360.28970256000000000000,446654.81893280000000000000,99,59,'luetteloija',10,0),(152,99,NULL,0,NULL,0,450949.33957398000000000000,455243.86021516000000000000,99,59,'taittaja',10,0),(153,99,NULL,0,NULL,0,459538.37226730000000000000,463832.88431944000000000000,99,59,'nauhoittaja',10,0),(154,99,NULL,0,NULL,0,468127.38778256000000000000,472421.89124567000000000000,99,59,'tarkastaja',10,0),(155,99,NULL,0,NULL,0,476716.38611978000000000000,481010.88099389000000000000,99,59,'jakaja',10,0),(156,99,NULL,0,NULL,0,485305.36727901000000000000,489599.85356413000000000000,99,59,'painattaja',10,0),(157,99,NULL,0,NULL,0,493894.33126028000000000000,498188.80895642000000000000,99,59,'sanoittaja',10,0),(158,99,NULL,0,NULL,0,502483.27806361000000000000,506777.74717080000000000000,99,59,'tyryhm',10,0),(159,99,NULL,0,NULL,0,511072.20768905000000000000,515366.66820731000000000000,99,59,'valmistuttaja',10,0),(160,99,NULL,0,NULL,0,519661.12013664000000000000,523955.57206597000000000000,99,59,'opiskelija',10,0),(161,99,NULL,0,NULL,0,528250.01540640000000000000,532544.45874683000000000000,99,59,'kirjapaino',10,0),(162,99,NULL,0,NULL,0,536838.89349837000000000000,541133.32824991000000000000,99,59,'tutkija',10,0),(163,99,NULL,0,NULL,0,545427.75441258000000000000,549722.18057525000000000000,99,59,'ptoimittaja',10,0),(164,99,NULL,0,NULL,0,554016.59814907000000000000,558311.01572289000000000000,99,59,'sveltj',10,0),(165,99,NULL,0,NULL,0,562605.42470787000000000000,566899.83369286000000000000,99,59,'kuvittaja',10,0),(166,99,NULL,0,NULL,0,571194.23408903000000000000,575488.63448519000000000000,99,59,'lhettj',10,0),(167,99,NULL,0,NULL,0,579783.02629256000000000000,584077.41809992000000000000,99,59,'allekirjoittaja',10,0),(168,99,NULL,0,NULL,0,588371.80131850000000000000,592666.18453708000000000000,99,59,'suomentaja',10,0),(169,99,NULL,0,NULL,0,596960.55916690000000000000,601254.93379671000000000000,99,59,'toimittanut',10,0),(170,99,NULL,0,NULL,0,605549.29983778000000000000,609843.66587884000000000000,99,59,'luovuttaja',10,0),(171,99,NULL,0,NULL,0,614138.02333117000000000000,618432.38078351000000000000,99,59,'muu',10,0),(172,99,NULL,0,NULL,0,622726.72964713000000000000,627021.07851075000000000000,99,59,'tuottaja',10,0),(173,99,NULL,0,NULL,0,631315.41878567000000000000,635609.75906059000000000000,99,59,'laatija',10,0),(174,99,NULL,0,NULL,0,639904.09074683000000000000,644198.42243307000000000000,99,59,'painaja',10,0),(175,99,NULL,0,NULL,0,648492.74553065000000000000,652787.06862823000000000000,99,59,'piirtj',10,0),(176,99,NULL,0,NULL,0,657081.38313716000000000000,661375.69764609000000000000,99,59,'haastattelija',10,0),(177,99,NULL,0,NULL,0,665670.00356639000000000000,669964.30948669000000000000,99,59,'toimittaja',10,0),(178,99,NULL,0,NULL,0,674258.60681838000000000000,678552.90415007000000000000,99,59,'julkaisija',10,0),(179,99,NULL,0,NULL,0,682847.19289317000000000000,687141.48163626000000000000,99,59,'kustantaja',10,0),(180,99,NULL,0,NULL,0,691435.76179078000000000000,695730.04194530000000000000,99,59,'kirjoittaja',10,0),(181,99,NULL,0,NULL,0,700024.31351126000000000000,704318.58507722000000000000,99,59,'kuvaaja',10,0),(182,99,NULL,0,NULL,0,708612.84805463000000000000,712907.11103205000000000000,99,59,'valmistaja',10,0),(183,99,NULL,0,NULL,0,717201.36542094000000000000,721495.61980983000000000000,99,59,'valokuvaaja',10,0),(184,99,NULL,0,NULL,0,725789.86561021000000000000,730084.11141059000000000000,99,59,'taiteilija',10,1),(185,99,NULL,0,NULL,0,734378.34862248000000000000,738672.58583437000000000000,99,59,'arkkitehti',10,0),(186,99,NULL,0,NULL,0,742966.81445778000000000000,747261.04308120000000000000,99,59,'suunnittelija',10,0),(187,99,NULL,0,NULL,0,751555.26311616000000000000,755849.48315111000000000000,99,59,'tekij',10,0),(188,99,NULL,0,NULL,0,760143.69459763000000000000,764437.90604414000000000000,99,59,'rahoittaja',10,0),(189,NULL,NULL,0,NULL,0,1.00000000000000000000,4294967296.00000000000000000000,189,58,'root_for_58',10,0),(190,189,NULL,0,NULL,0,4295.96729500000000000000,8590.93459000000000000000,189,58,'on_osa',10,1),(191,NULL,NULL,0,NULL,0,1.00000000000000000000,4294967296.00000000000000000000,191,64,'root_for_64',10,0),(192,191,NULL,0,NULL,0,4295.96729500000000000000,8590.93459000000000000000,191,64,'created',10,0),(193,191,NULL,0,NULL,0,12885.89329506500000000000,17180.85200013100000000000,191,64,'located',10,0),(194,191,NULL,0,NULL,0,21475.80211527900000000000,25770.75223042700000000000,191,64,'depicts',10,1),(195,191,NULL,0,NULL,0,30065.69375567500000000000,34360.63528092300000000000,191,64,'describes',10,0),(196,NULL,NULL,0,NULL,0,1.00000000000000000000,4294967296.00000000000000000000,196,63,'root_for_63',10,0),(197,196,NULL,0,NULL,0,4295.96729500000000000000,8590.93459000000000000000,196,63,'esitt',10,1),(198,196,NULL,0,NULL,0,12885.89329506500000000000,17180.85200013100000000000,196,63,'on_kytetty',10,0),(199,196,NULL,0,NULL,0,21475.80211527900000000000,25770.75223042700000000000,196,63,'kuvailee',10,0),(200,NULL,NULL,0,NULL,0,1.00000000000000000000,4294967296.00000000000000000000,200,62,'root_for_62',10,0),(201,200,NULL,0,NULL,0,4295.96729500000000000000,8590.93459000000000000000,200,62,'on_suhteessa',10,1),(202,200,NULL,0,NULL,0,12885.89329506500000000000,17180.85200013100000000000,200,62,'samankaltainen',10,0),(203,200,NULL,0,NULL,0,21475.80211527900000000000,25770.75223042700000000000,200,62,'duplikaatti',10,0),(204,200,NULL,0,NULL,0,30065.69375567500000000000,34360.63528092300000000000,200,62,'on_osa',10,0),(205,NULL,NULL,0,NULL,0,1.00000000000000000000,4294967296.00000000000000000000,205,65,'root_for_65',10,0),(206,205,NULL,0,NULL,0,4295.96729500000000000000,8590.93459000000000000000,205,65,'kuvailee',10,1),(207,205,NULL,0,NULL,0,12885.89329506500000000000,17180.85200013100000000000,205,65,'esitt',10,0),(208,NULL,NULL,0,NULL,0,1.00000000000000000000,4294967296.00000000000000000000,208,26,'root_for_26',10,0),(209,208,NULL,0,NULL,0,4295.96729500000000000000,8590.93459000000000000000,208,26,'on_suhteessa',10,0),(210,208,80,0,80,0,12885.89329506500000000000,17180.85200013100000000000,208,26,'lapsi',10,0),(211,208,80,0,80,0,21475.80211527900000000000,25770.75223042700000000000,208,26,'puoliso',10,0),(212,NULL,NULL,0,NULL,0,1.00000000000000000000,4294967296.00000000000000000000,212,23,'root_for_23',10,0),(213,212,NULL,0,NULL,0,4295.96729500000000000000,8590.93459000000000000000,212,23,'birthplace',10,1),(214,212,NULL,0,NULL,0,12885.89329506500000000000,17180.85200013100000000000,212,23,'residence',10,0),(215,212,NULL,0,NULL,0,21475.80211527900000000000,25770.75223042700000000000,212,23,'workplace',10,0),(216,NULL,NULL,0,NULL,0,1.00000000000000000000,4294967296.00000000000000000000,216,22,'root_for_22',10,0),(217,216,NULL,0,NULL,0,4295.96729500000000000000,8590.93459000000000000000,216,22,'tekij',10,0),(218,216,NULL,0,NULL,0,12885.89329506500000000000,17180.85200013100000000000,216,22,'haastattelija',10,0),(219,216,NULL,0,NULL,0,21475.80211527900000000000,25770.75223042700000000000,216,22,'haastateltava',10,0),(220,216,NULL,0,NULL,0,30065.69375567500000000000,34360.63528092300000000000,216,22,'jarjestaja',10,0),(221,216,NULL,0,NULL,0,38655.56821628800000000000,42950.50115165200000000000,216,22,'kuraattori',10,0),(222,216,NULL,0,NULL,0,47245.42549715100000000000,51540.34984265000000000000,216,22,'puhuja',10,0),(223,216,NULL,0,NULL,0,55835.26559830000000000000,60130.18135395000000000000,216,22,'panelisti',10,0),(224,NULL,NULL,0,NULL,0,1.00000000000000000000,4294967296.00000000000000000000,224,53,'root_for_53',10,0),(225,224,NULL,0,NULL,0,4295.96729500000000000000,8590.93459000000000000000,224,53,'lahjoittaja',10,1),(226,224,NULL,0,NULL,0,12885.89329506500000000000,17180.85200013100000000000,224,53,'tarjoaja',10,0),(227,NULL,NULL,0,NULL,0,1.00000000000000000000,4294967296.00000000000000000000,227,55,'root_for_55',10,0),(228,227,NULL,0,NULL,0,4295.96729500000000000000,8590.93459000000000000000,227,55,'originates',10,1),(229,NULL,NULL,0,NULL,0,1.00000000000000000000,4294967296.00000000000000000000,229,52,'root_for_52',10,0),(230,229,NULL,0,NULL,0,4295.96729500000000000000,8590.93459000000000000000,229,52,'on_osa',10,1),(231,NULL,NULL,0,NULL,0,1.00000000000000000000,4294967296.00000000000000000000,231,21,'root_for_21',10,0),(232,231,NULL,0,NULL,0,4295.96729500000000000000,8590.93459000000000000000,231,21,'on_suhteessa',10,1),(233,NULL,NULL,0,NULL,0,1.00000000000000000000,4294967296.00000000000000000000,233,24,'root_for_24',10,0),(234,233,NULL,0,NULL,0,4295.96729500000000000000,8590.93459000000000000000,233,24,'on_kuvailtu',10,1),(235,NULL,NULL,0,NULL,0,1.00000000000000000000,4294967296.00000000000000000000,235,75,'root_for_75',10,0),(236,235,NULL,0,NULL,0,4295.96729500000000000000,8590.93459000000000000000,235,75,'on_suhteessa',10,1),(237,NULL,NULL,0,NULL,0,1.00000000000000000000,4294967296.00000000000000000000,237,69,'root_for_69',10,0),(238,237,NULL,0,NULL,0,4295.96729500000000000000,8590.93459000000000000000,237,69,'on_suhteessa',10,1),(239,NULL,NULL,0,NULL,0,1.00000000000000000000,4294967296.00000000000000000000,239,76,'root_for_76',10,0),(240,239,NULL,0,NULL,0,4295.96729500000000000000,8590.93459000000000000000,239,76,'on_kuvailtu',10,1),(241,NULL,NULL,0,NULL,0,1.00000000000000000000,4294967296.00000000000000000000,241,70,'root_for_70',10,0),(242,241,NULL,0,NULL,0,4295.96729500000000000000,8590.93459000000000000000,241,70,'subject',10,1),(243,NULL,NULL,0,NULL,0,1.00000000000000000000,4294967296.00000000000000000000,243,74,'root_for_74',10,0),(244,243,NULL,0,NULL,0,4295.96729500000000000000,8590.93459000000000000000,243,74,'location',10,1),(245,NULL,NULL,0,NULL,0,1.00000000000000000000,4294967296.00000000000000000000,245,14,'root_for_14',10,0),(246,245,NULL,0,NULL,0,4295.96729500000000000000,8590.93459000000000000000,245,14,'related',10,1),(247,NULL,NULL,0,NULL,0,1.00000000000000000000,4294967296.00000000000000000000,247,15,'root_for_15',10,0),(248,247,NULL,0,NULL,0,4295.96729500000000000000,8590.93459000000000000000,247,15,'described',10,1),(249,NULL,NULL,0,NULL,0,1.00000000000000000000,4294967296.00000000000000000000,249,73,'root_for_73',10,0),(250,249,NULL,0,NULL,0,4295.96729500000000000000,8590.93459000000000000000,249,73,'location',10,1),(251,NULL,NULL,0,NULL,0,1.00000000000000000000,4294967296.00000000000000000000,251,8,'root_for_8',10,0),(252,251,NULL,0,NULL,0,4295.96729500000000000000,8590.93459000000000000000,251,8,'esitt',10,0),(253,251,NULL,0,NULL,0,12885.89329506500000000000,17180.85200013100000000000,251,8,'kuvittaa',10,1),(254,NULL,NULL,0,NULL,0,1.00000000000000000000,4294967296.00000000000000000000,254,7,'root_for_7',10,0),(255,254,NULL,0,NULL,0,4295.96729500000000000000,8590.93459000000000000000,254,7,'depicts',10,0),(256,254,NULL,0,NULL,0,12885.89329506500000000000,17180.85200013100000000000,254,7,'describes',10,1),(257,NULL,NULL,0,NULL,0,1.00000000000000000000,4294967296.00000000000000000000,257,10,'root_for_10',10,0),(258,257,NULL,0,NULL,0,4295.96729500000000000000,8590.93459000000000000000,257,10,'depicts',10,0),(259,257,NULL,0,NULL,0,12885.89329506500000000000,17180.85200013100000000000,257,10,'describes',10,1),(260,NULL,NULL,0,NULL,0,1.00000000000000000000,4294967296.00000000000000000000,260,9,'root_for_9',10,0),(261,260,NULL,0,NULL,0,4295.96729500000000000000,8590.93459000000000000000,260,9,'depicts',10,0),(262,260,NULL,0,NULL,0,12885.89329506500000000000,17180.85200013100000000000,260,9,'describes',10,1),(263,NULL,NULL,0,NULL,0,1.00000000000000000000,4294967296.00000000000000000000,263,11,'root_for_11',10,0),(264,263,NULL,0,NULL,0,4295.96729500000000000000,8590.93459000000000000000,263,11,'describes',10,1);
/*!40000 ALTER TABLE `ca_relationship_types` ENABLE KEYS */;
UNLOCK TABLES;

--
-- Table structure for table `ca_replication_log`
--

DROP TABLE IF EXISTS `ca_replication_log`;
/*!40101 SET @saved_cs_client     = @@character_set_client */;
/*!40101 SET character_set_client = utf8 */;
CREATE TABLE `ca_replication_log` (
  `entry_id` int(10) unsigned NOT NULL AUTO_INCREMENT,
  `source_system_guid` varchar(36) NOT NULL,
  `log_id` int(10) unsigned NOT NULL,
  `status` char(1) NOT NULL,
  `vars` longtext DEFAULT NULL,
  PRIMARY KEY (`entry_id`),
  KEY `i_source_log` (`source_system_guid`,`log_id`)
) ENGINE=InnoDB DEFAULT CHARSET=utf8;
/*!40101 SET character_set_client = @saved_cs_client */;

--
-- Dumping data for table `ca_replication_log`
--

LOCK TABLES `ca_replication_log` WRITE;
/*!40000 ALTER TABLE `ca_replication_log` DISABLE KEYS */;
/*!40000 ALTER TABLE `ca_replication_log` ENABLE KEYS */;
UNLOCK TABLES;

--
-- Table structure for table `ca_representation_annotation_labels`
--

DROP TABLE IF EXISTS `ca_representation_annotation_labels`;
/*!40101 SET @saved_cs_client     = @@character_set_client */;
/*!40101 SET character_set_client = utf8 */;
CREATE TABLE `ca_representation_annotation_labels` (
  `label_id` int(10) unsigned NOT NULL AUTO_INCREMENT,
  `annotation_id` int(10) unsigned NOT NULL,
  `locale_id` smallint(5) unsigned NOT NULL,
  `type_id` int(10) unsigned DEFAULT NULL,
  `name` text NOT NULL,
  `name_sort` text NOT NULL,
  `source_info` longtext NOT NULL,
  `is_preferred` tinyint(3) unsigned NOT NULL,
  PRIMARY KEY (`label_id`),
  UNIQUE KEY `u_all` (`name`(128),`locale_id`,`type_id`,`annotation_id`),
  KEY `i_annotation_id` (`annotation_id`),
  KEY `i_name` (`name`(128)),
  KEY `i_locale_id` (`locale_id`),
  KEY `i_name_sort` (`name_sort`(128)),
  KEY `i_type_id` (`type_id`),
  CONSTRAINT `fk_ca_representation_annotation_labels_annotation_id` FOREIGN KEY (`annotation_id`) REFERENCES `ca_representation_annotations` (`annotation_id`),
  CONSTRAINT `fk_ca_representation_annotation_labels_locale_id` FOREIGN KEY (`locale_id`) REFERENCES `ca_locales` (`locale_id`),
  CONSTRAINT `fk_ca_representation_annotation_labels_type_id` FOREIGN KEY (`type_id`) REFERENCES `ca_list_items` (`item_id`)
) ENGINE=InnoDB DEFAULT CHARSET=utf8;
/*!40101 SET character_set_client = @saved_cs_client */;

--
-- Dumping data for table `ca_representation_annotation_labels`
--

LOCK TABLES `ca_representation_annotation_labels` WRITE;
/*!40000 ALTER TABLE `ca_representation_annotation_labels` DISABLE KEYS */;
/*!40000 ALTER TABLE `ca_representation_annotation_labels` ENABLE KEYS */;
UNLOCK TABLES;

--
-- Table structure for table `ca_representation_annotations`
--

DROP TABLE IF EXISTS `ca_representation_annotations`;
/*!40101 SET @saved_cs_client     = @@character_set_client */;
/*!40101 SET character_set_client = utf8 */;
CREATE TABLE `ca_representation_annotations` (
  `annotation_id` int(10) unsigned NOT NULL AUTO_INCREMENT,
  `representation_id` int(10) unsigned NOT NULL,
  `locale_id` smallint(5) unsigned DEFAULT NULL,
  `user_id` int(10) unsigned DEFAULT NULL,
  `type_code` varchar(30) NOT NULL,
  `props` longtext NOT NULL,
  `preview` longblob NOT NULL,
  `source_info` longtext NOT NULL,
  `view_count` int(10) unsigned NOT NULL DEFAULT 0,
  `access` tinyint(3) unsigned NOT NULL DEFAULT 0,
  `status` tinyint(3) unsigned NOT NULL DEFAULT 0,
  PRIMARY KEY (`annotation_id`),
  KEY `i_representation_id` (`representation_id`),
  KEY `i_locale_id` (`locale_id`),
  KEY `i_user_id` (`user_id`),
  KEY `i_view_count` (`view_count`),
  CONSTRAINT `fk_ca_rep_annot_locale_id` FOREIGN KEY (`locale_id`) REFERENCES `ca_locales` (`locale_id`),
  CONSTRAINT `fk_ca_rep_annot_representation_id` FOREIGN KEY (`representation_id`) REFERENCES `ca_object_representations` (`representation_id`),
  CONSTRAINT `fk_ca_rep_annot_user_id` FOREIGN KEY (`user_id`) REFERENCES `ca_users` (`user_id`)
) ENGINE=InnoDB DEFAULT CHARSET=utf8;
/*!40101 SET character_set_client = @saved_cs_client */;

--
-- Dumping data for table `ca_representation_annotations`
--

LOCK TABLES `ca_representation_annotations` WRITE;
/*!40000 ALTER TABLE `ca_representation_annotations` DISABLE KEYS */;
/*!40000 ALTER TABLE `ca_representation_annotations` ENABLE KEYS */;
UNLOCK TABLES;

--
-- Table structure for table `ca_representation_annotations_x_entities`
--

DROP TABLE IF EXISTS `ca_representation_annotations_x_entities`;
/*!40101 SET @saved_cs_client     = @@character_set_client */;
/*!40101 SET character_set_client = utf8 */;
CREATE TABLE `ca_representation_annotations_x_entities` (
  `relation_id` int(10) unsigned NOT NULL AUTO_INCREMENT,
  `annotation_id` int(10) unsigned NOT NULL,
  `entity_id` int(10) unsigned NOT NULL,
  `type_id` smallint(5) unsigned NOT NULL,
  `source_info` longtext NOT NULL,
  `sdatetime` decimal(30,20) DEFAULT NULL,
  `edatetime` decimal(30,20) DEFAULT NULL,
  `label_left_id` int(10) unsigned DEFAULT NULL,
  `label_right_id` int(10) unsigned DEFAULT NULL,
  `rank` int(10) unsigned NOT NULL DEFAULT 0,
  PRIMARY KEY (`relation_id`),
  UNIQUE KEY `u_all` (`entity_id`,`type_id`,`annotation_id`,`sdatetime`,`edatetime`),
  KEY `i_entity_id` (`entity_id`),
  KEY `i_annotation_id` (`annotation_id`),
  KEY `i_type_id` (`type_id`),
  KEY `i_label_left_id` (`label_left_id`),
  KEY `i_label_right_id` (`label_right_id`),
  CONSTRAINT `fk_ca_rep_annot_x_entities_annotation_id` FOREIGN KEY (`annotation_id`) REFERENCES `ca_representation_annotations` (`annotation_id`),
  CONSTRAINT `fk_ca_rep_annot_x_entities_entity_id` FOREIGN KEY (`entity_id`) REFERENCES `ca_entities` (`entity_id`),
  CONSTRAINT `fk_ca_rep_annot_x_entities_label_left_id` FOREIGN KEY (`label_left_id`) REFERENCES `ca_representation_annotation_labels` (`label_id`),
  CONSTRAINT `fk_ca_rep_annot_x_entities_label_right_id` FOREIGN KEY (`label_right_id`) REFERENCES `ca_entity_labels` (`label_id`),
  CONSTRAINT `fk_ca_rep_annot_x_entities_type_id` FOREIGN KEY (`type_id`) REFERENCES `ca_relationship_types` (`type_id`)
) ENGINE=InnoDB DEFAULT CHARSET=utf8;
/*!40101 SET character_set_client = @saved_cs_client */;

--
-- Dumping data for table `ca_representation_annotations_x_entities`
--

LOCK TABLES `ca_representation_annotations_x_entities` WRITE;
/*!40000 ALTER TABLE `ca_representation_annotations_x_entities` DISABLE KEYS */;
/*!40000 ALTER TABLE `ca_representation_annotations_x_entities` ENABLE KEYS */;
UNLOCK TABLES;

--
-- Table structure for table `ca_representation_annotations_x_objects`
--

DROP TABLE IF EXISTS `ca_representation_annotations_x_objects`;
/*!40101 SET @saved_cs_client     = @@character_set_client */;
/*!40101 SET character_set_client = utf8 */;
CREATE TABLE `ca_representation_annotations_x_objects` (
  `relation_id` int(10) unsigned NOT NULL AUTO_INCREMENT,
  `annotation_id` int(10) unsigned NOT NULL,
  `object_id` int(10) unsigned NOT NULL,
  `type_id` smallint(5) unsigned NOT NULL,
  `source_info` longtext NOT NULL,
  `sdatetime` decimal(30,20) DEFAULT NULL,
  `edatetime` decimal(30,20) DEFAULT NULL,
  `label_left_id` int(10) unsigned DEFAULT NULL,
  `label_right_id` int(10) unsigned DEFAULT NULL,
  `rank` int(10) unsigned NOT NULL DEFAULT 0,
  PRIMARY KEY (`relation_id`),
  UNIQUE KEY `u_all` (`object_id`,`type_id`,`annotation_id`,`sdatetime`,`edatetime`),
  KEY `i_object_id` (`object_id`),
  KEY `i_annotation_id` (`annotation_id`),
  KEY `i_type_id` (`type_id`),
  KEY `i_label_left_id` (`label_left_id`),
  KEY `i_label_right_id` (`label_right_id`),
  CONSTRAINT `fk_ca_rep_annot_x_objects_annotation_id` FOREIGN KEY (`annotation_id`) REFERENCES `ca_representation_annotations` (`annotation_id`),
  CONSTRAINT `fk_ca_rep_annot_x_objects_label_left_id` FOREIGN KEY (`label_left_id`) REFERENCES `ca_representation_annotation_labels` (`label_id`),
  CONSTRAINT `fk_ca_rep_annot_x_objects_label_right_id` FOREIGN KEY (`label_right_id`) REFERENCES `ca_object_labels` (`label_id`),
  CONSTRAINT `fk_ca_rep_annot_x_objects_object_id` FOREIGN KEY (`object_id`) REFERENCES `ca_objects` (`object_id`),
  CONSTRAINT `fk_ca_rep_annot_x_objects_type_id` FOREIGN KEY (`type_id`) REFERENCES `ca_relationship_types` (`type_id`)
) ENGINE=InnoDB DEFAULT CHARSET=utf8;
/*!40101 SET character_set_client = @saved_cs_client */;

--
-- Dumping data for table `ca_representation_annotations_x_objects`
--

LOCK TABLES `ca_representation_annotations_x_objects` WRITE;
/*!40000 ALTER TABLE `ca_representation_annotations_x_objects` DISABLE KEYS */;
/*!40000 ALTER TABLE `ca_representation_annotations_x_objects` ENABLE KEYS */;
UNLOCK TABLES;

--
-- Table structure for table `ca_representation_annotations_x_occurrences`
--

DROP TABLE IF EXISTS `ca_representation_annotations_x_occurrences`;
/*!40101 SET @saved_cs_client     = @@character_set_client */;
/*!40101 SET character_set_client = utf8 */;
CREATE TABLE `ca_representation_annotations_x_occurrences` (
  `relation_id` int(10) unsigned NOT NULL AUTO_INCREMENT,
  `annotation_id` int(10) unsigned NOT NULL,
  `occurrence_id` int(10) unsigned NOT NULL,
  `type_id` smallint(5) unsigned NOT NULL,
  `source_info` longtext NOT NULL,
  `sdatetime` decimal(30,20) DEFAULT NULL,
  `edatetime` decimal(30,20) DEFAULT NULL,
  `label_left_id` int(10) unsigned DEFAULT NULL,
  `label_right_id` int(10) unsigned DEFAULT NULL,
  `rank` int(10) unsigned NOT NULL DEFAULT 0,
  PRIMARY KEY (`relation_id`),
  UNIQUE KEY `u_all` (`occurrence_id`,`type_id`,`annotation_id`,`sdatetime`,`edatetime`),
  KEY `i_occurrence_id` (`occurrence_id`),
  KEY `i_annotation_id` (`annotation_id`),
  KEY `i_type_id` (`type_id`),
  KEY `i_label_left_id` (`label_left_id`),
  KEY `i_label_right_id` (`label_right_id`),
  CONSTRAINT `fk_ca_rep_annot_x_occurrences_annotation_id` FOREIGN KEY (`annotation_id`) REFERENCES `ca_representation_annotations` (`annotation_id`),
  CONSTRAINT `fk_ca_rep_annot_x_occurrences_label_left_id` FOREIGN KEY (`label_left_id`) REFERENCES `ca_representation_annotation_labels` (`label_id`),
  CONSTRAINT `fk_ca_rep_annot_x_occurrences_label_right_id` FOREIGN KEY (`label_right_id`) REFERENCES `ca_occurrence_labels` (`label_id`),
  CONSTRAINT `fk_ca_rep_annot_x_occurrences_occurrence_id` FOREIGN KEY (`occurrence_id`) REFERENCES `ca_occurrences` (`occurrence_id`),
  CONSTRAINT `fk_ca_rep_annot_x_occurrences_type_id` FOREIGN KEY (`type_id`) REFERENCES `ca_relationship_types` (`type_id`)
) ENGINE=InnoDB DEFAULT CHARSET=utf8;
/*!40101 SET character_set_client = @saved_cs_client */;

--
-- Dumping data for table `ca_representation_annotations_x_occurrences`
--

LOCK TABLES `ca_representation_annotations_x_occurrences` WRITE;
/*!40000 ALTER TABLE `ca_representation_annotations_x_occurrences` DISABLE KEYS */;
/*!40000 ALTER TABLE `ca_representation_annotations_x_occurrences` ENABLE KEYS */;
UNLOCK TABLES;

--
-- Table structure for table `ca_representation_annotations_x_places`
--

DROP TABLE IF EXISTS `ca_representation_annotations_x_places`;
/*!40101 SET @saved_cs_client     = @@character_set_client */;
/*!40101 SET character_set_client = utf8 */;
CREATE TABLE `ca_representation_annotations_x_places` (
  `relation_id` int(10) unsigned NOT NULL AUTO_INCREMENT,
  `annotation_id` int(10) unsigned NOT NULL,
  `place_id` int(10) unsigned NOT NULL,
  `type_id` smallint(5) unsigned NOT NULL,
  `source_info` longtext NOT NULL,
  `sdatetime` decimal(30,20) DEFAULT NULL,
  `edatetime` decimal(30,20) DEFAULT NULL,
  `label_left_id` int(10) unsigned DEFAULT NULL,
  `label_right_id` int(10) unsigned DEFAULT NULL,
  `rank` int(10) unsigned NOT NULL DEFAULT 0,
  PRIMARY KEY (`relation_id`),
  UNIQUE KEY `u_all` (`place_id`,`type_id`,`annotation_id`,`sdatetime`,`edatetime`),
  KEY `i_place_id` (`place_id`),
  KEY `i_annotation_id` (`annotation_id`),
  KEY `i_type_id` (`type_id`),
  KEY `i_label_left_id` (`label_left_id`),
  KEY `i_label_right_id` (`label_right_id`),
  CONSTRAINT `fk_ca_rep_annot_x_places_annotation_id` FOREIGN KEY (`annotation_id`) REFERENCES `ca_representation_annotations` (`annotation_id`),
  CONSTRAINT `fk_ca_rep_annot_x_places_label_left_id` FOREIGN KEY (`label_left_id`) REFERENCES `ca_representation_annotation_labels` (`label_id`),
  CONSTRAINT `fk_ca_rep_annot_x_places_label_right_id` FOREIGN KEY (`label_right_id`) REFERENCES `ca_place_labels` (`label_id`),
  CONSTRAINT `fk_ca_rep_annot_x_places_place_id` FOREIGN KEY (`place_id`) REFERENCES `ca_places` (`place_id`),
  CONSTRAINT `fk_ca_rep_annot_x_places_type_id` FOREIGN KEY (`type_id`) REFERENCES `ca_relationship_types` (`type_id`)
) ENGINE=InnoDB DEFAULT CHARSET=utf8;
/*!40101 SET character_set_client = @saved_cs_client */;

--
-- Dumping data for table `ca_representation_annotations_x_places`
--

LOCK TABLES `ca_representation_annotations_x_places` WRITE;
/*!40000 ALTER TABLE `ca_representation_annotations_x_places` DISABLE KEYS */;
/*!40000 ALTER TABLE `ca_representation_annotations_x_places` ENABLE KEYS */;
UNLOCK TABLES;

--
-- Table structure for table `ca_representation_annotations_x_vocabulary_terms`
--

DROP TABLE IF EXISTS `ca_representation_annotations_x_vocabulary_terms`;
/*!40101 SET @saved_cs_client     = @@character_set_client */;
/*!40101 SET character_set_client = utf8 */;
CREATE TABLE `ca_representation_annotations_x_vocabulary_terms` (
  `relation_id` int(10) unsigned NOT NULL AUTO_INCREMENT,
  `annotation_id` int(10) unsigned NOT NULL,
  `type_id` smallint(5) unsigned NOT NULL,
  `item_id` int(10) unsigned NOT NULL,
  `source_info` longtext NOT NULL,
  `sdatetime` decimal(30,20) DEFAULT NULL,
  `edatetime` decimal(30,20) DEFAULT NULL,
  `label_left_id` int(10) unsigned DEFAULT NULL,
  `label_right_id` int(10) unsigned DEFAULT NULL,
  `rank` int(10) unsigned NOT NULL DEFAULT 0,
  PRIMARY KEY (`relation_id`),
  UNIQUE KEY `u_all` (`type_id`,`annotation_id`,`sdatetime`,`edatetime`,`item_id`),
  KEY `i_item_id` (`item_id`),
  KEY `i_annotation_id` (`annotation_id`),
  KEY `i_type_id` (`type_id`),
  KEY `i_label_left_id` (`label_left_id`),
  KEY `i_label_right_id` (`label_right_id`),
  CONSTRAINT `fk_ca_rep_annot_x_vocabulary_terms_annotation_id` FOREIGN KEY (`annotation_id`) REFERENCES `ca_representation_annotations` (`annotation_id`),
  CONSTRAINT `fk_ca_rep_annot_x_vocabulary_terms_item_id` FOREIGN KEY (`item_id`) REFERENCES `ca_list_items` (`item_id`),
  CONSTRAINT `fk_ca_rep_annot_x_vocabulary_terms_label_left_id` FOREIGN KEY (`label_left_id`) REFERENCES `ca_representation_annotation_labels` (`label_id`),
  CONSTRAINT `fk_ca_rep_annot_x_vocabulary_terms_label_right_id` FOREIGN KEY (`label_right_id`) REFERENCES `ca_list_item_labels` (`label_id`),
  CONSTRAINT `fk_ca_rep_annot_x_vocabulary_terms_type_id` FOREIGN KEY (`type_id`) REFERENCES `ca_relationship_types` (`type_id`)
) ENGINE=InnoDB DEFAULT CHARSET=utf8;
/*!40101 SET character_set_client = @saved_cs_client */;

--
-- Dumping data for table `ca_representation_annotations_x_vocabulary_terms`
--

LOCK TABLES `ca_representation_annotations_x_vocabulary_terms` WRITE;
/*!40000 ALTER TABLE `ca_representation_annotations_x_vocabulary_terms` DISABLE KEYS */;
/*!40000 ALTER TABLE `ca_representation_annotations_x_vocabulary_terms` ENABLE KEYS */;
UNLOCK TABLES;

--
-- Table structure for table `ca_representation_transcriptions`
--

DROP TABLE IF EXISTS `ca_representation_transcriptions`;
/*!40101 SET @saved_cs_client     = @@character_set_client */;
/*!40101 SET character_set_client = utf8 */;
CREATE TABLE `ca_representation_transcriptions` (
  `transcription_id` int(10) unsigned NOT NULL AUTO_INCREMENT,
  `representation_id` int(10) unsigned NOT NULL,
  `transcription` longtext NOT NULL,
  `created_on` int(10) unsigned NOT NULL,
  `completed_on` int(10) unsigned DEFAULT NULL,
  `validated_on` int(10) unsigned DEFAULT NULL,
  `is_primary` tinyint(3) unsigned NOT NULL DEFAULT 0,
  `ip_addr` varchar(39) NOT NULL,
  `user_id` int(10) unsigned DEFAULT NULL,
  PRIMARY KEY (`transcription_id`),
  UNIQUE KEY `i_user_id` (`user_id`,`representation_id`),
  KEY `i_created_on` (`created_on`),
  KEY `i_completed_on` (`completed_on`,`is_primary`),
  KEY `i_validated_on` (`validated_on`),
  KEY `i_ip_addr` (`ip_addr`),
  KEY `i_representation_id` (`representation_id`)
) ENGINE=InnoDB DEFAULT CHARSET=utf8;
/*!40101 SET character_set_client = @saved_cs_client */;

--
-- Dumping data for table `ca_representation_transcriptions`
--

LOCK TABLES `ca_representation_transcriptions` WRITE;
/*!40000 ALTER TABLE `ca_representation_transcriptions` DISABLE KEYS */;
/*!40000 ALTER TABLE `ca_representation_transcriptions` ENABLE KEYS */;
UNLOCK TABLES;

--
-- Table structure for table `ca_schema_updates`
--

DROP TABLE IF EXISTS `ca_schema_updates`;
/*!40101 SET @saved_cs_client     = @@character_set_client */;
/*!40101 SET character_set_client = utf8 */;
CREATE TABLE `ca_schema_updates` (
  `version_num` int(10) unsigned NOT NULL,
  `datetime` int(10) unsigned NOT NULL,
  UNIQUE KEY `u_version_num` (`version_num`)
) ENGINE=InnoDB DEFAULT CHARSET=utf8;
/*!40101 SET character_set_client = @saved_cs_client */;

--
-- Dumping data for table `ca_schema_updates`
--

LOCK TABLES `ca_schema_updates` WRITE;
/*!40000 ALTER TABLE `ca_schema_updates` DISABLE KEYS */;
INSERT INTO `ca_schema_updates` VALUES (163,1616482253);
/*!40000 ALTER TABLE `ca_schema_updates` ENABLE KEYS */;
UNLOCK TABLES;

--
-- Table structure for table `ca_search_form_labels`
--

DROP TABLE IF EXISTS `ca_search_form_labels`;
/*!40101 SET @saved_cs_client     = @@character_set_client */;
/*!40101 SET character_set_client = utf8 */;
CREATE TABLE `ca_search_form_labels` (
  `label_id` int(10) unsigned NOT NULL AUTO_INCREMENT,
  `form_id` int(10) unsigned DEFAULT NULL,
  `locale_id` smallint(5) unsigned NOT NULL,
  `name` varchar(255) NOT NULL,
  `name_sort` varchar(255) NOT NULL,
  `description` text NOT NULL,
  `source_info` longtext NOT NULL,
  `is_preferred` tinyint(3) unsigned NOT NULL,
  PRIMARY KEY (`label_id`),
  KEY `i_form_id` (`form_id`),
  KEY `i_locale_id` (`locale_id`)
) ENGINE=InnoDB AUTO_INCREMENT=23 DEFAULT CHARSET=utf8;
/*!40101 SET character_set_client = @saved_cs_client */;

--
-- Dumping data for table `ca_search_form_labels`
--

LOCK TABLES `ca_search_form_labels` WRITE;
/*!40000 ALTER TABLE `ca_search_form_labels` DISABLE KEYS */;
INSERT INTO `ca_search_form_labels` VALUES (1,1,2,'Extended search','Extended search','','Tjs=',1),(2,1,1,'objektihaku','objektihaku','','Tjs=',1),(3,2,1,'toimijahaku','toimijahaku','','Tjs=',1),(4,2,2,'Extended search','Extended search','','Tjs=',1),(5,3,2,'Extended search','Extended search','','Tjs=',1),(6,3,3,'Extended search','Extended search','','Tjs=',1),(7,3,15,'Utkad skning','Utkad skning','','Tjs=',1),(8,4,2,'Extended search','Extended search','','Tjs=',1),(9,4,3,'Extended search','Extended search','','Tjs=',1),(10,4,15,'Utkad skning','Utkad skning','','Tjs=',1),(11,5,2,'Extended search','Extended search','','Tjs=',1),(12,5,3,'Extended search','Extended search','','Tjs=',1),(13,5,15,'Utkad skning','Utkad skning','','Tjs=',1),(14,6,2,'Extended search','Extended search','','Tjs=',1),(15,6,3,'Extended search','Extended search','','Tjs=',1),(16,6,15,'Utkad skning','Utkad skning','','Tjs=',1),(17,7,2,'Extended search','Extended search','','Tjs=',1),(18,7,3,'Extended search','Extended search','','Tjs=',1),(19,7,15,'Utkad skning','Utkad skning','','Tjs=',1),(20,8,1,'hankintahaku','hankintahaku','','Tjs=',1),(21,8,2,'Extended search','Extended search','','Tjs=',1),(22,9,1,'lehtileikehaku','lehtileikehaku','','Tjs=',1);
/*!40000 ALTER TABLE `ca_search_form_labels` ENABLE KEYS */;
UNLOCK TABLES;

--
-- Table structure for table `ca_search_form_placements`
--

DROP TABLE IF EXISTS `ca_search_form_placements`;
/*!40101 SET @saved_cs_client     = @@character_set_client */;
/*!40101 SET character_set_client = utf8 */;
CREATE TABLE `ca_search_form_placements` (
  `placement_id` int(10) unsigned NOT NULL AUTO_INCREMENT,
  `form_id` int(10) unsigned NOT NULL,
  `bundle_name` varchar(255) NOT NULL,
  `rank` int(10) unsigned NOT NULL DEFAULT 0,
  `settings` longtext NOT NULL,
  PRIMARY KEY (`placement_id`),
  KEY `i_bundle_name` (`bundle_name`),
  KEY `i_rank` (`rank`),
  KEY `i_form_id` (`form_id`)
) ENGINE=InnoDB AUTO_INCREMENT=41 DEFAULT CHARSET=utf8;
/*!40101 SET character_set_client = @saved_cs_client */;

--
-- Dumping data for table `ca_search_form_placements`
--

LOCK TABLES `ca_search_form_placements` WRITE;
/*!40000 ALTER TABLE `ca_search_form_placements` DISABLE KEYS */;
INSERT INTO `ca_search_form_placements` VALUES (1,1,'_fulltext',1,'YToyOntzOjU6IndpZHRoIjtzOjU6IjQwMHB4IjtzOjU6ImxhYmVsIjthOjE6e3M6NToiZmlfRkkiO3M6MTA6Imtva290ZWtzdGkiO319'),(2,1,'ca_object_labels.name',2,'YToxOntzOjU6ImxhYmVsIjthOjI6e3M6NToiZW5fVVMiO3M6NToiVGl0bGUiO3M6NToiZmlfRkkiO3M6MTE6ImVyaWtvaXNuaW1pIjt9fQ=='),(3,1,'ca_objects.idno',3,'YToyOntzOjU6ImxhYmVsIjthOjI6e3M6NToiZW5fVVMiO3M6ODoidHVubmlzdGUiO3M6NToiZmlfRkkiO3M6ODoidHVubmlzdGUiO31zOjU6IndpZHRoIjtzOjU6IjEwMHB4Ijt9'),(4,1,'ca_objects.type_id',4,'YToyOntzOjU6ImxhYmVsIjthOjI6e3M6NToiZW5fVVMiO3M6NjoidHl5cHBpIjtzOjU6ImZpX0ZJIjtzOjY6InR5eXBwaSI7fXM6NToid2lkdGgiO3M6NToiMTAwcHgiO30='),(5,1,'ca_entity_labels.displayname',5,'YToxOntzOjU6ImxhYmVsIjthOjE6e3M6NToiZmlfRkkiO3M6Mjc6Im9iamVrdGlpbiBsaWl0dHl2w6QgdG9pbWlqYSI7fX0='),(6,1,'ca_object_lots.idno_stub',6,'YToyOntzOjU6ImxhYmVsIjthOjI6e3M6NToiZW5fVVMiO3M6MTE6InDDpMOkbnVtZXJvIjtzOjU6ImZpX0ZJIjtzOjExOiJww6TDpG51bWVybyI7fXM6NToid2lkdGgiO3M6NToiMTAwcHgiO30='),(7,1,'ca_collections.idno',7,'YToyOntzOjU6ImxhYmVsIjthOjI6e3M6NToiZW5fVVMiO3M6MTg6Imtva29lbG1hbiB0dW5uaXN0ZSI7czo1OiJmaV9GSSI7czoxODoia29rb2VsbWFuIHR1bm5pc3RlIjt9czo1OiJ3aWR0aCI7czo1OiIxMDBweCI7fQ=='),(8,1,'ca_objects.pvm_cont',8,'YToyOntzOjU6ImxhYmVsIjthOjI6e3M6NToiZW5fVVMiO3M6MjQ6InZhbG1pc3R1c3DDpGl2w6Rtw6TDpHLDpCI7czo1OiJmaV9GSSI7czoyNDoidmFsbWlzdHVzcMOkaXbDpG3DpMOkcsOkIjt9czo1OiJ3aWR0aCI7czo1OiIxMDBweCI7fQ=='),(9,1,'ca_objects.asiasanat',9,'YToyOntzOjU6ImxhYmVsIjthOjI6e3M6NToiZW5fVVMiO3M6ODoiYXNpYXNhbmEiO3M6NToiZmlfRkkiO3M6ODoiYXNpYXNhbmEiO31zOjU6IndpZHRoIjtzOjU6IjEwMHB4Ijt9'),(10,2,'ca_entities.type_id',1,'YToyOntzOjU6ImxhYmVsIjthOjI6e3M6NToiZW5fVVMiO3M6NjoidHl5cHBpIjtzOjU6ImZpX0ZJIjtzOjY6InR5eXBwaSI7fXM6NToid2lkdGgiO3M6NToiMTAwcHgiO30='),(11,2,'ca_entities.elinaika',2,'Tjs='),(12,2,'ca_entity_labels.displayname',3,'YToyOntzOjU6ImxhYmVsIjthOjI6e3M6NToiZW5fVVMiO3M6NToibmFtZXMiO3M6NToiZmlfRkkiO3M6NToibmFtZXMiO31zOjU6IndpZHRoIjtzOjU6IjEwMHB4Ijt9'),(13,2,'ca_entities.opiskeluaika',4,'YToyOntzOjU6ImxhYmVsIjthOjI6e3M6NToiZW5fVVMiO3M6MTI6Im9waXNrZWx1YWlrYSI7czo1OiJmaV9GSSI7czoxMjoib3Bpc2tlbHVhaWthIjt9czo1OiJ3aWR0aCI7czo1OiIxMDBweCI7fQ=='),(14,2,'_fulltext',5,'YToyOntzOjU6ImxhYmVsIjthOjI6e3M6NToiZW5fVVMiO3M6MTA6Imtva290ZWtzdGkiO3M6NToiZmlfRkkiO3M6MTA6Imtva290ZWtzdGkiO31zOjU6IndpZHRoIjtzOjU6IjEwMHB4Ijt9'),(15,3,'ca_place_labels.name',1,'Tjs='),(16,3,'ca_places.idno',2,'Tjs='),(17,3,'ca_places.type_id',3,'Tjs='),(18,3,'ca_places.access',4,'Tjs='),(19,3,'ca_places.status',5,'Tjs='),(20,4,'ca_occurrence_labels.name',1,'YToxOntzOjU6ImxhYmVsIjthOjE6e3M6NToiZW5fVVMiO3M6NToiVGl0bGUiO319'),(21,4,'ca_occurrences.idno',2,'Tjs='),(22,4,'ca_places.access',3,'Tjs='),(23,4,'ca_places.status',4,'Tjs='),(24,5,'ca_collection_labels.name',1,'Tjs='),(25,5,'ca_collections.idno',2,'Tjs='),(26,5,'ca_collections.type_id',3,'Tjs='),(27,5,'ca_collections.access',4,'Tjs='),(28,5,'ca_collections.status',5,'Tjs='),(29,6,'ca_storage_location_labels.name',1,'Tjs='),(30,6,'ca_storage_locations.type_id',2,'Tjs='),(31,7,'ca_loan_labels.name',1,'Tjs='),(32,7,'ca_loans.type_id',2,'Tjs='),(33,7,'ca_loans.idno',3,'Tjs='),(34,8,'_fulltext',1,'Tjs='),(35,8,'ca_object_lots.lot_content',2,'YToyOntzOjU6ImxhYmVsIjthOjI6e3M6NToiZW5fVVMiO3M6OToic2lzw6RsdMO2IjtzOjU6ImZpX0ZJIjtzOjk6InNpc8OkbHTDtiI7fXM6NToid2lkdGgiO3M6NToiMTAwcHgiO30='),(36,8,'created',3,'YToyOntzOjU6ImxhYmVsIjthOjI6e3M6NToiZW5fVVMiO3M6MjM6InRhbGxldHVzcMOkaXbDpG3DpMOkcsOkIjtzOjU6ImZpX0ZJIjtzOjIzOiJ0YWxsZXR1c3DDpGl2w6Rtw6TDpHLDpCI7fXM6NToid2lkdGgiO3M6NToiMTAwcHgiO30='),(37,8,'ca_object_lots.idno_stub',4,'YToyOntzOjU6ImxhYmVsIjthOjI6e3M6NToiZW5fVVMiO3M6MTE6InDDpMOkbnVtZXJvIjtzOjU6ImZpX0ZJIjtzOjExOiJww6TDpG51bWVybyI7fXM6NToid2lkdGgiO3M6NToiMTAwcHgiO30='),(38,8,'ca_entity_labels.displayname',5,'YToyOntzOjU6ImxhYmVsIjthOjI6e3M6NToiZW5fVVMiO3M6MTE6ImxhaGpvaXR0YWphIjtzOjU6ImZpX0ZJIjtzOjExOiJsYWhqb2l0dGFqYSI7fXM6NToid2lkdGgiO3M6NToiMTAwcHgiO30='),(39,9,'ca_objects.lehtinimeke',1,'YToxOntzOjU6IndpZHRoIjtzOjU6IjQwMHB4Ijt9'),(40,9,'_fulltext',2,'YToxOntzOjU6IndpZHRoIjtzOjU6IjQwMHB4Ijt9');
/*!40000 ALTER TABLE `ca_search_form_placements` ENABLE KEYS */;
UNLOCK TABLES;

--
-- Table structure for table `ca_search_form_type_restrictions`
--

DROP TABLE IF EXISTS `ca_search_form_type_restrictions`;
/*!40101 SET @saved_cs_client     = @@character_set_client */;
/*!40101 SET character_set_client = utf8 */;
CREATE TABLE `ca_search_form_type_restrictions` (
  `restriction_id` int(10) unsigned NOT NULL AUTO_INCREMENT,
  `table_num` tinyint(3) unsigned NOT NULL,
  `type_id` int(10) unsigned DEFAULT NULL,
  `form_id` int(10) unsigned NOT NULL,
  `include_subtypes` tinyint(3) unsigned NOT NULL DEFAULT 0,
  `settings` longtext NOT NULL,
  `rank` smallint(5) unsigned NOT NULL DEFAULT 0,
  PRIMARY KEY (`restriction_id`),
  KEY `i_form_id` (`form_id`),
  KEY `i_type_id` (`type_id`),
  CONSTRAINT `fk_ca_search_form_type_restrictions_form_id` FOREIGN KEY (`form_id`) REFERENCES `ca_search_forms` (`form_id`)
) ENGINE=InnoDB AUTO_INCREMENT=2 DEFAULT CHARSET=utf8;
/*!40101 SET character_set_client = @saved_cs_client */;

--
-- Dumping data for table `ca_search_form_type_restrictions`
--

LOCK TABLES `ca_search_form_type_restrictions` WRITE;
/*!40000 ALTER TABLE `ca_search_form_type_restrictions` DISABLE KEYS */;
INSERT INTO `ca_search_form_type_restrictions` VALUES (1,57,27,9,0,'Tjs=',1);
/*!40000 ALTER TABLE `ca_search_form_type_restrictions` ENABLE KEYS */;
UNLOCK TABLES;

--
-- Table structure for table `ca_search_forms`
--

DROP TABLE IF EXISTS `ca_search_forms`;
/*!40101 SET @saved_cs_client     = @@character_set_client */;
/*!40101 SET character_set_client = utf8 */;
CREATE TABLE `ca_search_forms` (
  `form_id` int(10) unsigned NOT NULL AUTO_INCREMENT,
  `user_id` int(10) unsigned DEFAULT NULL,
  `form_code` varchar(100) DEFAULT NULL,
  `table_num` tinyint(3) unsigned NOT NULL,
  `is_system` tinyint(3) unsigned NOT NULL,
  `settings` text NOT NULL,
  PRIMARY KEY (`form_id`),
  UNIQUE KEY `u_form_code` (`form_code`),
  KEY `i_user_id` (`user_id`),
  KEY `i_table_num` (`table_num`)
) ENGINE=InnoDB AUTO_INCREMENT=10 DEFAULT CHARSET=utf8;
/*!40101 SET character_set_client = @saved_cs_client */;

--
-- Dumping data for table `ca_search_forms`
--

LOCK TABLES `ca_search_forms` WRITE;
/*!40000 ALTER TABLE `ca_search_forms` DISABLE KEYS */;
INSERT INTO `ca_search_forms` VALUES (1,1,'ca_objects_adv_search',57,1,'YToxOntzOjEwOiJmb3JtX3dpZHRoIjtkOjM7fQ=='),(2,1,'ca_entities_adv_search',20,1,'YToxOntzOjEwOiJmb3JtX3dpZHRoIjtkOjM7fQ=='),(3,1,'ca_places_adv_search',72,1,'YToxOntzOjEwOiJmb3JtX3dpZHRoIjtkOjM7fQ=='),(4,1,'ca_occurrences_adv_search',67,1,'YToxOntzOjEwOiJmb3JtX3dpZHRoIjtkOjM7fQ=='),(5,1,'ca_collections_adv_search',13,1,'YToxOntzOjEwOiJmb3JtX3dpZHRoIjtkOjM7fQ=='),(6,1,'ca_storage_locations_adv_search',89,1,'YToxOntzOjEwOiJmb3JtX3dpZHRoIjtkOjM7fQ=='),(7,1,'ca_loans_adv_search',133,1,'YToxOntzOjEwOiJmb3JtX3dpZHRoIjtkOjM7fQ=='),(8,1,'ca_object_lots_adv_search',51,1,'YToxOntzOjEwOiJmb3JtX3dpZHRoIjtkOjM7fQ=='),(9,1,'lehtileikehaku',57,1,'YToxOntzOjEwOiJmb3JtX3dpZHRoIjtkOjE7fQ==');
/*!40000 ALTER TABLE `ca_search_forms` ENABLE KEYS */;
UNLOCK TABLES;

--
-- Table structure for table `ca_search_forms_x_user_groups`
--

DROP TABLE IF EXISTS `ca_search_forms_x_user_groups`;
/*!40101 SET @saved_cs_client     = @@character_set_client */;
/*!40101 SET character_set_client = utf8 */;
CREATE TABLE `ca_search_forms_x_user_groups` (
  `relation_id` int(10) unsigned NOT NULL AUTO_INCREMENT,
  `form_id` int(10) unsigned NOT NULL,
  `group_id` int(10) unsigned NOT NULL,
  `access` tinyint(3) unsigned NOT NULL DEFAULT 0,
  PRIMARY KEY (`relation_id`),
  KEY `i_form_id` (`form_id`),
  KEY `i_group_id` (`group_id`)
) ENGINE=InnoDB DEFAULT CHARSET=utf8;
/*!40101 SET character_set_client = @saved_cs_client */;

--
-- Dumping data for table `ca_search_forms_x_user_groups`
--

LOCK TABLES `ca_search_forms_x_user_groups` WRITE;
/*!40000 ALTER TABLE `ca_search_forms_x_user_groups` DISABLE KEYS */;
/*!40000 ALTER TABLE `ca_search_forms_x_user_groups` ENABLE KEYS */;
UNLOCK TABLES;

--
-- Table structure for table `ca_search_forms_x_users`
--

DROP TABLE IF EXISTS `ca_search_forms_x_users`;
/*!40101 SET @saved_cs_client     = @@character_set_client */;
/*!40101 SET character_set_client = utf8 */;
CREATE TABLE `ca_search_forms_x_users` (
  `relation_id` int(10) unsigned NOT NULL AUTO_INCREMENT,
  `form_id` int(10) unsigned NOT NULL,
  `user_id` int(10) unsigned NOT NULL,
  `access` tinyint(3) unsigned NOT NULL DEFAULT 0,
  PRIMARY KEY (`relation_id`),
  KEY `i_form_id` (`form_id`),
  KEY `i_user_id` (`user_id`)
) ENGINE=InnoDB AUTO_INCREMENT=2 DEFAULT CHARSET=utf8;
/*!40101 SET character_set_client = @saved_cs_client */;

--
-- Dumping data for table `ca_search_forms_x_users`
--

LOCK TABLES `ca_search_forms_x_users` WRITE;
/*!40000 ALTER TABLE `ca_search_forms_x_users` DISABLE KEYS */;
INSERT INTO `ca_search_forms_x_users` VALUES (1,9,1,2);
/*!40000 ALTER TABLE `ca_search_forms_x_users` ENABLE KEYS */;
UNLOCK TABLES;

--
-- Table structure for table `ca_search_indexing_queue`
--

DROP TABLE IF EXISTS `ca_search_indexing_queue`;
/*!40101 SET @saved_cs_client     = @@character_set_client */;
/*!40101 SET character_set_client = utf8 */;
CREATE TABLE `ca_search_indexing_queue` (
  `entry_id` int(10) unsigned NOT NULL AUTO_INCREMENT,
  `table_num` tinyint(3) unsigned NOT NULL,
  `row_id` int(10) unsigned NOT NULL,
  `field_data` longtext DEFAULT NULL,
  `reindex` tinyint(3) unsigned NOT NULL DEFAULT 0,
  `changed_fields` longtext DEFAULT NULL,
  `options` longtext DEFAULT NULL,
  `is_unindex` tinyint(3) unsigned NOT NULL DEFAULT 0,
  `dependencies` longtext DEFAULT NULL,
  `started_on` int(10) unsigned DEFAULT NULL,
  PRIMARY KEY (`entry_id`),
  KEY `i_table_num_row_id` (`table_num`,`row_id`),
  KEY `i_started_on` (`started_on`)
) ENGINE=InnoDB DEFAULT CHARSET=utf8;
/*!40101 SET character_set_client = @saved_cs_client */;

--
-- Dumping data for table `ca_search_indexing_queue`
--

LOCK TABLES `ca_search_indexing_queue` WRITE;
/*!40000 ALTER TABLE `ca_search_indexing_queue` DISABLE KEYS */;
/*!40000 ALTER TABLE `ca_search_indexing_queue` ENABLE KEYS */;
UNLOCK TABLES;

--
-- Table structure for table `ca_search_log`
--

DROP TABLE IF EXISTS `ca_search_log`;
/*!40101 SET @saved_cs_client     = @@character_set_client */;
/*!40101 SET character_set_client = utf8 */;
CREATE TABLE `ca_search_log` (
  `search_id` int(10) unsigned NOT NULL AUTO_INCREMENT,
  `log_datetime` int(10) unsigned NOT NULL,
  `user_id` int(10) unsigned DEFAULT NULL,
  `table_num` tinyint(3) unsigned NOT NULL,
  `search_expression` varchar(1024) NOT NULL,
  `num_hits` int(10) unsigned NOT NULL,
  `form_id` int(10) unsigned DEFAULT NULL,
  `ip_addr` varchar(39) DEFAULT NULL,
  `details` text NOT NULL,
  `execution_time` decimal(7,3) NOT NULL,
  `search_source` varchar(40) NOT NULL,
  PRIMARY KEY (`search_id`),
  KEY `i_log_datetime` (`log_datetime`),
  KEY `i_user_id` (`user_id`),
  KEY `i_form_id` (`form_id`)
) ENGINE=InnoDB DEFAULT CHARSET=utf8;
/*!40101 SET character_set_client = @saved_cs_client */;

--
-- Dumping data for table `ca_search_log`
--

LOCK TABLES `ca_search_log` WRITE;
/*!40000 ALTER TABLE `ca_search_log` DISABLE KEYS */;
/*!40000 ALTER TABLE `ca_search_log` ENABLE KEYS */;
UNLOCK TABLES;

--
-- Table structure for table `ca_set_item_labels`
--

DROP TABLE IF EXISTS `ca_set_item_labels`;
/*!40101 SET @saved_cs_client     = @@character_set_client */;
/*!40101 SET character_set_client = utf8 */;
CREATE TABLE `ca_set_item_labels` (
  `label_id` int(10) unsigned NOT NULL AUTO_INCREMENT,
  `item_id` int(10) unsigned NOT NULL,
  `locale_id` smallint(5) unsigned NOT NULL,
  `caption` text NOT NULL,
  PRIMARY KEY (`label_id`),
  KEY `i_set_id` (`item_id`),
  KEY `i_locale_id` (`locale_id`)
) ENGINE=InnoDB DEFAULT CHARSET=utf8;
/*!40101 SET character_set_client = @saved_cs_client */;

--
-- Dumping data for table `ca_set_item_labels`
--

LOCK TABLES `ca_set_item_labels` WRITE;
/*!40000 ALTER TABLE `ca_set_item_labels` DISABLE KEYS */;
/*!40000 ALTER TABLE `ca_set_item_labels` ENABLE KEYS */;
UNLOCK TABLES;

--
-- Table structure for table `ca_set_items`
--

DROP TABLE IF EXISTS `ca_set_items`;
/*!40101 SET @saved_cs_client     = @@character_set_client */;
/*!40101 SET character_set_client = utf8 */;
CREATE TABLE `ca_set_items` (
  `item_id` int(10) unsigned NOT NULL AUTO_INCREMENT,
  `set_id` int(10) unsigned NOT NULL,
  `table_num` tinyint(3) unsigned NOT NULL,
  `row_id` int(10) unsigned NOT NULL,
  `type_id` int(10) unsigned NOT NULL,
  `rank` int(10) unsigned NOT NULL DEFAULT 0,
  `vars` longtext NOT NULL,
  `deleted` tinyint(3) unsigned NOT NULL DEFAULT 0,
  PRIMARY KEY (`item_id`),
  KEY `i_set_id` (`set_id`,`deleted`),
  KEY `i_type_id` (`type_id`),
  KEY `i_row_id` (`row_id`),
  KEY `i_table_num` (`table_num`)
) ENGINE=InnoDB DEFAULT CHARSET=utf8;
/*!40101 SET character_set_client = @saved_cs_client */;

--
-- Dumping data for table `ca_set_items`
--

LOCK TABLES `ca_set_items` WRITE;
/*!40000 ALTER TABLE `ca_set_items` DISABLE KEYS */;
/*!40000 ALTER TABLE `ca_set_items` ENABLE KEYS */;
UNLOCK TABLES;

--
-- Table structure for table `ca_set_labels`
--

DROP TABLE IF EXISTS `ca_set_labels`;
/*!40101 SET @saved_cs_client     = @@character_set_client */;
/*!40101 SET character_set_client = utf8 */;
CREATE TABLE `ca_set_labels` (
  `label_id` int(10) unsigned NOT NULL AUTO_INCREMENT,
  `set_id` int(10) unsigned NOT NULL,
  `locale_id` smallint(5) unsigned NOT NULL,
  `name` varchar(255) NOT NULL,
  PRIMARY KEY (`label_id`),
  KEY `i_set_id` (`set_id`),
  KEY `i_locale_id` (`locale_id`)
) ENGINE=InnoDB DEFAULT CHARSET=utf8;
/*!40101 SET character_set_client = @saved_cs_client */;

--
-- Dumping data for table `ca_set_labels`
--

LOCK TABLES `ca_set_labels` WRITE;
/*!40000 ALTER TABLE `ca_set_labels` DISABLE KEYS */;
/*!40000 ALTER TABLE `ca_set_labels` ENABLE KEYS */;
UNLOCK TABLES;

--
-- Table structure for table `ca_sets`
--

DROP TABLE IF EXISTS `ca_sets`;
/*!40101 SET @saved_cs_client     = @@character_set_client */;
/*!40101 SET character_set_client = utf8 */;
CREATE TABLE `ca_sets` (
  `set_id` int(10) unsigned NOT NULL AUTO_INCREMENT,
  `parent_id` int(10) unsigned DEFAULT NULL,
  `hier_set_id` int(10) unsigned NOT NULL,
  `user_id` int(10) unsigned DEFAULT NULL,
  `type_id` int(10) unsigned NOT NULL,
  `commenting_status` tinyint(3) unsigned NOT NULL DEFAULT 0,
  `tagging_status` tinyint(3) unsigned NOT NULL DEFAULT 0,
  `rating_status` tinyint(3) unsigned NOT NULL DEFAULT 0,
  `set_code` varchar(100) DEFAULT NULL,
  `table_num` tinyint(3) unsigned NOT NULL,
  `access` tinyint(3) unsigned NOT NULL DEFAULT 0,
  `status` tinyint(3) unsigned NOT NULL DEFAULT 0,
  `hier_left` decimal(30,20) unsigned NOT NULL,
  `hier_right` decimal(30,20) unsigned NOT NULL,
  `deleted` tinyint(3) unsigned NOT NULL DEFAULT 0,
  `rank` int(10) unsigned NOT NULL DEFAULT 0,
  PRIMARY KEY (`set_id`),
  UNIQUE KEY `u_set_code` (`set_code`),
  KEY `i_user_id` (`user_id`),
  KEY `i_type_id` (`type_id`),
  KEY `i_hier_left` (`hier_left`),
  KEY `i_hier_right` (`hier_right`),
  KEY `i_parent_id` (`parent_id`),
  KEY `i_hier_set_id` (`hier_set_id`),
  KEY `i_table_num` (`table_num`),
  KEY `i_set_filter` (`set_id`,`deleted`,`access`),
  CONSTRAINT `fk_ca_sets_parent_id` FOREIGN KEY (`parent_id`) REFERENCES `ca_sets` (`set_id`)
) ENGINE=InnoDB DEFAULT CHARSET=utf8;
/*!40101 SET character_set_client = @saved_cs_client */;

--
-- Dumping data for table `ca_sets`
--

LOCK TABLES `ca_sets` WRITE;
/*!40000 ALTER TABLE `ca_sets` DISABLE KEYS */;
/*!40000 ALTER TABLE `ca_sets` ENABLE KEYS */;
UNLOCK TABLES;

--
-- Table structure for table `ca_sets_x_user_groups`
--

DROP TABLE IF EXISTS `ca_sets_x_user_groups`;
/*!40101 SET @saved_cs_client     = @@character_set_client */;
/*!40101 SET character_set_client = utf8 */;
CREATE TABLE `ca_sets_x_user_groups` (
  `relation_id` int(10) unsigned NOT NULL AUTO_INCREMENT,
  `set_id` int(10) unsigned NOT NULL,
  `group_id` int(10) unsigned NOT NULL,
  `access` tinyint(3) unsigned NOT NULL DEFAULT 0,
  `sdatetime` int(10) unsigned DEFAULT NULL,
  `edatetime` int(10) unsigned DEFAULT NULL,
  PRIMARY KEY (`relation_id`),
  KEY `i_set_id` (`set_id`),
  KEY `i_group_id` (`group_id`)
) ENGINE=InnoDB DEFAULT CHARSET=utf8;
/*!40101 SET character_set_client = @saved_cs_client */;

--
-- Dumping data for table `ca_sets_x_user_groups`
--

LOCK TABLES `ca_sets_x_user_groups` WRITE;
/*!40000 ALTER TABLE `ca_sets_x_user_groups` DISABLE KEYS */;
/*!40000 ALTER TABLE `ca_sets_x_user_groups` ENABLE KEYS */;
UNLOCK TABLES;

--
-- Table structure for table `ca_sets_x_users`
--

DROP TABLE IF EXISTS `ca_sets_x_users`;
/*!40101 SET @saved_cs_client     = @@character_set_client */;
/*!40101 SET character_set_client = utf8 */;
CREATE TABLE `ca_sets_x_users` (
  `relation_id` int(10) unsigned NOT NULL AUTO_INCREMENT,
  `set_id` int(10) unsigned NOT NULL,
  `user_id` int(10) unsigned NOT NULL,
  `access` tinyint(3) unsigned NOT NULL DEFAULT 0,
  `sdatetime` int(10) unsigned DEFAULT NULL,
  `edatetime` int(10) unsigned DEFAULT NULL,
  PRIMARY KEY (`relation_id`),
  KEY `i_set_id` (`set_id`),
  KEY `i_user_id` (`user_id`)
) ENGINE=InnoDB DEFAULT CHARSET=utf8;
/*!40101 SET character_set_client = @saved_cs_client */;

--
-- Dumping data for table `ca_sets_x_users`
--

LOCK TABLES `ca_sets_x_users` WRITE;
/*!40000 ALTER TABLE `ca_sets_x_users` DISABLE KEYS */;
/*!40000 ALTER TABLE `ca_sets_x_users` ENABLE KEYS */;
UNLOCK TABLES;

--
-- Table structure for table `ca_site_page_media`
--

DROP TABLE IF EXISTS `ca_site_page_media`;
/*!40101 SET @saved_cs_client     = @@character_set_client */;
/*!40101 SET character_set_client = utf8 */;
CREATE TABLE `ca_site_page_media` (
  `media_id` int(10) unsigned NOT NULL AUTO_INCREMENT,
  `page_id` int(10) unsigned NOT NULL,
  `title` varchar(255) NOT NULL,
  `caption` text NOT NULL,
  `idno` varchar(255) NOT NULL,
  `idno_sort` varchar(255) NOT NULL,
  `media` longblob NOT NULL,
  `media_metadata` longblob NOT NULL,
  `media_content` longtext NOT NULL,
  `md5` varchar(32) NOT NULL,
  `mimetype` varchar(255) DEFAULT NULL,
  `original_filename` varchar(1024) NOT NULL,
  `rank` int(10) unsigned NOT NULL DEFAULT 0,
  `access` tinyint(3) unsigned NOT NULL DEFAULT 0,
  `deleted` tinyint(3) unsigned NOT NULL DEFAULT 0,
  PRIMARY KEY (`media_id`),
  UNIQUE KEY `u_idno` (`page_id`,`idno`),
  KEY `page_id` (`page_id`),
  KEY `rank` (`rank`),
  KEY `md5` (`md5`),
  KEY `idno` (`idno`),
  KEY `idno_sort` (`idno_sort`)
) ENGINE=InnoDB DEFAULT CHARSET=utf8;
/*!40101 SET character_set_client = @saved_cs_client */;

--
-- Dumping data for table `ca_site_page_media`
--

LOCK TABLES `ca_site_page_media` WRITE;
/*!40000 ALTER TABLE `ca_site_page_media` DISABLE KEYS */;
/*!40000 ALTER TABLE `ca_site_page_media` ENABLE KEYS */;
UNLOCK TABLES;

--
-- Table structure for table `ca_site_pages`
--

DROP TABLE IF EXISTS `ca_site_pages`;
/*!40101 SET @saved_cs_client     = @@character_set_client */;
/*!40101 SET character_set_client = utf8 */;
CREATE TABLE `ca_site_pages` (
  `page_id` int(10) unsigned NOT NULL AUTO_INCREMENT,
  `template_id` int(10) unsigned NOT NULL,
  `title` varchar(255) NOT NULL,
  `description` text NOT NULL,
  `path` varchar(255) NOT NULL,
  `content` longtext NOT NULL,
  `keywords` text NOT NULL,
  `access` tinyint(3) unsigned NOT NULL DEFAULT 0,
  `deleted` tinyint(3) unsigned NOT NULL DEFAULT 0,
  `view_count` int(10) unsigned NOT NULL DEFAULT 0,
  PRIMARY KEY (`page_id`),
  KEY `template_id` (`template_id`),
  KEY `path` (`path`)
) ENGINE=InnoDB DEFAULT CHARSET=utf8;
/*!40101 SET character_set_client = @saved_cs_client */;

--
-- Dumping data for table `ca_site_pages`
--

LOCK TABLES `ca_site_pages` WRITE;
/*!40000 ALTER TABLE `ca_site_pages` DISABLE KEYS */;
/*!40000 ALTER TABLE `ca_site_pages` ENABLE KEYS */;
UNLOCK TABLES;

--
-- Table structure for table `ca_site_templates`
--

DROP TABLE IF EXISTS `ca_site_templates`;
/*!40101 SET @saved_cs_client     = @@character_set_client */;
/*!40101 SET character_set_client = utf8 */;
CREATE TABLE `ca_site_templates` (
  `template_id` int(10) unsigned NOT NULL AUTO_INCREMENT,
  `title` varchar(255) NOT NULL,
  `description` text NOT NULL,
  `template` longtext NOT NULL,
  `template_code` varchar(100) NOT NULL,
  `tags` longtext NOT NULL,
  `deleted` tinyint(3) unsigned NOT NULL DEFAULT 0,
  PRIMARY KEY (`template_id`),
  UNIQUE KEY `u_title` (`title`)
) ENGINE=InnoDB DEFAULT CHARSET=utf8;
/*!40101 SET character_set_client = @saved_cs_client */;

--
-- Dumping data for table `ca_site_templates`
--

LOCK TABLES `ca_site_templates` WRITE;
/*!40000 ALTER TABLE `ca_site_templates` DISABLE KEYS */;
/*!40000 ALTER TABLE `ca_site_templates` ENABLE KEYS */;
UNLOCK TABLES;

--
-- Table structure for table `ca_sql_search_ngrams`
--

DROP TABLE IF EXISTS `ca_sql_search_ngrams`;
/*!40101 SET @saved_cs_client     = @@character_set_client */;
/*!40101 SET character_set_client = utf8 */;
CREATE TABLE `ca_sql_search_ngrams` (
  `word_id` int(10) unsigned NOT NULL,
  `ngram` char(4) NOT NULL,
  `seq` tinyint(3) unsigned NOT NULL,
  KEY `i_ngram` (`ngram`),
  KEY `i_word_id` (`word_id`)
) ENGINE=InnoDB DEFAULT CHARSET=utf8;
/*!40101 SET character_set_client = @saved_cs_client */;

--
-- Dumping data for table `ca_sql_search_ngrams`
--

LOCK TABLES `ca_sql_search_ngrams` WRITE;
/*!40000 ALTER TABLE `ca_sql_search_ngrams` DISABLE KEYS */;
/*!40000 ALTER TABLE `ca_sql_search_ngrams` ENABLE KEYS */;
UNLOCK TABLES;

--
-- Table structure for table `ca_sql_search_word_index`
--

DROP TABLE IF EXISTS `ca_sql_search_word_index`;
/*!40101 SET @saved_cs_client     = @@character_set_client */;
/*!40101 SET character_set_client = utf8 */;
CREATE TABLE `ca_sql_search_word_index` (
  `index_id` int(10) unsigned NOT NULL AUTO_INCREMENT,
  `table_num` tinyint(3) unsigned NOT NULL,
  `row_id` int(10) unsigned NOT NULL,
  `field_table_num` tinyint(3) unsigned NOT NULL,
  `field_num` varchar(100) NOT NULL DEFAULT '',
  `field_container_id` int(10) unsigned DEFAULT NULL,
  `field_row_id` int(10) unsigned NOT NULL,
  `rel_type_id` smallint(5) unsigned NOT NULL DEFAULT 0,
  `word_id` int(10) unsigned NOT NULL,
  `boost` tinyint(3) unsigned NOT NULL DEFAULT 1,
  `access` tinyint(3) unsigned NOT NULL DEFAULT 1,
  PRIMARY KEY (`index_id`),
  KEY `i_row_id` (`row_id`,`table_num`),
  KEY `i_word_id` (`word_id`,`access`),
  KEY `i_field_row_id` (`field_row_id`,`field_table_num`),
  KEY `i_rel_type_id` (`rel_type_id`),
  KEY `i_field_table_num` (`field_table_num`),
  KEY `i_field_num` (`field_num`),
  KEY `i_index_table_num` (`word_id`,`table_num`,`row_id`),
  KEY `i_index_field_table_num` (`word_id`,`table_num`,`field_table_num`,`row_id`),
  KEY `i_index_field_num` (`word_id`,`table_num`,`field_table_num`,`field_num`,`row_id`,`access`,`boost`),
  KEY `i_index_delete` (`table_num`,`row_id`,`field_table_num`,`field_num`),
  KEY `i_index_field_num_container` (`word_id`,`table_num`,`field_table_num`,`field_num`,`field_container_id`,`row_id`,`access`,`boost`)
) ENGINE=InnoDB DEFAULT CHARSET=utf8;
/*!40101 SET character_set_client = @saved_cs_client */;

--
-- Dumping data for table `ca_sql_search_word_index`
--

LOCK TABLES `ca_sql_search_word_index` WRITE;
/*!40000 ALTER TABLE `ca_sql_search_word_index` DISABLE KEYS */;
/*!40000 ALTER TABLE `ca_sql_search_word_index` ENABLE KEYS */;
UNLOCK TABLES;

--
-- Table structure for table `ca_sql_search_words`
--

DROP TABLE IF EXISTS `ca_sql_search_words`;
/*!40101 SET @saved_cs_client     = @@character_set_client */;
/*!40101 SET character_set_client = utf8 */;
CREATE TABLE `ca_sql_search_words` (
  `word_id` int(10) unsigned NOT NULL AUTO_INCREMENT,
  `word` varchar(255) NOT NULL,
  `stem` varchar(255) NOT NULL,
  `locale_id` smallint(5) unsigned DEFAULT NULL,
  PRIMARY KEY (`word_id`),
  UNIQUE KEY `u_word` (`word`),
  KEY `i_stem` (`stem`),
  KEY `i_locale_id` (`locale_id`)
) ENGINE=InnoDB DEFAULT CHARSET=utf8;
/*!40101 SET character_set_client = @saved_cs_client */;

--
-- Dumping data for table `ca_sql_search_words`
--

LOCK TABLES `ca_sql_search_words` WRITE;
/*!40000 ALTER TABLE `ca_sql_search_words` DISABLE KEYS */;
/*!40000 ALTER TABLE `ca_sql_search_words` ENABLE KEYS */;
UNLOCK TABLES;

--
-- Table structure for table `ca_storage_location_labels`
--

DROP TABLE IF EXISTS `ca_storage_location_labels`;
/*!40101 SET @saved_cs_client     = @@character_set_client */;
/*!40101 SET character_set_client = utf8 */;
CREATE TABLE `ca_storage_location_labels` (
  `label_id` int(10) unsigned NOT NULL AUTO_INCREMENT,
  `location_id` int(10) unsigned NOT NULL,
  `locale_id` smallint(5) unsigned NOT NULL,
  `type_id` int(10) unsigned DEFAULT NULL,
  `name` varchar(255) NOT NULL,
  `name_sort` varchar(255) NOT NULL,
  `source_info` longtext NOT NULL,
  `is_preferred` tinyint(3) unsigned NOT NULL,
  PRIMARY KEY (`label_id`),
  UNIQUE KEY `u_all` (`location_id`,`name`,`locale_id`,`type_id`),
  KEY `i_name` (`name`(128)),
  KEY `i_location_id` (`location_id`),
  KEY `i_locale_id` (`locale_id`),
  KEY `i_type_id` (`type_id`),
  KEY `i_name_sort` (`name_sort`(128)),
  CONSTRAINT `fk_ca_storage_location_labels_locale_id` FOREIGN KEY (`locale_id`) REFERENCES `ca_locales` (`locale_id`),
  CONSTRAINT `fk_ca_storage_location_labels_location_id` FOREIGN KEY (`location_id`) REFERENCES `ca_storage_locations` (`location_id`),
  CONSTRAINT `fk_ca_storage_location_labels_type_id` FOREIGN KEY (`type_id`) REFERENCES `ca_list_items` (`item_id`)
) ENGINE=InnoDB DEFAULT CHARSET=utf8;
/*!40101 SET character_set_client = @saved_cs_client */;

--
-- Dumping data for table `ca_storage_location_labels`
--

LOCK TABLES `ca_storage_location_labels` WRITE;
/*!40000 ALTER TABLE `ca_storage_location_labels` DISABLE KEYS */;
/*!40000 ALTER TABLE `ca_storage_location_labels` ENABLE KEYS */;
UNLOCK TABLES;

--
-- Table structure for table `ca_storage_locations`
--

DROP TABLE IF EXISTS `ca_storage_locations`;
/*!40101 SET @saved_cs_client     = @@character_set_client */;
/*!40101 SET character_set_client = utf8 */;
CREATE TABLE `ca_storage_locations` (
  `location_id` int(10) unsigned NOT NULL AUTO_INCREMENT,
  `parent_id` int(10) unsigned DEFAULT NULL,
  `type_id` int(10) unsigned DEFAULT NULL,
  `idno` varchar(255) NOT NULL,
  `idno_sort` varchar(255) NOT NULL,
  `is_template` tinyint(3) unsigned NOT NULL DEFAULT 0,
  `view_count` int(10) unsigned NOT NULL DEFAULT 0,
  `source_id` int(10) unsigned DEFAULT NULL,
  `source_info` longtext NOT NULL,
  `color` char(6) DEFAULT NULL,
  `icon` longblob NOT NULL,
  `hier_left` decimal(30,20) NOT NULL,
  `hier_right` decimal(30,20) NOT NULL,
  `access` tinyint(3) unsigned NOT NULL DEFAULT 0,
  `status` tinyint(3) unsigned NOT NULL DEFAULT 0,
  `deleted` tinyint(3) unsigned NOT NULL DEFAULT 0,
  `rank` int(10) unsigned NOT NULL DEFAULT 0,
  `is_enabled` tinyint(3) unsigned NOT NULL DEFAULT 1,
  `submission_user_id` int(10) unsigned DEFAULT NULL,
  `submission_group_id` int(10) unsigned DEFAULT NULL,
  `submission_status_id` int(10) unsigned DEFAULT NULL,
  `submission_via_form` varchar(100) DEFAULT NULL,
  PRIMARY KEY (`location_id`),
  KEY `i_parent_id` (`parent_id`),
  KEY `i_source_id` (`source_id`),
  KEY `idno` (`idno`),
  KEY `idno_sort` (`idno_sort`),
  KEY `i_type_id` (`type_id`),
  KEY `i_hier_left` (`hier_left`),
  KEY `i_hier_right` (`hier_right`),
  KEY `i_view_count` (`view_count`),
  KEY `i_loc_filter` (`location_id`,`deleted`,`access`),
  KEY `i_submission_user_id` (`submission_user_id`),
  KEY `i_submission_group_id` (`submission_group_id`),
  KEY `i_submission_status_id` (`submission_status_id`),
  KEY `i_submission_via_form` (`submission_via_form`),
  CONSTRAINT `fk_ca_storage_locations_parent_id` FOREIGN KEY (`parent_id`) REFERENCES `ca_storage_locations` (`location_id`),
  CONSTRAINT `fk_ca_storage_locations_source_id` FOREIGN KEY (`source_id`) REFERENCES `ca_list_items` (`item_id`),
  CONSTRAINT `fk_ca_storage_locations_submission_group_id` FOREIGN KEY (`submission_group_id`) REFERENCES `ca_user_groups` (`group_id`),
  CONSTRAINT `fk_ca_storage_locations_submission_status_id` FOREIGN KEY (`submission_status_id`) REFERENCES `ca_list_items` (`item_id`),
  CONSTRAINT `fk_ca_storage_locations_submission_user_id` FOREIGN KEY (`submission_user_id`) REFERENCES `ca_users` (`user_id`),
  CONSTRAINT `fk_ca_storage_locations_type_id` FOREIGN KEY (`type_id`) REFERENCES `ca_list_items` (`item_id`)
) ENGINE=InnoDB AUTO_INCREMENT=2 DEFAULT CHARSET=utf8;
/*!40101 SET character_set_client = @saved_cs_client */;

--
-- Dumping data for table `ca_storage_locations`
--

LOCK TABLES `ca_storage_locations` WRITE;
/*!40000 ALTER TABLE `ca_storage_locations` DISABLE KEYS */;
INSERT INTO `ca_storage_locations` VALUES (1,NULL,NULL,'','                    ',0,0,NULL,'Tjs=','','',1.00000000000000000000,4294967296.00000000000000000000,0,0,0,1,1,NULL,NULL,NULL,NULL);
/*!40000 ALTER TABLE `ca_storage_locations` ENABLE KEYS */;
UNLOCK TABLES;

--
-- Table structure for table `ca_storage_locations_x_storage_locations`
--

DROP TABLE IF EXISTS `ca_storage_locations_x_storage_locations`;
/*!40101 SET @saved_cs_client     = @@character_set_client */;
/*!40101 SET character_set_client = utf8 */;
CREATE TABLE `ca_storage_locations_x_storage_locations` (
  `relation_id` int(10) unsigned NOT NULL AUTO_INCREMENT,
  `location_left_id` int(10) unsigned NOT NULL,
  `location_right_id` int(10) unsigned NOT NULL,
  `type_id` smallint(5) unsigned NOT NULL,
  `source_info` text NOT NULL,
  `sdatetime` decimal(30,20) DEFAULT NULL,
  `edatetime` decimal(30,20) DEFAULT NULL,
  `label_left_id` int(10) unsigned DEFAULT NULL,
  `label_right_id` int(10) unsigned DEFAULT NULL,
  `rank` int(10) unsigned NOT NULL DEFAULT 0,
  PRIMARY KEY (`relation_id`),
  UNIQUE KEY `u_all` (`location_left_id`,`location_right_id`,`type_id`,`sdatetime`,`edatetime`),
  KEY `i_location_left_id` (`location_left_id`),
  KEY `i_location_right_id` (`location_right_id`),
  KEY `i_type_id` (`type_id`),
  KEY `i_label_left_id` (`label_left_id`),
  KEY `i_label_right_id` (`label_right_id`),
  CONSTRAINT `fk_ca_storage_locations_x_storage_locations_label_left_id` FOREIGN KEY (`label_left_id`) REFERENCES `ca_storage_location_labels` (`label_id`),
  CONSTRAINT `fk_ca_storage_locations_x_storage_locations_label_right_id` FOREIGN KEY (`label_right_id`) REFERENCES `ca_storage_location_labels` (`label_id`),
  CONSTRAINT `fk_ca_storage_locations_x_storage_locations_location_left_id` FOREIGN KEY (`location_left_id`) REFERENCES `ca_storage_locations` (`location_id`),
  CONSTRAINT `fk_ca_storage_locations_x_storage_locations_location_right_id` FOREIGN KEY (`location_right_id`) REFERENCES `ca_storage_locations` (`location_id`),
  CONSTRAINT `fk_ca_storage_locations_x_storage_locations_type_id` FOREIGN KEY (`type_id`) REFERENCES `ca_relationship_types` (`type_id`)
) ENGINE=InnoDB DEFAULT CHARSET=utf8;
/*!40101 SET character_set_client = @saved_cs_client */;

--
-- Dumping data for table `ca_storage_locations_x_storage_locations`
--

LOCK TABLES `ca_storage_locations_x_storage_locations` WRITE;
/*!40000 ALTER TABLE `ca_storage_locations_x_storage_locations` DISABLE KEYS */;
/*!40000 ALTER TABLE `ca_storage_locations_x_storage_locations` ENABLE KEYS */;
UNLOCK TABLES;

--
-- Table structure for table `ca_storage_locations_x_vocabulary_terms`
--

DROP TABLE IF EXISTS `ca_storage_locations_x_vocabulary_terms`;
/*!40101 SET @saved_cs_client     = @@character_set_client */;
/*!40101 SET character_set_client = utf8 */;
CREATE TABLE `ca_storage_locations_x_vocabulary_terms` (
  `relation_id` int(10) unsigned NOT NULL AUTO_INCREMENT,
  `location_id` int(10) unsigned NOT NULL,
  `item_id` int(10) unsigned NOT NULL,
  `type_id` smallint(5) unsigned NOT NULL,
  `source_info` longtext NOT NULL,
  `sdatetime` decimal(30,20) DEFAULT NULL,
  `edatetime` decimal(30,20) DEFAULT NULL,
  `label_left_id` int(10) unsigned DEFAULT NULL,
  `label_right_id` int(10) unsigned DEFAULT NULL,
  `rank` int(10) unsigned NOT NULL DEFAULT 0,
  PRIMARY KEY (`relation_id`),
  UNIQUE KEY `u_all` (`location_id`,`item_id`,`type_id`,`sdatetime`,`edatetime`),
  KEY `i_location_id` (`location_id`),
  KEY `i_item_id` (`item_id`),
  KEY `i_type_id` (`type_id`),
  KEY `i_label_left_id` (`label_left_id`),
  KEY `i_label_right_id` (`label_right_id`),
  CONSTRAINT `fk_ca_storage_locations_x_vocabulary_terms_item_id` FOREIGN KEY (`item_id`) REFERENCES `ca_list_items` (`item_id`),
  CONSTRAINT `fk_ca_storage_locations_x_vocabulary_terms_label_left_id` FOREIGN KEY (`label_left_id`) REFERENCES `ca_storage_location_labels` (`label_id`),
  CONSTRAINT `fk_ca_storage_locations_x_vocabulary_terms_label_right_id` FOREIGN KEY (`label_right_id`) REFERENCES `ca_list_item_labels` (`label_id`),
  CONSTRAINT `fk_ca_storage_locations_x_vocabulary_terms_location_id` FOREIGN KEY (`location_id`) REFERENCES `ca_storage_locations` (`location_id`),
  CONSTRAINT `fk_ca_storage_locations_x_vocabulary_terms_type_id` FOREIGN KEY (`type_id`) REFERENCES `ca_relationship_types` (`type_id`)
) ENGINE=InnoDB DEFAULT CHARSET=utf8;
/*!40101 SET character_set_client = @saved_cs_client */;

--
-- Dumping data for table `ca_storage_locations_x_vocabulary_terms`
--

LOCK TABLES `ca_storage_locations_x_vocabulary_terms` WRITE;
/*!40000 ALTER TABLE `ca_storage_locations_x_vocabulary_terms` DISABLE KEYS */;
/*!40000 ALTER TABLE `ca_storage_locations_x_vocabulary_terms` ENABLE KEYS */;
UNLOCK TABLES;

--
-- Table structure for table `ca_task_queue`
--

DROP TABLE IF EXISTS `ca_task_queue`;
/*!40101 SET @saved_cs_client     = @@character_set_client */;
/*!40101 SET character_set_client = utf8 */;
CREATE TABLE `ca_task_queue` (
  `task_id` int(10) unsigned NOT NULL AUTO_INCREMENT,
  `user_id` int(10) unsigned DEFAULT NULL,
  `row_key` char(32) DEFAULT NULL,
  `entity_key` char(32) DEFAULT NULL,
  `created_on` int(10) unsigned NOT NULL,
  `started_on` int(10) unsigned DEFAULT NULL,
  `completed_on` int(10) unsigned DEFAULT NULL,
  `priority` smallint(5) unsigned NOT NULL DEFAULT 0,
  `handler` varchar(20) NOT NULL,
  `parameters` text NOT NULL,
  `notes` longtext DEFAULT NULL,
  `error_code` smallint(5) unsigned NOT NULL DEFAULT 0,
  PRIMARY KEY (`task_id`),
  KEY `i_user_id` (`user_id`),
  KEY `i_started_on` (`started_on`),
  KEY `i_completed_on` (`completed_on`),
  KEY `i_entity_key` (`entity_key`),
  KEY `i_row_key` (`row_key`),
  KEY `i_error_code` (`error_code`)
) ENGINE=InnoDB DEFAULT CHARSET=utf8;
/*!40101 SET character_set_client = @saved_cs_client */;

--
-- Dumping data for table `ca_task_queue`
--

LOCK TABLES `ca_task_queue` WRITE;
/*!40000 ALTER TABLE `ca_task_queue` DISABLE KEYS */;
/*!40000 ALTER TABLE `ca_task_queue` ENABLE KEYS */;
UNLOCK TABLES;

--
-- Table structure for table `ca_tour_labels`
--

DROP TABLE IF EXISTS `ca_tour_labels`;
/*!40101 SET @saved_cs_client     = @@character_set_client */;
/*!40101 SET character_set_client = utf8 */;
CREATE TABLE `ca_tour_labels` (
  `label_id` int(10) unsigned NOT NULL AUTO_INCREMENT,
  `tour_id` int(10) unsigned NOT NULL,
  `locale_id` smallint(5) unsigned NOT NULL,
  `name_sort` varchar(255) NOT NULL,
  `name` varchar(255) NOT NULL,
  PRIMARY KEY (`label_id`),
  UNIQUE KEY `u_locale_id` (`tour_id`,`locale_id`),
  KEY `fk_ca_tour_labels_locale_id` (`locale_id`),
  KEY `i_tour_id` (`tour_id`),
  KEY `i_name` (`name`(128)),
  KEY `i_name_sort` (`name_sort`(128)),
  CONSTRAINT `fk_ca_tour_labels_locale_id` FOREIGN KEY (`locale_id`) REFERENCES `ca_locales` (`locale_id`),
  CONSTRAINT `fk_ca_tour_labels_tour_id` FOREIGN KEY (`tour_id`) REFERENCES `ca_tours` (`tour_id`)
) ENGINE=InnoDB DEFAULT CHARSET=utf8;
/*!40101 SET character_set_client = @saved_cs_client */;

--
-- Dumping data for table `ca_tour_labels`
--

LOCK TABLES `ca_tour_labels` WRITE;
/*!40000 ALTER TABLE `ca_tour_labels` DISABLE KEYS */;
/*!40000 ALTER TABLE `ca_tour_labels` ENABLE KEYS */;
UNLOCK TABLES;

--
-- Table structure for table `ca_tour_stop_labels`
--

DROP TABLE IF EXISTS `ca_tour_stop_labels`;
/*!40101 SET @saved_cs_client     = @@character_set_client */;
/*!40101 SET character_set_client = utf8 */;
CREATE TABLE `ca_tour_stop_labels` (
  `label_id` int(10) unsigned NOT NULL AUTO_INCREMENT,
  `stop_id` int(10) unsigned NOT NULL,
  `locale_id` smallint(5) unsigned NOT NULL,
  `name` varchar(255) NOT NULL,
  `name_sort` varchar(255) NOT NULL,
  PRIMARY KEY (`label_id`),
  UNIQUE KEY `u_locale_id` (`stop_id`,`locale_id`),
  KEY `fk_ca_tour_stop_labels_locale_id` (`locale_id`),
  KEY `i_stop_id` (`stop_id`),
  KEY `i_name` (`name`(128)),
  KEY `i_name_sort` (`name_sort`(128)),
  CONSTRAINT `fk_ca_tour_stop_labels_locale_id` FOREIGN KEY (`locale_id`) REFERENCES `ca_locales` (`locale_id`),
  CONSTRAINT `fk_ca_tour_stop_labels_stop_id` FOREIGN KEY (`stop_id`) REFERENCES `ca_tour_stops` (`stop_id`)
) ENGINE=InnoDB DEFAULT CHARSET=utf8;
/*!40101 SET character_set_client = @saved_cs_client */;

--
-- Dumping data for table `ca_tour_stop_labels`
--

LOCK TABLES `ca_tour_stop_labels` WRITE;
/*!40000 ALTER TABLE `ca_tour_stop_labels` DISABLE KEYS */;
/*!40000 ALTER TABLE `ca_tour_stop_labels` ENABLE KEYS */;
UNLOCK TABLES;

--
-- Table structure for table `ca_tour_stops`
--

DROP TABLE IF EXISTS `ca_tour_stops`;
/*!40101 SET @saved_cs_client     = @@character_set_client */;
/*!40101 SET character_set_client = utf8 */;
CREATE TABLE `ca_tour_stops` (
  `stop_id` int(10) unsigned NOT NULL AUTO_INCREMENT,
  `parent_id` int(10) unsigned DEFAULT NULL,
  `tour_id` int(10) unsigned NOT NULL,
  `type_id` int(10) unsigned DEFAULT NULL,
  `idno` varchar(255) NOT NULL,
  `idno_sort` varchar(255) NOT NULL,
  `rank` int(10) unsigned NOT NULL DEFAULT 0,
  `view_count` int(10) unsigned NOT NULL DEFAULT 0,
  `hier_left` decimal(30,20) NOT NULL,
  `hier_right` decimal(30,20) NOT NULL,
  `hier_stop_id` int(10) unsigned NOT NULL,
  `color` char(6) DEFAULT NULL,
  `icon` longblob NOT NULL,
  `access` tinyint(3) unsigned NOT NULL DEFAULT 0,
  `status` tinyint(3) unsigned NOT NULL DEFAULT 0,
  `deleted` tinyint(3) unsigned NOT NULL DEFAULT 0,
  PRIMARY KEY (`stop_id`),
  KEY `i_tour_id` (`tour_id`),
  KEY `i_type_id` (`type_id`),
  KEY `i_parent_id` (`parent_id`),
  KEY `i_hier_stop_id` (`hier_stop_id`),
  KEY `i_hier_left` (`hier_left`),
  KEY `i_hier_right` (`hier_right`),
  KEY `i_idno` (`idno`),
  KEY `i_idno_sort` (`idno_sort`),
  KEY `i_view_count` (`view_count`),
  CONSTRAINT `fk_ca_tour_stops_tour_id` FOREIGN KEY (`tour_id`) REFERENCES `ca_tours` (`tour_id`),
  CONSTRAINT `fk_ca_tour_stops_type_id` FOREIGN KEY (`type_id`) REFERENCES `ca_list_items` (`item_id`)
) ENGINE=InnoDB DEFAULT CHARSET=utf8;
/*!40101 SET character_set_client = @saved_cs_client */;

--
-- Dumping data for table `ca_tour_stops`
--

LOCK TABLES `ca_tour_stops` WRITE;
/*!40000 ALTER TABLE `ca_tour_stops` DISABLE KEYS */;
/*!40000 ALTER TABLE `ca_tour_stops` ENABLE KEYS */;
UNLOCK TABLES;

--
-- Table structure for table `ca_tour_stops_x_collections`
--

DROP TABLE IF EXISTS `ca_tour_stops_x_collections`;
/*!40101 SET @saved_cs_client     = @@character_set_client */;
/*!40101 SET character_set_client = utf8 */;
CREATE TABLE `ca_tour_stops_x_collections` (
  `relation_id` int(10) unsigned NOT NULL AUTO_INCREMENT,
  `collection_id` int(10) unsigned NOT NULL,
  `stop_id` int(10) unsigned NOT NULL,
  `type_id` smallint(5) unsigned NOT NULL,
  `source_info` longtext NOT NULL,
  `sdatetime` decimal(30,20) DEFAULT NULL,
  `edatetime` decimal(30,20) DEFAULT NULL,
  `label_left_id` int(10) unsigned DEFAULT NULL,
  `label_right_id` int(10) unsigned DEFAULT NULL,
  `rank` int(10) unsigned NOT NULL DEFAULT 0,
  PRIMARY KEY (`relation_id`),
  UNIQUE KEY `u_all` (`collection_id`,`stop_id`,`type_id`,`sdatetime`,`edatetime`),
  KEY `i_collection_id` (`collection_id`),
  KEY `i_stop_id` (`stop_id`),
  KEY `i_type_id` (`type_id`),
  KEY `i_label_left_id` (`label_left_id`),
  KEY `i_label_right_id` (`label_right_id`),
  CONSTRAINT `fk_ca_tour_stops_x_collections_collection_id` FOREIGN KEY (`collection_id`) REFERENCES `ca_collections` (`collection_id`),
  CONSTRAINT `fk_ca_tour_stops_x_collections_label_left_id` FOREIGN KEY (`label_left_id`) REFERENCES `ca_tour_stop_labels` (`label_id`),
  CONSTRAINT `fk_ca_tour_stops_x_collections_label_right_id` FOREIGN KEY (`label_right_id`) REFERENCES `ca_collection_labels` (`label_id`),
  CONSTRAINT `fk_ca_tour_stops_x_collections_stop_id` FOREIGN KEY (`stop_id`) REFERENCES `ca_tour_stops` (`stop_id`),
  CONSTRAINT `fk_ca_tour_stops_x_collections_type_id` FOREIGN KEY (`type_id`) REFERENCES `ca_relationship_types` (`type_id`)
) ENGINE=InnoDB DEFAULT CHARSET=utf8;
/*!40101 SET character_set_client = @saved_cs_client */;

--
-- Dumping data for table `ca_tour_stops_x_collections`
--

LOCK TABLES `ca_tour_stops_x_collections` WRITE;
/*!40000 ALTER TABLE `ca_tour_stops_x_collections` DISABLE KEYS */;
/*!40000 ALTER TABLE `ca_tour_stops_x_collections` ENABLE KEYS */;
UNLOCK TABLES;

--
-- Table structure for table `ca_tour_stops_x_entities`
--

DROP TABLE IF EXISTS `ca_tour_stops_x_entities`;
/*!40101 SET @saved_cs_client     = @@character_set_client */;
/*!40101 SET character_set_client = utf8 */;
CREATE TABLE `ca_tour_stops_x_entities` (
  `relation_id` int(10) unsigned NOT NULL AUTO_INCREMENT,
  `entity_id` int(10) unsigned NOT NULL,
  `stop_id` int(10) unsigned NOT NULL,
  `type_id` smallint(5) unsigned NOT NULL,
  `source_info` longtext NOT NULL,
  `sdatetime` decimal(30,20) DEFAULT NULL,
  `edatetime` decimal(30,20) DEFAULT NULL,
  `label_left_id` int(10) unsigned DEFAULT NULL,
  `label_right_id` int(10) unsigned DEFAULT NULL,
  `rank` int(10) unsigned NOT NULL DEFAULT 0,
  PRIMARY KEY (`relation_id`),
  UNIQUE KEY `u_all` (`entity_id`,`stop_id`,`type_id`,`sdatetime`,`edatetime`),
  KEY `i_entity_id` (`entity_id`),
  KEY `i_stop_id` (`stop_id`),
  KEY `i_type_id` (`type_id`),
  KEY `i_label_left_id` (`label_left_id`),
  KEY `i_label_right_id` (`label_right_id`),
  CONSTRAINT `fk_ca_tour_stops_x_entities_entity_id` FOREIGN KEY (`entity_id`) REFERENCES `ca_entities` (`entity_id`),
  CONSTRAINT `fk_ca_tour_stops_x_entities_label_left_id` FOREIGN KEY (`label_left_id`) REFERENCES `ca_tour_stop_labels` (`label_id`),
  CONSTRAINT `fk_ca_tour_stops_x_entities_label_right_id` FOREIGN KEY (`label_right_id`) REFERENCES `ca_entity_labels` (`label_id`),
  CONSTRAINT `fk_ca_tour_stops_x_entities_stop_id` FOREIGN KEY (`stop_id`) REFERENCES `ca_tour_stops` (`stop_id`),
  CONSTRAINT `fk_ca_tour_stops_x_entities_type_id` FOREIGN KEY (`type_id`) REFERENCES `ca_relationship_types` (`type_id`)
) ENGINE=InnoDB DEFAULT CHARSET=utf8;
/*!40101 SET character_set_client = @saved_cs_client */;

--
-- Dumping data for table `ca_tour_stops_x_entities`
--

LOCK TABLES `ca_tour_stops_x_entities` WRITE;
/*!40000 ALTER TABLE `ca_tour_stops_x_entities` DISABLE KEYS */;
/*!40000 ALTER TABLE `ca_tour_stops_x_entities` ENABLE KEYS */;
UNLOCK TABLES;

--
-- Table structure for table `ca_tour_stops_x_objects`
--

DROP TABLE IF EXISTS `ca_tour_stops_x_objects`;
/*!40101 SET @saved_cs_client     = @@character_set_client */;
/*!40101 SET character_set_client = utf8 */;
CREATE TABLE `ca_tour_stops_x_objects` (
  `relation_id` int(10) unsigned NOT NULL AUTO_INCREMENT,
  `object_id` int(10) unsigned NOT NULL,
  `stop_id` int(10) unsigned NOT NULL,
  `type_id` smallint(5) unsigned NOT NULL,
  `source_info` longtext NOT NULL,
  `sdatetime` decimal(30,20) DEFAULT NULL,
  `edatetime` decimal(30,20) DEFAULT NULL,
  `label_left_id` int(10) unsigned DEFAULT NULL,
  `label_right_id` int(10) unsigned DEFAULT NULL,
  `rank` int(10) unsigned NOT NULL DEFAULT 0,
  PRIMARY KEY (`relation_id`),
  UNIQUE KEY `u_all` (`object_id`,`stop_id`,`type_id`,`sdatetime`,`edatetime`),
  KEY `i_object_id` (`object_id`),
  KEY `i_stop_id` (`stop_id`),
  KEY `i_type_id` (`type_id`),
  KEY `i_label_left_id` (`label_left_id`),
  KEY `i_label_right_id` (`label_right_id`),
  CONSTRAINT `fk_ca_tour_stops_x_objects_label_left_id` FOREIGN KEY (`label_left_id`) REFERENCES `ca_tour_stop_labels` (`label_id`),
  CONSTRAINT `fk_ca_tour_stops_x_objects_label_right_id` FOREIGN KEY (`label_right_id`) REFERENCES `ca_object_labels` (`label_id`),
  CONSTRAINT `fk_ca_tour_stops_x_objects_object_id` FOREIGN KEY (`object_id`) REFERENCES `ca_objects` (`object_id`),
  CONSTRAINT `fk_ca_tour_stops_x_objects_stop_id` FOREIGN KEY (`stop_id`) REFERENCES `ca_tour_stops` (`stop_id`),
  CONSTRAINT `fk_ca_tour_stops_x_objects_type_id` FOREIGN KEY (`type_id`) REFERENCES `ca_relationship_types` (`type_id`)
) ENGINE=InnoDB DEFAULT CHARSET=utf8;
/*!40101 SET character_set_client = @saved_cs_client */;

--
-- Dumping data for table `ca_tour_stops_x_objects`
--

LOCK TABLES `ca_tour_stops_x_objects` WRITE;
/*!40000 ALTER TABLE `ca_tour_stops_x_objects` DISABLE KEYS */;
/*!40000 ALTER TABLE `ca_tour_stops_x_objects` ENABLE KEYS */;
UNLOCK TABLES;

--
-- Table structure for table `ca_tour_stops_x_occurrences`
--

DROP TABLE IF EXISTS `ca_tour_stops_x_occurrences`;
/*!40101 SET @saved_cs_client     = @@character_set_client */;
/*!40101 SET character_set_client = utf8 */;
CREATE TABLE `ca_tour_stops_x_occurrences` (
  `relation_id` int(10) unsigned NOT NULL AUTO_INCREMENT,
  `occurrence_id` int(10) unsigned NOT NULL,
  `stop_id` int(10) unsigned NOT NULL,
  `type_id` smallint(5) unsigned NOT NULL,
  `source_info` longtext NOT NULL,
  `sdatetime` decimal(30,20) DEFAULT NULL,
  `edatetime` decimal(30,20) DEFAULT NULL,
  `label_left_id` int(10) unsigned DEFAULT NULL,
  `label_right_id` int(10) unsigned DEFAULT NULL,
  `rank` int(10) unsigned NOT NULL DEFAULT 0,
  PRIMARY KEY (`relation_id`),
  UNIQUE KEY `u_all` (`occurrence_id`,`stop_id`,`type_id`,`sdatetime`,`edatetime`),
  KEY `i_occurrence_id` (`occurrence_id`),
  KEY `i_stop_id` (`stop_id`),
  KEY `i_type_id` (`type_id`),
  KEY `i_label_left_id` (`label_left_id`),
  KEY `i_label_right_id` (`label_right_id`),
  CONSTRAINT `fk_ca_tour_stops_x_occurrences_label_left_id` FOREIGN KEY (`label_left_id`) REFERENCES `ca_tour_stop_labels` (`label_id`),
  CONSTRAINT `fk_ca_tour_stops_x_occurrences_label_right_id` FOREIGN KEY (`label_right_id`) REFERENCES `ca_occurrence_labels` (`label_id`),
  CONSTRAINT `fk_ca_tour_stops_x_occurrences_occurrence_id` FOREIGN KEY (`occurrence_id`) REFERENCES `ca_occurrences` (`occurrence_id`),
  CONSTRAINT `fk_ca_tour_stops_x_occurrences_stop_id` FOREIGN KEY (`stop_id`) REFERENCES `ca_tour_stops` (`stop_id`),
  CONSTRAINT `fk_ca_tour_stops_x_occurrences_type_id` FOREIGN KEY (`type_id`) REFERENCES `ca_relationship_types` (`type_id`)
) ENGINE=InnoDB DEFAULT CHARSET=utf8;
/*!40101 SET character_set_client = @saved_cs_client */;

--
-- Dumping data for table `ca_tour_stops_x_occurrences`
--

LOCK TABLES `ca_tour_stops_x_occurrences` WRITE;
/*!40000 ALTER TABLE `ca_tour_stops_x_occurrences` DISABLE KEYS */;
/*!40000 ALTER TABLE `ca_tour_stops_x_occurrences` ENABLE KEYS */;
UNLOCK TABLES;

--
-- Table structure for table `ca_tour_stops_x_places`
--

DROP TABLE IF EXISTS `ca_tour_stops_x_places`;
/*!40101 SET @saved_cs_client     = @@character_set_client */;
/*!40101 SET character_set_client = utf8 */;
CREATE TABLE `ca_tour_stops_x_places` (
  `relation_id` int(10) unsigned NOT NULL AUTO_INCREMENT,
  `place_id` int(10) unsigned NOT NULL,
  `stop_id` int(10) unsigned NOT NULL,
  `type_id` smallint(5) unsigned NOT NULL,
  `source_info` longtext NOT NULL,
  `sdatetime` decimal(30,20) DEFAULT NULL,
  `edatetime` decimal(30,20) DEFAULT NULL,
  `label_left_id` int(10) unsigned DEFAULT NULL,
  `label_right_id` int(10) unsigned DEFAULT NULL,
  `rank` int(10) unsigned NOT NULL DEFAULT 0,
  PRIMARY KEY (`relation_id`),
  UNIQUE KEY `u_all` (`place_id`,`stop_id`,`type_id`,`sdatetime`,`edatetime`),
  KEY `i_place_id` (`place_id`),
  KEY `i_stop_id` (`stop_id`),
  KEY `i_type_id` (`type_id`),
  KEY `i_label_left_id` (`label_left_id`),
  KEY `i_label_right_id` (`label_right_id`),
  CONSTRAINT `fk_ca_tour_stops_x_places_label_left_id` FOREIGN KEY (`label_left_id`) REFERENCES `ca_tour_stop_labels` (`label_id`),
  CONSTRAINT `fk_ca_tour_stops_x_places_label_right_id` FOREIGN KEY (`label_right_id`) REFERENCES `ca_place_labels` (`label_id`),
  CONSTRAINT `fk_ca_tour_stops_x_places_place_id` FOREIGN KEY (`place_id`) REFERENCES `ca_places` (`place_id`),
  CONSTRAINT `fk_ca_tour_stops_x_places_stop_id` FOREIGN KEY (`stop_id`) REFERENCES `ca_tour_stops` (`stop_id`),
  CONSTRAINT `fk_ca_tour_stops_x_places_type_id` FOREIGN KEY (`type_id`) REFERENCES `ca_relationship_types` (`type_id`)
) ENGINE=InnoDB DEFAULT CHARSET=utf8;
/*!40101 SET character_set_client = @saved_cs_client */;

--
-- Dumping data for table `ca_tour_stops_x_places`
--

LOCK TABLES `ca_tour_stops_x_places` WRITE;
/*!40000 ALTER TABLE `ca_tour_stops_x_places` DISABLE KEYS */;
/*!40000 ALTER TABLE `ca_tour_stops_x_places` ENABLE KEYS */;
UNLOCK TABLES;

--
-- Table structure for table `ca_tour_stops_x_tour_stops`
--

DROP TABLE IF EXISTS `ca_tour_stops_x_tour_stops`;
/*!40101 SET @saved_cs_client     = @@character_set_client */;
/*!40101 SET character_set_client = utf8 */;
CREATE TABLE `ca_tour_stops_x_tour_stops` (
  `relation_id` int(10) unsigned NOT NULL AUTO_INCREMENT,
  `stop_left_id` int(10) unsigned NOT NULL,
  `stop_right_id` int(10) unsigned NOT NULL,
  `type_id` smallint(5) unsigned NOT NULL,
  `source_info` text NOT NULL,
  `sdatetime` decimal(30,20) DEFAULT NULL,
  `edatetime` decimal(30,20) DEFAULT NULL,
  `label_left_id` int(10) unsigned DEFAULT NULL,
  `label_right_id` int(10) unsigned DEFAULT NULL,
  `rank` int(10) unsigned NOT NULL DEFAULT 0,
  PRIMARY KEY (`relation_id`),
  UNIQUE KEY `u_all` (`stop_left_id`,`stop_right_id`,`type_id`,`sdatetime`,`edatetime`),
  KEY `i_stop_left_id` (`stop_left_id`),
  KEY `i_stop_right_id` (`stop_right_id`),
  KEY `i_type_id` (`type_id`),
  KEY `i_label_left_id` (`label_left_id`),
  KEY `i_label_right_id` (`label_right_id`),
  CONSTRAINT `fk_ca_tour_stops_x_tour_stops_label_left_id` FOREIGN KEY (`label_left_id`) REFERENCES `ca_tour_stop_labels` (`label_id`),
  CONSTRAINT `fk_ca_tour_stops_x_tour_stops_label_right_id` FOREIGN KEY (`label_right_id`) REFERENCES `ca_tour_stop_labels` (`label_id`),
  CONSTRAINT `fk_ca_tour_stops_x_tour_stops_stop_left_id` FOREIGN KEY (`stop_left_id`) REFERENCES `ca_tour_stops` (`stop_id`),
  CONSTRAINT `fk_ca_tour_stops_x_tour_stops_stop_right_id` FOREIGN KEY (`stop_right_id`) REFERENCES `ca_tour_stops` (`stop_id`),
  CONSTRAINT `fk_ca_tour_stops_x_tour_stops_type_id` FOREIGN KEY (`type_id`) REFERENCES `ca_relationship_types` (`type_id`)
) ENGINE=InnoDB DEFAULT CHARSET=utf8;
/*!40101 SET character_set_client = @saved_cs_client */;

--
-- Dumping data for table `ca_tour_stops_x_tour_stops`
--

LOCK TABLES `ca_tour_stops_x_tour_stops` WRITE;
/*!40000 ALTER TABLE `ca_tour_stops_x_tour_stops` DISABLE KEYS */;
/*!40000 ALTER TABLE `ca_tour_stops_x_tour_stops` ENABLE KEYS */;
UNLOCK TABLES;

--
-- Table structure for table `ca_tour_stops_x_vocabulary_terms`
--

DROP TABLE IF EXISTS `ca_tour_stops_x_vocabulary_terms`;
/*!40101 SET @saved_cs_client     = @@character_set_client */;
/*!40101 SET character_set_client = utf8 */;
CREATE TABLE `ca_tour_stops_x_vocabulary_terms` (
  `relation_id` int(10) unsigned NOT NULL AUTO_INCREMENT,
  `item_id` int(10) unsigned NOT NULL,
  `stop_id` int(10) unsigned NOT NULL,
  `type_id` smallint(5) unsigned NOT NULL,
  `source_info` longtext NOT NULL,
  `sdatetime` decimal(30,20) DEFAULT NULL,
  `edatetime` decimal(30,20) DEFAULT NULL,
  `label_left_id` int(10) unsigned DEFAULT NULL,
  `label_right_id` int(10) unsigned DEFAULT NULL,
  `rank` int(10) unsigned NOT NULL DEFAULT 0,
  PRIMARY KEY (`relation_id`),
  UNIQUE KEY `u_all` (`item_id`,`stop_id`,`type_id`,`sdatetime`,`edatetime`),
  KEY `i_item_id` (`item_id`),
  KEY `i_stop_id` (`stop_id`),
  KEY `i_type_id` (`type_id`),
  KEY `i_label_left_id` (`label_left_id`),
  KEY `i_label_right_id` (`label_right_id`),
  CONSTRAINT `fk_ca_tour_stops_x_vocabulary_terms_item_id` FOREIGN KEY (`item_id`) REFERENCES `ca_list_items` (`item_id`),
  CONSTRAINT `fk_ca_tour_stops_x_vocabulary_terms_label_left_id` FOREIGN KEY (`label_left_id`) REFERENCES `ca_tour_stop_labels` (`label_id`),
  CONSTRAINT `fk_ca_tour_stops_x_vocabulary_terms_label_right_id` FOREIGN KEY (`label_right_id`) REFERENCES `ca_list_item_labels` (`label_id`),
  CONSTRAINT `fk_ca_tour_stops_x_vocabulary_terms_stop_id` FOREIGN KEY (`stop_id`) REFERENCES `ca_tour_stops` (`stop_id`),
  CONSTRAINT `fk_ca_tour_stops_x_vocabulary_terms_type_id` FOREIGN KEY (`type_id`) REFERENCES `ca_relationship_types` (`type_id`)
) ENGINE=InnoDB DEFAULT CHARSET=utf8;
/*!40101 SET character_set_client = @saved_cs_client */;

--
-- Dumping data for table `ca_tour_stops_x_vocabulary_terms`
--

LOCK TABLES `ca_tour_stops_x_vocabulary_terms` WRITE;
/*!40000 ALTER TABLE `ca_tour_stops_x_vocabulary_terms` DISABLE KEYS */;
/*!40000 ALTER TABLE `ca_tour_stops_x_vocabulary_terms` ENABLE KEYS */;
UNLOCK TABLES;

--
-- Table structure for table `ca_tours`
--

DROP TABLE IF EXISTS `ca_tours`;
/*!40101 SET @saved_cs_client     = @@character_set_client */;
/*!40101 SET character_set_client = utf8 */;
CREATE TABLE `ca_tours` (
  `tour_id` int(10) unsigned NOT NULL AUTO_INCREMENT,
  `tour_code` varchar(100) NOT NULL,
  `type_id` int(10) unsigned DEFAULT NULL,
  `rank` int(10) unsigned NOT NULL DEFAULT 0,
  `color` char(6) DEFAULT NULL,
  `icon` longblob NOT NULL,
  `access` tinyint(3) unsigned NOT NULL DEFAULT 0,
  `status` tinyint(3) unsigned NOT NULL DEFAULT 0,
  `view_count` int(10) unsigned NOT NULL DEFAULT 0,
  `user_id` int(10) unsigned DEFAULT NULL,
  `source_id` int(10) unsigned DEFAULT NULL,
  `source_info` longtext NOT NULL,
  PRIMARY KEY (`tour_id`),
  KEY `i_type_id` (`type_id`),
  KEY `i_user_id` (`user_id`),
  KEY `i_tour_code` (`tour_code`),
  KEY `i_source_id` (`source_id`),
  KEY `i_view_count` (`view_count`),
  CONSTRAINT `fk_ca_tours_source_id` FOREIGN KEY (`source_id`) REFERENCES `ca_list_items` (`item_id`),
  CONSTRAINT `fk_ca_tours_user_id` FOREIGN KEY (`user_id`) REFERENCES `ca_users` (`user_id`)
) ENGINE=InnoDB DEFAULT CHARSET=utf8;
/*!40101 SET character_set_client = @saved_cs_client */;

--
-- Dumping data for table `ca_tours`
--

LOCK TABLES `ca_tours` WRITE;
/*!40000 ALTER TABLE `ca_tours` DISABLE KEYS */;
/*!40000 ALTER TABLE `ca_tours` ENABLE KEYS */;
UNLOCK TABLES;

--
-- Table structure for table `ca_user_groups`
--

DROP TABLE IF EXISTS `ca_user_groups`;
/*!40101 SET @saved_cs_client     = @@character_set_client */;
/*!40101 SET character_set_client = utf8 */;
CREATE TABLE `ca_user_groups` (
  `group_id` int(10) unsigned NOT NULL AUTO_INCREMENT,
  `parent_id` int(10) unsigned DEFAULT NULL,
  `name` varchar(255) NOT NULL,
  `code` varchar(20) NOT NULL,
  `description` text NOT NULL,
  `for_public_use` tinyint(3) unsigned NOT NULL DEFAULT 0,
  `user_id` int(10) unsigned DEFAULT NULL,
  `rank` smallint(5) unsigned NOT NULL DEFAULT 0,
  `vars` text NOT NULL,
  `hier_left` decimal(30,20) NOT NULL,
  `hier_right` decimal(30,20) NOT NULL,
  PRIMARY KEY (`group_id`),
  UNIQUE KEY `u_name` (`name`),
  UNIQUE KEY `u_code` (`code`),
  KEY `i_hier_left` (`hier_left`),
  KEY `i_hier_right` (`hier_right`),
  KEY `i_parent_id` (`parent_id`),
  KEY `i_user_id` (`user_id`),
  CONSTRAINT `fk_ca_user_groups_parent_id` FOREIGN KEY (`parent_id`) REFERENCES `ca_user_groups` (`group_id`)
) ENGINE=InnoDB AUTO_INCREMENT=4 DEFAULT CHARSET=utf8;
/*!40101 SET character_set_client = @saved_cs_client */;

--
-- Dumping data for table `ca_user_groups`
--

LOCK TABLES `ca_user_groups` WRITE;
/*!40000 ALTER TABLE `ca_user_groups` DISABLE KEYS */;
INSERT INTO `ca_user_groups` VALUES (1,NULL,'Root','Root','',0,NULL,1,'Tjs=',1.00000000000000000000,4294967296.00000000000000000000),(2,1,'Administrators','admin','System administrators',0,NULL,2,'Tjs=',4295.96729500000000000000,8590.93459000000000000000),(3,1,'Cataloguers','cataloguer','Users who can add and edit catalogue entries',0,NULL,3,'Tjs=',12885.89329506500000000000,17180.85200013100000000000);
/*!40000 ALTER TABLE `ca_user_groups` ENABLE KEYS */;
UNLOCK TABLES;

--
-- Table structure for table `ca_user_notes`
--

DROP TABLE IF EXISTS `ca_user_notes`;
/*!40101 SET @saved_cs_client     = @@character_set_client */;
/*!40101 SET character_set_client = utf8 */;
CREATE TABLE `ca_user_notes` (
  `note_id` int(10) unsigned NOT NULL AUTO_INCREMENT,
  `table_num` tinyint(3) unsigned NOT NULL,
  `row_id` int(10) unsigned NOT NULL,
  `user_id` int(10) unsigned NOT NULL,
  `bundle_name` varchar(255) NOT NULL,
  `note` longtext NOT NULL,
  `created_on` int(10) unsigned NOT NULL,
  PRIMARY KEY (`note_id`),
  KEY `i_row_id` (`row_id`,`table_num`),
  KEY `i_user_id` (`user_id`),
  KEY `i_bundle_name` (`bundle_name`),
  CONSTRAINT `fk_ca_user_notes_user_id` FOREIGN KEY (`user_id`) REFERENCES `ca_users` (`user_id`)
) ENGINE=InnoDB DEFAULT CHARSET=utf8;
/*!40101 SET character_set_client = @saved_cs_client */;

--
-- Dumping data for table `ca_user_notes`
--

LOCK TABLES `ca_user_notes` WRITE;
/*!40000 ALTER TABLE `ca_user_notes` DISABLE KEYS */;
/*!40000 ALTER TABLE `ca_user_notes` ENABLE KEYS */;
UNLOCK TABLES;

--
-- Table structure for table `ca_user_representation_annotation_labels`
--

DROP TABLE IF EXISTS `ca_user_representation_annotation_labels`;
/*!40101 SET @saved_cs_client     = @@character_set_client */;
/*!40101 SET character_set_client = utf8 */;
CREATE TABLE `ca_user_representation_annotation_labels` (
  `label_id` int(10) unsigned NOT NULL AUTO_INCREMENT,
  `annotation_id` int(10) unsigned NOT NULL,
  `locale_id` smallint(5) unsigned NOT NULL,
  `type_id` int(10) unsigned DEFAULT NULL,
  `name` text NOT NULL,
  `name_sort` text NOT NULL,
  `source_info` longtext NOT NULL,
  `is_preferred` tinyint(3) unsigned NOT NULL,
  PRIMARY KEY (`label_id`),
  UNIQUE KEY `u_all` (`name`(128),`locale_id`,`type_id`,`annotation_id`),
  KEY `i_annotation_id` (`annotation_id`),
  KEY `i_name` (`name`(128)),
  KEY `i_locale_id` (`locale_id`),
  KEY `i_name_sort` (`name_sort`(128)),
  KEY `i_type_id` (`type_id`),
  CONSTRAINT `fk_ca_user_representation_annotation_labels_annotation_id` FOREIGN KEY (`annotation_id`) REFERENCES `ca_user_representation_annotations` (`annotation_id`),
  CONSTRAINT `fk_ca_user_representation_annotation_labels_locale_id` FOREIGN KEY (`locale_id`) REFERENCES `ca_locales` (`locale_id`),
  CONSTRAINT `fk_ca_user_representation_annotation_labels_type_id` FOREIGN KEY (`type_id`) REFERENCES `ca_list_items` (`item_id`)
) ENGINE=InnoDB DEFAULT CHARSET=utf8;
/*!40101 SET character_set_client = @saved_cs_client */;

--
-- Dumping data for table `ca_user_representation_annotation_labels`
--

LOCK TABLES `ca_user_representation_annotation_labels` WRITE;
/*!40000 ALTER TABLE `ca_user_representation_annotation_labels` DISABLE KEYS */;
/*!40000 ALTER TABLE `ca_user_representation_annotation_labels` ENABLE KEYS */;
UNLOCK TABLES;

--
-- Table structure for table `ca_user_representation_annotations`
--

DROP TABLE IF EXISTS `ca_user_representation_annotations`;
/*!40101 SET @saved_cs_client     = @@character_set_client */;
/*!40101 SET character_set_client = utf8 */;
CREATE TABLE `ca_user_representation_annotations` (
  `annotation_id` int(10) unsigned NOT NULL AUTO_INCREMENT,
  `representation_id` int(10) unsigned NOT NULL,
  `locale_id` smallint(5) unsigned DEFAULT NULL,
  `user_id` int(10) unsigned DEFAULT NULL,
  `type_code` varchar(30) NOT NULL,
  `props` longtext NOT NULL,
  `preview` longblob NOT NULL,
  `source_info` longtext NOT NULL,
  `access` tinyint(3) unsigned NOT NULL DEFAULT 0,
  `status` tinyint(3) unsigned NOT NULL DEFAULT 0,
  PRIMARY KEY (`annotation_id`),
  KEY `i_representation_id` (`representation_id`),
  KEY `i_locale_id` (`locale_id`),
  KEY `i_user_id` (`user_id`),
  CONSTRAINT `fk_ca_urep_annot_locale_id` FOREIGN KEY (`locale_id`) REFERENCES `ca_locales` (`locale_id`),
  CONSTRAINT `fk_ca_urep_annot_representation_id` FOREIGN KEY (`representation_id`) REFERENCES `ca_object_representations` (`representation_id`),
  CONSTRAINT `fk_ca_urep_annot_user_id` FOREIGN KEY (`user_id`) REFERENCES `ca_users` (`user_id`)
) ENGINE=InnoDB DEFAULT CHARSET=utf8;
/*!40101 SET character_set_client = @saved_cs_client */;

--
-- Dumping data for table `ca_user_representation_annotations`
--

LOCK TABLES `ca_user_representation_annotations` WRITE;
/*!40000 ALTER TABLE `ca_user_representation_annotations` DISABLE KEYS */;
/*!40000 ALTER TABLE `ca_user_representation_annotations` ENABLE KEYS */;
UNLOCK TABLES;

--
-- Table structure for table `ca_user_representation_annotations_x_entities`
--

DROP TABLE IF EXISTS `ca_user_representation_annotations_x_entities`;
/*!40101 SET @saved_cs_client     = @@character_set_client */;
/*!40101 SET character_set_client = utf8 */;
CREATE TABLE `ca_user_representation_annotations_x_entities` (
  `relation_id` int(10) unsigned NOT NULL AUTO_INCREMENT,
  `annotation_id` int(10) unsigned NOT NULL,
  `entity_id` int(10) unsigned NOT NULL,
  `type_id` smallint(5) unsigned NOT NULL,
  `source_info` longtext NOT NULL,
  `sdatetime` decimal(30,20) DEFAULT NULL,
  `edatetime` decimal(30,20) DEFAULT NULL,
  `label_left_id` int(10) unsigned DEFAULT NULL,
  `label_right_id` int(10) unsigned DEFAULT NULL,
  `rank` int(10) unsigned NOT NULL DEFAULT 0,
  PRIMARY KEY (`relation_id`),
  UNIQUE KEY `u_all` (`entity_id`,`type_id`,`annotation_id`,`sdatetime`,`edatetime`),
  KEY `i_entity_id` (`entity_id`),
  KEY `i_annotation_id` (`annotation_id`),
  KEY `i_type_id` (`type_id`),
  KEY `i_label_left_id` (`label_left_id`),
  KEY `i_label_right_id` (`label_right_id`),
  CONSTRAINT `fk_ca_urep_annot_x_entities_annotation_id` FOREIGN KEY (`annotation_id`) REFERENCES `ca_user_representation_annotations` (`annotation_id`),
  CONSTRAINT `fk_ca_urep_annot_x_entities_entity_id` FOREIGN KEY (`entity_id`) REFERENCES `ca_entities` (`entity_id`),
  CONSTRAINT `fk_ca_urep_annot_x_entities_label_left_id` FOREIGN KEY (`label_left_id`) REFERENCES `ca_user_representation_annotation_labels` (`label_id`),
  CONSTRAINT `fk_ca_urep_annot_x_entities_label_right_id` FOREIGN KEY (`label_right_id`) REFERENCES `ca_entity_labels` (`label_id`),
  CONSTRAINT `fk_ca_urep_annot_x_entities_type_id` FOREIGN KEY (`type_id`) REFERENCES `ca_relationship_types` (`type_id`)
) ENGINE=InnoDB DEFAULT CHARSET=utf8;
/*!40101 SET character_set_client = @saved_cs_client */;

--
-- Dumping data for table `ca_user_representation_annotations_x_entities`
--

LOCK TABLES `ca_user_representation_annotations_x_entities` WRITE;
/*!40000 ALTER TABLE `ca_user_representation_annotations_x_entities` DISABLE KEYS */;
/*!40000 ALTER TABLE `ca_user_representation_annotations_x_entities` ENABLE KEYS */;
UNLOCK TABLES;

--
-- Table structure for table `ca_user_representation_annotations_x_objects`
--

DROP TABLE IF EXISTS `ca_user_representation_annotations_x_objects`;
/*!40101 SET @saved_cs_client     = @@character_set_client */;
/*!40101 SET character_set_client = utf8 */;
CREATE TABLE `ca_user_representation_annotations_x_objects` (
  `relation_id` int(10) unsigned NOT NULL AUTO_INCREMENT,
  `annotation_id` int(10) unsigned NOT NULL,
  `object_id` int(10) unsigned NOT NULL,
  `type_id` smallint(5) unsigned NOT NULL,
  `source_info` longtext NOT NULL,
  `sdatetime` decimal(30,20) DEFAULT NULL,
  `edatetime` decimal(30,20) DEFAULT NULL,
  `label_left_id` int(10) unsigned DEFAULT NULL,
  `label_right_id` int(10) unsigned DEFAULT NULL,
  `rank` int(10) unsigned NOT NULL DEFAULT 0,
  PRIMARY KEY (`relation_id`),
  UNIQUE KEY `u_all` (`object_id`,`type_id`,`annotation_id`,`sdatetime`,`edatetime`),
  KEY `i_object_id` (`object_id`),
  KEY `i_annotation_id` (`annotation_id`),
  KEY `i_type_id` (`type_id`),
  KEY `i_label_left_id` (`label_left_id`),
  KEY `i_label_right_id` (`label_right_id`),
  CONSTRAINT `fk_ca_urep_annot_x_objects_annotation_id` FOREIGN KEY (`annotation_id`) REFERENCES `ca_user_representation_annotations` (`annotation_id`),
  CONSTRAINT `fk_ca_urep_annot_x_objects_label_left_id` FOREIGN KEY (`label_left_id`) REFERENCES `ca_user_representation_annotation_labels` (`label_id`),
  CONSTRAINT `fk_ca_urep_annot_x_objects_label_right_id` FOREIGN KEY (`label_right_id`) REFERENCES `ca_object_labels` (`label_id`),
  CONSTRAINT `fk_ca_urep_annot_x_objects_object_id` FOREIGN KEY (`object_id`) REFERENCES `ca_objects` (`object_id`),
  CONSTRAINT `fk_ca_urep_annot_x_objects_type_id` FOREIGN KEY (`type_id`) REFERENCES `ca_relationship_types` (`type_id`)
) ENGINE=InnoDB DEFAULT CHARSET=utf8;
/*!40101 SET character_set_client = @saved_cs_client */;

--
-- Dumping data for table `ca_user_representation_annotations_x_objects`
--

LOCK TABLES `ca_user_representation_annotations_x_objects` WRITE;
/*!40000 ALTER TABLE `ca_user_representation_annotations_x_objects` DISABLE KEYS */;
/*!40000 ALTER TABLE `ca_user_representation_annotations_x_objects` ENABLE KEYS */;
UNLOCK TABLES;

--
-- Table structure for table `ca_user_representation_annotations_x_occurrences`
--

DROP TABLE IF EXISTS `ca_user_representation_annotations_x_occurrences`;
/*!40101 SET @saved_cs_client     = @@character_set_client */;
/*!40101 SET character_set_client = utf8 */;
CREATE TABLE `ca_user_representation_annotations_x_occurrences` (
  `relation_id` int(10) unsigned NOT NULL AUTO_INCREMENT,
  `annotation_id` int(10) unsigned NOT NULL,
  `occurrence_id` int(10) unsigned NOT NULL,
  `type_id` smallint(5) unsigned NOT NULL,
  `source_info` longtext NOT NULL,
  `sdatetime` decimal(30,20) DEFAULT NULL,
  `edatetime` decimal(30,20) DEFAULT NULL,
  `label_left_id` int(10) unsigned DEFAULT NULL,
  `label_right_id` int(10) unsigned DEFAULT NULL,
  `rank` int(10) unsigned NOT NULL DEFAULT 0,
  PRIMARY KEY (`relation_id`),
  UNIQUE KEY `u_all` (`occurrence_id`,`type_id`,`annotation_id`,`sdatetime`,`edatetime`),
  KEY `i_occurrence_id` (`occurrence_id`),
  KEY `i_annotation_id` (`annotation_id`),
  KEY `i_type_id` (`type_id`),
  KEY `i_label_left_id` (`label_left_id`),
  KEY `i_label_right_id` (`label_right_id`),
  CONSTRAINT `fk_ca_urep_annot_x_occurrences_annotation_id` FOREIGN KEY (`annotation_id`) REFERENCES `ca_user_representation_annotations` (`annotation_id`),
  CONSTRAINT `fk_ca_urep_annot_x_occurrences_label_left_id` FOREIGN KEY (`label_left_id`) REFERENCES `ca_user_representation_annotation_labels` (`label_id`),
  CONSTRAINT `fk_ca_urep_annot_x_occurrences_label_right_id` FOREIGN KEY (`label_right_id`) REFERENCES `ca_occurrence_labels` (`label_id`),
  CONSTRAINT `fk_ca_urep_annot_x_occurrences_occurrence_id` FOREIGN KEY (`occurrence_id`) REFERENCES `ca_occurrences` (`occurrence_id`),
  CONSTRAINT `fk_ca_urep_annot_x_occurrences_type_id` FOREIGN KEY (`type_id`) REFERENCES `ca_relationship_types` (`type_id`)
) ENGINE=InnoDB DEFAULT CHARSET=utf8;
/*!40101 SET character_set_client = @saved_cs_client */;

--
-- Dumping data for table `ca_user_representation_annotations_x_occurrences`
--

LOCK TABLES `ca_user_representation_annotations_x_occurrences` WRITE;
/*!40000 ALTER TABLE `ca_user_representation_annotations_x_occurrences` DISABLE KEYS */;
/*!40000 ALTER TABLE `ca_user_representation_annotations_x_occurrences` ENABLE KEYS */;
UNLOCK TABLES;

--
-- Table structure for table `ca_user_representation_annotations_x_places`
--

DROP TABLE IF EXISTS `ca_user_representation_annotations_x_places`;
/*!40101 SET @saved_cs_client     = @@character_set_client */;
/*!40101 SET character_set_client = utf8 */;
CREATE TABLE `ca_user_representation_annotations_x_places` (
  `relation_id` int(10) unsigned NOT NULL AUTO_INCREMENT,
  `annotation_id` int(10) unsigned NOT NULL,
  `place_id` int(10) unsigned NOT NULL,
  `type_id` smallint(5) unsigned NOT NULL,
  `source_info` longtext NOT NULL,
  `sdatetime` decimal(30,20) DEFAULT NULL,
  `edatetime` decimal(30,20) DEFAULT NULL,
  `label_left_id` int(10) unsigned DEFAULT NULL,
  `label_right_id` int(10) unsigned DEFAULT NULL,
  `rank` int(10) unsigned NOT NULL DEFAULT 0,
  PRIMARY KEY (`relation_id`),
  UNIQUE KEY `u_all` (`place_id`,`type_id`,`annotation_id`,`sdatetime`,`edatetime`),
  KEY `i_place_id` (`place_id`),
  KEY `i_annotation_id` (`annotation_id`),
  KEY `i_type_id` (`type_id`),
  KEY `i_label_left_id` (`label_left_id`),
  KEY `i_label_right_id` (`label_right_id`),
  CONSTRAINT `fk_ca_urep_annot_x_places_annotation_id` FOREIGN KEY (`annotation_id`) REFERENCES `ca_user_representation_annotations` (`annotation_id`),
  CONSTRAINT `fk_ca_urep_annot_x_places_label_left_id` FOREIGN KEY (`label_left_id`) REFERENCES `ca_user_representation_annotation_labels` (`label_id`),
  CONSTRAINT `fk_ca_urep_annot_x_places_label_right_id` FOREIGN KEY (`label_right_id`) REFERENCES `ca_place_labels` (`label_id`),
  CONSTRAINT `fk_ca_urep_annot_x_places_place_id` FOREIGN KEY (`place_id`) REFERENCES `ca_places` (`place_id`),
  CONSTRAINT `fk_ca_urep_annot_x_places_type_id` FOREIGN KEY (`type_id`) REFERENCES `ca_relationship_types` (`type_id`)
) ENGINE=InnoDB DEFAULT CHARSET=utf8;
/*!40101 SET character_set_client = @saved_cs_client */;

--
-- Dumping data for table `ca_user_representation_annotations_x_places`
--

LOCK TABLES `ca_user_representation_annotations_x_places` WRITE;
/*!40000 ALTER TABLE `ca_user_representation_annotations_x_places` DISABLE KEYS */;
/*!40000 ALTER TABLE `ca_user_representation_annotations_x_places` ENABLE KEYS */;
UNLOCK TABLES;

--
-- Table structure for table `ca_user_representation_annotations_x_vocabulary_terms`
--

DROP TABLE IF EXISTS `ca_user_representation_annotations_x_vocabulary_terms`;
/*!40101 SET @saved_cs_client     = @@character_set_client */;
/*!40101 SET character_set_client = utf8 */;
CREATE TABLE `ca_user_representation_annotations_x_vocabulary_terms` (
  `relation_id` int(10) unsigned NOT NULL AUTO_INCREMENT,
  `annotation_id` int(10) unsigned NOT NULL,
  `type_id` smallint(5) unsigned NOT NULL,
  `item_id` int(10) unsigned NOT NULL,
  `source_info` longtext NOT NULL,
  `sdatetime` decimal(30,20) DEFAULT NULL,
  `edatetime` decimal(30,20) DEFAULT NULL,
  `label_left_id` int(10) unsigned DEFAULT NULL,
  `label_right_id` int(10) unsigned DEFAULT NULL,
  `rank` int(10) unsigned NOT NULL DEFAULT 0,
  PRIMARY KEY (`relation_id`),
  UNIQUE KEY `u_all` (`type_id`,`annotation_id`,`sdatetime`,`edatetime`,`item_id`),
  KEY `i_item_id` (`item_id`),
  KEY `i_annotation_id` (`annotation_id`),
  KEY `i_type_id` (`type_id`),
  KEY `i_label_left_id` (`label_left_id`),
  KEY `i_label_right_id` (`label_right_id`),
  CONSTRAINT `fk_ca_urep_annot_x_vocabulary_terms_annotation_id` FOREIGN KEY (`annotation_id`) REFERENCES `ca_user_representation_annotations` (`annotation_id`),
  CONSTRAINT `fk_ca_urep_annot_x_vocabulary_terms_item_id` FOREIGN KEY (`item_id`) REFERENCES `ca_list_items` (`item_id`),
  CONSTRAINT `fk_ca_urep_annot_x_vocabulary_terms_label_left_id` FOREIGN KEY (`label_left_id`) REFERENCES `ca_user_representation_annotation_labels` (`label_id`),
  CONSTRAINT `fk_ca_urep_annot_x_vocabulary_terms_label_right_id` FOREIGN KEY (`label_right_id`) REFERENCES `ca_list_item_labels` (`label_id`),
  CONSTRAINT `fk_ca_urep_annot_x_vocabulary_terms_type_id` FOREIGN KEY (`type_id`) REFERENCES `ca_relationship_types` (`type_id`)
) ENGINE=InnoDB DEFAULT CHARSET=utf8;
/*!40101 SET character_set_client = @saved_cs_client */;

--
-- Dumping data for table `ca_user_representation_annotations_x_vocabulary_terms`
--

LOCK TABLES `ca_user_representation_annotations_x_vocabulary_terms` WRITE;
/*!40000 ALTER TABLE `ca_user_representation_annotations_x_vocabulary_terms` DISABLE KEYS */;
/*!40000 ALTER TABLE `ca_user_representation_annotations_x_vocabulary_terms` ENABLE KEYS */;
UNLOCK TABLES;

--
-- Table structure for table `ca_user_roles`
--

DROP TABLE IF EXISTS `ca_user_roles`;
/*!40101 SET @saved_cs_client     = @@character_set_client */;
/*!40101 SET character_set_client = utf8 */;
CREATE TABLE `ca_user_roles` (
  `role_id` smallint(5) unsigned NOT NULL AUTO_INCREMENT,
  `name` varchar(255) NOT NULL,
  `code` varchar(20) NOT NULL,
  `description` text NOT NULL,
  `rank` smallint(5) unsigned NOT NULL DEFAULT 0,
  `vars` longtext NOT NULL,
  `field_access` longtext NOT NULL,
  PRIMARY KEY (`role_id`),
  UNIQUE KEY `u_name` (`name`),
  UNIQUE KEY `u_code` (`code`)
) ENGINE=InnoDB AUTO_INCREMENT=5 DEFAULT CHARSET=utf8;
/*!40101 SET character_set_client = @saved_cs_client */;

--
-- Dumping data for table `ca_user_roles`
--

LOCK TABLES `ca_user_roles` WRITE;
/*!40000 ALTER TABLE `ca_user_roles` DISABLE KEYS */;
INSERT INTO `ca_user_roles` VALUES (1,'Administrators','admin','Confers actions needed by those administering the system',1,'YToxOntzOjc6ImFjdGlvbnMiO2E6MTE6e2k6MDtzOjE2OiJpc19hZG1pbmlzdHJhdG9yIjtpOjE7czoyMjoiY2FuX3NldF9hY2Nlc3NfY29udHJvbCI7aToyO3M6MTM6ImNhbl92aWV3X2xvZ3MiO2k6MztzOjIyOiJjYW5fc2V0X2FjY2Vzc19jb250cm9sIjtpOjQ7czoyOToiY2FuX2NvbmZpZ3VyZV91c2VyX2ludGVyZmFjZXMiO2k6NTtzOjMxOiJjYW5fY29uZmlndXJlX21ldGFkYXRhX2VsZW1lbnRzIjtpOjY7czozMjoiY2FuX2NvbmZpZ3VyZV9yZWxhdGlvbnNoaXBfdHlwZXMiO2k6NztzOjIxOiJjYW5fY29uZmlndXJlX2xvY2FsZXMiO2k6ODtzOjI4OiJjYW5fdmlld19jb25maWd1cmF0aW9uX2NoZWNrIjtpOjk7czozMDoiY2FuX21hbmFnZV9zeXN0ZW1fc2VhcmNoX2Zvcm1zIjtpOjEwO3M6MzM6ImNhbl9tYW5hZ2Vfc3lzdGVtX2J1bmRsZV9kaXNwbGF5cyI7fX0=','Tjs='),(2,'Cataloguers','cataloguer','Confers actions needed by those editing catalogue entries',2,'YToxOntzOjc6ImFjdGlvbnMiO2E6NTY6e2k6MDtzOjEwOiJjYW5fc2VhcmNoIjtpOjE7czoxNToiY2FuX3F1aWNrc2VhcmNoIjtpOjI7czoxMDoiY2FuX2Jyb3dzZSI7aTozO3M6MTk6ImNhbl9zZXRfcHJlZmVyZW5jZXMiO2k6NDtzOjI3OiJjYW5fY3JlYXRlX2Fkdl9zZWFyY2hfZm9ybXMiO2k6NTtzOjI1OiJjYW5fZWRpdF9hZHZfc2VhcmNoX2Zvcm1zIjtpOjY7czoyNzoiY2FuX2RlbGV0ZV9hZHZfc2VhcmNoX2Zvcm1zIjtpOjc7czoyNDoiY2FuX3VzZV9hZHZfc2VhcmNoX2Zvcm1zIjtpOjg7czoyNDoiY2FuX3VzZV9hZHZfc2VhcmNoX2Zvcm1zIjtpOjk7czoyOToiY2FuX2NyZWF0ZV9jYV9idW5kbGVfZGlzcGxheXMiO2k6MTA7czoyNzoiY2FuX2VkaXRfY2FfYnVuZGxlX2Rpc3BsYXlzIjtpOjExO3M6Mjk6ImNhbl9kZWxldGVfY2FfYnVuZGxlX2Rpc3BsYXlzIjtpOjEyO3M6MjY6ImNhbl91c2VfY2FfYnVuZGxlX2Rpc3BsYXlzIjtpOjEzO3M6MjI6ImNhbl9jcmVhdGVfdXNlcl9ncm91cHMiO2k6MTQ7czoxNToiY2FuX2NyZWF0ZV9zZXRzIjtpOjE1O3M6MTM6ImNhbl9lZGl0X3NldHMiO2k6MTY7czoxNToiY2FuX2RlbGV0ZV9zZXRzIjtpOjE3O3M6MTM6ImNhbl92aWV3X3NldHMiO2k6MTg7czoyMToiY2FuX2NyZWF0ZV9jYV9vYmplY3RzIjtpOjE5O3M6MTk6ImNhbl9lZGl0X2NhX29iamVjdHMiO2k6MjA7czoyMToiY2FuX2RlbGV0ZV9jYV9vYmplY3RzIjtpOjIxO3M6MjE6ImNhbl9zZWFyY2hfY2Ffb2JqZWN0cyI7aToyMjtzOjIxOiJjYW5fYnJvd3NlX2NhX29iamVjdHMiO2k6MjM7czoyNToiY2FuX2NyZWF0ZV9jYV9vYmplY3RfbG90cyI7aToyNDtzOjIzOiJjYW5fZWRpdF9jYV9vYmplY3RfbG90cyI7aToyNTtzOjI1OiJjYW5fZGVsZXRlX2NhX29iamVjdF9sb3RzIjtpOjI2O3M6MjU6ImNhbl9zZWFyY2hfY2Ffb2JqZWN0X2xvdHMiO2k6Mjc7czoyNToiY2FuX2Jyb3dzZV9jYV9vYmplY3RfbG90cyI7aToyODtzOjIyOiJjYW5fY3JlYXRlX2NhX2VudGl0aWVzIjtpOjI5O3M6MjA6ImNhbl9lZGl0X2NhX2VudGl0aWVzIjtpOjMwO3M6MjI6ImNhbl9kZWxldGVfY2FfZW50aXRpZXMiO2k6MzE7czoyMjoiY2FuX3NlYXJjaF9jYV9lbnRpdGllcyI7aTozMjtzOjIyOiJjYW5fYnJvd3NlX2NhX2VudGl0aWVzIjtpOjMzO3M6MjA6ImNhbl9jcmVhdGVfY2FfcGxhY2VzIjtpOjM0O3M6MTg6ImNhbl9lZGl0X2NhX3BsYWNlcyI7aTozNTtzOjIwOiJjYW5fZGVsZXRlX2NhX3BsYWNlcyI7aTozNjtzOjIwOiJjYW5fc2VhcmNoX2NhX3BsYWNlcyI7aTozNztzOjIwOiJjYW5fYnJvd3NlX2NhX3BsYWNlcyI7aTozODtzOjI1OiJjYW5fY3JlYXRlX2NhX29jY3VycmVuY2VzIjtpOjM5O3M6MjM6ImNhbl9lZGl0X2NhX29jY3VycmVuY2VzIjtpOjQwO3M6MjU6ImNhbl9kZWxldGVfY2Ffb2NjdXJyZW5jZXMiO2k6NDE7czoyNToiY2FuX3NlYXJjaF9jYV9vY2N1cnJlbmNlcyI7aTo0MjtzOjI1OiJjYW5fYnJvd3NlX2NhX29jY3VycmVuY2VzIjtpOjQzO3M6MjU6ImNhbl9jcmVhdGVfY2FfY29sbGVjdGlvbnMiO2k6NDQ7czoyMzoiY2FuX2VkaXRfY2FfY29sbGVjdGlvbnMiO2k6NDU7czoyNToiY2FuX2RlbGV0ZV9jYV9jb2xsZWN0aW9ucyI7aTo0NjtzOjI1OiJjYW5fc2VhcmNoX2NhX2NvbGxlY3Rpb25zIjtpOjQ3O3M6MjU6ImNhbl9icm93c2VfY2FfY29sbGVjdGlvbnMiO2k6NDg7czozMToiY2FuX2NyZWF0ZV9jYV9zdG9yYWdlX2xvY2F0aW9ucyI7aTo0OTtzOjI5OiJjYW5fZWRpdF9jYV9zdG9yYWdlX2xvY2F0aW9ucyI7aTo1MDtzOjMxOiJjYW5fZGVsZXRlX2NhX3N0b3JhZ2VfbG9jYXRpb25zIjtpOjUxO3M6MzE6ImNhbl9zZWFyY2hfY2Ffc3RvcmFnZV9sb2NhdGlvbnMiO2k6NTI7czozMToiY2FuX2Jyb3dzZV9jYV9zdG9yYWdlX2xvY2F0aW9ucyI7aTo1MztzOjE5OiJjYW5fY3JlYXRlX2NhX2xpc3RzIjtpOjU0O3M6MTc6ImNhbl9lZGl0X2NhX2xpc3RzIjtpOjU1O3M6MTk6ImNhbl9kZWxldGVfY2FfbGlzdHMiO319','Tjs='),(3,'Researcher','researcher','Allows users to only search and view - but not edit - catalogue entries',3,'YToxOntzOjc6ImFjdGlvbnMiO2E6MjQ6e2k6MDtzOjEwOiJjYW5fc2VhcmNoIjtpOjE7czoxNToiY2FuX3F1aWNrc2VhcmNoIjtpOjI7czoxMDoiY2FuX2Jyb3dzZSI7aTozO3M6MTk6ImNhbl9zZXRfcHJlZmVyZW5jZXMiO2k6NDtzOjI0OiJjYW5fdXNlX2Fkdl9zZWFyY2hfZm9ybXMiO2k6NTtzOjIyOiJjYW5fY3JlYXRlX3VzZXJfZ3JvdXBzIjtpOjY7czoxNToiY2FuX2NyZWF0ZV9zZXRzIjtpOjc7czoxMzoiY2FuX2VkaXRfc2V0cyI7aTo4O3M6MTU6ImNhbl9kZWxldGVfc2V0cyI7aTo5O3M6MTM6ImNhbl92aWV3X3NldHMiO2k6MTA7czoyNToiY2FuX3NlYXJjaF9jYV9vYmplY3RfbG90cyI7aToxMTtzOjI1OiJjYW5fYnJvd3NlX2NhX29iamVjdF9sb3RzIjtpOjEyO3M6MjE6ImNhbl9zZWFyY2hfY2Ffb2JqZWN0cyI7aToxMztzOjIxOiJjYW5fYnJvd3NlX2NhX29iamVjdHMiO2k6MTQ7czoyMjoiY2FuX3NlYXJjaF9jYV9lbnRpdGllcyI7aToxNTtzOjIyOiJjYW5fYnJvd3NlX2NhX2VudGl0aWVzIjtpOjE2O3M6MjA6ImNhbl9zZWFyY2hfY2FfcGxhY2VzIjtpOjE3O3M6MjA6ImNhbl9icm93c2VfY2FfcGxhY2VzIjtpOjE4O3M6MjU6ImNhbl9zZWFyY2hfY2Ffb2NjdXJyZW5jZXMiO2k6MTk7czoyNToiY2FuX2Jyb3dzZV9jYV9vY2N1cnJlbmNlcyI7aToyMDtzOjI1OiJjYW5fc2VhcmNoX2NhX2NvbGxlY3Rpb25zIjtpOjIxO3M6MjU6ImNhbl9icm93c2VfY2FfY29sbGVjdGlvbnMiO2k6MjI7czozMToiY2FuX3NlYXJjaF9jYV9zdG9yYWdlX2xvY2F0aW9ucyI7aToyMztzOjMxOiJjYW5fYnJvd3NlX2NhX3N0b3JhZ2VfbG9jYXRpb25zIjt9fQ==','Tjs='),(4,'User content moderator','moderator','Allows users to moderate user generated tags and comments',4,'YToxOntzOjc6ImFjdGlvbnMiO2E6Mjp7aTowO3M6MjQ6ImNhbl9tYW5hZ2VfdXNlcl9jb21tZW50cyI7aToxO3M6MjA6ImNhbl9tYW5hZ2VfdXNlcl90YWdzIjt9fQ==','Tjs=');
/*!40000 ALTER TABLE `ca_user_roles` ENABLE KEYS */;
UNLOCK TABLES;

--
-- Table structure for table `ca_user_sort_items`
--

DROP TABLE IF EXISTS `ca_user_sort_items`;
/*!40101 SET @saved_cs_client     = @@character_set_client */;
/*!40101 SET character_set_client = utf8 */;
CREATE TABLE `ca_user_sort_items` (
  `item_id` int(10) unsigned NOT NULL AUTO_INCREMENT,
  `sort_id` int(10) unsigned NOT NULL,
  `bundle_name` varchar(255) NOT NULL,
  `rank` smallint(5) unsigned NOT NULL DEFAULT 0,
  PRIMARY KEY (`item_id`),
  KEY `fk_ca_user_sort_items_sort_id` (`sort_id`),
  CONSTRAINT `fk_ca_user_sort_items_sort_id` FOREIGN KEY (`sort_id`) REFERENCES `ca_user_sorts` (`sort_id`)
) ENGINE=InnoDB DEFAULT CHARSET=utf8;
/*!40101 SET character_set_client = @saved_cs_client */;

--
-- Dumping data for table `ca_user_sort_items`
--

LOCK TABLES `ca_user_sort_items` WRITE;
/*!40000 ALTER TABLE `ca_user_sort_items` DISABLE KEYS */;
/*!40000 ALTER TABLE `ca_user_sort_items` ENABLE KEYS */;
UNLOCK TABLES;

--
-- Table structure for table `ca_user_sorts`
--

DROP TABLE IF EXISTS `ca_user_sorts`;
/*!40101 SET @saved_cs_client     = @@character_set_client */;
/*!40101 SET character_set_client = utf8 */;
CREATE TABLE `ca_user_sorts` (
  `sort_id` int(10) unsigned NOT NULL AUTO_INCREMENT,
  `table_num` tinyint(3) unsigned NOT NULL,
  `user_id` int(10) unsigned NOT NULL,
  `name` varchar(255) NOT NULL,
  `settings` longtext NOT NULL,
  `sort_type` char(1) DEFAULT NULL,
  `rank` smallint(5) unsigned NOT NULL DEFAULT 0,
  `deleted` tinyint(3) unsigned NOT NULL DEFAULT 0,
  PRIMARY KEY (`sort_id`),
  UNIQUE KEY `u_guid` (`table_num`,`name`),
  KEY `i_table_num` (`table_num`),
  KEY `i_user_id` (`user_id`),
  CONSTRAINT `fk_ca_user_sorts_user_id` FOREIGN KEY (`user_id`) REFERENCES `ca_users` (`user_id`)
) ENGINE=InnoDB DEFAULT CHARSET=utf8;
/*!40101 SET character_set_client = @saved_cs_client */;

--
-- Dumping data for table `ca_user_sorts`
--

LOCK TABLES `ca_user_sorts` WRITE;
/*!40000 ALTER TABLE `ca_user_sorts` DISABLE KEYS */;
/*!40000 ALTER TABLE `ca_user_sorts` ENABLE KEYS */;
UNLOCK TABLES;

--
-- Table structure for table `ca_users`
--

DROP TABLE IF EXISTS `ca_users`;
/*!40101 SET @saved_cs_client     = @@character_set_client */;
/*!40101 SET character_set_client = utf8 */;
CREATE TABLE `ca_users` (
  `user_id` int(10) unsigned NOT NULL AUTO_INCREMENT,
  `user_name` varchar(255) NOT NULL,
  `userclass` tinyint(3) unsigned NOT NULL,
  `password` varchar(100) NOT NULL,
  `fname` varchar(255) NOT NULL,
  `lname` varchar(255) NOT NULL,
  `email` varchar(255) NOT NULL,
  `sms_number` varchar(30) NOT NULL,
  `vars` longtext NOT NULL,
  `volatile_vars` text NOT NULL,
  `active` tinyint(3) unsigned NOT NULL,
  `confirmed_on` int(10) unsigned DEFAULT NULL,
  `confirmation_key` char(32) DEFAULT NULL,
  `registered_on` int(10) unsigned DEFAULT NULL,
  `entity_id` int(10) unsigned DEFAULT NULL,
  PRIMARY KEY (`user_id`),
  UNIQUE KEY `u_user_name` (`user_name`),
  UNIQUE KEY `u_confirmation_key` (`confirmation_key`),
  KEY `i_userclass` (`userclass`),
  KEY `i_entity_id` (`entity_id`),
  CONSTRAINT `fk_ca_users_entity_id` FOREIGN KEY (`entity_id`) REFERENCES `ca_entities` (`entity_id`)
) ENGINE=InnoDB AUTO_INCREMENT=3 DEFAULT CHARSET=utf8;
/*!40101 SET character_set_client = @saved_cs_client */;

--
-- Dumping data for table `ca_users`
--

LOCK TABLES `ca_users` WRITE;
/*!40000 ALTER TABLE `ca_users` DISABLE KEYS */;
INSERT INTO `ca_users` VALUES (1,'administrator',0,'sha256:1000:aLVI6d/Pv/6oHLVJdAe/Wax3Oc/HrepU:Fd9IAU3+QV6MbBOkk3zyClRjH7+y2ekE','CollectiveAccess','Administrator','dummy@dummy.com','','YToxOntzOjI2OiJjYV91c2Vyc19kZWZhdWx0X3VzZXJjbGFzcyI7aTowO30=','YTozOntzOjEwOiJsYXN0X2xvZ2luIjtpOjE2MTY0ODgwMjg7czoyNjoiY29sbGVjdGl2ZWFjY2Vzc19sYXN0X3BpbmciO2k6MTYxNjQ4OTc3NjtzOjI4OiJjb2xsZWN0aXZlYWNjZXNzX2xhc3RfbG9nb3V0IjtzOjEwOiIxNjE2NDg3OTY5Ijt9',1,NULL,'75825fe556b72a219d1354b134ec95ac',NULL,NULL),(2,'test-user',0,'sha256:1000:EJvY/KfpXTGToy0pRqwC56Va1KFeJsmy:4ofZK6ijMArv5+L2Wb5ldz0X2mMNQpPU','Test','User','test@user.com','','Tjs=','Tjs=',1,NULL,'9071aead08dc53149a963028e3d06c50',NULL,NULL);
/*!40000 ALTER TABLE `ca_users` ENABLE KEYS */;
UNLOCK TABLES;

--
-- Table structure for table `ca_users_x_groups`
--

DROP TABLE IF EXISTS `ca_users_x_groups`;
/*!40101 SET @saved_cs_client     = @@character_set_client */;
/*!40101 SET character_set_client = utf8 */;
CREATE TABLE `ca_users_x_groups` (
  `relation_id` int(10) unsigned NOT NULL AUTO_INCREMENT,
  `user_id` int(10) unsigned NOT NULL,
  `group_id` int(10) unsigned NOT NULL,
  PRIMARY KEY (`relation_id`),
  UNIQUE KEY `u_all` (`user_id`,`group_id`),
  KEY `i_user_id` (`user_id`),
  KEY `i_group_id` (`group_id`),
  CONSTRAINT `fk_ca_users_x_groups_group_id` FOREIGN KEY (`group_id`) REFERENCES `ca_user_groups` (`group_id`),
  CONSTRAINT `fk_ca_users_x_groups_user_id` FOREIGN KEY (`user_id`) REFERENCES `ca_users` (`user_id`)
) ENGINE=InnoDB AUTO_INCREMENT=3 DEFAULT CHARSET=utf8;
/*!40101 SET character_set_client = @saved_cs_client */;

--
-- Dumping data for table `ca_users_x_groups`
--

LOCK TABLES `ca_users_x_groups` WRITE;
/*!40000 ALTER TABLE `ca_users_x_groups` DISABLE KEYS */;
INSERT INTO `ca_users_x_groups` VALUES (1,1,2),(2,2,2);
/*!40000 ALTER TABLE `ca_users_x_groups` ENABLE KEYS */;
UNLOCK TABLES;

--
-- Table structure for table `ca_users_x_roles`
--

DROP TABLE IF EXISTS `ca_users_x_roles`;
/*!40101 SET @saved_cs_client     = @@character_set_client */;
/*!40101 SET character_set_client = utf8 */;
CREATE TABLE `ca_users_x_roles` (
  `relation_id` int(10) unsigned NOT NULL AUTO_INCREMENT,
  `user_id` int(10) unsigned NOT NULL,
  `role_id` smallint(5) unsigned NOT NULL,
  `rank` int(10) unsigned NOT NULL DEFAULT 0,
  PRIMARY KEY (`relation_id`),
  UNIQUE KEY `u_all` (`user_id`,`role_id`),
  KEY `i_user_id` (`user_id`),
  KEY `i_role_id` (`role_id`),
  CONSTRAINT `fk_ca_users_x_roles_role_id` FOREIGN KEY (`role_id`) REFERENCES `ca_user_roles` (`role_id`),
  CONSTRAINT `fk_ca_users_x_roles_user_id` FOREIGN KEY (`user_id`) REFERENCES `ca_users` (`user_id`)
) ENGINE=InnoDB AUTO_INCREMENT=3 DEFAULT CHARSET=utf8;
/*!40101 SET character_set_client = @saved_cs_client */;

--
-- Dumping data for table `ca_users_x_roles`
--

LOCK TABLES `ca_users_x_roles` WRITE;
/*!40000 ALTER TABLE `ca_users_x_roles` DISABLE KEYS */;
INSERT INTO `ca_users_x_roles` VALUES (1,1,1,0),(2,2,1,0);
/*!40000 ALTER TABLE `ca_users_x_roles` ENABLE KEYS */;
UNLOCK TABLES;

--
-- Table structure for table `ca_watch_list`
--

DROP TABLE IF EXISTS `ca_watch_list`;
/*!40101 SET @saved_cs_client     = @@character_set_client */;
/*!40101 SET character_set_client = utf8 */;
CREATE TABLE `ca_watch_list` (
  `watch_id` int(10) unsigned NOT NULL AUTO_INCREMENT,
  `table_num` tinyint(3) unsigned NOT NULL,
  `row_id` int(10) unsigned NOT NULL,
  `user_id` int(10) unsigned NOT NULL,
  PRIMARY KEY (`watch_id`),
  UNIQUE KEY `u_all` (`row_id`,`table_num`,`user_id`),
  KEY `i_row_id` (`row_id`,`table_num`),
  KEY `i_user_id` (`user_id`),
  CONSTRAINT `fk_ca_watch_list_user_id` FOREIGN KEY (`user_id`) REFERENCES `ca_users` (`user_id`)
) ENGINE=InnoDB DEFAULT CHARSET=utf8;
/*!40101 SET character_set_client = @saved_cs_client */;

--
-- Dumping data for table `ca_watch_list`
--

LOCK TABLES `ca_watch_list` WRITE;
/*!40000 ALTER TABLE `ca_watch_list` DISABLE KEYS */;
/*!40000 ALTER TABLE `ca_watch_list` ENABLE KEYS */;
UNLOCK TABLES;
/*!40103 SET TIME_ZONE=@OLD_TIME_ZONE */;

/*!40101 SET SQL_MODE=@OLD_SQL_MODE */;
/*!40014 SET FOREIGN_KEY_CHECKS=@OLD_FOREIGN_KEY_CHECKS */;
/*!40014 SET UNIQUE_CHECKS=@OLD_UNIQUE_CHECKS */;
/*!40101 SET CHARACTER_SET_CLIENT=@OLD_CHARACTER_SET_CLIENT */;
/*!40101 SET CHARACTER_SET_RESULTS=@OLD_CHARACTER_SET_RESULTS */;
/*!40101 SET COLLATION_CONNECTION=@OLD_COLLATION_CONNECTION */;
/*!40111 SET SQL_NOTES=@OLD_SQL_NOTES */;

-- Dump completed on 2021-03-23  8:56:43
